time/fps,time/time_elapsed,time/total_timesteps,rollout/ep_rew_mean,time/iterations,rollout/ep_len_mean,train/clip_range,train/loss,train/value_loss,train/learning_rate,train/clip_fraction,train/n_updates,train/approx_kl,train/explained_variance,train/entropy_loss,train/policy_gradient_loss,eval/mean_ep_length,eval/mean_reward
295,6,2048,8.7375,1,379.5,,,,,,,,,,,,
277,14,4096,6.353,2,367.5,0.2,1.6566659212112427,5.208476737886667,0.0003,0.120556640625,10,0.012965081,0.003782808780670166,-2.187650916725397,-0.01043037417693995,,
273,22,6144,7.4399999999999995,3,384.0,0.2,3.9351580142974854,5.988225400075317,0.0003,0.078271484375,20,0.010321828,-0.09966123104095459,-2.1766152173280715,-0.006519063917221501,,
269,30,8192,6.360454545454545,4,366.8636363636364,0.2,3.1862692832946777,5.456252286210656,0.0003,0.15546875,30,0.012392935,0.0699884295463562,-2.1691777370870113,-0.010369630786590278,,
,,10000,,,,0.2,4.388044357299805,7.300549592077732,0.0003,0.12158203125,40,0.013326496,0.01881498098373413,-2.1551056198775767,-0.013332857348723337,267.0,-2.6499999999999995
248,41,10240,5.177586206896552,5,346.9655172413793,,,,,,,,,,,,
245,49,12288,4.868571428571428,6,344.37142857142857,0.2,2.128448724746704,4.401088158227504,0.0003,0.189404296875,50,0.018794816,0.2612225413322449,-2.1306091219186785,-0.013950144889531658,,
241,59,14336,4.8775609756097555,7,344.1463414634146,0.2,2.3395798206329346,6.113190455734729,0.0003,0.14345703125,60,0.011707118,-0.012740731239318848,-2.119878326356411,-0.011863743283902295,,
243,67,16384,3.9114583333333335,8,340.5833333333333,0.2,1.0494979619979858,6.079506573826075,0.0003,0.19619140625,70,0.016198274,0.154710054397583,-2.0892907343804836,-0.01810897036048118,,
245,75,18432,3.661296296296297,9,340.1296296296296,0.2,3.216395378112793,6.102779089659452,0.0003,0.158056640625,80,0.013915675,-0.09448075294494629,-2.039517252519727,-0.008836140515631996,,
,,20000,,,,0.2,0.5210579037666321,4.497317251563072,0.0003,0.16201171875,90,0.01518334,0.09781718254089355,-2.0425426702946425,-0.01302016512490809,273.6,-6.720000000000001
235,86,20480,2.8263333333333334,10,336.51666666666665,,,,,,,,,,,,
237,94,22528,2.0316176470588236,11,328.6617647058824,0.2,0.9603438377380371,4.04409460760653,0.0003,0.162255859375,100,0.014871494,0.17603129148483276,-1.9916094098240138,-0.011621488718083129,,
238,102,24576,1.8658108108108107,12,329.3378378378378,0.2,3.6618127822875977,5.734290818870067,0.0003,0.176953125,110,0.014814097,0.1341380476951599,-1.9565881833434104,-0.01603950093849562,,
239,111,26624,0.8212195121951218,13,322.6219512195122,0.2,0.8175044059753418,4.7461585033684965,0.0003,0.189501953125,120,0.014964089,-0.03084254264831543,-1.864270070567727,-0.009210609908041078,,
240,119,28672,0.18311111111111084,14,317.26666666666665,0.2,0.8997060060501099,3.37868020683527,0.0003,0.207177734375,130,0.015995488,0.3361896276473999,-1.911815306544304,-0.013424410810694098,,
,,30000,,,,0.2,0.965429961681366,2.970615897886455,0.0003,0.19873046875,140,0.016220696,0.2994311451911926,-1.9427939746528864,-0.012842714905855247,347.0,4.558000000000001
232,132,30720,0.06061855670103087,15,315.74226804123714,,,,,,,,,,,,
232,140,32768,-0.4174000000000001,16,313.91,0.2,0.9149417877197266,3.734490151330829,0.0003,0.204296875,150,0.018853238,0.10456711053848267,-1.9901735533028841,-0.014298303565010429,,
234,148,34816,-1.1765999999999999,17,309.77,0.2,1.0677326917648315,3.4491478256881236,0.0003,0.15009765625,160,0.013662891,0.09017068147659302,-1.9425817251205444,-0.01092474202014273,,
232,158,36864,-1.9454999999999998,18,306.58,0.2,0.37003692984580994,2.6394338801503183,0.0003,0.156689453125,170,0.016967544,0.20015674829483032,-1.9032255217432976,-0.011635039982502348,,
228,170,38912,-1.3437000000000001,19,316.45,0.2,0.96944260597229,2.953661112487316,0.0003,0.2013671875,180,0.017611306,-0.13167977333068848,-1.935958230122924,-0.013487422806792892,,
,,40000,,,,0.2,0.26500028371810913,3.6240868531167507,0.0003,0.25634765625,190,0.018841177,0.18309181928634644,-1.8805643033236266,-0.014326938422163949,342.6,-3.406
219,186,40960,-2.1701,20,319.05,,,,,,,,,,,,
219,195,43008,-2.6301,21,315.0,0.2,1.4542399644851685,3.1688202749937773,0.0003,0.20634765625,200,0.016975526,0.044208407402038574,-1.8313682738691568,-0.01704647644655779,,
220,204,45056,-2.5646000000000004,22,318.46,0.2,1.5915181636810303,2.6020939886569976,0.0003,0.1939453125,210,0.02126408,0.26135140657424927,-1.854337837919593,-0.012924993717751932,,
220,213,47104,-2.7215,23,314.13,0.2,1.4720749855041504,3.0228451434522867,0.0003,0.193896484375,220,0.017769974,0.3928672671318054,-1.8780748039484023,-0.015726139076286928,,
220,223,49152,-2.3480999999999996,24,316.81,0.2,2.0682315826416016,5.296660188212991,0.0003,0.151806640625,230,0.014051821,0.23611092567443848,-1.9198336232453586,-0.01154593265382573,,
,,50000,,,,0.2,1.7802724838256836,3.576385774090886,0.0003,0.202001953125,240,0.01788819,0.2712646722793579,-1.9152154467999936,-0.014672380730917211,287.6,-6.859999999999999
216,236,51200,-2.1628999999999996,25,318.31,,,,,,,,,,,,
216,245,53248,-1.7147999999999999,26,323.55,0.2,1.184535264968872,3.1992094347253444,0.0003,0.208935546875,250,0.019340025,0.40277761220932007,-1.8854227129369974,-0.018931901494215708,,
217,254,55296,-2.0829999999999997,27,320.33,0.2,2.2170767784118652,3.88111170027405,0.0003,0.192578125,260,0.018086728,0.12436217069625854,-1.8644125562161207,-0.010980849087354727,,
217,263,57344,-1.6932,28,321.39,0.2,2.308666229248047,3.367806638404727,0.0003,0.157080078125,270,0.013338179,0.32745206356048584,-1.8922070860862732,-0.011510564027412329,,
218,271,59392,-1.8721999999999996,29,319.27,0.2,1.2013576030731201,3.638045064173639,0.0003,0.18173828125,280,0.018854875,0.24803972244262695,-1.717103236168623,-0.017064228191156872,,
,,60000,,,,0.2,1.0157041549682617,2.7268398916348815,0.0003,0.1783203125,290,0.017104408,0.44276368618011475,-1.8677811793982984,-0.016239237293484622,341.6,0.6080000000000005
213,287,61440,-1.2437999999999998,30,326.5,,,,,,,,,,,,
213,297,63488,-1.5536,31,327.47,0.2,0.36607950925827026,3.22641148455441,0.0003,0.20390625,300,0.017218366,0.5001046657562256,-1.7948113661259413,-0.011144650733331218,,
213,307,65536,-2.1996999999999995,32,322.01,0.2,0.4177163243293762,1.787573443353176,0.0003,0.220361328125,310,0.021089284,0.411516010761261,-1.8285049870610237,-0.010039707727264613,,
212,318,67584,-1.8530999999999997,33,327.39,0.2,1.014899730682373,2.8605583791621028,0.0003,0.204296875,320,0.021577245,0.4792889952659607,-1.7359081361442805,-0.012777280402951873,,
211,328,69632,-1.551,34,337.22,0.2,0.13917146623134613,1.6429085169918836,0.0003,0.224267578125,330,0.020468768,0.522183895111084,-1.6745087213814258,-0.0156898884815746,,
,,70000,,,,0.2,0.8893908858299255,2.1490880655124784,0.0003,0.18544921875,340,0.015554627,0.3442659378051758,-1.4821768552064896,-0.013241543259937316,378.6,2.2360000000000007
205,348,71680,-1.9089,35,332.99,,,,,,,,,,,,
206,357,73728,-1.8742999999999999,36,329.53,0.2,0.5341511964797974,2.9364010665565727,0.0003,0.18603515625,350,0.017260745,-0.0694206953048706,-1.760578927025199,-0.010820173087995499,,
206,367,75776,-1.7659000000000002,37,328.7,0.2,1.4346271753311157,4.512159674800932,0.0003,0.15166015625,360,0.0130170155,0.349570631980896,-1.8190311282873153,-0.011947562714340165,,
205,378,77824,-1.604,38,342.54,0.2,0.9833062887191772,3.1005830977112057,0.0003,0.171240234375,370,0.018441178,0.4660634994506836,-1.5269044525921345,-0.01555349116679281,,
204,389,79872,-2.5423999999999993,39,346.31,0.2,0.2708994150161743,1.2813839537557214,0.0003,0.17060546875,380,0.01674526,0.7185577154159546,-1.3053660720586777,-0.009667971049202606,,
,,80000,,,,0.2,0.2952989339828491,1.3817049138480797,0.0003,0.18212890625,390,0.014934566,0.5209863185882568,-1.351231748610735,-0.010532268567476421,371.2,0.3119999999999997
201,407,81920,-2.2995,40,352.05,,,,,,,,,,,,
201,416,83968,-2.7586,41,347.93,0.2,0.1640997678041458,2.6540128852240743,0.0003,0.1607421875,400,0.016289975,0.4072338938713074,-1.3320494309067725,-0.011220210543251596,,
201,427,86016,-2.9492000000000003,42,356.98,0.2,1.350152611732483,3.4536842158064247,0.0003,0.1203125,410,0.014384546,0.2940481901168823,-1.5961327634751796,-0.007788247951248195,,
200,439,88064,-3.2815999999999996,43,350.18,0.2,0.09854628145694733,1.2668518420308827,0.0003,0.240185546875,420,0.04665316,0.7580358982086182,-1.3857475284487009,-0.016404803597833962,,
,,90000,,,,0.2,0.8795398473739624,2.514570017531514,0.0003,0.186474609375,430,0.01619349,0.4856770634651184,-1.567715610191226,-0.011118223666562699,258.6,-2.566
198,453,90112,-2.8352999999999997,44,355.6,,,,,,,,,,,,
198,464,92160,-2.9882999999999997,45,360.89,0.2,0.7957196831703186,1.959613995719701,0.0003,0.164794921875,440,0.015353277,0.6197735071182251,-1.5302403435111045,-0.008180839687702246,,
198,473,94208,-3.2255000000000003,46,364.59,0.2,0.6540926098823547,2.1108628606423734,0.0003,0.15107421875,450,0.012074692,0.3371492624282837,-1.5230000648647546,-0.008974239294184371,,
199,483,96256,-2.9593000000000007,47,368.0,0.2,0.28377753496170044,2.0697772396728396,0.0003,0.20146484375,460,0.01965978,0.424219012260437,-1.5364445444196462,-0.017950697417836635,,
198,494,98304,-3.2849,48,370.53,0.2,0.57374507188797,1.9355535499751568,0.0003,0.1609375,470,0.016855115,0.49619168043136597,-1.5220682736486197,-0.011093863635323942,,
,,100000,,,,0.2,0.17960989475250244,0.945194740081206,0.0003,0.237841796875,480,0.02157072,0.5588994026184082,-1.5876069970428943,-0.015535465157881845,699.4,-4.9719999999999995
192,521,100352,-2.602500000000001,49,382.35,,,,,,,,,,,,
192,532,102400,-2.0524000000000004,50,397.41,0.2,1.0119211673736572,1.7845602560788394,0.0003,0.20205078125,490,0.018168619,0.3614014983177185,-1.6498165380209684,-0.013333582879567984,,
192,542,104448,-2.1967000000000003,51,401.83,0.2,0.07179389894008636,1.3468791015446187,0.0003,0.20810546875,500,0.024636662,0.5090900659561157,-1.5355114199221134,-0.012463319330709054,,
192,553,106496,-1.7699,52,409.18,0.2,0.20343749225139618,1.6407733029685914,0.0003,0.18681640625,510,0.02097647,0.6290990114212036,-1.5363547414541245,-0.011128430817916524,,
192,563,108544,-1.6538000000000002,53,417.57,0.2,0.2323652058839798,0.8199607450049371,0.0003,0.253369140625,520,0.026498495,0.6623188257217407,-1.573118257150054,-0.020301539544016124,,
,,110000,,,,0.2,0.18555209040641785,1.2638105749152602,0.0003,0.188232421875,530,0.017245272,0.5610591173171997,-1.4265927638858558,-0.00663598081737291,402.0,6.010000000000001
190,579,110592,-1.7988,54,412.05,,,,,,,,,,,,
190,589,112640,-1.8746,55,419.63,0.2,0.5190021991729736,1.6590286267455667,0.0003,0.182958984375,540,0.018855806,0.13414359092712402,-1.5762430418282747,-0.014366424664331134,,
191,599,114688,-2.6348999999999996,56,415.58,0.2,1.9363864660263062,1.5709376474376768,0.0003,0.219287109375,550,0.02588692,0.3083282709121704,-1.3469165079295635,-0.019619458966189995,,
191,609,116736,-2.5228999999999995,57,424.4,0.2,0.3015718460083008,1.1126975749153645,0.0003,0.19765625,560,0.025075287,0.5660160779953003,-1.3663189493119716,-0.013101623303373344,,
191,620,118784,-2.3449999999999998,58,426.63,0.2,1.746668815612793,1.5934782025637104,0.0003,0.18740234375,570,0.0186187,0.24754637479782104,-1.4396074008196593,-0.014752042175678071,,
,,120000,,,,0.2,0.6695573329925537,1.398030504770577,0.0003,0.20283203125,580,0.01724821,0.43782132863998413,-1.395363062620163,-0.009968646903871559,246.8,-12.458
190,635,120832,-2.2836,59,430.5,,,,,,,,,,,,
190,645,122880,-2.0605,60,428.21,0.2,0.14376626908779144,0.6260394414886832,0.0003,0.237158203125,590,0.026781213,0.42938750982284546,-1.3553081896156072,-0.014669008238706737,,
190,656,124928,-1.7848000000000004,61,430.67,0.2,0.7267836928367615,1.450585890142247,0.0003,0.149755859375,600,0.016648589,0.5309150218963623,-1.3732452020049095,-0.00844058731017867,,
190,667,126976,-1.4814000000000007,62,440.37,0.2,0.2852535843849182,1.546251113153994,0.0003,0.18251953125,610,0.01935572,0.5699613094329834,-1.4536271777004004,-0.01711247238854412,,
190,677,129024,-1.5181,63,434.03,0.2,0.5405731201171875,2.6127772328443823,0.0003,0.170361328125,620,0.019616123,0.3283733129501343,-1.5586053576320409,-0.010615079215494917,,
,,130000,,,,0.2,0.4690026640892029,1.6968988854438067,0.0003,0.190283203125,630,0.022515818,0.2703644037246704,-1.5119739331305027,-0.013482149905757978,548.8,0.5379999999999999
186,703,131072,-1.5327000000000002,64,435.49,,,,,,,,,,,,
186,715,133120,-1.1903000000000004,65,441.29,0.2,0.3193569481372833,1.4283327345037833,0.0003,0.1837890625,640,0.021247411,0.44655436277389526,-1.5404828011989593,-0.011230635328684003,,
186,726,135168,-0.9600000000000003,66,448.27,0.2,0.6545551419258118,2.173262808378786,0.0003,0.15146484375,650,0.015745338,0.433879554271698,-1.441174890846014,-0.009439199537155218,,
185,737,137216,-1.1385,67,446.1,0.2,0.22497692704200745,1.6958605098770931,0.0003,0.197802734375,660,0.022686217,0.06176275014877319,-1.4536555908620357,-0.013450035927235149,,
185,748,139264,-0.4196000000000001,68,454.27,0.2,0.5322324633598328,1.1488145775627345,0.0003,0.216552734375,670,0.024551244,0.6041027903556824,-1.5385906856507063,-0.015096070771687665,,
,,140000,,,,0.2,0.2988516390323639,1.7969335466623306,0.0003,0.133154296875,680,0.016353656,0.11093175411224365,-1.4398148436099292,-0.010242069345258642,355.8,-5.540000000000001
183,768,141312,-0.5218,69,454.48,,,,,,,,,,,,
183,779,143360,-0.022600000000000068,70,454.61,0.2,0.19319134950637817,0.7099152599228546,0.0003,0.20341796875,690,0.014827652,0.7821579575538635,-1.5191278651356697,-0.012965145410271361,,
183,790,145408,-0.29460000000000003,71,451.8,0.2,0.05239401385188103,1.5299557426013053,0.0003,0.136572265625,700,0.01673301,0.5272619724273682,-1.473028464615345,-0.00915634142293129,,
183,802,147456,-0.6016,72,432.45,0.2,0.11573316901922226,1.5374172984156758,0.0003,0.137451171875,710,0.015298525,0.3530780076980591,-1.3885289672762156,-0.005566770293808076,,
183,813,149504,-0.015700000000000172,73,443.93,0.2,0.38321858644485474,1.3027268540579826,0.0003,0.214306640625,720,0.029299226,0.3806810975074768,-1.4658016487956047,-0.009840105698094704,,
,,150000,,,,0.2,0.029888179153203964,0.52230371797923,0.0003,0.20732421875,730,0.018183107,0.767254114151001,-1.4687585197389126,-0.010560020893171896,222.4,-6.208
183,826,151552,-0.4550000000000001,74,427.84,,,,,,,,,,,,
183,837,153600,-0.18470000000000028,75,430.84,0.2,0.20462006330490112,2.0060772569384424,0.0003,0.1724609375,740,0.018569808,0.12031269073486328,-1.553039376437664,-0.011950322324992158,,
183,849,155648,-0.285,76,420.85,0.2,0.24297049641609192,1.5640598301775754,0.0003,0.156005859375,750,0.015605057,-0.19542360305786133,-1.4683506410568952,-0.009883061863365582,,
183,859,157696,-0.2695000000000001,77,419.3,0.2,0.11770049482584,0.9782923706108704,0.0003,0.19658203125,760,0.017776124,-0.04682564735412598,-1.5247434370219708,-0.012805719362222589,,
183,870,159744,-0.25669999999999993,78,418.02,0.2,0.2709035873413086,1.295388858835213,0.0003,0.21416015625,770,0.018748349,-0.06672656536102295,-1.5954480890184641,-0.01363891200744547,,
,,160000,,,,0.2,0.4452148973941803,0.8763863271335139,0.0003,0.195751953125,780,0.020444388,0.4739108085632324,-1.5369017593562604,-0.014038719603559003,328.4,2.7380000000000004
182,886,161792,0.1687999999999999,79,405.48,,,,,,,,,,,,
182,896,163840,-0.7945000000000003,80,391.7,0.2,0.7906594276428223,1.8479795369319618,0.0003,0.20712890625,790,0.022287419,0.23944979906082153,-1.5972411189228297,-0.01486736406222917,,
182,908,165888,-0.6251000000000001,81,394.78,0.2,0.2143021821975708,1.1099737426731735,0.0003,0.22822265625,800,0.017083168,0.26322096586227417,-1.6576843094080687,-0.012903002154780551,,
182,919,167936,-0.7988,82,392.13,0.2,0.04801441356539726,0.9727557903155685,0.0003,0.207958984375,810,0.021133395,0.3586859107017517,-1.4975751735270024,-0.014146959301433526,,
182,932,169984,-0.6123999999999997,83,393.51,0.2,0.045414820313453674,1.2182646103203296,0.0003,0.20224609375,820,0.01659704,0.08514124155044556,-1.5154288500547408,-0.012541861836507451,,
,,170000,,,,0.2,0.3472590446472168,1.0091795024462045,0.0003,0.194091796875,830,0.01594544,0.11199086904525757,-1.494949260726571,-0.010635706165339797,320.4,-3.184
181,948,172032,-1.0906999999999998,84,391.29,,,,,,,,,,,,
181,959,174080,-1.0910999999999995,85,391.35,0.2,0.011745043098926544,0.7827274320647121,0.0003,0.2166015625,840,0.015486803,0.5792653560638428,-1.5339305188506842,-0.013840084633557126,,
181,970,176128,-0.9168999999999998,86,393.95,0.2,0.18825004994869232,1.6516726820264012,0.0003,0.171044921875,850,0.017842226,0.11306792497634888,-1.5487204529345036,-0.012638699854142033,,
181,982,178176,-1.1613,87,398.39,0.2,0.16861295700073242,1.0974786614067853,0.0003,0.198193359375,860,0.018964894,0.27413541078567505,-1.4109567642211913,-0.010412761068437248,,
,,180000,,,,0.2,0.12474939227104187,1.4243742286693304,0.0003,0.188720703125,870,0.017623581,0.2305331826210022,-1.493461087718606,-0.012271065181994344,279.4,1.2260000000000002
180,997,180224,-1.0371000000000001,88,395.98,,,,,,,,,,,,
180,1008,182272,-1.4987999999999997,89,392.1,0.2,0.19588349759578705,1.2121093403548002,0.0003,0.175634765625,880,0.01743523,0.15562939643859863,-1.3798752896487714,-0.009236330921703484,,
180,1019,184320,-2.2683,90,378.96,0.2,0.061822958290576935,1.229256265843287,0.0003,0.153271484375,890,0.014922384,0.27144891023635864,-1.467041864991188,-0.006433982911403291,,
180,1030,186368,-2.2215000000000003,91,374.26,0.2,0.02576734870672226,1.235737486416474,0.0003,0.168017578125,900,0.016311755,0.15312224626541138,-1.3411106768995524,-0.010524487268412486,,
181,1040,188416,-1.2066999999999997,92,382.89,0.2,0.14116378128528595,0.9413320903666318,0.0003,0.17861328125,910,0.017031085,0.3518511652946472,-1.4173196580260992,-0.014460948522901163,,
,,190000,,,,0.2,0.5774998664855957,2.162038252642378,0.0003,0.169091796875,920,0.01494763,0.6463518738746643,-1.517849101871252,-0.01003797780140303,327.0,-5.252
179,1058,190464,-1.4616,93,378.35,,,,,,,,,,,,
179,1069,192512,-1.2465999999999997,94,386.88,0.2,0.1816316843032837,1.0187037100084126,0.0003,0.21240234375,930,0.020338891,0.4482229948043823,-1.5169457871466876,-0.016757696054992267,,
179,1080,194560,-0.9864999999999998,95,380.89,0.2,0.23027820885181427,1.289600911224261,0.0003,0.217822265625,940,0.018562727,0.31557297706604004,-1.4590069349855184,-0.01218880535743665,,
180,1091,196608,-0.8382999999999998,96,376.06,0.2,0.03289752081036568,1.2171615195227787,0.0003,0.173828125,950,0.017105162,0.41547536849975586,-1.5155988540500402,-0.012911282427376136,,
180,1102,198656,-1.2768000000000004,97,379.89,0.2,0.12900862097740173,0.7622024382231757,0.0003,0.182958984375,960,0.014960211,0.7198547124862671,-1.441213469952345,-0.014124705977155826,,
,,200000,,,,0.2,0.06504438072443008,0.9713369940291159,0.0003,0.23486328125,970,0.02302244,0.4257165789604187,-1.4597828190773725,-0.020427472880692223,305.4,-1.036
179,1119,200704,-1.0197000000000003,98,384.19,,,,,,,,,,,,
179,1129,202752,-1.4297000000000009,99,375.14,0.2,0.3794862926006317,1.201810894580558,0.0003,0.197607421875,980,0.018950157,0.5764036178588867,-1.436615402251482,-0.01638452278566547,,
179,1140,204800,-1.1045000000000003,100,382.66,0.2,0.2169741839170456,1.063974161981605,0.0003,0.1822265625,990,0.01615614,0.5590887069702148,-1.4360819164663554,-0.009057483756623696,,
179,1151,206848,-0.9201,101,384.24,0.2,0.045371852815151215,0.4443755263928324,0.0003,0.221923828125,1000,0.021339944,0.7811299562454224,-1.5139748983085155,-0.01196446302055847,,
179,1161,208896,-0.8517,102,387.41,0.2,0.05376002937555313,1.0530473206890747,0.0003,0.19541015625,1010,0.016313402,0.33900779485702515,-1.5360639199614525,-0.01465027425729204,,
,,210000,,,,0.2,0.16313952207565308,1.1852354212431238,0.0003,0.1857421875,1020,0.017155003,0.35660338401794434,-1.493806302919984,-0.010640887267072685,282.0,-2.7999999999999994
178,1178,210944,-0.6694000000000001,103,389.2,,,,,,,,,,,,
179,1189,212992,-0.23279999999999987,104,385.56,0.2,0.07004068791866302,0.5481172601226717,0.0003,0.198291015625,1030,0.016837697,0.40239065885543823,-1.4241089314222335,-0.010831221516127698,,
178,1202,215040,0.2132,105,391.01,0.2,0.3934420943260193,1.5738049130886793,0.0003,0.14833984375,1040,0.0116535425,0.25305795669555664,-1.2747095432132483,-0.01263121749216225,,
178,1213,217088,-0.03000000000000018,106,385.3,0.2,0.09182734787464142,1.0839268586365507,0.0003,0.172216796875,1050,0.02029265,0.2874123454093933,-1.3850857973098756,-0.012316234152240212,,
179,1223,219136,0.5756,107,384.8,0.2,0.5631001591682434,1.105498979636468,0.0003,0.20107421875,1060,0.017820723,0.472673237323761,-1.3848747968673707,-0.013816512515768408,,
,,220000,,,,0.2,0.8271242380142212,1.993877340434119,0.0003,0.134814453125,1070,0.014325762,0.34479910135269165,-1.3776796322315932,-0.011708947841543704,270.4,-2.684
178,1237,221184,0.7149999999999999,108,380.87,,,,,,,,,,,,
178,1247,223232,0.26569999999999994,109,375.77,0.2,0.06394517421722412,1.3554874728899449,0.0003,0.170458984375,1080,0.017758848,0.3459189534187317,-1.4530081249773503,-0.013989655679324642,,
179,1257,225280,0.29240000000000016,110,373.1,0.2,0.14772632718086243,1.4303588070441038,0.0003,0.18671875,1090,0.021703873,0.22895872592926025,-1.4434475548565389,-0.013113565079402178,,
179,1267,227328,0.3809000000000001,111,364.25,0.2,0.3706493675708771,1.658353285677731,0.0003,0.23759765625,1100,0.021583922,0.20639973878860474,-1.3467254728078841,-0.02045145945448894,,
179,1276,229376,1.5312000000000001,112,369.34,0.2,0.07429198175668716,1.4963566889520734,0.0003,0.152734375,1110,0.016192293,-0.0022298097610473633,-1.4219848327338696,-0.01084274900786113,,
,,230000,,,,0.2,0.500042200088501,2.019505337625742,0.0003,0.158935546875,1120,0.016642217,0.018413662910461426,-1.3746911991387605,-0.00966355025593657,299.4,3.0279999999999987
179,1291,231424,2.7381,113,378.78,,,,,,,,,,,,
179,1301,233472,3.5195,114,380.72,0.2,0.3835722804069519,1.970814354903996,0.0003,0.175390625,1130,0.019147826,0.30138587951660156,-1.332293377071619,-0.012715462225605734,,
179,1309,235520,4.333100000000001,115,379.46,0.2,0.8232718110084534,4.173902920912951,0.0003,0.1255859375,1140,0.011601482,0.20039445161819458,-1.241823861375451,-0.009226259068236686,,
180,1318,237568,5.1065,116,382.22,0.2,0.18413421511650085,2.451722505223006,0.0003,0.14462890625,1150,0.016197778,0.3246228098869324,-1.3728852711617947,-0.011608871736098082,,
180,1329,239616,5.578999999999999,117,385.02,0.2,1.0243346691131592,2.5860156947746873,0.0003,0.1580078125,1160,0.013857421,0.15738147497177124,-1.4502492297440768,-0.01120472970942501,,
,,240000,,,,0.2,0.10179920494556427,2.3832912884186954,0.0003,0.163037109375,1170,0.017203134,0.5090017318725586,-1.2764377284795045,-0.01139997986756498,292.4,3.102000000000001
179,1344,241664,6.072199999999999,118,385.75,,,,,,,,,,,,
179,1355,243712,5.5015,119,372.75,0.2,0.06527768075466156,1.9365801671054215,0.0003,0.18935546875,1180,0.019549714,0.37764614820480347,-1.329527410119772,-0.017807308211922647,,
179,1365,245760,5.440300000000002,120,368.86,0.2,0.026930153369903564,1.7962290230905638,0.0003,0.194970703125,1190,0.01963326,0.11099690198898315,-1.2778780687600375,-0.012123770458856598,,
180,1376,247808,4.9830000000000005,121,354.53,0.2,0.1359243541955948,1.4784274462843314,0.0003,0.205419921875,1200,0.0206679,0.17706912755966187,-1.230203227326274,-0.01618995256430935,,
180,1386,249856,6.0193,122,371.04,0.2,0.25840839743614197,1.04164858632721,0.0003,0.169970703125,1210,0.015924884,0.1653454303741455,-1.1163594348356127,-0.009165168824256397,,
,,250000,,,,0.2,0.07623594254255295,2.1463207572698595,0.0003,0.1451171875,1220,0.013914222,0.016168415546417236,-1.2777785032987594,-0.010701978145516478,283.0,-6.814
179,1402,251904,5.099199999999999,123,352.94,,,,,,,,,,,,
179,1411,253952,5.1720999999999995,124,355.66,0.2,0.06912408024072647,0.9580487905768678,0.0003,0.1736328125,1230,0.019852158,0.32220661640167236,-1.0861957922577858,-0.010151760611915962,,
180,1421,256000,4.8526,125,357.58,0.2,0.2361907660961151,1.6209155844524503,0.0003,0.163330078125,1240,0.01529095,0.35916388034820557,-1.2466440550982951,-0.010483327256224584,,
180,1430,258048,5.310599999999998,126,361.83,0.2,0.26849570870399475,1.317689935886301,0.0003,0.160107421875,1250,0.01634568,0.14950412511825562,-1.2950052846223117,-0.011996203193120891,,
,,260000,,,,0.2,0.0911322683095932,2.107788197277114,0.0003,0.201708984375,1260,0.020678855,0.14121711254119873,-1.2843329597264528,-0.01019301452615764,347.8,-5.46
179,1447,260096,6.319,127,371.1,,,,,,,,,,,,
179,1457,262144,6.1803,128,364.95,0.2,0.2089765965938568,2.4032968597020954,0.0003,0.149462890625,1270,0.013568311,0.145749032497406,-1.3001038383692503,-0.013596222444903105,,
180,1466,264192,6.7254000000000005,129,370.5,0.2,0.32141029834747314,2.5759515739046037,0.0003,0.181201171875,1280,0.020028956,0.06051349639892578,-1.2962257023900747,-0.01273803427175153,,
180,1475,266240,6.183400000000001,130,364.62,0.2,0.21203821897506714,1.6017484017182142,0.0003,0.212841796875,1290,0.019924171,0.1186409592628479,-1.3119905337691307,-0.01742357408220414,,
180,1484,268288,5.33,131,359.87,0.2,0.2433256208896637,1.53647620677948,0.0003,0.17021484375,1300,0.01715262,0.33574795722961426,-1.2434464409947394,-0.011700632430438418,,
,,270000,,,,0.2,0.13812562823295593,1.65428581899032,0.0003,0.19111328125,1310,0.018508855,0.27447330951690674,-1.2577898986637592,-0.009769178487476892,192.8,-7.914
180,1499,270336,5.942,132,368.7,,,,,,,,,,,,
180,1508,272384,5.6314,133,369.73,0.2,0.08812770247459412,0.9597531589213759,0.0003,0.194384765625,1320,0.022064969,0.469448983669281,-1.213274185359478,-0.012304645194672049,,
180,1518,274432,4.9859,134,364.21,0.2,0.1683332771062851,1.9776453375816345,0.0003,0.182470703125,1330,0.0223223,0.19003385305404663,-1.245434932038188,-0.015372173718060368,,
180,1529,276480,5.1588,135,366.94,0.2,0.8761778473854065,2.4518158783903345,0.0003,0.118408203125,1340,0.014895233,-0.11889338493347168,-1.17864291947335,-0.012148515658918769,,
180,1539,278528,4.8797,136,364.82,0.2,0.22091412544250488,1.438415814889595,0.0003,0.155126953125,1350,0.014819835,0.3843143582344055,-1.3349317856132985,-0.009775836975313723,,
,,280000,,,,0.2,0.03658371418714523,1.380174725758843,0.0003,0.178515625,1360,0.023309316,0.22511470317840576,-1.1616470312699676,-0.012839110288769006,257.0,-8.556
180,1554,280576,5.417999999999999,137,371.05,,,,,,,,,,,,
180,1564,282624,5.406699999999998,138,372.18,0.2,0.15695849061012268,1.1433957787929103,0.0003,0.1666015625,1370,0.017740957,0.43234920501708984,-0.9668134504929184,-0.014666575865703635,,
180,1573,284672,6.2349,139,379.45,0.2,0.03325055167078972,1.4525839760666712,0.0003,0.16376953125,1380,0.017345175,0.2250499725341797,-1.161894759722054,-0.007593592861667275,,
181,1583,286720,6.892799999999999,140,383.73,0.2,0.30806082487106323,2.3863761686719953,0.0003,0.124609375,1390,0.012558375,0.06590849161148071,-1.1533689841628074,-0.012134794497978874,,
181,1593,288768,5.7542,141,377.47,0.2,0.12951116263866425,1.506087362160906,0.0003,0.13359375,1400,0.016124016,0.10494738817214966,-1.053555751591921,-0.011295727628748864,,
,,290000,,,,0.2,0.027752626687288284,0.9903480008943006,0.0003,0.191845703125,1410,0.026944716,0.2630058526992798,-1.13307699598372,-0.014065195503644646,266.2,-0.6400000000000003
180,1608,290816,6.853899999999999,142,387.62,,,,,,,,,,,,
180,1618,292864,6.6777999999999995,143,385.21,0.2,0.047006551176309586,1.6929192992392927,0.0003,0.20322265625,1420,0.024204677,0.03204631805419922,-1.1403882026672363,-0.01667578126362059,,
181,1628,294912,7.1358,144,389.44,0.2,0.104731984436512,1.8557468107901514,0.0003,0.165771484375,1430,0.01587879,0.10817158222198486,-1.2817918442189693,-0.009100782785390038,,
181,1638,296960,7.651199999999999,145,397.96,0.2,0.062230970710515976,1.2418158848537133,0.0003,0.198681640625,1440,0.018223757,0.4439046382904053,-1.2695720564574002,-0.014531610047561117,,
181,1650,299008,7.5093000000000005,146,402.14,0.2,0.06979915499687195,1.340597082558088,0.0003,0.1818359375,1450,0.02030471,0.3761482238769531,-1.2359484627842903,-0.013597351667704061,,
,,300000,,,,0.2,-0.013837415724992752,0.7880817612051032,0.0003,0.227783203125,1460,0.022564461,0.3103408217430115,-1.1898379014804958,-0.0114675145217916,242.4,-6.4079999999999995
180,1663,301056,5.935999999999999,147,389.3,,,,,,,,,,,,
181,1673,303104,5.560500000000001,148,386.81,0.2,0.009741822257637978,1.063736466038972,0.0003,0.221044921875,1470,0.022652568,0.39017021656036377,-1.2397784024477005,-0.007991429753019474,,
181,1684,305152,5.2114,149,391.71,0.2,0.47474774718284607,1.7837025787681342,0.0003,0.164794921875,1480,0.018353524,-0.10422384738922119,-1.2934602908790112,-0.011735438203322702,,
181,1694,307200,3.7084999999999995,150,381.86,0.2,0.1345442235469818,0.8208493098034524,0.0003,0.1869140625,1490,0.01755444,0.4511492848396301,-1.1139677787199616,-0.01070712721266318,,
181,1704,309248,3.2674999999999996,151,375.91,0.2,0.011677250266075134,0.953060963563621,0.0003,0.193115234375,1500,0.020657245,0.343658447265625,-1.1780577678233386,-0.010770650449558161,,
,,310000,,,,0.2,0.12850336730480194,1.4806970802368595,0.0003,0.148046875,1510,0.01481355,-0.164686918258667,-1.2469869777560234,-0.010190273961052298,351.2,2.5140000000000002
181,1719,311296,3.4685999999999995,152,375.82,,,,,,,,,,,,
181,1729,313344,2.8470000000000004,153,367.91,0.2,0.07121337950229645,1.1283053846564144,0.0003,0.17685546875,1520,0.018449765,0.3247925639152527,-1.1405958781018852,-0.01240414879284799,,
181,1741,315392,2.9136999999999995,154,371.25,0.2,0.03380834311246872,1.2263833601260559,0.0003,0.1982421875,1530,0.03513753,0.2958020567893982,-1.03238620813936,-0.022806399007095024,,
181,1750,317440,2.6232000000000006,155,360.26,0.2,0.05929968133568764,0.7160590556915849,0.0003,0.173779296875,1540,0.01977047,0.19914186000823975,-1.1845557201653718,-0.008063294287421741,,
181,1762,319488,2.7672999999999996,156,365.85,0.2,0.04509007930755615,1.1922464536502957,0.0003,0.133056640625,1550,0.017393727,-0.030049562454223633,-1.11967222224921,-0.012691139633534475,,
,,320000,,,,0.2,0.319963663816452,1.4190373707562685,0.0003,0.134619140625,1560,0.014110173,0.015490412712097168,-1.1418293064460159,-0.008919859887100756,300.8,1.0160000000000002
180,1776,321536,1.4984,157,352.6,,,,,,,,,,,,
181,1787,323584,1.5013999999999994,158,352.3,0.2,0.05635637789964676,1.2604085840517656,0.0003,0.137158203125,1570,0.016408302,-0.31831490993499756,-1.2060400236397981,-0.009375101246405393,,
181,1797,325632,0.3978,159,342.54,0.2,0.10969804227352142,1.244677175860852,0.0003,0.127880859375,1580,0.014972001,-0.06091797351837158,-1.0292825143784285,-0.010069877740170341,,
181,1808,327680,-0.025199999999999983,160,334.79,0.2,0.07066314667463303,1.085334172763396,0.0003,0.171923828125,1590,0.025424734,0.33183735609054565,-1.0438532043248414,-0.012754406160092912,,
181,1818,329728,-0.49979999999999974,161,332.22,0.2,0.032082803547382355,0.8140371039509773,0.0003,0.15517578125,1600,0.018443923,0.12245422601699829,-1.0844958573579788,-0.006116353868856094,,
,,330000,,,,0.2,-0.009415891021490097,1.0850488091120496,0.0003,0.18203125,1610,0.022738174,-0.2514314651489258,-1.1116380602121354,-0.010426698069204576,358.0,2.446
180,1834,331776,-0.8634999999999998,162,318.52,,,,,,,,,,,,
181,1844,333824,-1.3495000000000001,163,317.07,0.2,0.15064862370491028,1.6541449536336585,0.0003,0.1609375,1620,0.016268782,-0.2475907802581787,-1.0896137163043023,-0.011442146832996514,,
181,1854,335872,-1.9396000000000004,164,306.01,0.2,0.01891142502427101,0.8313245059456676,0.0003,0.15947265625,1630,0.0177865,0.11193376779556274,-1.0528303464874624,-0.010097006907744798,,
181,1865,337920,-2.1332000000000004,165,305.35,0.2,0.06991458684206009,0.9722629418596626,0.0003,0.1533203125,1640,0.016577136,0.2235603928565979,-1.1487372515723109,-0.0072615091863553975,,
181,1876,339968,-1.9823000000000002,166,310.28,0.2,0.11631319671869278,0.791177594626788,0.0003,0.1744140625,1650,0.036909193,0.555511474609375,-0.935673801228404,-0.00939744168863399,,
,,340000,,,,0.2,0.6782760620117188,1.3223854614421726,0.0003,0.151171875,1660,0.014247953,0.30567508935928345,-1.1334003945812583,-0.010433186277805363,326.2,0.7620000000000005
180,1894,342016,-1.4747,167,319.6,,,,,,,,,,,,
180,1906,344064,-2.2952,168,311.56,0.2,0.09558013826608658,0.9519741495139897,0.0003,0.18232421875,1670,0.015092658,0.4326196312904358,-1.1750052712857724,-0.011066080527962185,,
180,1919,346112,-2.0444,169,316.51,0.2,0.22259406745433807,1.300164569914341,0.0003,0.15693359375,1680,0.014761724,0.4715889096260071,-1.0258002191781999,-0.014619896089425311,,
180,1931,348160,-1.1254000000000002,170,324.69,0.2,0.07112772762775421,1.3060604639351368,0.0003,0.1603515625,1690,0.015114191,0.14430958032608032,-1.1619798259809613,-0.011076632756157778,,
,,350000,,,,0.2,0.04747837409377098,0.8717848976841196,0.0003,0.2017578125,1700,0.022129215,0.4122961759567261,-1.0042070554569364,-0.01275717098324094,248.8,-6.4719999999999995
179,1947,350208,-0.9130000000000001,171,333.48,,,,,,,,,,,,
179,1958,352256,-1.0645,172,328.63,0.2,0.06844823062419891,1.4685801253421231,0.0003,0.1376953125,1710,0.013946158,0.2345573902130127,-0.9638443661853671,-0.0116786372003844,,
179,1969,354304,-0.9828000000000003,173,330.47,0.2,0.08516187965869904,1.5808061569929124,0.0003,0.144580078125,1720,0.018236302,0.13261687755584717,-1.1570352530106902,-0.010585770834586583,,
180,1979,356352,-0.3215000000000002,174,334.39,0.2,0.009571626782417297,0.9422039512312039,0.0003,0.16044921875,1730,0.017796097,0.4152584671974182,-0.989462829194963,-0.00906228889070917,,
180,1989,358400,-0.5125999999999998,175,333.48,0.2,0.016324754804372787,0.9570218099746853,0.0003,0.161572265625,1740,0.020573083,0.5345814824104309,-1.0251852139830588,-0.01628827335953247,,
,,360000,,,,0.2,0.14273005723953247,1.1750271247467026,0.0003,0.20068359375,1750,0.031005446,0.19426172971725464,-1.1493687866255642,-0.014189863910723943,213.4,-8.120000000000001
179,2003,360448,-0.3543999999999997,176,337.68,,,,,,,,,,,,
179,2014,362496,-0.3471000000000001,177,336.95,0.2,0.01866210624575615,1.1227787762880326,0.0003,0.1771484375,1760,0.0195741,0.191999614238739,-1.0561035986989737,-0.013313979413942434,,
180,2024,364544,0.6585000000000001,178,346.5,0.2,0.04436859115958214,1.232143046776764,0.0003,0.187890625,1770,0.020056676,0.10449492931365967,-1.0328556191176177,-0.011415833176579326,,
180,2034,366592,1.4313999999999998,179,359.32,0.2,0.3338407278060913,1.4831230553099886,0.0003,0.165087890625,1780,0.019854767,0.13424336910247803,-1.1225931312888862,-0.012434686307096854,,
180,2044,368640,1.3190999999999997,180,360.54,0.2,0.060359030961990356,1.4920435115229338,0.0003,0.151611328125,1790,0.017005378,0.22977757453918457,-1.089713217318058,-0.011378559691365808,,
,,370000,,,,0.2,0.17686498165130615,1.0022430406766945,0.0003,0.1671875,1800,0.015798181,0.07683366537094116,-1.047769676335156,-0.016302139835897834,279.2,-2.7720000000000002
179,2061,370688,1.6158000000000001,181,370.91,,,,,,,,,,,,
180,2070,372736,2.055,182,367.01,0.2,0.07818398624658585,1.0566215426195413,0.0003,0.149658203125,1810,0.017646883,0.12388366460800171,-1.082197426445782,-0.009933571419969667,,
180,2079,374784,1.8328,183,359.18,0.2,0.03236986696720123,1.3039582223398611,0.0003,0.16728515625,1820,0.028063077,0.262148380279541,-1.0110465014353394,-0.01439588914217893,,
180,2089,376832,0.5960999999999999,184,342.71,0.2,0.00750427320599556,0.7238185351947323,0.0003,0.15751953125,1830,0.015861906,0.31621772050857544,-0.9506996968761087,-0.015426232601748779,,
180,2099,378880,0.2680000000000002,185,335.48,0.2,0.05798409506678581,1.2256054549245163,0.0003,0.1380859375,1840,0.019449063,0.2704535126686096,-0.8737053290009499,-0.010433889635896776,,
,,380000,,,,0.2,0.010948188602924347,0.7586482354672626,0.0003,0.163134765625,1850,0.016381167,0.3475032448768616,-0.968530248850584,-0.013398968995898031,301.2,5.016
180,2116,380928,-0.3241000000000003,186,324.64,,,,,,,,,,,,
180,2126,382976,-0.08080000000000011,187,330.34,0.2,0.027248293161392212,1.058861178997904,0.0003,0.148681640625,1860,0.015681788,0.22079479694366455,-1.0973524453118444,-0.010711352890939451,,
180,2136,385024,-0.6908000000000001,188,331.28,0.2,0.03386146202683449,0.874558216042351,0.0003,0.169140625,1870,0.021925576,0.42874687910079956,-0.9230196746066213,-0.012987914588302374,,
180,2145,387072,-1.7325000000000004,189,315.33,0.2,0.04931490868330002,0.7669996839016676,0.0003,0.14521484375,1880,0.014805634,0.4412286877632141,-1.0469955768436194,-0.009447191108483822,,
180,2156,389120,-2.3845,190,310.48,0.2,0.04987207427620888,0.9547419840586372,0.0003,0.1673828125,1890,0.019033145,0.4266306161880493,-1.0516895826905965,-0.011796277572284453,,
,,390000,,,,0.2,0.07103179395198822,0.6984334569890052,0.0003,0.147119140625,1900,0.020788025,0.003766477108001709,-1.0330788094550372,-0.00971823713334743,259.2,-2.572
180,2171,391168,-2.5044999999999997,191,302.46,,,,,,,,,,,,
180,2180,393216,-2.9313000000000007,192,295.09,0.2,0.056756969541311264,0.6897194249555468,0.0003,0.17490234375,1910,0.024137806,0.43854624032974243,-1.0815626617521048,-0.013175880620838142,,
180,2190,395264,-4.3774,193,279.54,0.2,0.05215277895331383,0.9334429402137175,0.0003,0.1677734375,1920,0.021316819,0.17339354753494263,-1.1497203305363655,-0.010630894760834054,,
180,2200,397312,-4.1963,194,271.44,0.2,0.030775032937526703,0.805940781510435,0.0003,0.171484375,1930,0.027170883,0.28890562057495117,-0.8310910303145647,-0.01613282009930117,,
180,2211,399360,-3.5781,195,279.69,0.2,0.01989920437335968,1.1008838224690407,0.0003,0.1826171875,1940,0.018899871,0.12338089942932129,-1.1535971349105238,-0.012547281132719945,,
,,400000,,,,0.2,0.025799788534641266,0.7959356324281543,0.0003,0.1630859375,1950,0.029809305,0.41645288467407227,-0.815469148941338,-0.008749086757597979,227.4,-6.258
180,2226,401408,-4.266000000000001,196,278.43,,,,,,,,,,,,
180,2237,403456,-3.6828000000000003,197,290.2,0.2,0.009598508477210999,1.571375356661156,0.0003,0.131787109375,1960,0.014584541,-0.083931565284729,-1.0965316507965326,-0.007981328292225953,,
180,2247,405504,-3.2423000000000006,198,296.2,0.2,0.018643762916326523,1.0592987811542116,0.0003,0.15693359375,1970,0.022601135,0.22826015949249268,-0.8954093787819147,-0.013015507953241467,,
180,2258,407552,-3.1414,199,296.1,0.2,0.04466977342963219,0.9941842870088294,0.0003,0.1548828125,1980,0.016801348,-0.08320581912994385,-1.0182362228631974,-0.010625390116183553,,
180,2269,409600,-2.7500999999999998,200,307.02,0.2,0.0628964900970459,0.9971822289284319,0.0003,0.1646484375,1990,0.017933529,0.1961824893951416,-1.0252964731305838,-0.012435176698636497,,
,,410000,,,,0.2,0.02051384001970291,0.8327594436937943,0.0003,0.167333984375,2000,0.016345628,0.142278790473938,-1.0285344891250134,-0.010925980574393179,313.6,-1.114
179,2287,411648,-2.9482,201,306.81,,,,,,,,,,,,
180,2297,413696,-2.7338,202,305.39,0.2,0.1293664574623108,1.1970061987289227,0.0003,0.162548828125,2010,0.019536803,-0.1958848237991333,-1.0196051148697733,-0.008370289715821854,,
180,2306,415744,-1.6942,203,311.54,0.2,0.10060423612594604,1.059242012561299,0.0003,0.170751953125,2020,0.023041219,0.3218047022819519,-1.1220072280615567,-0.010787391966732684,,
180,2315,417792,-0.9379999999999994,204,316.0,0.2,0.2292671948671341,1.6749627628363668,0.0003,0.161376953125,2030,0.025669448,-0.052666425704956055,-1.1135168006643652,-0.01388711155159399,,
180,2327,419840,-0.20739999999999995,205,323.0,0.2,0.129447340965271,1.9336712679825723,0.0003,0.1537109375,2040,0.015035244,-0.0096207857131958,-1.1159816952422261,-0.011192435855627991,,
,,420000,,,,0.2,0.10707022249698639,0.7255418013897724,0.0003,0.177392578125,2050,0.018919028,0.4527684450149536,-1.0428325280547142,-0.005840050226834137,357.2,4.456
180,2343,421888,0.12199999999999984,206,330.1,,,,,,,,,,,,
180,2353,423936,1.2413999999999996,207,338.28,0.2,0.07200215756893158,1.1747317116474734,0.0003,0.19482421875,2060,0.019657623,0.5025342702865601,-1.133756391145289,-0.012465232514659873,,
180,2362,425984,1.4094999999999995,208,341.49,0.2,0.14091189205646515,1.585424604965374,0.0003,0.15322265625,2070,0.015794799,0.29100167751312256,-1.0696999203413724,-0.011048617865890264,,
180,2372,428032,2.4349,209,349.04,0.2,-0.0075475312769412994,1.5863920777104794,0.0003,0.159375,2080,0.028722424,0.2682674527168274,-1.1675907772034406,-0.014049380383221432,,
,,430000,,,,0.2,0.09133656322956085,2.4511722123250363,0.0003,0.1197265625,2090,0.013544866,-0.1968080997467041,-1.0114938432350755,-0.011016375903273002,325.2,2.774
180,2387,430080,3.3627,210,356.36,,,,,,,,,,,,
180,2398,432128,4.808599999999999,211,371.93,0.2,0.21015304327011108,1.67725722535979,0.0003,0.15712890625,2100,0.01689184,0.3303334712982178,-1.1000394953414798,-0.009225050362874753,,
180,2408,434176,4.9357,212,369.23,0.2,0.16709274053573608,0.9957094273995608,0.0003,0.182373046875,2110,0.021585181,0.5986217260360718,-1.0667191857472063,-0.017372167453868315,,
180,2419,436224,5.698699999999999,213,373.01,0.2,0.1995246410369873,1.758568980358541,0.0003,0.173046875,2120,0.017899258,0.28263694047927856,-1.0519109789282084,-0.014219732536002994,,
180,2429,438272,6.319299999999999,214,381.02,0.2,0.23048385977745056,1.5484318162081763,0.0003,0.13515625,2130,0.013285853,0.19447284936904907,-1.0250667436048388,-0.009700152135337703,,
,,440000,,,,0.2,0.14377988874912262,1.2562759935855865,0.0003,0.153173828125,2140,0.01649053,0.3725341558456421,-1.0505142753943801,-0.0077258372126379985,355.2,8.48
179,2447,440320,7.440999999999999,215,388.95,,,,,,,,,,,,
179,2458,442368,7.2871000000000015,216,384.32,0.2,0.05237478390336037,1.35991051052697,0.0003,0.16943359375,2150,0.016366659,0.46493977308273315,-1.1178459806367755,-0.01564775097940583,,
180,2468,444416,7.418600000000001,217,391.19,0.2,0.1316831409931183,1.6516299926210194,0.0003,0.21669921875,2160,0.026245892,-0.01959371566772461,-1.154704507999122,-0.01582050958822947,,
180,2478,446464,7.662100000000001,218,396.89,0.2,0.4155334234237671,1.1753283737925813,0.0003,0.218505859375,2170,0.019637436,0.24743473529815674,-1.1260590912774204,-0.01480080028559314,,
180,2488,448512,8.3751,219,405.67,0.2,0.8545775413513184,2.0757071321364493,0.0003,0.150390625,2180,0.015532238,0.2687317132949829,-1.1325701983645557,-0.009950220497557893,,
,,450000,,,,0.2,0.013396702706813812,0.6128437309060246,0.0003,0.191064453125,2190,0.025531322,0.6268951296806335,-1.1027220744639634,-0.015338204958243295,381.0,8.217999999999998
179,2506,450560,7.971699999999999,220,395.96,,,,,,,,,,,,
179,2516,452608,7.5873,221,384.33,0.2,0.10786770284175873,1.1429351837257855,0.0003,0.166650390625,2200,0.016383557,0.4068313241004944,-1.1287869177758694,-0.012159344654355664,,
179,2527,454656,7.913700000000001,222,391.73,0.2,0.07602272927761078,1.2164363672374747,0.0003,0.176318359375,2210,0.016790755,0.34322214126586914,-1.1796772338449955,-0.01521179479022976,,
179,2537,456704,6.881000000000001,223,384.91,0.2,0.07917331159114838,1.2450465141329914,0.0003,0.1677734375,2220,0.020170366,0.2142285704612732,-1.0729925515130163,-0.01597154628543649,,
180,2547,458752,5.666399999999999,224,366.23,0.2,0.08146325498819351,1.1238305689767003,0.0003,0.1671875,2230,0.016984412,0.1479736566543579,-0.9830530416220427,-0.01200948794867145,,
,,460000,,,,0.2,0.17633534967899323,1.2360359334154054,0.0003,0.17626953125,2240,0.016161202,0.10179787874221802,-1.1163017001003026,-0.009234788725734688,267.0,-0.6480000000000001
179,2563,460800,6.131500000000001,225,369.75,,,,,,,,,,,,
179,2575,462848,6.2913,226,373.79,0.2,0.05733887106180191,0.9850985588389449,0.0003,0.21435546875,2250,0.020431416,0.4142809510231018,-1.0824063893407583,-0.011169366343528964,,
179,2586,464896,6.2434,227,378.6,0.2,0.06781509518623352,1.1848644494544716,0.0003,0.154931640625,2260,0.015075737,0.38176554441452026,-1.1185592226684093,-0.012091151319327764,,
179,2596,466944,4.4884,228,363.91,0.2,0.07876225560903549,1.1993436665739865,0.0003,0.177197265625,2270,0.01868765,0.4445109963417053,-1.1516996819525958,-0.012609665768104605,,
179,2606,468992,5.0035,229,372.46,0.2,0.2617776691913605,2.1524864037986844,0.0003,0.151318359375,2280,0.015280046,0.12124484777450562,-1.0220803363248705,-0.012965819329838268,,
,,470000,,,,0.2,0.002471309155225754,1.0459800386568532,0.0003,0.158544921875,2290,0.017134834,0.3940768241882324,-0.9623831242322922,-0.01394188521662727,307.2,-1.05
179,2622,471040,5.213100000000001,230,371.52,,,,,,,,,,,,
179,2631,473088,3.4760000000000004,231,355.04,0.2,0.17734532058238983,1.4232834633206948,0.0003,0.17978515625,2300,0.020366216,0.39148181676864624,-1.0742281161248683,-0.01626888880127808,,
179,2640,475136,2.5926,232,343.28,0.2,0.10432486981153488,1.055083018867299,0.0003,0.173974609375,2310,0.016531425,0.5347331166267395,-1.1038260564208031,-0.010100649524247274,,
180,2649,477184,2.9962999999999997,233,342.93,0.2,0.16467797756195068,1.4061179110780357,0.0003,0.1365234375,2320,0.017283155,0.17042994499206543,-1.0204866910353303,-0.00779037023166893,,
180,2658,479232,4.069999999999999,234,345.65,0.2,0.1786075085401535,1.1116847513010726,0.0003,0.126123046875,2330,0.012467509,0.2523915767669678,-0.8134848883375525,-0.011468794802203775,,
,,480000,,,,0.2,0.018379930406808853,1.1235478023067116,0.0003,0.115234375,2340,0.010850517,0.4453927278518677,-0.7737185778096318,-0.010336112319782842,315.8,-1.140000000000001
179,2673,481280,3.2695,235,325.6,,,,,,,,,,,,
180,2683,483328,3.762,236,326.4,0.2,0.1370762139558792,1.738672475842759,0.0003,0.157275390625,2350,0.021451917,0.3850635290145874,-0.9896067231893539,-0.011730317553156056,,
180,2692,485376,3.5395,237,328.65,0.2,0.12074717879295349,1.1460756036452948,0.0003,0.178076171875,2360,0.019855037,-0.03529644012451172,-1.1641800615936517,-0.008981423577643,,
180,2701,487424,4.0645999999999995,238,326.19,0.2,0.21099257469177246,1.9420454046456144,0.0003,0.16845703125,2370,0.01702616,0.14406365156173706,-1.071668809466064,-0.012731845132657326,,
180,2711,489472,3.9727000000000006,239,325.37,0.2,0.1443476527929306,2.048991403449327,0.0003,0.157080078125,2380,0.014356086,0.0016732215881347656,-1.1392306726425887,-0.0074899013590766115,,
,,490000,,,,0.2,0.12518462538719177,1.8819308012723923,0.0003,0.140087890625,2390,0.016117755,-0.27992284297943115,-1.040010768547654,-0.012005637897527777,324.8,0.7760000000000001
180,2727,491520,4.5042,240,332.28,,,,,,,,,,,,
180,2738,493568,4.0531,241,327.36,0.2,0.07924298942089081,1.3020374709158204,0.0003,0.171484375,2400,0.02235078,0.14098262786865234,-0.9228589219972492,-0.015177520000725054,,
180,2749,495616,3.8557,242,327.08,0.2,0.000991474837064743,1.1463553810957818,0.0003,0.179833984375,2410,0.017518077,0.411864697933197,-0.9055216552689671,-0.01728970786789432,,
180,2758,497664,3.7206999999999995,243,320.56,0.2,0.05401831492781639,0.7822849886142649,0.0003,0.168798828125,2420,0.019493539,0.3481767773628235,-1.007664147950709,-0.01028765432711225,,
180,2770,499712,4.338800000000001,244,328.82,0.2,0.11154685914516449,0.9753860790049658,0.0003,0.183837890625,2430,0.020741485,0.5387160778045654,-1.0791254874318839,-0.011894380697049201,,
,,500000,,,,0.2,0.07243470102548599,0.9153998208697885,0.0003,0.16337890625,2440,0.016840588,0.4006538987159729,-1.1351415330544115,-0.010006807524769101,320.6,-5.192
179,2788,501760,3.8738999999999995,245,325.24,,,,,,,,,,,,
180,2797,503808,3.9133999999999998,246,321.25,0.2,0.055574819445610046,1.158762857154943,0.0003,0.203125,2450,0.022232577,0.011356830596923828,-1.109621301293373,-0.014874897111440077,,
180,2808,505856,4.417200000000001,247,330.93,0.2,0.12363753467798233,1.7945490929298102,0.0003,0.139111328125,2460,0.01493103,-0.03367781639099121,-1.1148589439690113,-0.009417961735744029,,
180,2817,507904,3.9692999999999996,248,325.69,0.2,0.028131384402513504,0.8544026375282556,0.0003,0.199462890625,2470,0.025689282,0.4843587279319763,-1.0994412548840047,-0.01579515289340634,,
180,2826,509952,2.1298000000000004,249,309.44,0.2,0.05259576439857483,1.2914620559895411,0.0003,0.16728515625,2480,0.01904358,0.16530603170394897,-1.06213264670223,-0.00910624812822789,,
,,510000,,,,0.2,0.01100141555070877,0.9563759636948816,0.0003,0.17802734375,2490,0.018734138,0.2472856640815735,-1.17802443690598,-0.017215723230037838,389.2,4.136
180,2843,512000,2.7344000000000013,250,319.07,,,,,,,,,,,,
180,2854,514048,2.9530000000000007,251,327.24,0.2,0.14681848883628845,1.0424955550348387,0.0003,0.188525390625,2500,0.019599115,0.4816380739212036,-1.095894037000835,-0.006795868996414356,,
180,2864,516096,2.7646,252,326.04,0.2,0.21885384619235992,1.2657813736237586,0.0003,0.194189453125,2510,0.020325057,0.39624321460723877,-1.08697350602597,-0.011263498630432878,,
180,2873,518144,3.2243,253,330.12,0.2,0.08701762557029724,1.3999711826909333,0.0003,0.163671875,2520,0.020446658,0.17000031471252441,-1.0874142970889806,-0.011742582461738493,,
,,520000,,,,0.2,0.03251118212938309,0.9025102520128712,0.0003,0.169970703125,2530,0.018243782,0.41739124059677124,-1.0674551723524928,-0.016644364065723494,343.6,-3.4160000000000004
179,2889,520192,2.3834999999999997,254,324.09,,,,,,,,,,,,
180,2900,522240,2.8374,255,328.73,0.2,0.04682381451129913,1.4015388874337078,0.0003,0.16171875,2540,0.020052426,-0.255027174949646,-1.1778329558670522,-0.010202556592412293,,
180,2910,524288,3.452499999999999,256,337.29,0.2,0.0276182908564806,0.7682260985835455,0.0003,0.180908203125,2550,0.018169444,0.2986997961997986,-1.090418205410242,-0.010981676328810863,,
180,2920,526336,3.4627999999999997,257,336.26,0.2,0.08198913186788559,0.9919464047881774,0.0003,0.1591796875,2560,0.017511483,0.35310739278793335,-1.0018308049067854,-0.011263444740325212,,
180,2931,528384,2.7965,258,332.82,0.2,0.04062488675117493,1.497425923938863,0.0003,0.1359375,2570,0.01602075,0.1907985806465149,-0.9911600289866328,-0.011229960885248146,,
,,530000,,,,0.2,0.0877874344587326,1.0282719349721448,0.0003,0.1740234375,2580,0.020832129,0.1678760051727295,-1.0622972153127193,-0.014987229567486793,371.8,4.31
179,2950,530432,3.8457000000000003,259,348.02,,,,,,,,,,,,
179,2959,532480,3.8512999999999993,260,347.42,0.2,0.1306263953447342,0.887656721798703,0.0003,0.191259765625,2590,0.017536454,0.3875480890274048,-1.1468663739040494,-0.011475842294748873,,
179,2970,534528,2.998,261,332.63,0.2,0.11415904760360718,1.684851896413602,0.0003,0.152978515625,2600,0.014186083,-0.5173817873001099,-1.024095281213522,-0.013718218597932718,,
180,2980,536576,3.5755,262,344.97,0.2,0.07276523858308792,1.1360586341237648,0.0003,0.15224609375,2610,0.019137777,0.2803255319595337,-1.0033799681812525,-0.015259877356584184,,
180,2990,538624,2.5345999999999993,263,338.97,0.2,0.2351381778717041,1.8049043367151172,0.0003,0.15888671875,2620,0.016084466,0.10935854911804199,-0.991491562500596,-0.011879991038586012,,
,,540000,,,,0.2,0.15268771350383759,0.8509104045224376,0.0003,0.184619140625,2630,0.024312861,0.40685534477233887,-1.0305257495492697,-0.01370813857356552,387.2,4.151999999999999
179,3009,540672,2.9596999999999993,264,336.5,,,,,,,,,,,,
179,3019,542720,3.1842,265,344.1,0.2,0.11460308730602264,2.4839641026221218,0.0003,0.142626953125,2640,0.01316705,-0.269250750541687,-1.0358756398782134,-0.010343732271576301,,
179,3029,544768,3.2639,266,346.14,0.2,0.06242888420820236,0.6778902251156979,0.0003,0.180908203125,2650,0.021894787,0.428555428981781,-0.9858823282644152,-0.013843813983839937,,
179,3039,546816,3.0139,267,341.09,0.2,0.06469810009002686,0.909274744731374,0.0003,0.1939453125,2660,0.021721663,0.012550830841064453,-1.0902041176334023,-0.010696724939043634,,
180,3049,548864,3.3771000000000004,268,344.79,0.2,0.05904848501086235,1.3226218320196494,0.0003,0.190966796875,2670,0.02325095,-0.021256208419799805,-1.0863655481487513,-0.008263983386859764,,
,,550000,,,,0.2,-0.00540945865213871,0.7135570065467618,0.0003,0.177294921875,2680,0.017940443,0.3439202904701233,-0.9863434329628944,-0.009342667591408827,337.0,-3.35
179,3066,550912,3.0003999999999995,269,342.44,,,,,,,,,,,,
179,3075,552960,3.1662,270,345.9,0.2,0.18068677186965942,1.5417362642474473,0.0003,0.133154296875,2690,0.014420303,-0.05090618133544922,-0.8948704328387975,-0.011875821152352728,,
179,3085,555008,3.3166999999999995,271,350.85,0.2,0.2681102156639099,1.3715910990256817,0.0003,0.159912109375,2700,0.014741999,0.04578995704650879,-1.1290991799905896,-0.011687240976607427,,
179,3095,557056,3.6250999999999998,272,350.06,0.2,0.06530255079269409,1.2608621016377584,0.0003,0.155419921875,2710,0.019023791,-0.08634138107299805,-0.8895929908379913,-0.009838310253689997,,
180,3104,559104,3.5283999999999995,273,349.72,0.2,0.19386084377765656,1.4481900327838957,0.0003,0.15791015625,2720,0.015220212,0.4693971276283264,-1.019210310652852,-0.011585496677435003,,
,,560000,,,,0.2,0.1327723264694214,1.2533270728308707,0.0003,0.16533203125,2730,0.020171337,0.4497392177581787,-0.9817426325753331,-0.011280729959253222,296.2,-6.946000000000001
179,3120,561152,3.3055000000000003,274,351.99,,,,,,,,,,,,
179,3130,563200,3.6883,275,353.75,0.2,0.3833927512168884,1.2654205633327364,0.0003,0.189013671875,2740,0.019500785,0.5150928497314453,-0.9602036997675896,-0.012123046672786585,,
179,3141,565248,3.4909,276,353.47,0.2,0.06043465435504913,1.035395455150865,0.0003,0.17421875,2750,0.019418176,0.5018445253372192,-0.9168760096654296,-0.015298113797325642,,
180,3150,567296,3.0177999999999994,277,350.77,0.2,0.06381876766681671,1.2095979606965557,0.0003,0.206201171875,2760,0.021949079,0.5342749357223511,-1.104415226355195,-0.011989489506231622,,
180,3162,569344,3.4156999999999997,278,361.05,0.2,0.11292879283428192,1.33611150495708,0.0003,0.175390625,2770,0.022101304,0.2626991868019104,-0.9974920298904181,-0.00784852258511819,,
,,570000,,,,0.2,0.12454633414745331,0.9926101043587551,0.0003,0.1806640625,2780,0.021757398,0.230912983417511,-1.0595794066786766,-0.00745421597675886,434.0,-2.3180000000000005
179,3181,571392,2.852899999999999,279,357.27,,,,,,,,,,,,
179,3191,573440,2.647,280,357.86,0.2,0.08746418356895447,1.4311780066927895,0.0003,0.19189453125,2790,0.027278598,0.2871176600456238,-1.0190438028424977,-0.01770755398320034,,
179,3202,575488,3.5178999999999996,281,370.85,0.2,0.31659889221191406,1.0276324785314501,0.0003,0.1390625,2800,0.019444276,0.4078320860862732,-0.8727150285616517,-0.01232040224422235,,
179,3212,577536,3.2637999999999994,282,376.24,0.2,0.09845703840255737,0.7783831938751973,0.0003,0.175927734375,2810,0.03766941,0.4755564332008362,-0.8921531610190868,-0.015524834298412315,,
179,3222,579584,3.1953000000000005,283,383.09,0.2,0.22078582644462585,0.979079156415537,0.0003,0.166796875,2820,0.017970216,0.422987699508667,-0.9125569907948374,-0.006492102224729024,,
,,580000,,,,0.2,0.1795998364686966,0.9182684505358338,0.0003,0.2033203125,2830,0.027526258,0.3851100206375122,-0.9809737749397754,-0.01660783545812592,430.4,9.73
179,3242,581632,3.4591,284,386.74,,,,,,,,,,,,
179,3251,583680,4.372199999999999,285,395.53,0.2,0.1257498562335968,1.4089121838333085,0.0003,0.14794921875,2840,0.015080271,-0.14372074604034424,-1.060240375623107,-0.01211397367878817,,
179,3260,585728,4.265199999999998,286,396.24,0.2,0.0966239720582962,1.1717627411708236,0.0003,0.16171875,2850,0.01517456,0.5844378471374512,-1.0015068076550961,-0.009693934847018682,,
179,3271,587776,4.005999999999999,287,402.14,0.2,0.1034216359257698,1.1304425154346973,0.0003,0.178564453125,2860,0.023023263,0.11712753772735596,-0.9565983559936285,-0.01203988735214807,,
179,3281,589824,3.883,288,404.45,0.2,0.09761622548103333,1.0598609721753747,0.0003,0.173095703125,2870,0.019309605,0.16278314590454102,-0.9275008108466863,-0.009377486942685209,,
,,590000,,,,0.2,0.06539924442768097,1.098679029964842,0.0003,0.164453125,2880,0.012642165,0.4448988437652588,-0.9959578201174736,-0.008895957868662662,325.0,-1.2280000000000002
179,3298,591872,3.7569999999999992,289,407.02,,,,,,,,,,,,
179,3308,593920,3.1229999999999993,290,400.35,0.2,0.0786522924900055,1.30623865025118,0.0003,0.158544921875,2890,0.021530097,-0.28803741931915283,-0.9947219010442495,-0.013359157615923323,,
179,3317,595968,2.0652,291,396.04,0.2,0.20899732410907745,2.1768746953457594,0.0003,0.1556640625,2900,0.013280658,0.20165085792541504,-1.0113594425842165,-0.014880057249683887,,
179,3327,598016,1.5800000000000003,292,394.51,0.2,0.04118496924638748,0.560854437854141,0.0003,0.210107421875,2910,0.020637482,0.5760246515274048,-1.0244886895641685,-0.014247464502113871,,
,,600000,,,,0.2,0.04307723045349121,0.6266660098335706,0.0003,0.190283203125,2920,0.022618476,0.3380469083786011,-0.997800525650382,-0.018496573233278468,389.8,2.128
179,3346,600064,2.0338000000000007,293,399.18,,,,,,,,,,,,
179,3357,602112,1.8267000000000002,294,399.87,0.2,0.060005903244018555,0.7580417525721714,0.0003,0.164453125,2930,0.016180577,0.1916915774345398,-1.0862051595002413,-0.008897724785492755,,
179,3367,604160,1.6040999999999996,295,392.1,0.2,0.05008711293339729,0.7766349306330085,0.0003,0.16044921875,2940,0.016187804,0.446713387966156,-1.170410468429327,-0.009517847193637862,,
179,3378,606208,1.2603000000000002,296,386.44,0.2,0.2260569930076599,1.658260293630883,0.0003,0.141796875,2950,0.015176128,0.13021689653396606,-1.0545202493667603,-0.012710832155426033,,
179,3389,608256,0.8319999999999999,297,379.22,0.2,0.14877724647521973,1.3244513134239242,0.0003,0.1484375,2960,0.015267028,-0.08991658687591553,-1.0416847009211778,-0.0144276453909697,,
,,610000,,,,0.2,0.055447228252887726,0.8969843232422136,0.0003,0.175048828125,2970,0.018490653,0.19377464056015015,-1.0687389891594647,-0.011765432063839398,237.2,-8.358
179,3404,610304,1.1387999999999996,298,388.58,,,,,,,,,,,,
179,3414,612352,0.8601000000000001,299,376.39,0.2,0.0405423603951931,0.972542045568116,0.0003,0.144580078125,2980,0.014926107,-0.153295636177063,-0.976358987018466,-0.009257910132873803,,
179,3425,614400,0.8783,300,374.59,0.2,0.05396974831819534,0.8846790161449463,0.0003,0.19833984375,2990,0.020223632,-0.1908740997314453,-1.1276684481650592,-0.019577029273204972,,
179,3436,616448,0.6409999999999999,301,368.29,0.2,0.4299980700016022,2.4580485140671953,0.0003,0.13681640625,3000,0.013056338,-0.06969130039215088,-1.1319041619077326,-0.016171991525334307,,
179,3446,618496,0.7319,302,369.21,0.2,0.03353976458311081,1.6995387614471837,0.0003,0.143896484375,3010,0.017099742,0.21796512603759766,-1.1549716707319022,-0.01535266294667963,,
,,620000,,,,0.2,0.15839707851409912,1.0342947490978986,0.0003,0.185107421875,3020,0.022277841,0.17972677946090698,-1.190265328809619,-0.014683725591748954,426.2,3.7659999999999996
179,3465,620544,0.19519999999999985,303,362.82,,,,,,,,,,,,
179,3474,622592,0.3555,304,356.8,0.2,0.08913290500640869,1.4830352931050583,0.0003,0.16669921875,3030,0.01739012,0.006518006324768066,-1.0417734729126096,-0.012117441545706242,,
179,3483,624640,0.2450999999999998,305,357.83,0.2,0.05102769657969475,1.0548458554549143,0.0003,0.161474609375,3040,0.016956072,0.4399288296699524,-0.9420702010393143,-0.010761768749216572,,
179,3493,626688,-0.39970000000000006,306,352.26,0.2,0.011902276426553726,0.7538501140545122,0.0003,0.161865234375,3050,0.017873924,0.21127456426620483,-0.9200163753703237,-0.015500810209778138,,
179,3502,628736,-0.09820000000000029,307,352.14,0.2,0.24273940920829773,1.0282358125667088,0.0003,0.196826171875,3060,0.020318124,0.27794820070266724,-1.1638534670695662,-0.014952119364170357,,
,,630000,,,,0.2,0.0723976418375969,1.0341309026814998,0.0003,0.15947265625,3070,0.016181624,0.5015501976013184,-1.0305475890636444,-0.01325787243549712,250.8,1.5159999999999996
179,3518,630784,0.032899999999999784,308,359.05,,,,,,,,,,,,
179,3528,632832,0.7484000000000003,309,367.58,0.2,0.0636339783668518,1.317330627841875,0.0003,0.2013671875,3080,0.022505105,0.16142457723617554,-1.1556827606633306,-0.017640436072542797,,
179,3538,634880,1.6527,310,377.25,0.2,0.06203582510352135,1.3297435424057766,0.0003,0.19765625,3090,0.022802182,0.22636538743972778,-1.0938592171296477,-0.01601135304372292,,
179,3549,636928,1.8146999999999998,311,381.07,0.2,0.08821365237236023,1.6173379013547673,0.0003,0.155908203125,3100,0.017075919,0.2518625259399414,-1.1196330729871988,-0.014414537919219584,,
179,3559,638976,1.8179999999999998,312,380.74,0.2,0.0868157371878624,0.9428744427859783,0.0003,0.197607421875,3110,0.019515706,0.38083457946777344,-1.0823011158034206,-0.015114542517403606,,
,,640000,,,,0.2,0.3068271279335022,1.0760254682973027,0.0003,0.2166015625,3120,0.025700033,0.022871971130371094,-1.0595817554742097,-0.01648837542743422,349.6,0.5280000000000001
179,3576,641024,2.3037,313,382.22,,,,,,,,,,,,
179,3586,643072,1.7736,314,375.17,0.2,0.14682453870773315,1.251200050790794,0.0003,0.162841796875,3130,0.015785601,0.2986462712287903,-1.1981798104941845,-0.016526665043784305,,
179,3597,645120,2.2289000000000003,315,379.69,0.2,0.44109755754470825,2.1029362833825873,0.0003,0.148681640625,3140,0.016505087,-0.801155686378479,-1.035285966284573,-0.017090094802551904,,
179,3607,647168,2.4774999999999996,316,374.83,0.2,0.003950774669647217,1.0746433858061208,0.0003,0.1724609375,3150,0.022344444,0.3952518105506897,-1.1547996040433646,-0.015208281311788596,,
179,3617,649216,2.7661999999999995,317,375.99,0.2,0.19732461869716644,1.1522508349386045,0.0003,0.179052734375,3160,0.018862989,0.4539322257041931,-1.0792612878605723,-0.014436248192214406,,
,,650000,,,,0.2,0.12094805389642715,1.1532268775394185,0.0003,0.1919921875,3170,0.025115017,0.360634982585907,-1.0796082830056548,-0.01531594839761965,333.2,-7.316
179,3634,651264,2.1332,318,369.24,,,,,,,,,,,,
179,3644,653312,1.8511000000000002,319,367.42,0.2,0.21260586380958557,1.5491812193300576,0.0003,0.160009765625,3180,0.01580885,0.12580955028533936,-0.9679324058815837,-0.011136256565805525,,
179,3653,655360,1.7889,320,363.61,0.2,0.129402756690979,1.2530976227484643,0.0003,0.147216796875,3190,0.014198564,0.25823789834976196,-1.0991564691066742,-0.012741278461180627,,
179,3664,657408,2.006,321,371.91,0.2,0.07777613401412964,0.8822184489108622,0.0003,0.152783203125,3200,0.020603463,0.2838549017906189,-0.8908429704606533,-0.016158130412804894,,
179,3674,659456,2.0053,322,371.98,0.2,0.15314200520515442,0.8912351476959884,0.0003,0.183642578125,3210,0.024976589,0.46512478590011597,-1.0254097130149602,-0.0153002315419144,,
,,660000,,,,0.2,0.08176076412200928,1.466158272163011,0.0003,0.15078125,3220,0.02202326,-0.15076136589050293,-0.9397184804081917,-0.012938791065244004,188.6,-5.869999999999999
179,3688,661504,2.0056,323,371.95,,,,,,,,,,,,
179,3698,663552,2.0312,324,369.39,0.2,0.005080424249172211,0.7189358314266429,0.0003,0.17939453125,3230,0.023874862,-0.07080185413360596,-0.9289045352488756,-0.018678603823354935,,
179,3709,665600,2.5244999999999997,325,380.12,0.2,0.10998944193124771,1.0565972544252873,0.0003,0.162744140625,3240,0.015780712,0.16029900312423706,-1.0844368655234575,-0.011574263047077694,,
179,3718,667648,2.3653999999999997,326,375.99,0.2,0.3466547131538391,1.605350334569812,0.0003,0.152880859375,3250,0.012221999,0.12884783744812012,-1.0553908692672849,-0.01210633100999985,,
179,3728,669696,1.2936,327,363.05,0.2,0.17290575802326202,1.0909907909575849,0.0003,0.164453125,3260,0.018018056,0.32353854179382324,-1.0849947882816195,-0.012013624171959236,,
,,670000,,,,0.2,0.09998784214258194,0.9265584337990731,0.0003,0.17109375,3270,0.015014665,0.013275980949401855,-1.0535774186253548,-0.011992165456467774,365.6,12.376
179,3746,671744,1.2751,328,364.9,,,,,,,,,,,,
179,3756,673792,0.4970000000000001,329,352.62,0.2,0.014382455497980118,0.9024245471111498,0.0003,0.1861328125,3280,0.023729458,0.36745142936706543,-0.9678816623985768,-0.018207242630887778,,
179,3767,675840,0.03190000000000024,330,349.08,0.2,0.13249139487743378,1.3873071784735658,0.0003,0.15048828125,3290,0.01988686,-0.15815043449401855,-0.9260657589882613,-0.01491861003160011,,
179,3777,677888,1.1963,331,362.73,0.2,0.09454786032438278,1.4288365758024155,0.0003,0.161328125,3300,0.014896984,-0.050337910652160645,-0.9051881207153201,-0.015183556308329571,,
179,3786,679936,1.5583999999999996,332,366.54,0.2,1.4783035516738892,1.8572180041344837,0.0003,0.141455078125,3310,0.017884258,-0.13159584999084473,-0.9402419602498412,-0.01221887452993542,,
,,680000,,,,0.2,0.035485297441482544,0.6894658762495964,0.0003,0.167333984375,3320,0.015274002,0.3656311631202698,-0.9809736350551248,-0.015430162592383567,301.4,1.0060000000000002
179,3802,681984,1.0001000000000002,333,362.31,,,,,,,,,,,,
179,3812,684032,0.6824000000000002,334,364.07,0.2,0.019367914646863937,0.5809183869627305,0.0003,0.173486328125,3330,0.02034655,0.5213286876678467,-0.9007213220000267,-0.013356360592297278,,
179,3822,686080,1.2503,335,367.3,0.2,0.04554356262087822,1.1134779723593966,0.0003,0.1572265625,3340,0.021244403,-0.08942961692810059,-0.9169297793880105,-0.013812868206878192,,
179,3833,688128,1.6424000000000003,336,378.14,0.2,0.3614993691444397,1.367094656615518,0.0003,0.1705078125,3350,0.017993601,0.010819733142852783,-0.985361810028553,-0.0163408793596318,,
,,690000,,,,0.2,0.007964100688695908,0.4933768730144948,0.0003,0.18466796875,3360,0.019261613,0.6573881506919861,-1.0511945961043239,-0.018281277094502002,293.8,3.088
179,3850,690176,2.0968,337,382.75,,,,,,,,,,,,
179,3860,692224,2.0758,338,384.85,0.2,0.09596392512321472,0.8547145523130893,0.0003,0.181005859375,3370,0.022298366,0.25852465629577637,-0.8984585436061024,-0.010850586974993349,,
179,3870,694272,1.8250000000000002,339,379.92,0.2,0.043147407472133636,1.1363015224342234,0.0003,0.1716796875,3380,0.018994674,-0.04177224636077881,-0.9656685480847955,-0.01155382153519895,,
179,3880,696320,1.328,340,369.56,0.2,0.04880358278751373,0.7036989732761867,0.0003,0.184326171875,3390,0.027411634,0.36936914920806885,-0.9456611977890134,-0.015442479570629076,,
179,3889,698368,1.5622,341,366.14,0.2,0.056018851697444916,0.6250546655268409,0.0003,0.189501953125,3400,0.020037122,0.4483911395072937,-1.0076107954606415,-0.014300142473075539,,
,,700000,,,,0.2,0.05558737367391586,0.9846320538083091,0.0003,0.2044921875,3410,0.02459799,0.3758109211921692,-1.0967010261490941,-0.019282765345997176,547.8,18.565999999999995
179,3910,700416,2.0023000000000004,342,372.18,,,,,,,,,,,,
179,3919,702464,1.8085,343,361.55,0.2,0.01228933036327362,1.1581600988516585,0.0003,0.18955078125,3420,0.01853016,0.4073171019554138,-1.0256499676033854,-0.01614577216678299,,
179,3929,704512,1.8914,344,353.26,0.2,0.18891027569770813,1.6834997845813633,0.0003,0.150439453125,3430,0.015176723,0.20810216665267944,-0.9628706073388458,-0.015488761209417135,,
179,3938,706560,0.9357,345,338.72,0.2,0.052128784358501434,0.9563314060214907,0.0003,0.152392578125,3440,0.01521002,0.49450981616973877,-0.9791792007163167,-0.014748559035069775,,
179,3947,708608,0.6620999999999999,346,336.05,0.2,0.03548665717244148,0.577855168946553,0.0003,0.18359375,3450,0.023805708,0.43401843309402466,-1.0453702695667744,-0.01899480354913976,,
,,710000,,,,0.2,-0.016050152480602264,0.5829724628594704,0.0003,0.174365234375,3460,0.018121785,0.5381545424461365,-1.02004555426538,-0.02084034801227972,218.2,-8.168
179,3962,710656,-0.012499999999999876,347,333.48,,,,,,,,,,,,
179,3971,712704,0.2594000000000001,348,336.34,0.2,0.05065550655126572,1.336106546688825,0.0003,0.139306640625,3470,0.01732915,0.13245290517807007,-0.9293690826743841,-0.011484291657689027,,
179,3981,714752,0.5075000000000003,349,341.56,0.2,0.01237424835562706,0.7753324550809338,0.0003,0.164892578125,3480,0.016366983,0.46967917680740356,-1.1290752701461315,-0.012167627808230464,,
179,3992,716800,0.8107000000000005,350,341.27,0.2,0.05651736259460449,1.4417815298540517,0.0003,0.137353515625,3490,0.019530129,0.3480575680732727,-1.0054598407819868,-0.012293206446338445,,
179,4001,718848,-0.5750999999999998,351,329.72,0.2,0.06145884096622467,0.8735382594983093,0.0003,0.150341796875,3500,0.018527294,0.30196821689605713,-0.8808643411844969,-0.015307549916906282,,
,,720000,,,,0.2,0.01900438219308853,0.9464704587706365,0.0003,0.142919921875,3510,0.015828906,0.3251938223838806,-0.9804609945043922,-0.010870875512773636,274.6,-4.728
179,4016,720896,-0.6589,352,328.09,,,,,,,,,,,,
179,4025,722944,-0.8666000000000003,353,328.84,0.2,0.007118826732039452,0.8419670015107841,0.0003,0.19384765625,3520,0.02272071,0.3674367666244507,-1.1661479413509368,-0.010628220313810744,,
179,4035,724992,-0.8717999999999999,354,329.36,0.2,0.052960414439439774,0.9973719063564204,0.0003,0.162451171875,3530,0.018144447,0.1032748818397522,-0.9484729938209057,-0.013112024369183928,,
179,4044,727040,-0.5915999999999999,355,331.33,0.2,0.08639588207006454,1.6417098725447432,0.0003,0.14794921875,3540,0.015067134,-0.02083909511566162,-0.966335384361446,-0.00824436274706386,,
179,4054,729088,-0.5887,356,331.06,0.2,0.03155489265918732,0.5984169594070409,0.0003,0.1890625,3550,0.018520415,0.6196510791778564,-1.026520604453981,-0.011177154403412715,,
,,730000,,,,0.2,0.19935962557792664,1.0923600568203256,0.0003,0.142431640625,3560,0.015283826,0.6181155443191528,-0.9714702311903238,-0.010823506058659404,362.2,0.40199999999999997
179,4070,731136,-0.5770999999999998,357,329.9,,,,,,,,,,,,
179,4080,733184,-0.5773999999999999,358,329.95,0.2,-0.004011448472738266,0.6684480533003807,0.0003,0.18037109375,3570,0.020206789,0.5067932605743408,-1.002506659924984,-0.014036029385169967,,
179,4088,735232,-0.8611,359,328.27,0.2,0.4866352379322052,2.3813924255315215,0.0003,0.147119140625,3580,0.014899097,-0.04003441333770752,-0.9958014203235507,-0.016964121992350555,,
179,4097,737280,-1.0185,360,323.97,0.2,0.07845050096511841,1.047028847457841,0.0003,0.1400390625,3590,0.017838389,0.33864742517471313,-1.0143090354278683,-0.012989255077263806,,
179,4107,739328,-0.046600000000000155,361,326.88,0.2,0.16811946034431458,2.0150712753878905,0.0003,0.144091796875,3600,0.015952833,-0.06761813163757324,-0.9729300068691373,-0.012552763358689845,,
,,740000,,,,0.2,0.040764909237623215,1.255021988286171,0.0003,0.148681640625,3610,0.015025438,0.1985255479812622,-0.9029166521504521,-0.015007641247939319,303.0,-7.014
179,4123,741376,0.04289999999999997,362,327.94,,,,,,,,,,,,
179,4133,743424,-0.15520000000000012,363,327.73,0.2,-0.004415042698383331,0.9795624256599694,0.0003,0.1751953125,3620,0.021066194,0.25357478857040405,-0.8875587560236454,-0.017463417715043762,,
179,4142,745472,-0.6287000000000001,364,315.02,0.2,0.021119270473718643,1.1728825152735225,0.0003,0.20615234375,3630,0.022032756,0.3173568844795227,-1.078981924802065,-0.01261278055899311,,
180,4151,747520,-0.8366999999999999,365,315.8,0.2,0.1689000427722931,1.2805608680704608,0.0003,0.178369140625,3640,0.022160575,-0.13714754581451416,-0.8328602472320199,-0.015067642206849996,,
180,4160,749568,-0.5657,366,308.74,0.2,0.03710649162530899,1.0176191322505475,0.0003,0.15703125,3650,0.0178688,0.20460128784179688,-0.9990728106349707,-0.017227317628567107,,
,,750000,,,,0.2,0.07798843830823898,1.2034227104391904,0.0003,0.133056640625,3660,0.01580441,-0.09787988662719727,-0.9169681124389172,-0.01730175700795371,269.0,-4.672
180,4173,751616,-1.4215,367,294.22,,,,,,,,,,,,
180,4183,753664,-1.7002000000000002,368,292.06,0.2,0.02000442147254944,1.2455405149259604,0.0003,0.201416015625,3670,0.022653257,-0.2880791425704956,-0.9857573540881276,-0.017252891426323913,,
180,4192,755712,-1.7429,369,286.32,0.2,-0.0013859570026397705,1.3938077501486987,0.0003,0.1427734375,3680,0.015708208,-0.03483593463897705,-0.8776603894308209,-0.013305072384537198,,
180,4202,757760,-1.7884999999999998,370,280.87,0.2,0.01668621599674225,1.445320292469114,0.0003,0.1599609375,3690,0.017209996,0.16934925317764282,-0.8477435508742929,-0.016316651680972426,,
180,4212,759808,-1.2959999999999996,371,291.68,0.2,0.3273296356201172,1.5737931808806025,0.0003,0.158740234375,3700,0.021736745,0.30441564321517944,-1.0542668541893363,-0.012910880624258426,,
,,760000,,,,0.2,0.045564331114292145,0.8929904887918383,0.0003,0.18095703125,3710,0.02531983,0.5191148519515991,-1.0401125133037568,-0.01589346807450056,284.4,1.1760000000000006
180,4227,761856,-1.8291,372,284.93,,,,,,,,,,,,
180,4237,763904,-1.2399,373,296.1,0.2,0.04260393977165222,1.217253465997055,0.0003,0.148779296875,3720,0.01611046,0.3121119737625122,-0.8373791398480535,-0.01489845798641909,,
180,4245,765952,-0.4165000000000002,374,303.85,0.2,0.06703276187181473,1.1988973361090758,0.0003,0.175439453125,3730,0.017292835,0.05721348524093628,-1.002088219113648,-0.01860337738180533,,
180,4255,768000,1.0595,375,316.41,0.2,0.15319906175136566,1.3924443703144789,0.0003,0.131298828125,3740,0.012971785,0.31019580364227295,-0.9276419239118695,-0.01252052505442407,,
,,770000,,,,0.2,0.5584524273872375,2.1554561900440605,0.0003,0.142236328125,3750,0.015540681,0.3208749294281006,-0.955634200759232,-0.014103388748480938,198.8,-3.97
180,4269,770048,1.2001999999999997,376,322.38,,,,,,,,,,,,
180,4278,772096,0.8908000000000001,377,323.27,0.2,0.05839544162154198,1.399634940526448,0.0003,0.162353515625,3760,0.022159904,0.23673808574676514,-0.9606381438672542,-0.014504572405712679,,
180,4287,774144,1.1486999999999998,378,317.5,0.2,0.13137008249759674,1.7763202108908445,0.0003,0.16708984375,3770,0.018072048,0.23052561283111572,-0.8962360976263881,-0.015185458007908891,,
180,4297,776192,1.2689,379,315.49,0.2,0.42668312788009644,2.220161551563069,0.0003,0.16982421875,3780,0.020433256,-0.04375588893890381,-1.0329973924905063,-0.01613725714851171,,
180,4307,778240,2.0204000000000004,380,320.42,0.2,0.05331752076745033,1.6106758827110752,0.0003,0.16181640625,3790,0.018415952,0.24354135990142822,-0.9308000760152936,-0.014736360660754145,,
,,780000,,,,0.2,0.025894228368997574,1.1349600152112544,0.0003,0.17255859375,3800,0.021873033,0.2935130000114441,-0.969569269940257,-0.016220399692247155,415.4,11.878
180,4326,780288,1.7671999999999999,381,315.71,,,,,,,,,,,,
180,4336,782336,2.1976,382,322.72,0.2,0.010680429637432098,1.0976582288043573,0.0003,0.196484375,3810,0.025351914,0.3252432942390442,-1.0102468233555555,-0.016851876871078274,,
180,4345,784384,2.9806,383,334.51,0.2,0.10821133852005005,0.9449134844122454,0.0003,0.20263671875,3820,0.022302065,0.49389052391052246,-0.9092900512740016,-0.0192411080817692,,
180,4355,786432,3.1856999999999993,384,334.02,0.2,0.031793247908353806,0.591558066161815,0.0003,0.216845703125,3830,0.024843194,0.5819565057754517,-1.0065669476985932,-0.01973912451940123,,
180,4365,788480,3.8239,385,340.29,0.2,0.13144269585609436,1.4369063278893008,0.0003,0.156201171875,3840,0.018051442,0.27757465839385986,-1.0808552490547298,-0.011873440946510527,,
,,790000,,,,0.2,0.13385646045207977,1.567138695041649,0.0003,0.145361328125,3850,0.015904412,0.4975161552429199,-0.9262921834364534,-0.0183243130959454,366.8,4.359999999999999
180,4382,790528,2.7407999999999997,386,338.51,,,,,,,,,,,,
180,4391,792576,2.8534,387,337.26,0.2,0.01800910383462906,1.1595705351326615,0.0003,0.182470703125,3860,0.023936272,0.025067389011383057,-1.0495823731645941,-0.02136821239255369,,
180,4399,794624,2.4434000000000005,388,328.19,0.2,0.0360785536468029,1.1457105303416029,0.0003,0.192333984375,3870,0.018985461,0.1072155237197876,-1.00620920304209,-0.020620505631086417,,
180,4408,796672,1.8189000000000002,389,320.57,0.2,0.03620930016040802,0.7698289658408612,0.0003,0.20576171875,3880,0.021432612,0.5862573385238647,-1.0186043808236718,-0.02160578166076448,,
180,4418,798720,0.9047000000000004,390,311.89,0.2,0.07128424942493439,1.3241975952638314,0.0003,0.164794921875,3890,0.017509252,-0.002210855484008789,-0.9663822773844004,-0.016681040974799544,,
,,800000,,,,0.2,0.033210352063179016,1.2309155039605684,0.0003,0.185009765625,3900,0.020683117,0.3286733031272888,-1.0385950736701488,-0.014493676503479946,304.2,-1.02
180,4433,800768,0.9036000000000002,391,312.0,,,,,,,,,,,,
180,4441,802816,0.08660000000000018,392,303.63,0.2,0.3584796190261841,1.5469969347119332,0.0003,0.15810546875,3910,0.016978076,0.5113542079925537,-1.0069092903286219,-0.018873678561067208,,
180,4451,804864,0.06450000000000015,393,305.84,0.2,0.03318219259381294,1.2150315925711765,0.0003,0.172412109375,3920,0.022598034,0.36625033617019653,-1.0872188119217754,-0.015203908941475674,,
180,4460,806912,0.22380000000000003,394,309.93,0.2,0.037629857659339905,0.8584209306165576,0.0003,0.18896484375,3930,0.018174645,0.2592770457267761,-1.014007910527289,-0.019478459921083414,,
180,4469,808960,0.03349999999999987,395,308.94,0.2,0.07054583728313446,1.5882311404682696,0.0003,0.1609375,3940,0.016811492,-0.07331264019012451,-1.0005971996113658,-0.012429681528010406,,
,,810000,,,,0.2,0.04277617111802101,1.0407791420584545,0.0003,0.1650390625,3950,0.021661274,0.41206789016723633,-0.9767453547567129,-0.017056180635700004,537.2,4.6579999999999995
180,4490,811008,0.2139999999999999,396,310.89,,,,,,,,,,,,
180,4500,813056,0.8371999999999998,397,318.64,0.2,0.1178164929151535,1.1530310414964333,0.0003,0.18369140625,3960,0.018767549,0.4041227102279663,-1.0050951432436706,-0.017380681660142727,,
180,4509,815104,1.3229999999999997,398,320.09,0.2,0.09816128015518188,0.7926902392879128,0.0003,0.18759765625,3970,0.023676232,0.4532492160797119,-0.9535813085734844,-0.015825930598657577,,
180,4518,817152,0.11570000000000019,399,300.68,0.2,0.18539690971374512,1.4372704665409402,0.0003,0.18125,3980,0.022822201,0.3239474296569824,-0.9850373111665249,-0.017690083588240667,,
180,4527,819200,0.35200000000000026,400,297.05,0.2,0.014384370297193527,1.1333627457497641,0.0003,0.15869140625,3990,0.020872086,0.25586575269699097,-0.8721816072240471,-0.01865529028873425,,
,,820000,,,,0.2,0.08986658602952957,1.11849818744231,0.0003,0.17724609375,4000,0.017325241,0.33928829431533813,-1.0005494587123394,-0.013595706722117028,358.6,0.4379999999999999
180,4545,821248,0.6696,401,305.33,,,,,,,,,,,,
180,4554,823296,1.6841000000000002,402,313.99,0.2,0.05835181847214699,0.9585853480035439,0.0003,0.190283203125,4010,0.022115342,0.6205450296401978,-0.9617516877129674,-0.014946596549998503,,
180,4563,825344,2.3437,403,318.1,0.2,0.05595967918634415,1.6623276016907766,0.0003,0.151513671875,4020,0.018196536,0.36796557903289795,-0.9259993797168136,-0.0123092361347517,,
180,4572,827392,2.0604999999999998,404,316.41,0.2,0.07335185259580612,1.2116852035396732,0.0003,0.14296875,4030,0.015209097,0.04428321123123169,-0.9182759776711464,-0.012010774167720228,,
181,4581,829440,2.095300000000001,405,312.89,0.2,0.0018189027905464172,1.0070789065794088,0.0003,0.1787109375,4040,0.021295317,0.5464323163032532,-0.9365648262202739,-0.016838195495074613,,
,,830000,,,,0.2,0.07418874651193619,0.8645032732049003,0.0003,0.1603515625,4050,0.017597795,0.36653172969818115,-0.8970917427912355,-0.010318642841593829,389.0,4.137999999999999
180,4597,831488,1.2200000000000002,406,300.3,,,,,,,,,,,,
180,4606,833536,2.0904999999999996,407,303.3,0.2,0.06530044972896576,1.504155230592005,0.0003,0.152197265625,4060,0.016688272,0.31359410285949707,-0.9408235205337405,-0.016488117270637304,,
181,4615,835584,2.679199999999999,408,304.47,0.2,0.5563474893569946,1.8990058328257873,0.0003,0.134423828125,4070,0.016198192,-0.012454748153686523,-0.8948566511273384,-0.01509419280628208,,
181,4625,837632,2.4838000000000005,409,303.99,0.2,0.02936481684446335,0.6855795495444909,0.0003,0.205712890625,4080,0.021813799,0.4973439574241638,-1.1111607402563095,-0.016385208209976555,,
181,4634,839680,2.9377000000000004,410,308.65,0.2,0.08843501657247543,0.955507937562652,0.0003,0.19931640625,4090,0.035626933,0.41748589277267456,-1.0291776716709138,-0.02724102924403269,,
,,840000,,,,0.2,0.6515729427337646,1.3454259262420236,0.0003,0.15048828125,4100,0.01360633,0.5449029207229614,-0.9875856280326843,-0.01522460674168542,410.2,7.93
180,4651,841728,2.7393,411,308.49,,,,,,,,,,,,
181,4660,843776,2.4044000000000003,412,301.94,0.2,0.0676199346780777,0.9106729781953617,0.0003,0.175439453125,4110,0.01583455,0.36856377124786377,-1.0541598593816162,-0.013583347920211963,,
181,4669,845824,2.3905000000000003,413,303.33,0.2,0.10084530711174011,1.359071665490046,0.0003,0.17734375,4120,0.017537035,-0.04364657402038574,-1.0044090539216994,-0.017181233473820612,,
181,4677,847872,2.6586000000000007,414,306.53,0.2,0.02134164422750473,1.0732075373642147,0.0003,0.15107421875,4130,0.017666895,0.4819638729095459,-1.0416631853207945,-0.017572054054471663,,
181,4686,849920,1.8725000000000005,415,305.08,0.2,0.09019341319799423,1.9341084472835064,0.0003,0.18154296875,4140,0.019865172,-0.15760159492492676,-1.100285318493843,-0.0158859810908325,,
,,850000,,,,0.2,0.062353312969207764,0.6939493018435314,0.0003,0.223095703125,4150,0.024338901,0.4830749034881592,-1.0932642230764031,-0.016409885583561844,437.4,7.653999999999999
181,4704,851968,0.9362999999999998,416,288.59,,,,,,,,,,,,
181,4713,854016,0.25730000000000025,417,286.42,0.2,0.1854337453842163,1.3218915419420227,0.0003,0.1751953125,4160,0.018256243,0.1454417109489441,-1.081081240810454,-0.018339048224152065,,
181,4722,856064,0.7093000000000004,418,291.27,0.2,0.06609822064638138,0.6465183001942932,0.0003,0.180322265625,4170,0.021040212,0.4471997618675232,-1.060149652324617,-0.020493458706187084,,
181,4731,858112,0.6531999999999999,419,296.92,0.2,0.01647491380572319,0.9318283379310742,0.0003,0.1515625,4180,0.020614266,0.037519216537475586,-0.961215484701097,-0.017903042199031917,,
,,860000,,,,0.2,-0.023966260254383087,0.9664895758032799,0.0003,0.20263671875,4190,0.023136122,0.4754750728607178,-1.10131844766438,-0.016972255366272292,273.6,-4.718
181,4746,860160,-0.20420000000000024,420,292.59,,,,,,,,,,,,
181,4755,862208,0.40019999999999983,421,302.22,0.2,0.14842599630355835,1.3721597287803888,0.0003,0.14921875,4200,0.015575845,0.1214604377746582,-1.0840437619015575,-0.012969565320236142,,
181,4763,864256,-0.6045,422,302.63,0.2,0.031518206000328064,1.0086481631267816,0.0003,0.183935546875,4210,0.020841397,0.42125797271728516,-1.057105216011405,-0.022886600228957832,,
181,4771,866304,-0.5272999999999998,423,304.94,0.2,0.005721304565668106,0.8607157719903625,0.0003,0.189697265625,4220,0.021273449,0.08342099189758301,-1.0610278226435184,-0.016286543689784595,,
181,4780,868352,-0.7755000000000004,424,299.71,0.2,0.05790486931800842,1.0564342947211116,0.0003,0.1669921875,4230,0.018051572,0.30736982822418213,-1.0886770743876695,-0.01754736464936286,,
,,870000,,,,0.2,0.040958624333143234,0.7998710138490424,0.0003,0.164453125,4240,0.019216407,0.24613910913467407,-1.053431430272758,-0.017700339845032432,509.2,18.952
181,4798,870400,-1.4098,425,293.07,,,,,,,,,,,,
181,4808,872448,-0.8427000000000006,426,296.42,0.2,0.043357230722904205,0.9896609673043713,0.0003,0.182080078125,4250,0.019964494,0.3659901022911072,-1.1231591315940022,-0.018752896244404838,,
181,4818,874496,-0.8317000000000003,427,305.35,0.2,0.0038631632924079895,0.763950813759584,0.0003,0.15205078125,4260,0.019862484,0.608972430229187,-0.9539665944874287,-0.016299723446718418,,
181,4827,876544,-0.41149999999999987,428,313.38,0.2,0.00012240931391716003,0.7077334735076874,0.0003,0.208056640625,4270,0.023267318,0.48768025636672974,-1.0176329923793674,-0.02572140073461924,,
181,4837,878592,-0.31319999999999926,429,313.56,0.2,0.032619088888168335,1.6609292174922303,0.0003,0.146875,4280,0.016327908,0.11718964576721191,-1.0289299469441175,-0.016834618072607554,,
,,880000,,,,0.2,0.04698590189218521,1.707835203083232,0.0003,0.147705078125,4290,0.019412827,0.32208842039108276,-1.0890584848821163,-0.015594534552656114,298.0,9.052
181,4851,880640,-0.5019999999999996,430,312.44,,,,,,,,,,,,
181,4861,882688,0.7802000000000001,431,324.36,0.2,0.07826117426156998,0.9500904202111997,0.0003,0.178564453125,4300,0.019465344,0.5627419948577881,-1.1081389375030994,-0.01265359616954811,,
181,4870,884736,0.9204000000000003,432,330.36,0.2,0.018093831837177277,0.9863448183750734,0.0003,0.19755859375,4310,0.0266558,0.3273794651031494,-1.118883259780705,-0.020195231630350464,,
181,4880,886784,1.1393000000000002,433,338.5,0.2,0.02292027324438095,0.9676050473353826,0.0003,0.169873046875,4320,0.01930139,0.43960559368133545,-1.0965803736820816,-0.015428598356083966,,
181,4890,888832,1.1549999999999998,434,336.93,0.2,-0.018583886325359344,1.257145680580288,0.0003,0.179248046875,4330,0.020703085,0.15030205249786377,-1.0819004733115434,-0.021476777383941225,,
,,890000,,,,0.2,0.11491069197654724,1.022006914508529,0.0003,0.189794921875,4340,0.021181598,0.4642196297645569,-1.1382968250662089,-0.019218646548688413,320.0,-3.1800000000000006
181,4906,890880,0.5693,435,335.44,,,,,,,,,,,,
181,4915,892928,0.48999999999999966,436,333.36,0.2,0.030497882515192032,0.7907929416978732,0.0003,0.178662109375,4350,0.016863365,0.36112523078918457,-1.0784653794020413,-0.019342726256581955,,
181,4925,894976,1.2913000000000003,437,343.32,0.2,0.0735846534371376,1.1329732823418452,0.0003,0.167333984375,4360,0.01760367,0.14011287689208984,-1.0864598918706179,-0.01596007650368847,,
181,4935,897024,0.8085000000000002,438,341.53,0.2,0.002181876450777054,0.8821220223326236,0.0003,0.1841796875,4370,0.024004713,0.13038843870162964,-1.1463300323113799,-0.01732054761087056,,
181,4945,899072,1.4453000000000003,439,347.9,0.2,0.002621866762638092,0.45789495991775764,0.0003,0.219921875,4380,0.026838198,0.6924816966056824,-1.002929929085076,-0.018266119094914757,,
,,900000,,,,0.2,0.08329003304243088,0.7724853619467467,0.0003,0.190087890625,4390,0.017675582,0.5255444049835205,-1.1628031846135856,-0.013038188210339285,249.6,-10.483999999999998
181,4958,901120,1.5109000000000004,440,351.35,,,,,,,,,,,,
181,4966,903168,2.1732,441,355.19,0.2,0.13943728804588318,0.9185014086542651,0.0003,0.216748046875,4400,0.026605094,0.42103123664855957,-1.1429248943924903,-0.023180076709832066,,
181,4976,905216,2.1754000000000002,442,354.95,0.2,0.006758049130439758,1.0480435434845277,0.0003,0.17490234375,4410,0.023150489,0.18928241729736328,-1.1372827496379614,-0.014271698071388528,,
181,4986,907264,2.2560000000000007,443,356.88,0.2,0.16194579005241394,1.4854357105912641,0.0003,0.14072265625,4420,0.012646126,-0.21393656730651855,-1.140432322025299,-0.01576643649750622,,
182,4994,909312,2.2034000000000002,444,352.11,0.2,0.025961384177207947,0.8605019611073658,0.0003,0.20283203125,4430,0.026763253,0.5602344274520874,-1.0744175426661968,-0.018508786062011496,,
,,910000,,,,0.2,0.037858959287405014,1.0554153584875166,0.0003,0.175146484375,4440,0.022617906,-0.04847574234008789,-1.08872497882694,-0.01866145583044272,365.2,4.372
181,5011,911360,2.7477000000000005,445,357.72,,,,,,,,,,,,
181,5022,913408,3.2306,446,359.48,0.2,0.08212593197822571,0.8175904996925965,0.0003,0.16943359375,4450,0.016086126,0.5472692251205444,-1.1326900955289603,-0.02058233562274836,,
181,5031,915456,2.9435000000000002,447,358.16,0.2,0.05397672951221466,1.038598895596806,0.0003,0.18330078125,4460,0.02038252,0.4682154059410095,-1.1486002577468752,-0.019741412930306977,,
181,5041,917504,3.5399000000000003,448,368.59,0.2,0.07304307073354721,1.3762132044881583,0.0003,0.16591796875,4470,0.015012937,0.3625147342681885,-1.0848062196746469,-0.02005735593556892,,
182,5051,919552,3.1744,449,365.1,0.2,0.5892260074615479,1.2311345245921985,0.0003,0.218505859375,4480,0.026306253,0.7797053456306458,-1.0788011135533453,-0.021849624396418223,,
,,920000,,,,0.2,0.015126410871744156,0.9483671446680091,0.0003,0.22109375,4490,0.023125596,0.4873146414756775,-1.2011609744280576,-0.02110150499793235,331.4,0.7100000000000002
181,5066,921600,3.3703000000000003,450,365.53,,,,,,,,,,,,
181,5076,923648,3.1948000000000003,451,363.06,0.2,0.0933094322681427,1.3794080088380725,0.0003,0.177001953125,4500,0.021017637,0.48680830001831055,-1.191093198955059,-0.019269847610848954,,
182,5085,925696,3.873700000000001,452,365.24,0.2,0.18809965252876282,1.1924180623842404,0.0003,0.210986328125,4510,0.022350565,0.37283843755722046,-1.1212998155504466,-0.022558474793913773,,
182,5094,927744,4.8086,453,371.83,0.2,0.06759566813707352,1.2200510636437685,0.0003,0.188037109375,4520,0.022747438,0.11269307136535645,-1.1589362528175116,-0.02179558498901315,,
182,5104,929792,5.105,454,372.2,0.2,0.12615689635276794,1.0074388780631125,0.0003,0.175244140625,4530,0.019241437,0.27897322177886963,-0.9664605695754289,-0.017459221722674556,,
,,930000,,,,0.2,0.11269114911556244,1.5016356500796975,0.0003,0.16640625,4540,0.018609464,0.28140580654144287,-1.1147799367085098,-0.019643954461207612,350.6,0.5179999999999998
181,5121,931840,6.2691,455,385.92,,,,,,,,,,,,
182,5130,933888,5.772600000000001,456,375.53,0.2,-9.463727474212646e-05,0.9364726063795388,0.0003,0.1984375,4550,0.02452159,0.4631180763244629,-1.0595730397850276,-0.018469722938607446,,
182,5140,935936,5.864200000000002,457,376.4,0.2,-0.0025238320231437683,1.277372897369787,0.0003,0.197900390625,4560,0.022485651,0.19895100593566895,-1.0934963190928102,-0.02425549420295283,,
182,5150,937984,6.600000000000001,458,382.9,0.2,0.06813503056764603,1.4850837725680321,0.0003,0.15341796875,4570,0.018934168,0.23433399200439453,-1.0511850098147988,-0.015269590381649323,,
,,940000,,,,0.2,0.07098138332366943,0.9209978704690002,0.0003,0.16806640625,4580,0.017896673,0.4376063942909241,-1.1543436510488392,-0.013550705564557574,387.6,10.157999999999998
181,5165,940032,6.5955,459,383.37,,,,,,,,,,,,
182,5174,942080,7.311300000000001,460,381.82,0.2,-0.023311302065849304,1.0569121338892729,0.0003,0.197119140625,4590,0.02003126,0.21712440252304077,-1.0089070189744234,-0.02327912602922879,,
182,5183,944128,8.3928,461,393.79,0.2,0.10292480885982513,1.6032318119425326,0.0003,0.16630859375,4600,0.016863748,0.22589796781539917,-1.204164370149374,-0.017873436107765883,,
182,5192,946176,7.551199999999999,462,387.88,0.2,0.05799352377653122,0.9131986549356952,0.0003,0.215625,4610,0.020715542,0.5617496371269226,-1.1792048647999764,-0.023856017270009033,,
182,5201,948224,7.641800000000001,463,388.85,0.2,0.1895565390586853,1.8131311128148808,0.0003,0.142041015625,4620,0.015169201,-0.07930517196655273,-1.1841655433177949,-0.01863859557779506,,
,,950000,,,,0.2,0.09102234989404678,1.4934441426303238,0.0003,0.197705078125,4630,0.024491625,0.24558395147323608,-1.2008787322789432,-0.020218510206905193,401.8,10.016
182,5216,950272,6.529100000000001,464,370.01,,,,,,,,,,,,
182,5223,952320,7.059499999999999,465,367.0,0.2,0.04249506816267967,2.072308529401198,0.0003,0.1701171875,4640,0.01959499,0.2747870087623596,-1.1210341319441794,-0.01598880097735673,,
182,5233,954368,6.581799999999999,466,354.71,0.2,0.014780938625335693,1.1076245939359068,0.0003,0.18330078125,4650,0.02043737,0.14132088422775269,-1.0617589049041272,-0.017094138235552236,,
182,5243,956416,6.545199999999999,467,358.37,0.2,-0.029880225658416748,0.8808941858354956,0.0003,0.207373046875,4660,0.02047926,0.4360918402671814,-1.1245856368914247,-0.022417510699597187,,
182,5253,958464,5.8427,468,358.55,0.2,0.027228944003582,0.806931443756912,0.0003,0.22060546875,4670,0.022362716,0.4251170754432678,-1.1037469001486897,-0.0194010823557619,,
,,960000,,,,0.2,0.02498682588338852,0.5029410421964713,0.0003,0.203564453125,4680,0.022813799,0.46551287174224854,-1.0860950900241733,-0.021548349192016758,311.4,8.918
182,5269,960512,5.836999999999998,469,359.12,,,,,,,,,,,,
182,5277,962560,5.474500000000001,470,345.3,0.2,0.008545927703380585,1.145507431938313,0.0003,0.19775390625,4690,0.021422904,0.25424516201019287,-1.06206447891891,-0.024174762598704547,,
182,5288,964608,6.4222,471,360.66,0.2,0.06108010560274124,1.1861976628657431,0.0003,0.17470703125,4700,0.015904672,0.28024405241012573,-1.180345333740115,-0.01950767919624923,,
182,5296,966656,5.6683,472,345.92,0.2,0.01949942111968994,1.3340548126958311,0.0003,0.183447265625,4710,0.023610542,0.36102521419525146,-1.007771143503487,-0.0206920201992034,,
182,5304,968704,6.0523,473,347.54,0.2,0.021405041217803955,1.3304480986204,0.0003,0.195458984375,4720,0.023068484,0.4110572338104248,-1.1852620407938956,-0.01825808265566593,,
,,970000,,,,0.2,0.015559149906039238,1.0620019777212293,0.0003,0.169189453125,4730,0.020410422,0.5624456405639648,-1.084584570862353,-0.014935632693232037,339.2,4.632
182,5317,970752,5.772099999999998,474,335.48,,,,,,,,,,,,
182,5327,972800,5.337399999999999,475,328.9,0.2,0.0799788236618042,1.4691544964909553,0.0003,0.196826171875,4740,0.024669161,0.39143502712249756,-1.2005073118954896,-0.018404923068010247,,
182,5336,974848,6.317700000000001,476,340.96,0.2,0.017864402383565903,0.9075417515472509,0.0003,0.208056640625,4750,0.02074058,0.37762051820755005,-1.1251002062112092,-0.023552380976616404,,
182,5344,976896,4.837999999999999,477,328.81,0.2,0.08146201819181442,1.0074296340346336,0.0003,0.204443359375,4760,0.020213243,0.4503971338272095,-1.1467206999659538,-0.02016773128998466,,
182,5353,978944,5.4841999999999995,478,334.26,0.2,0.3280920386314392,1.7704940675990657,0.0003,0.177197265625,4770,0.017731398,0.2946292757987976,-1.2198542561382055,-0.014065447277243948,,
,,980000,,,,0.2,0.029384316876530647,1.0860173110850155,0.0003,0.18095703125,4780,0.026773816,0.20312541723251343,-1.051764767244458,-0.016741459966578987,340.0,4.628
182,5367,980992,4.751599999999999,479,327.44,,,,,,,,,,,,
182,5376,983040,5.3770999999999995,480,334.96,0.2,0.015956830233335495,1.6044346508337184,0.0003,0.173046875,4790,0.021044083,-0.7427403926849365,-1.1538818016648293,-0.018892330874223262,,
182,5385,985088,5.643299999999999,481,338.37,0.2,0.05355384573340416,1.4294625987065956,0.0003,0.181640625,4800,0.018470725,0.31134653091430664,-1.071881720609963,-0.016907488013384864,,
183,5393,987136,5.5466,482,338.03,0.2,0.28064510226249695,2.0334714502096176,0.0003,0.180810546875,4810,0.02137718,0.22765785455703735,-1.212320915982127,-0.020726274375920183,,
183,5402,989184,5.675799999999999,483,335.1,0.2,0.0961693748831749,1.2957475698320196,0.0003,0.160888671875,4820,0.023573633,0.2639567255973816,-1.2109779175370932,-0.017435510476934722,,
,,990000,,,,0.2,0.041880931705236435,0.9893713463330641,0.0003,0.205078125,4830,0.028157167,0.28041893243789673,-1.147944063320756,-0.01859385536517948,463.0,13.408000000000005
182,5420,991232,6.6072000000000015,484,342.04,,,,,,,,,,,,
182,5429,993280,5.727399999999999,485,329.92,0.2,0.01191169023513794,1.2214326413930394,0.0003,0.1935546875,4840,0.02669517,0.27747035026550293,-1.0698943683877586,-0.01891014364664443,,
183,5437,995328,5.622199999999999,486,330.45,0.2,0.10767042636871338,1.1735687703359872,0.0003,0.175341796875,4850,0.01579499,-0.1615375280380249,-1.116669213399291,-0.015010021661873907,,
183,5446,997376,4.639400000000001,487,318.62,0.2,0.018858982250094414,0.9989511478459463,0.0003,0.191162109375,4860,0.018709406,0.31762558221817017,-1.2076868511736394,-0.021100487149669788,,
183,5454,999424,3.7776000000000005,488,314.75,0.2,0.07768765836954117,1.3680562474182807,0.0003,0.203759765625,4870,0.022989418,0.16746598482131958,-1.0766665127128363,-0.025294542821939103,,
,,1000000,,,,0.2,0.06759566068649292,1.343093110783957,0.0003,0.177880859375,4880,0.018930476,0.12774527072906494,-1.0678974140435458,-0.017833347141277045,392.2,10.107999999999999
183,5470,1001472,2.4648999999999996,489,305.92,,,,,,,,,,,,
183,5481,1003520,3.849000000000001,490,317.66,0.2,0.006345972418785095,1.3233312815194949,0.0003,0.182421875,4890,0.018074034,0.003184497356414795,-1.0227749705314637,-0.019791328223072925,,
183,5491,1005568,3.9342999999999995,491,319.14,0.2,0.3155132532119751,1.59776657121256,0.0003,0.166748046875,4900,0.016766528,0.2949901819229126,-1.1913349710404872,-0.020071620021190027,,
183,5500,1007616,3.0236999999999994,492,310.12,0.2,0.035594332963228226,1.297475188365206,0.0003,0.174853515625,4910,0.022980483,0.38279128074645996,-1.027858373709023,-0.015379982194281184,,
183,5509,1009664,3.1878999999999995,493,313.72,0.2,0.18494100868701935,1.3923273708787747,0.0003,0.193310546875,4920,0.021520149,0.17868512868881226,-1.1501087818294764,-0.02526850002614083,,
,,1010000,,,,0.2,0.0421764962375164,0.7175819215597585,0.0003,0.188720703125,4930,0.021446358,0.5483156442642212,-1.0044868540018796,-0.01776040099794045,436.0,7.672
183,5526,1011712,3.7272999999999996,494,319.86,,,,,,,,,,,,
183,5535,1013760,4.637699999999999,495,328.9,0.2,0.017754845321178436,1.1978360152454115,0.0003,0.21357421875,4940,0.023793766,0.294994056224823,-1.2253417659550905,-0.018625814901315606,,
183,5544,1015808,3.8030999999999993,496,322.27,0.2,0.05562404543161392,1.1579928167397155,0.0003,0.207421875,4950,0.021555366,0.2818039655685425,-1.115113795734942,-0.024854248861083762,,
183,5554,1017856,3.485399999999999,497,324.01,0.2,0.11412376165390015,1.2059478219598532,0.0003,0.168505859375,4960,0.015942715,0.08863884210586548,-1.0133284064009787,-0.017911938851466403,,
183,5562,1019904,3.7472,498,327.88,0.2,-0.011126909404993057,0.7200923960306682,0.0003,0.20107421875,4970,0.02329379,0.4883301258087158,-1.053454379364848,-0.018658511075773276,,
,,1020000,,,,0.2,0.023307830095291138,1.8153926506871358,0.0003,0.1568359375,4980,0.017996285,-0.02014338970184326,-1.1567215599119662,-0.0183208665024722,254.2,-2.522
183,5576,1021952,3.9336999999999995,499,329.25,,,,,,,,,,,,
183,5584,1024000,2.9305000000000003,500,319.5,0.2,0.1039910838007927,1.6160487128421663,0.0003,0.1404296875,4990,0.015793752,0.067207932472229,-1.099270918034017,-0.015125545486807824,,
183,5594,1026048,3.4771000000000005,501,324.9,0.2,0.1554347276687622,1.4579661645926536,0.0003,0.178759765625,5000,0.020333625,-0.11741411685943604,-1.1244700964540244,-0.018655585203669035,,
183,5602,1028096,4.401,502,332.59,0.2,0.010379891842603683,0.8746187506709248,0.0003,0.21474609375,5010,0.033283986,0.34153538942337036,-1.0521905098110438,-0.025669675631797874,,
,,1030000,,,,0.2,0.023637577891349792,0.9884438068955206,0.0003,0.206005859375,5020,0.021198647,0.5461994409561157,-1.108329276368022,-0.021026212704600766,369.8,12.337999999999997
183,5618,1030144,4.745599999999999,503,338.19,,,,,,,,,,,,
183,5627,1032192,5.279700000000002,504,344.84,0.2,0.0527099072933197,1.5232464006636293,0.0003,0.169775390625,5030,0.020925844,0.1432453989982605,-1.1346015747636558,-0.025376671968842857,,
183,5637,1034240,6.140600000000001,505,358.87,0.2,0.06984001398086548,1.489454046706669,0.0003,0.216845703125,5040,0.023127403,0.1274922490119934,-1.1909376632422208,-0.020397185286856256,,
183,5646,1036288,6.611700000000001,506,361.81,0.2,0.9437824487686157,0.8234468420501798,0.0003,0.216796875,5050,0.0175586,0.6159694194793701,-1.196997483819723,-0.024367907812120393,,
183,5655,1038336,5.845699999999999,507,358.33,0.2,0.1038997694849968,0.8398703725892119,0.0003,0.194482421875,5060,0.02592263,0.5094033479690552,-1.1744936257600784,-0.019270516172400675,,
,,1040000,,,,0.2,0.12573106586933136,1.6362080645980313,0.0003,0.197021484375,5070,0.021993116,0.06293308734893799,-1.1858487751334905,-0.022010298770328517,245.4,-2.434
183,5668,1040384,4.8556,508,347.23,,,,,,,,,,,,
183,5675,1042432,5.5308,509,349.76,0.2,0.1357736885547638,2.556720384582877,0.0003,0.166796875,5080,0.017150564,0.34024155139923096,-1.110352049395442,-0.017845411942107602,,
183,5684,1044480,5.267799999999999,510,346.03,0.2,0.08553504943847656,1.661811423371546,0.0003,0.188037109375,5090,0.020232208,0.22611898183822632,-1.1695485144853592,-0.023097774139023385,,
183,5693,1046528,5.525399999999999,511,350.3,0.2,0.15702591836452484,1.0803163805161602,0.0003,0.17705078125,5100,0.023139324,0.42677921056747437,-1.1101327169686557,-0.01548456864838954,,
183,5701,1048576,4.961099999999999,512,346.69,0.2,0.004578541964292526,1.2195347293280066,0.0003,0.2037109375,5110,0.028061174,0.28266024589538574,-1.2646170739084481,-0.01755138419684954,,
,,1050000,,,,0.2,0.2030419409275055,1.373489430663176,0.0003,0.190478515625,5120,0.01859628,0.0957632064819336,-1.0934696974232794,-0.020276672902400605,331.4,10.716
183,5715,1050624,4.9436,513,348.44,,,,,,,,,,,,
183,5725,1052672,5.4510000000000005,514,357.76,0.2,0.11430361866950989,1.519880103552714,0.0003,0.191162109375,5130,0.021643952,-0.060936689376831055,-1.0749127516523003,-0.016295649902895094,,
183,5733,1054720,5.387099999999999,515,354.14,0.2,0.013998597860336304,1.2441163410432636,0.0003,0.165380859375,5140,0.019155141,0.32392609119415283,-1.0494143856689333,-0.015582712326431648,,
184,5742,1056768,5.421099999999999,516,350.72,0.2,0.07767423987388611,1.3262717118021101,0.0003,0.1859375,5150,0.018297447,0.3892595171928406,-1.126014731451869,-0.01709942593879532,,
184,5750,1058816,5.642500000000001,517,348.58,0.2,0.06181812286376953,1.271059511601925,0.0003,0.166162109375,5160,0.017221544,0.021561861038208008,-1.0741492161527275,-0.01889553041837644,,
,,1060000,,,,0.2,0.0034248419106006622,1.212984280451201,0.0003,0.1865234375,5170,0.020198856,0.5144694447517395,-1.0284669989719988,-0.015657237995765173,341.6,0.6079999999999999
184,5764,1060864,4.5876,518,333.95,,,,,,,,,,,,
184,5772,1062912,3.0998999999999994,519,322.58,0.2,0.04907945170998573,1.0012514653615654,0.0003,0.19580078125,5180,0.027818747,0.441182017326355,-1.1124599941074849,-0.0221704475407023,,
184,5781,1064960,3.6176999999999997,520,330.86,0.2,0.013528097420930862,0.8653273753589019,0.0003,0.193408203125,5190,0.02248441,0.39156484603881836,-1.1016073785722256,-0.022393427448696455,,
184,5789,1067008,2.4146,521,311.01,0.2,0.09305083751678467,1.8722906381823123,0.0003,0.167822265625,5200,0.01615384,0.29753392934799194,-1.2018384657800198,-0.021098081418313087,,
184,5798,1069056,3.071,522,315.42,0.2,0.22012494504451752,1.1184654202195816,0.0003,0.17255859375,5210,0.021460488,0.3000708818435669,-1.00608713850379,-0.020056185823341365,,
,,1070000,,,,0.2,0.06916835904121399,1.51368385378737,0.0003,0.18515625,5220,0.022148285,0.4884912967681885,-1.1745786234736442,-0.0185164127862663,327.8,2.748
184,5815,1071104,2.9008,523,312.42,,,,,,,,,,,,
184,5824,1073152,2.9370000000000003,524,318.81,0.2,0.023893406614661217,0.8450553585542366,0.0003,0.199853515625,5230,0.025577765,0.47488969564437866,-1.1145521683618427,-0.023334037407767027,,
184,5833,1075200,2.6529,525,317.19,0.2,0.03178070858120918,1.295953588769771,0.0003,0.181103515625,5240,0.022515003,0.31689774990081787,-1.180546472966671,-0.024209248682018368,,
184,5842,1077248,1.8914000000000002,526,303.23,0.2,0.00936610996723175,0.8942426609923132,0.0003,0.21044921875,5250,0.022656782,0.28821301460266113,-1.113620687276125,-0.02356811515928712,,
184,5851,1079296,2.5372000000000003,527,308.7,0.2,0.04347363859415054,0.8651809941977262,0.0003,0.198046875,5260,0.020502158,0.4426334500312805,-1.1481967575848102,-0.023046885838266463,,
,,1080000,,,,0.2,0.04595007374882698,1.2351589701604098,0.0003,0.168115234375,5270,0.017649926,0.1476830244064331,-1.106670038215816,-0.020281652244739233,335.2,6.678
184,5866,1081344,2.8298,528,309.45,,,,,,,,,,,,
184,5875,1083392,2.5754000000000006,529,304.86,0.2,0.024077612906694412,0.9563861653674394,0.0003,0.19716796875,5280,0.020703768,0.5411713123321533,-1.099861059524119,-0.022597353177843615,,
184,5885,1085440,2.6495000000000006,530,307.46,0.2,0.047993384301662445,1.2925092542078347,0.0003,0.230224609375,5290,0.023653504,0.3268492817878723,-1.2474746759980917,-0.025890912482282147,,
184,5894,1087488,3.5685000000000002,531,315.68,0.2,0.11916587501764297,1.9739833566593006,0.0003,0.163134765625,5300,0.016455157,0.12756121158599854,-1.1615644374862313,-0.01702842526428867,,
184,5903,1089536,3.4614999999999996,532,316.39,0.2,0.047750573605298996,1.9694809926208108,0.0003,0.14365234375,5310,0.015676484,0.05077546834945679,-1.112196171656251,-0.017498765760683453,,
,,1090000,,,,0.2,0.00046295300126075745,1.319722827267833,0.0003,0.18994140625,5320,0.021106623,0.25033193826675415,-1.2058598950505257,-0.022171314092702232,237.2,-6.356
184,5916,1091584,4.1842,533,324.18,,,,,,,,,,,,
184,5925,1093632,4.351699999999999,534,327.45,0.2,0.030231371521949768,1.4502878233324736,0.0003,0.14970703125,5330,0.022380576,0.1735994815826416,-0.9806114729493857,-0.014311901238397696,,
184,5935,1095680,4.973,535,335.39,0.2,0.023861825466156006,1.5836857797810808,0.0003,0.179541015625,5340,0.017481074,-0.13718140125274658,-1.1631073653697968,-0.018855377376894467,,
184,5944,1097728,6.2841,536,344.42,0.2,0.0393281914293766,0.9916538105113432,0.0003,0.202685546875,5350,0.019859916,0.17603880167007446,-1.212529395520687,-0.025791364366887136,,
184,5952,1099776,5.630400000000001,537,339.72,0.2,0.08423630893230438,1.8863235109020025,0.0003,0.1732421875,5360,0.019946415,0.2514216899871826,-1.0731533952057362,-0.018172491883160547,,
,,1100000,,,,0.2,0.05719347298145294,1.1450948245823382,0.0003,0.190380859375,5370,0.02323224,0.27610355615615845,-1.0615522237494588,-0.02183693639235571,197.8,-3.96
184,5965,1101824,5.8806,538,344.73,,,,,,,,,,,,
184,5974,1103872,5.499200000000001,539,342.83,0.2,0.07510535418987274,0.9310122948605567,0.0003,0.1841796875,5380,0.025096472,0.443336546421051,-1.1652324570342898,-0.018946854371461087,,
184,5982,1105920,5.700400000000001,540,342.73,0.2,0.05435336008667946,0.6491128942812793,0.0003,0.206591796875,5390,0.021851629,0.513386607170105,-1.111525515280664,-0.023600580653874204,,
184,5992,1107968,6.0729,541,345.5,0.2,0.1685032844543457,0.8256531232851557,0.0003,0.1943359375,5400,0.022548253,0.5146082639694214,-1.1811657130718232,-0.026924778771353887,,
,,1110000,,,,0.2,0.06514221429824829,0.6572784377611243,0.0003,0.19150390625,5410,0.029867109,0.6069903373718262,-1.049058685079217,-0.022520657986751756,284.8,7.178
184,6006,1110016,6.229400000000001,542,349.89,,,,,,,,,,,,
184,6014,1112064,6.318800000000001,543,350.98,0.2,0.051038432866334915,1.595082371798344,0.0003,0.158447265625,5420,0.019564886,-0.12652122974395752,-1.0359230507165194,-0.01880226151261013,,
184,6023,1114112,5.2593000000000005,544,336.83,0.2,0.13663196563720703,2.287370436452329,0.0003,0.1294921875,5430,0.015007315,0.11371701955795288,-0.9586050301790238,-0.014619393504108302,,
185,6031,1116160,5.501300000000001,545,332.65,0.2,0.06806587427854538,1.210456923604943,0.0003,0.205419921875,5440,0.021489318,0.19860905408859253,-1.2097902689129114,-0.02032348256034311,,
185,6040,1118208,5.328100000000001,546,329.93,0.2,0.03979099914431572,1.4727703628130258,0.0003,0.181982421875,5450,0.021608569,0.19965779781341553,-1.0545921547338366,-0.02070799948705826,,
,,1120000,,,,0.2,0.15631288290023804,1.4385019657900557,0.0003,0.156982421875,5460,0.017006757,0.38556426763534546,-1.1166359851136805,-0.017780343067715875,281.8,-2.7980000000000005
184,6055,1120256,3.977100000000001,547,324.87,,,,,,,,,,,,
185,6064,1122304,4.818099999999999,548,330.84,0.2,0.04318354278802872,0.5715245540486649,0.0003,0.2412109375,5470,0.02705092,0.34199243783950806,-1.1726242642849685,-0.025634682868258096,,
185,6074,1124352,4.347700000000001,549,327.85,0.2,0.0707779973745346,1.53852534070611,0.0003,0.131640625,5480,0.016681688,0.05933022499084473,-0.9292837115004658,-0.01825476373778656,,
185,6082,1126400,4.5299000000000005,550,329.65,0.2,0.031059622764587402,0.9305708870990201,0.0003,0.2033203125,5490,0.022919675,0.2991628050804138,-1.119205219298601,-0.02262348037183983,,
185,6090,1128448,4.3574,551,326.88,0.2,0.09950387477874756,1.430279718642123,0.0003,0.171923828125,5500,0.016763661,0.392425000667572,-1.0786875819787383,-0.019319106233888307,,
,,1130000,,,,0.2,0.021951906383037567,1.7451879064785316,0.0003,0.201513671875,5510,0.021270566,0.23205620050430298,-1.0604398109018802,-0.025933708981028758,292.4,-0.9020000000000004
185,6105,1130496,3.427800000000001,552,319.72,,,,,,,,,,,,
185,6114,1132544,3.1743,553,315.04,0.2,0.029011748731136322,1.294589056330733,0.0003,0.198291015625,5520,0.023211112,0.35478734970092773,-1.039104201644659,-0.022546127237728798,,
185,6123,1134592,3.5405000000000006,554,318.48,0.2,0.06769828498363495,1.020201821217779,0.0003,0.206298828125,5530,0.022726875,0.2749728560447693,-1.1651496440172195,-0.0225105770456139,,
185,6132,1136640,3.9156999999999993,555,321.0,0.2,0.05808039754629135,1.272145890793763,0.0003,0.180078125,5540,0.01809428,0.22848063707351685,-1.059481660835445,-0.019019088376080618,,
185,6142,1138688,3.880900000000001,556,314.47,0.2,0.18101102113723755,1.0769031304400414,0.0003,0.233740234375,5550,0.023082849,0.34910112619400024,-1.1997696666046977,-0.027267553744604812,,
,,1140000,,,,0.2,0.06351921707391739,1.21448704469949,0.0003,0.190625,5560,0.018681291,0.4744422435760498,-1.1882984556257725,-0.020130792968848253,292.4,-2.904000000000001
185,6155,1140736,3.1489000000000003,557,307.59,,,,,,,,,,,,
185,6165,1142784,3.7639,558,316.16,0.2,0.0846460610628128,0.9294287948985585,0.0003,0.183837890625,5570,0.025628272,0.411557674407959,-1.0585562182590365,-0.02517180259746965,,
185,6173,1144832,4.3208,559,320.53,0.2,0.032675065100193024,1.2519393360707909,0.0003,0.19755859375,5580,0.025038911,0.4466049075126648,-1.1760684784501791,-0.02139958833286073,,
185,6182,1146880,5.626799999999999,560,330.05,0.2,0.0997617170214653,1.5682063252897933,0.0003,0.177294921875,5590,0.019427888,0.31452441215515137,-1.1982419312000274,-0.019329346116865053,,
185,6190,1148928,6.0084,561,331.93,0.2,0.0341283343732357,1.5203344475710765,0.0003,0.1943359375,5600,0.025738895,0.20006293058395386,-1.1586904615163802,-0.02098715602478478,,
,,1150000,,,,0.2,0.11439981311559677,2.276273939828388,0.0003,0.17158203125,5610,0.019375086,0.10520797967910767,-1.1489452052861453,-0.018354948505293577,352.6,2.4999999999999996
185,6205,1150976,5.578199999999999,562,334.95,,,,,,,,,,,,
185,6214,1153024,5.5657000000000005,563,326.19,0.2,0.0746283084154129,2.024919638875872,0.0003,0.17607421875,5620,0.020736344,0.33043527603149414,-1.1286058282479643,-0.020316375844413415,,
185,6224,1155072,4.325900000000001,564,320.06,0.2,0.026142489165067673,1.264550205715932,0.0003,0.219384765625,5630,0.027168319,0.2501015067100525,-1.1578954223543405,-0.025564530867268332,,
185,6233,1157120,3.8678,565,315.82,0.2,0.03247370570898056,1.1131000425550155,0.0003,0.175,5640,0.024877701,0.5087928771972656,-1.0271242033690213,-0.021462059376062825,,
185,6243,1159168,3.7083000000000004,566,311.73,0.2,0.05307379364967346,1.1574466187274084,0.0003,0.19453125,5650,0.022245232,0.3149544596672058,-1.1182049501687288,-0.022257395813358016,,
,,1160000,,,,0.2,0.024867236614227295,0.9669059115229175,0.0003,0.1900390625,5660,0.02030775,0.36166059970855713,-1.0746441099792718,-0.0239877389423782,236.6,-4.348000000000001
185,6255,1161216,3.4185000000000003,567,310.7,,,,,,,,,,,,
185,6264,1163264,4.7438,568,318.31,0.2,0.11267609894275665,1.023634410975501,0.0003,0.1857421875,5670,0.021544501,0.4327375888824463,-1.066101186349988,-0.028388915583491325,,
185,6273,1165312,5.054499999999999,569,317.25,0.2,0.04685460031032562,1.2703115075593814,0.0003,0.1765625,5680,0.018935231,0.2756432890892029,-1.2288655683398246,-0.022092860232805833,,
185,6282,1167360,4.140800000000001,570,308.52,0.2,0.07916590571403503,1.304723258712329,0.0003,0.191552734375,5690,0.019996425,0.2766261696815491,-1.2537371035665275,-0.021929283090867103,,
185,6290,1169408,3.398899999999999,571,302.61,0.2,0.22961482405662537,1.0104923288570717,0.0003,0.223095703125,5700,0.023572562,0.22134411334991455,-1.1246840346604585,-0.023819177607947495,,
,,1170000,,,,0.2,0.06775517016649246,0.9036606837529689,0.0003,0.204443359375,5710,0.02813182,0.4541592597961426,-1.1451959479600191,-0.021363147065858356,363.2,6.398
185,6306,1171456,3.284699999999999,572,304.04,,,,,,,,,,,,
185,6316,1173504,3.0328,573,299.2,0.2,0.05229872837662697,1.0104670609114692,0.0003,0.199755859375,5720,0.02333134,0.5461920499801636,-1.1728769451379777,-0.02377525190531742,,
185,6326,1175552,2.5140000000000002,574,301.03,0.2,0.04283691570162773,1.4802802694961428,0.0003,0.17802734375,5730,0.019241024,0.08483713865280151,-1.1733969930559396,-0.01999991493357811,,
185,6335,1177600,2.8577,575,306.72,0.2,0.006230272352695465,0.8589656619937159,0.0003,0.179736328125,5740,0.018426549,0.38972926139831543,-0.9767369594424963,-0.020454376109410078,,
185,6344,1179648,2.0213,576,300.27,0.2,0.02068270370364189,0.9244307972723618,0.0003,0.186328125,5750,0.019998793,0.2810054421424866,-1.0356176670640707,-0.01892398007330485,,
,,1180000,,,,0.2,0.025508500635623932,1.0186291207442992,0.0003,0.207861328125,5760,0.025331039,0.5017781853675842,-1.1409132245928049,-0.025122955869301224,295.4,-0.932
185,6359,1181696,2.1316,577,299.25,,,,,,,,,,,,
185,6369,1183744,1.5587,578,296.5,0.2,0.002977553755044937,1.3203790040221066,0.0003,0.178759765625,5770,0.020770477,-0.06187570095062256,-1.0046071220189332,-0.02382679533911869,,
185,6378,1185792,1.8335000000000001,579,299.05,0.2,-0.009742885828018188,0.9508780372329056,0.0003,0.211279296875,5780,0.024370447,-0.08846557140350342,-1.1493491817265749,-0.026660778014047537,,
185,6388,1187840,2.24,580,308.45,0.2,-0.005999784916639328,1.0413359594298526,0.0003,0.2060546875,5790,0.02617499,0.3349912166595459,-1.1412289312109352,-0.021938048538868316,,
185,6397,1189888,2.449700000000001,581,307.5,0.2,0.12128481268882751,0.9869674463523552,0.0003,0.220068359375,5800,0.02293041,0.22572648525238037,-1.1998941037803887,-0.022708576201694086,,
,,1190000,,,,0.2,0.02216654270887375,1.0969478423940018,0.0003,0.16474609375,5810,0.0186923,0.4219467043876648,-1.0570247195661069,-0.020592908401158638,328.0,10.75
185,6411,1191936,2.3256,582,309.92,,,,,,,,,,,,
185,6420,1193984,1.0962,583,302.75,0.2,0.01602942869067192,0.7393457203288563,0.0003,0.23251953125,5820,0.022892833,0.5728195905685425,-1.2239422626793384,-0.027672792723751626,,
185,6430,1196032,1.3051000000000001,584,311.91,0.2,0.05469847097992897,1.2182858158601448,0.0003,0.161181640625,5830,0.01821181,0.18216782808303833,-1.169184478186071,-0.019641247572144492,,
186,6439,1198080,1.3912,585,313.31,0.2,0.0030677244067192078,0.8082993314834311,0.0003,0.20205078125,5840,0.022273602,0.5213489532470703,-1.206331842020154,-0.025549365786719135,,
,,1200000,,,,0.2,0.12802045047283173,1.0026305449195205,0.0003,0.188671875,5850,0.020978328,0.5574057698249817,-1.1360140414908528,-0.020325794897507875,355.4,-1.5319999999999996
185,6455,1200128,1.9731000000000003,586,315.18,,,,,,,,,,,,
185,6464,1202176,2.9841999999999995,587,324.2,0.2,-0.008079804480075836,1.3137016222346574,0.0003,0.18349609375,5860,0.02042623,0.16822105646133423,-1.0594354512169957,-0.022451337148959284,,
186,6473,1204224,2.5223,588,320.32,0.2,-0.012516003102064133,0.9668116407701746,0.0003,0.1810546875,5870,0.021632005,0.3769128918647766,-1.1151847353205084,-0.020809736513183453,,
186,6481,1206272,2.2567000000000004,589,316.85,0.2,0.006197232753038406,0.9577844196348451,0.0003,0.1970703125,5880,0.024067005,0.31856459379196167,-1.1904724169522525,-0.020336298170150258,,
186,6490,1208320,0.9839,590,303.99,0.2,0.11413726955652237,1.2022049201186746,0.0003,0.185498046875,5890,0.019124659,0.1316065788269043,-1.177062912285328,-0.021472511831962037,,
,,1210000,,,,0.2,-0.026921741664409637,0.6928965748171322,0.0003,0.185107421875,5900,0.021538952,0.3280450105667114,-0.9377022692933679,-0.02508497511735186,411.0,9.92
186,6507,1210368,0.8684000000000001,591,305.53,,,,,,,,,,,,
186,6516,1212416,0.5431000000000002,592,308.03,0.2,0.0015281178057193756,0.6459272898093331,0.0003,0.211474609375,5910,0.021575741,0.35675525665283203,-1.2674605708569289,-0.023138377963914537,,
186,6525,1214464,0.9885000000000003,593,313.54,0.2,-0.005153991281986237,0.7509702232084237,0.0003,0.21845703125,5920,0.023995237,0.5672619342803955,-1.1163389353081583,-0.025988412811420857,,
186,6534,1216512,0.11029999999999998,594,291.25,0.2,0.135407492518425,1.0076309885596857,0.0003,0.173583984375,5930,0.017751649,0.3734469413757324,-1.2304589942097663,-0.021773220412433146,,
186,6544,1218560,1.0154,595,300.84,0.2,0.059102803468704224,1.0134270264650695,0.0003,0.1978515625,5940,0.022127435,0.14777398109436035,-1.0908670717850328,-0.024438776943134143,,
,,1220000,,,,0.2,0.07532668858766556,0.9457229873514734,0.0003,0.18408203125,5950,0.019727498,0.3823883533477783,-1.114931900985539,-0.021426457012421452,266.0,1.364
186,6558,1220608,0.7558999999999998,596,296.76,,,,,,,,,,,,
186,6568,1222656,0.9728000000000001,597,305.1,0.2,0.1209418922662735,1.1508825233206152,0.0003,0.164208984375,5960,0.020559896,0.4051291346549988,-1.1311715256422759,-0.023050626125768758,,
186,6579,1224704,1.1613,598,316.28,0.2,-0.014029428362846375,0.9781100375461392,0.0003,0.211474609375,5970,0.025510952,0.4024522304534912,-0.9941154303029179,-0.023785341055190656,,
186,6588,1226752,1.0234,599,310.05,0.2,0.07876844704151154,1.3180821996880696,0.0003,0.164306640625,5980,0.018181507,0.15942662954330444,-1.064745109155774,-0.027548792885500006,,
186,6598,1228800,0.7249,600,309.87,0.2,0.010663196444511414,0.758866398234386,0.0003,0.1796875,5990,0.02211031,0.4863402843475342,-1.100425060838461,-0.0222019965731306,,
,,1230000,,,,0.2,0.007625957950949669,0.9735273535130545,0.0003,0.195458984375,6000,0.02190892,0.35113394260406494,-0.9841730086132884,-0.024368889402830975,330.8,2.714
186,6613,1230848,0.5070999999999999,601,311.63,,,,,,,,,,,,
186,6622,1232896,0.24160000000000015,602,308.13,0.2,2.2768454551696777,1.7976418808568269,0.0003,0.187158203125,6010,0.022290966,0.23100584745407104,-1.2294053871184587,-0.022155635585659184,,
186,6632,1234944,0.4410000000000002,603,318.24,0.2,-0.007431365549564362,0.4979105876642279,0.0003,0.22958984375,6020,0.024595672,0.6388266682624817,-1.1094672664999963,-0.020336496704840102,,
186,6641,1236992,0.655,604,316.86,0.2,0.40226656198501587,0.8195730383391492,0.0003,0.183251953125,6030,0.023261104,0.4817708134651184,-0.9909311410039663,-0.02247266957128886,,
186,6651,1239040,1.3826000000000003,605,324.16,0.2,0.1258610635995865,1.7421163182705641,0.0003,0.1623046875,6040,0.02071075,-0.0828404426574707,-1.073568883910775,-0.021807184047065675,,
,,1240000,,,,0.2,0.03780585527420044,1.087187729740981,0.0003,0.22138671875,6050,0.022733722,0.25657016038894653,-1.2793133020401002,-0.023982254206202924,282.8,5.199999999999999
186,6665,1241088,2.0499,606,327.5,,,,,,,,,,,,
186,6675,1243136,2.9166000000000003,607,330.92,0.2,0.014590226113796234,1.5883968980284409,0.0003,0.1853515625,6060,0.02018622,0.27759480476379395,-1.1807191733270883,-0.02481061923026573,,
186,6685,1245184,3.1186000000000007,608,330.74,0.2,0.0971495509147644,1.354612675216049,0.0003,0.16611328125,6070,0.021921014,0.284110963344574,-1.03043577298522,-0.026050658666645177,,
186,6696,1247232,4.5443999999999996,609,348.32,0.2,-0.016046859323978424,0.8755142304347828,0.0003,0.22294921875,6080,0.022665858,0.5559768676757812,-1.2853203739970922,-0.02662994270795025,,
186,6704,1249280,5.458000000000001,610,357.02,0.2,0.08123404532670975,1.1509966886835172,0.0003,0.198486328125,6090,0.02330453,0.369459867477417,-1.1234542790800333,-0.02516691150085535,,
,,1250000,,,,0.2,0.01291230320930481,1.2011473796213976,0.0003,0.21875,6100,0.020810936,0.2756143808364868,-1.326871547475457,-0.02663071627903264,433.4,19.706
186,6721,1251328,5.7479000000000005,611,358.06,,,,,,,,,,,,
186,6730,1253376,6.114999999999998,612,361.37,0.2,0.07315609604120255,2.142116568447091,0.0003,0.1716796875,6110,0.019473527,0.23631930351257324,-1.2560967925935984,-0.017849740781821312,,
186,6739,1255424,5.611800000000001,613,351.61,0.2,-0.001461576670408249,1.5661656466312706,0.0003,0.209912109375,6120,0.025479743,0.09419149160385132,-1.2270205475389957,-0.02538670706853736,,
186,6749,1257472,5.19,614,343.74,0.2,0.05145056173205376,1.496497127832845,0.0003,0.218212890625,6130,0.024149269,0.4298287034034729,-1.2501935366541148,-0.023396954115014523,,
186,6758,1259520,5.3428,615,338.47,0.2,-0.008340995758771896,0.8629509794176556,0.0003,0.200390625,6140,0.020899719,0.4429461359977722,-1.1386431269347668,-0.024518265540245922,,
,,1260000,,,,0.2,0.26759690046310425,1.6449544404400513,0.0003,0.187451171875,6150,0.01993943,0.16552913188934326,-1.1783509444445373,-0.022028613759903237,253.2,-2.5119999999999996
186,6771,1261568,5.658800000000001,616,336.9,,,,,,,,,,,,
186,6779,1263616,5.963700000000001,617,336.42,0.2,0.06412007659673691,1.113238153513521,0.0003,0.194677734375,6160,0.02561114,0.3947017192840576,-1.259938544034958,-0.022563784287194723,,
186,6789,1265664,6.473599999999999,618,335.46,0.2,0.033135563135147095,1.4340264790691435,0.0003,0.206640625,6170,0.02530291,0.2139464020729065,-1.2805811639875173,-0.022476908906537574,,
186,6799,1267712,6.5248,619,340.37,0.2,0.05351100489497185,0.7058755226549692,0.0003,0.234033203125,6180,0.022944093,0.6676392555236816,-1.2103563535958528,-0.02745199018972926,,
186,6808,1269760,5.715699999999999,620,331.19,0.2,0.058265361934900284,0.9431443452718667,0.0003,0.20751953125,6190,0.023238372,0.567642092704773,-1.144091285765171,-0.032311539666261525,,
,,1270000,,,,0.2,0.030163783580064774,1.3922425786266104,0.0003,0.19970703125,6200,0.020459365,0.3525950312614441,-1.2291127640753985,-0.02499546291655861,431.6,15.724
186,6826,1271808,5.831900000000002,621,329.58,,,,,,,,,,,,
186,6836,1273856,5.811599999999999,622,331.61,0.2,0.051809657365083694,1.8302509299013763,0.0003,0.154443359375,6210,0.018436447,-0.0850982666015625,-1.165750623308122,-0.017730180954094975,,
186,6845,1275904,5.7699,623,335.78,0.2,0.18672062456607819,0.8988627925748005,0.0003,0.209912109375,6220,0.022571439,0.3600230813026428,-1.1883452862501145,-0.01709109927614918,,
186,6854,1277952,3.9594,624,316.61,0.2,-0.0018317122012376785,0.9210869829985313,0.0003,0.17724609375,6230,0.021572478,0.4854635000228882,-1.051947603560984,-0.017378001866745763,,
,,1280000,,,,0.2,0.019562169909477234,1.5252983937039972,0.0003,0.16103515625,6240,0.01652023,0.1629009246826172,-1.1427455469965935,-0.021394683196558618,277.2,1.2519999999999993
186,6869,1280000,3.325,625,310.0,,,,,,,,,,,,
186,6878,1282048,2.7867,626,303.77,0.2,-0.0069181472063064575,1.0254625272005797,0.0003,0.187890625,6250,0.023174383,0.4154120087623596,-1.1243564242497086,-0.024388593665207736,,
186,6887,1284096,3.0727,627,305.22,0.2,0.05831152945756912,1.75196202066727,0.0003,0.186572265625,6260,0.01761989,0.16492724418640137,-1.15503453835845,-0.026317594520514832,,
186,6896,1286144,3.8840999999999997,628,314.19,0.2,0.00955606997013092,1.7101811946835368,0.0003,0.177783203125,6270,0.020538341,0.3178176283836365,-1.1028760503977537,-0.02456734222942032,,
186,6905,1288192,3.9828999999999994,629,314.32,0.2,0.008266013115644455,1.4278734018094839,0.0003,0.174755859375,6280,0.018716894,0.27689749002456665,-1.118381800688803,-0.02169458738353569,,
,,1290000,,,,0.2,0.10268997400999069,1.6236756192985922,0.0003,0.171728515625,6290,0.018641416,0.27683329582214355,-1.1412121415138246,-0.024105803527345416,485.2,19.192
186,6923,1290240,5.0367,630,319.03,,,,,,,,,,,,
186,6932,1292288,5.3674,631,326.0,0.2,0.03117520734667778,1.577954700961709,0.0003,0.183935546875,6300,0.02440149,0.3906210660934448,-1.0916259365156293,-0.020575841903337277,,
186,6942,1294336,5.5235,632,330.39,0.2,-0.004954606294631958,1.2800013687461615,0.0003,0.24111328125,6310,0.025905874,0.33745455741882324,-1.15001155808568,-0.028678168301121333,,
186,6952,1296384,6.0376,633,339.04,0.2,0.13305923342704773,1.4063224552664906,0.0003,0.188427734375,6320,0.020456696,0.3081849217414856,-1.0674561837688088,-0.018965712992940097,,
186,6961,1298432,5.110600000000001,634,331.68,0.2,0.007740549743175507,1.0667847768985665,0.0003,0.23525390625,6330,0.03214839,0.2087627649307251,-1.1448408763855695,-0.021138753593550063,,
,,1300000,,,,0.2,0.1602104902267456,1.9550940148998053,0.0003,0.132958984375,6340,0.015829204,0.13134557008743286,-1.0831489810720085,-0.01703171160479542,249.0,1.5299999999999987
186,6975,1300480,5.1644000000000005,635,326.3,,,,,,,,,,,,
186,6984,1302528,5.3184000000000005,636,330.92,0.2,0.03531213849782944,1.6777100558858364,0.0003,0.184033203125,6350,0.020653572,0.268474817276001,-1.1194699466228486,-0.027590672028600237,,
186,6993,1304576,4.6145000000000005,637,321.25,0.2,0.09638938307762146,1.343830690695904,0.0003,0.15380859375,6360,0.017137095,0.029406249523162842,-1.0166202906519175,-0.019255598544259556,,
186,7003,1306624,4.9401,638,318.7,0.2,0.048311296850442886,1.161612201342359,0.0003,0.18232421875,6370,0.028230805,0.5456122756004333,-1.060013939999044,-0.021523623552639037,,
186,7012,1308672,5.2085,639,321.91,0.2,0.06238756328821182,1.272323814034462,0.0003,0.191162109375,6380,0.023138508,0.36620116233825684,-1.0484788816422224,-0.02017719488067087,,
,,1310000,,,,0.2,0.015048094093799591,1.2565765507519244,0.0003,0.2064453125,6390,0.024294153,0.3317888379096985,-1.0152694405987859,-0.027068669852451422,288.2,-2.8619999999999997
186,7027,1310720,4.9439,640,318.34,,,,,,,,,,,,
186,7037,1312768,4.8564,641,317.1,0.2,0.043387867510318756,1.2615877511911093,0.0003,0.193017578125,6400,0.024271056,0.3462134599685669,-1.1228336282074451,-0.023302572386455722,,
186,7045,1314816,4.5771999999999995,642,314.99,0.2,0.04165259748697281,1.6177701530978084,0.0003,0.17080078125,6410,0.0254312,0.27237212657928467,-1.0023724352940917,-0.02215762153500691,,
186,7054,1316864,5.2873,643,324.06,0.2,0.022254034876823425,1.651582490815781,0.0003,0.161181640625,6420,0.018144727,-0.13898515701293945,-1.0977478001266718,-0.015876352108898574,,
186,7064,1318912,4.2028,644,322.4,0.2,0.028462179005146027,1.3546016675187276,0.0003,0.171484375,6430,0.019216755,0.26456403732299805,-1.0782417181879282,-0.02109137634106446,,
,,1320000,,,,0.2,0.07945629954338074,1.4102161361835897,0.0003,0.18271484375,6440,0.019718144,-0.07971024513244629,-1.0641141114756465,-0.024744718996225858,402.0,14.018
186,7080,1320960,4.7564,645,327.1,,,,,,,,,,,,
186,7090,1323008,4.550999999999999,646,327.64,0.2,0.0822814330458641,1.6003628297941759,0.0003,0.206298828125,6450,0.022285184,0.1727142333984375,-1.1621691204607487,-0.0264229890628485,,
186,7098,1325056,3.7361,647,319.04,0.2,0.22596317529678345,1.0570989859756081,0.0003,0.214404296875,6460,0.025950043,0.3879472613334656,-1.1257539112120867,-0.024715076203574427,,
186,7108,1327104,3.8549,648,327.2,0.2,0.07482960820198059,1.1755074209882879,0.0003,0.22197265625,6470,0.027308982,0.133175790309906,-1.204269728437066,-0.02216753406682983,,
186,7116,1329152,3.7909,649,323.59,0.2,0.028843805193901062,0.8721950812032446,0.0003,0.22080078125,6480,0.027340971,0.3995018005371094,-1.0842332348227501,-0.024955487105762585,,
,,1330000,,,,0.2,0.012887012213468552,0.6365660128416494,0.0003,0.198974609375,6490,0.028608829,0.6663371920585632,-1.086225592903793,-0.01991044544847682,334.6,4.682
186,7131,1331200,4.0443,650,328.28,,,,,,,,,,,,
186,7140,1333248,3.6542999999999997,651,327.24,0.2,0.04004301130771637,1.3866549207130447,0.0003,0.19052734375,6500,0.017900992,0.27351218461990356,-1.1281187213957309,-0.01964677182259038,,
186,7149,1335296,3.1075,652,321.86,0.2,0.06823798269033432,1.5222887941403314,0.0003,0.180517578125,6510,0.020308571,0.17266517877578735,-1.0888482926413416,-0.02141912507941015,,
186,7158,1337344,2.8042,653,322.16,0.2,0.028216373175382614,0.8704987649456598,0.0003,0.241357421875,6520,0.025966462,0.4377884864807129,-1.1266240641474723,-0.026378097129054368,,
186,7167,1339392,3.0603,654,326.58,0.2,-0.006531514227390289,1.3519592556171118,0.0003,0.19921875,6530,0.021374896,0.16628408432006836,-1.1412214517593384,-0.022651187219889835,,
,,1340000,,,,0.2,0.044651687145233154,1.0848972566775046,0.0003,0.222607421875,6540,0.023754321,-0.21444964408874512,-1.1989523217082023,-0.02491675472992938,322.2,6.808
186,7181,1341440,3.0155999999999996,655,331.07,,,,,,,,,,,,
186,7190,1343488,3.1039,656,332.25,0.2,0.044372063130140305,0.7873376994393766,0.0003,0.21240234375,6550,0.021827027,0.4343145489692688,-1.1870623789727688,-0.02330832578591071,,
186,7200,1345536,2.8710999999999998,657,335.49,0.2,0.06829853355884552,1.196270025265403,0.0003,0.176953125,6560,0.025082715,0.19790005683898926,-1.1408926907926797,-0.026776062806311528,,
186,7210,1347584,3.502900000000001,658,342.38,0.2,0.003552444279193878,1.077299690770451,0.0003,0.1919921875,6570,0.023209881,0.14646059274673462,-1.1450263625010848,-0.026243221407639794,,
186,7218,1349632,4.3862,659,354.15,0.2,-0.012326393276453018,1.1463062208844348,0.0003,0.18681640625,6580,0.024806028,0.35539329051971436,-1.2690889149904252,-0.021274466841714457,,
,,1350000,,,,0.2,0.06238401681184769,1.5083009322872385,0.0003,0.204833984375,6590,0.02109031,0.28532958030700684,-1.2985260184854268,-0.027001822961028665,470.0,15.34
186,7235,1351680,4.1837,660,354.36,,,,,,,,,,,,
186,7243,1353728,4.3603000000000005,661,346.69,0.2,-0.018014587461948395,1.0100844966131262,0.0003,0.211767578125,6600,0.023791548,0.29376357793807983,-1.2163008626550436,-0.02245309203281067,,
186,7251,1355776,3.777299999999999,662,344.93,0.2,0.11753641813993454,2.0996931846020743,0.0003,0.17265625,6610,0.02108669,0.2260655164718628,-1.2462006002664565,-0.024129980485304257,,
187,7259,1357824,3.3217000000000008,663,340.44,0.2,0.022988781332969666,1.8552687356132083,0.0003,0.1802734375,6620,0.021856006,0.12263643741607666,-1.1583377670496702,-0.02471760221233126,,
187,7268,1359872,3.859,664,346.77,0.2,0.2915939688682556,1.4904449737165124,0.0003,0.209912109375,6630,0.021615416,0.179593026638031,-1.2066843561828136,-0.027712272427743302,,
,,1360000,,,,0.2,0.04255548492074013,1.3888024916639552,0.0003,0.193017578125,6640,0.024222376,0.1348840594291687,-1.3107678316533566,-0.023865192144876347,236.6,-6.349999999999999
187,7281,1361920,3.786399999999999,665,333.99,,,,,,,,,,,,
187,7290,1363968,4.233600000000001,666,339.32,0.2,0.1781470775604248,1.8863265843596309,0.0003,0.20654296875,6650,0.02215783,-0.19076168537139893,-1.2253889594227076,-0.022140406153630464,,
187,7298,1366016,4.4281,667,339.87,0.2,0.16722120344638824,1.4557975148782134,0.0003,0.2158203125,6660,0.024974212,0.14116060733795166,-1.2095911625772715,-0.027156898682005704,,
187,7307,1368064,4.706800000000001,668,342.03,0.2,0.0730915516614914,1.1746886150096543,0.0003,0.225341796875,6670,0.026250001,0.38279998302459717,-1.255729789286852,-0.02780995175126009,,
,,1370000,,,,0.2,-0.001915954053401947,1.3685351827647536,0.0003,0.261474609375,6680,0.029462101,0.4274173378944397,-1.2508170567452908,-0.024819723088876346,270.2,-0.6799999999999999
187,7321,1370112,5.909700000000002,669,351.87,,,,,,,,,,,,
187,7330,1372160,6.196000000000001,670,353.27,0.2,0.024950936436653137,1.4549314891686662,0.0003,0.2130859375,6690,0.0226461,0.23889809846878052,-1.255644442513585,-0.020260670798597856,,
187,7339,1374208,6.327700000000001,671,350.09,0.2,0.004945347085595131,1.3323581352015026,0.0003,0.2177734375,6700,0.026554506,0.3718893527984619,-1.2096266616135836,-0.02494504165952094,,
187,7349,1376256,6.8414,672,348.77,0.2,-0.013744551688432693,0.7784940651501528,0.0003,0.226318359375,6710,0.023273483,0.5295193791389465,-1.2184783153235912,-0.02850946515100077,,
187,7358,1378304,7.455500000000001,673,357.43,0.2,0.20919346809387207,1.49040196146816,0.0003,0.1849609375,6720,0.019568063,0.42942720651626587,-1.2024043284356594,-0.026273923894041217,,
,,1380000,,,,0.2,0.0809568241238594,1.1949946325970813,0.0003,0.17841796875,6730,0.018465593,0.13565009832382202,-1.2731311906129121,-0.023750202439259738,453.0,11.506
187,7376,1380352,8.112200000000001,674,361.83,,,,,,,,,,,,
187,7385,1382400,6.9138,675,341.55,0.2,-0.009755589067935944,1.5184658178593964,0.0003,0.1990234375,6740,0.02231699,0.27844297885894775,-1.2286994837224483,-0.024436953815165908,,
187,7394,1384448,6.7330000000000005,676,339.63,0.2,0.03608334809541702,2.030773413553834,0.0003,0.17880859375,6750,0.023276653,0.05412322282791138,-1.150090029835701,-0.02430334624950774,,
187,7404,1386496,7.178,677,345.18,0.2,0.040582992136478424,1.0039621386909858,0.0003,0.202197265625,6760,0.023402857,0.44646263122558594,-1.2319626871496439,-0.026300881264614873,,
187,7413,1388544,6.296499999999998,678,343.26,0.2,0.06455807387828827,1.2255547504173592,0.0003,0.231005859375,6770,0.024599941,0.2940571904182434,-1.2374626368284225,-0.025237333308905364,,
,,1390000,,,,0.2,0.05032943934202194,1.2113972022896633,0.0003,0.185205078125,6780,0.021295236,0.177082359790802,-1.1208572294563055,-0.023049570922739803,280.4,7.226000000000001
187,7427,1390592,6.0473,679,338.15,,,,,,,,,,,,
187,7438,1392640,6.379700000000001,680,344.95,0.2,0.08585883677005768,1.211157238704618,0.0003,0.193212890625,6790,0.021594767,0.1694256067276001,-1.1478876531124116,-0.022111578375915996,,
187,7448,1394688,6.466300000000001,681,346.3,0.2,0.037597671151161194,1.3404979340499268,0.0003,0.21298828125,6800,0.02198219,0.1380147933959961,-1.2659225910902023,-0.026330245404096786,,
187,7457,1396736,6.4603,682,346.92,0.2,-0.016562379896640778,0.9282593409647234,0.0003,0.2154296875,6810,0.028965553,0.36449527740478516,-1.229478869587183,-0.03204163802438416,,
187,7466,1398784,6.7345999999999995,683,349.52,0.2,0.24220654368400574,1.7115034613758326,0.0003,0.1822265625,6820,0.021481477,0.1778346300125122,-1.178299380466342,-0.02572762530762702,,
,,1400000,,,,0.2,0.06673133373260498,1.460861377324909,0.0003,0.19169921875,6830,0.026284717,0.3865019679069519,-1.1090580843389035,-0.023905293791904113,310.0,2.9219999999999997
187,7482,1400832,6.0736,684,345.57,,,,,,,,,,,,
187,7491,1402880,7.0475,685,358.29,0.2,0.025456637144088745,1.7938456325558945,0.0003,0.201123046875,6840,0.02374506,0.1276036500930786,-1.1916085172444582,-0.028064464320777915,,
187,7502,1404928,6.6435,686,358.65,0.2,0.03147206827998161,1.4113907773513348,0.0003,0.16044921875,6850,0.02045308,0.27687734365463257,-1.172790239006281,-0.023218715575058013,,
187,7511,1406976,5.689899999999999,687,353.91,0.2,0.09450308978557587,1.6596421483205632,0.0003,0.2083984375,6860,0.023228202,0.25461357831954956,-1.1950561877340078,-0.02941643165249843,,
187,7521,1409024,6.5904,688,363.94,0.2,0.033822186291217804,1.7256433025700972,0.0003,0.1658203125,6870,0.022839356,0.08043509721755981,-1.2184153717011212,-0.020070887051406316,,
,,1410000,,,,0.2,0.008729752153158188,1.205046717147343,0.0003,0.181689453125,6880,0.019947175,0.18473953008651733,-1.098778986930847,-0.028641519573284313,332.6,10.704
187,7536,1411072,7.0625,689,376.81,,,,,,,,,,,,
187,7545,1413120,5.5241,690,360.46,0.2,0.496716171503067,1.7581549930386244,0.0003,0.19267578125,6890,0.024198819,0.20030009746551514,-1.1292288333177567,-0.028446449391776697,,
187,7554,1415168,5.0447,691,358.33,0.2,0.0770188421010971,1.2919516226742416,0.0003,0.21865234375,6900,0.02695956,0.33822494745254517,-1.256681491434574,-0.029220757173607125,,
187,7565,1417216,5.266699999999999,692,366.16,0.2,-0.019769828766584396,0.9678046376560815,0.0003,0.21171875,6910,0.026417714,0.24430584907531738,-1.1876304309815169,-0.028764390229480342,,
187,7574,1419264,5.148,693,368.0,0.2,0.04023203253746033,1.2610878263134508,0.0003,0.203857421875,6920,0.023428718,0.2701764702796936,-1.3528935965150595,-0.029869515399332157,,
,,1420000,,,,0.2,0.01191745325922966,1.4316330446861685,0.0003,0.193798828125,6930,0.019820504,0.2257900834083557,-1.3031120825558902,-0.025226685250527226,264.4,-0.6260000000000001
187,7588,1421312,5.9359,694,369.25,,,,,,,,,,,,
187,7597,1423360,5.514899999999998,695,361.3,0.2,0.07834526896476746,1.5941257836762817,0.0003,0.200146484375,6940,0.02288004,0.35848313570022583,-1.2668039541691543,-0.02895190202689264,,
187,7606,1425408,6.275399999999999,696,365.33,0.2,0.06456584483385086,2.0727081316523255,0.0003,0.197900390625,6950,0.023255758,0.19875675439834595,-1.1761437095701694,-0.030527946012443862,,
187,7616,1427456,6.2303,697,359.83,0.2,0.3834269046783447,2.309225896187127,0.0003,0.171826171875,6960,0.018595055,-0.40943193435668945,-1.1838747538626193,-0.028032098695985042,,
187,7625,1429504,6.162299999999999,698,356.62,0.2,0.13354991376399994,1.6094023794401437,0.0003,0.23330078125,6970,0.025622832,0.21013587713241577,-1.2745643854141235,-0.03025512688618619,,
,,1430000,,,,0.2,0.35026776790618896,1.658511971659027,0.0003,0.2080078125,6980,0.023744294,0.26327335834503174,-1.2184551991522312,-0.024669692570751068,338.2,4.646000000000001
187,7640,1431552,6.343599999999999,699,358.51,,,,,,,,,,,,
187,7649,1433600,5.291399999999999,700,353.62,0.2,0.002684134989976883,1.4225926083512603,0.0003,0.20615234375,6990,0.028046712,0.1351369023323059,-1.048170730099082,-0.028941925641265697,,
187,7659,1435648,5.7436,701,358.45,0.2,0.017387941479682922,0.9995333948871121,0.0003,0.257958984375,7000,0.029301375,0.4505022168159485,-1.2744128279387952,-0.030491816549329087,,
187,7668,1437696,4.670999999999999,702,345.59,0.2,0.010510720312595367,1.2499363405862822,0.0003,0.212890625,7010,0.022451375,0.30300402641296387,-1.2632982615381478,-0.027195069307344964,,
187,7677,1439744,4.3811,703,334.52,0.2,0.12432242184877396,0.8095616157981567,0.0003,0.219921875,7020,0.023775361,0.4513569474220276,-1.2587354384362697,-0.02482331179198809,,
,,1440000,,,,0.2,0.05234736204147339,2.0284572567092254,0.0003,0.1564453125,7030,0.017557885,0.06236320734024048,-1.230918700248003,-0.020289943009265697,344.2,4.586
187,7693,1441792,5.3743,704,345.33,,,,,,,,,,,,
187,7702,1443840,5.237599999999999,705,338.98,0.2,0.05634694546461105,1.895319478912279,0.0003,0.164013671875,7040,0.018287241,0.2073194980621338,-1.2272112429142,-0.02113365015538875,,
187,7711,1445888,5.4201,706,340.75,0.2,0.3755904734134674,1.6281195485033095,0.0003,0.188330078125,7050,0.020255432,0.06593596935272217,-1.3020516254007817,-0.024568919866578654,,
187,7720,1447936,5.284599999999999,707,344.31,0.2,0.06899313628673553,0.9838567193131894,0.0003,0.225634765625,7060,0.024755377,0.34471529722213745,-1.315279956907034,-0.028549274119723123,,
187,7729,1449984,5.5386,708,348.96,0.2,0.0843987837433815,1.605554436892271,0.0003,0.20400390625,7070,0.022225667,0.09832209348678589,-1.2955794077366591,-0.026661941115162336,,
,,1450000,,,,0.2,0.03841365873813629,2.3021527108270674,0.0003,0.1734375,7080,0.019595716,-0.36824142932891846,-1.3033376611769198,-0.029889922883012333,325.8,8.77
187,7744,1452032,5.903600000000001,709,342.49,,,,,,,,,,,,
187,7753,1454080,6.3674,710,346.18,0.2,0.21837517619132996,1.3593565159011631,0.0003,0.1857421875,7090,0.020996347,0.34950530529022217,-1.2745275158435105,-0.025224718512617983,,
187,7761,1456128,5.155399999999999,711,337.27,0.2,0.05814846605062485,1.6229439994553103,0.0003,0.20693359375,7100,0.023389485,-0.19176828861236572,-1.2236578173935413,-0.026136275489989202,,
187,7770,1458176,4.7679,712,335.98,0.2,0.019047196954488754,1.473330009286292,0.0003,0.21103515625,7110,0.022517022,0.2884073853492737,-1.234429345652461,-0.03164240105543285,,
,,1460000,,,,0.2,0.020765870809555054,1.77885143305175,0.0003,0.18310546875,7120,0.019507874,0.11033767461776733,-1.2225013364106416,-0.02757262314262334,379.0,4.238
187,7787,1460224,4.803599999999999,713,342.42,,,,,,,,,,,,
187,7796,1462272,5.2776999999999985,714,345.06,0.2,0.19290506839752197,1.2618008641526104,0.0003,0.227685546875,7130,0.0230828,0.2359878420829773,-1.2644855365157128,-0.028908486932050437,,
187,7806,1464320,5.807699999999999,715,352.1,0.2,0.039322204887866974,1.6439133183564991,0.0003,0.1765625,7140,0.022688929,0.17261618375778198,-1.1972150806337596,-0.028810280025936663,,
187,7816,1466368,5.363699999999998,716,346.45,0.2,0.06830120086669922,1.2220268870471045,0.0003,0.2326171875,7150,0.025965793,0.504385769367218,-1.20872738994658,-0.03221913783490891,,
187,7825,1468416,5.6038,717,352.47,0.2,0.04987543448805809,1.0195740802679212,0.0003,0.229150390625,7160,0.026741851,0.6243985891342163,-1.298546713963151,-0.02990306257561315,,
,,1470000,,,,0.2,0.05182081088423729,1.755164510710165,0.0003,0.179638671875,7170,0.022086395,0.13284218311309814,-1.1851083640009166,-0.02538269669166766,183.8,-5.822
187,7838,1470464,6.8087,718,362.11,,,,,,,,,,,,
187,7848,1472512,7.1645,719,366.57,0.2,0.09629370272159576,1.9818406315520405,0.0003,0.199853515625,7180,0.022287514,0.14547240734100342,-1.2338677786290646,-0.0265862810309045,,
187,7857,1474560,7.8208,720,371.01,0.2,0.15862774848937988,2.3883284491021186,0.0003,0.198095703125,7190,0.023057133,-0.17063820362091064,-1.2144234597682952,-0.027015352883609012,,
187,7866,1476608,7.287600000000001,721,364.29,0.2,0.17429792881011963,1.808127274736762,0.0003,0.1775390625,7200,0.01918434,0.2679438591003418,-1.191191629320383,-0.027342111883626785,,
187,7876,1478656,7.073200000000001,722,365.71,0.2,0.10875619202852249,1.5658236210234464,0.0003,0.17548828125,7210,0.024211746,0.4373430609703064,-1.174259302020073,-0.029719151843164582,,
,,1480000,,,,0.2,-0.021199196577072144,0.7207002243027091,0.0003,0.234228515625,7220,0.027853018,0.6611576676368713,-1.2370612099766731,-0.0345530347985914,185.4,0.16400000000000006
187,7888,1480704,6.6397,723,359.01,,,,,,,,,,,,
187,7896,1482752,6.693900000000001,724,363.6,0.2,0.04633855074644089,1.3015402291668579,0.0003,0.1802734375,7230,0.019144613,0.4326545000076294,-1.1256292607635259,-0.026719029937521555,,
187,7906,1484800,6.453100000000002,725,357.65,0.2,0.0018505118787288666,1.5787726494017988,0.0003,0.186328125,7240,0.021478686,0.05919647216796875,-1.2465743906795979,-0.026935975658125243,,
187,7915,1486848,6.060800000000001,726,356.84,0.2,0.007410392165184021,1.3089148464845493,0.0003,0.22685546875,7250,0.028070481,0.18339604139328003,-1.1971761606633664,-0.02796890160534531,,
187,7924,1488896,5.245500000000001,727,358.29,0.2,0.021896470338106155,0.8699877596227452,0.0003,0.247802734375,7260,0.026339753,0.3991880416870117,-1.220443633943796,-0.028320108194020577,,
,,1490000,,,,0.2,0.0022048987448215485,1.0360886509064584,0.0003,0.220556640625,7270,0.023368046,0.40280503034591675,-1.2869909156113863,-0.0299544043460628,446.8,23.571999999999996
187,7944,1490944,5.436199999999999,728,359.24,,,,,,,,,,,,
187,7954,1492992,5.611700000000001,729,361.73,0.2,0.054407842457294464,1.110538715776056,0.0003,0.192041015625,7280,0.022573333,0.418606698513031,-1.1891080807894467,-0.03196255040820688,,
187,7964,1495040,6.182200000000002,730,374.75,0.2,0.00406491756439209,1.5356501221307552,0.0003,0.181103515625,7290,0.020672804,0.12814539670944214,-1.2078670345246791,-0.02813806688354816,,
187,7975,1497088,6.1617999999999995,731,376.79,0.2,0.10969825834035873,1.2657390666892752,0.0003,0.206884765625,7300,0.022690717,0.47012585401535034,-1.1145124284550547,-0.02831939028110355,,
187,7984,1499136,6.4856,732,384.43,0.2,0.2235618233680725,1.508652530889958,0.0003,0.185791015625,7310,0.01870835,0.524612545967102,-1.3056734047830105,-0.024986341356998308,,
,,1500000,,,,0.2,0.023782890290021896,1.2930859349202364,0.0003,0.198828125,7320,0.022607569,0.11900895833969116,-1.1782107390463352,-0.024975655556772836,313.2,0.8920000000000009
187,8000,1501184,6.6183000000000005,733,391.18,,,,,,,,,,,,
187,8009,1503232,6.4759,734,395.43,0.2,0.026777110993862152,1.3481126464903355,0.0003,0.222119140625,7330,0.028137468,0.28385937213897705,-1.2056941095739604,-0.02695442650874611,,
187,8017,1505280,6.428700000000001,735,390.12,0.2,0.23185904324054718,1.0831443675328045,0.0003,0.21337890625,7340,0.02396299,0.4419613480567932,-1.2278188206255436,-0.02536745221877936,,
187,8027,1507328,6.077900000000002,736,385.16,0.2,-0.008469779044389725,1.1460407140199096,0.0003,0.213232421875,7350,0.02340144,0.2622266411781311,-1.2546281173825264,-0.024497801630059258,,
187,8035,1509376,5.6853,737,384.36,0.2,-0.02467208355665207,0.9908726102905347,0.0003,0.205078125,7360,0.026773687,0.4637663960456848,-1.188793122023344,-0.025452151574427262,,
,,1510000,,,,0.2,0.005523577332496643,1.452306241518818,0.0003,0.18740234375,7370,0.023264825,-0.02033519744873047,-1.1714766450226306,-0.027652596941334196,226.6,-4.248
187,8048,1511424,5.6161,738,381.27,,,,,,,,,,,,
187,8057,1513472,4.4951,739,373.23,0.2,0.03276550769805908,1.4080292300553992,0.0003,0.20107421875,7380,0.028252982,-0.0950702428817749,-1.1682717218995093,-0.028214107773965224,,
187,8067,1515520,5.3541,740,387.43,0.2,0.019050944596529007,1.5072591926436871,0.0003,0.21796875,7390,0.02730837,0.30039799213409424,-1.2611247722059489,-0.031551673248759474,,
187,8076,1517568,4.775399999999999,741,385.24,0.2,0.009101588279008865,1.0191465850220993,0.0003,0.215966796875,7400,0.021078993,0.5130615234375,-1.2404075779020787,-0.02856773228268139,,
187,8086,1519616,5.2076,742,392.07,0.2,0.04954598471522331,0.9978797314921394,0.0003,0.24091796875,7410,0.02609174,0.4072858691215515,-1.268538035824895,-0.035919024332542904,,
,,1520000,,,,0.2,0.0038115233182907104,1.1907714547356592,0.0003,0.20498046875,7420,0.026002381,0.33803707361221313,-1.1548372272402048,-0.02854126918246038,364.0,-1.6179999999999999
187,8102,1521664,5.2292,743,389.91,,,,,,,,,,,,
187,8112,1523712,5.919799999999999,744,400.93,0.2,0.029497642070055008,1.7434184111654758,0.0003,0.21904296875,7430,0.02371123,-0.11213064193725586,-1.1925361894071103,-0.029567784545361065,,
187,8123,1525760,5.944499999999998,745,408.47,0.2,-0.006170302629470825,1.064122102339752,0.0003,0.218994140625,7440,0.024094764,0.23806613683700562,-1.276159967109561,-0.02982162566331681,,
187,8132,1527808,6.604,746,412.59,0.2,0.01821349561214447,0.9555886862915941,0.0003,0.223388671875,7450,0.026879653,0.4929050803184509,-1.1863568976521492,-0.032323930540587756,,
187,8140,1529856,6.820099999999999,747,410.98,0.2,0.05823753401637077,1.2970490662846714,0.0003,0.233984375,7460,0.02735138,0.23236286640167236,-1.246325221285224,-0.02933265552856028,,
,,1530000,,,,0.2,0.036730021238327026,1.127457867213525,0.0003,0.206787109375,7470,0.025893271,0.4313676357269287,-1.2058262158185244,-0.022813705512089655,328.2,10.752
187,8155,1531904,7.158300000000001,748,417.2,,,,,,,,,,,,
187,8165,1533952,7.5783000000000005,749,425.25,0.2,0.28757208585739136,1.4991015726700425,0.0003,0.180712890625,7480,0.021185692,0.37472617626190186,-1.2054108645766974,-0.02557302681962028,,
187,8175,1536000,7.816700000000001,750,431.44,0.2,0.10638722032308578,0.6504337526508607,0.0003,0.240966796875,7490,0.026474051,0.507337212562561,-1.2901662725955247,-0.023378812057489994,,
187,8185,1538048,7.435499999999999,751,429.52,0.2,0.2680721580982208,0.9910722943255678,0.0003,0.214697265625,7500,0.023479203,0.3980262875556946,-1.251949867978692,-0.02500668216671329,,
,,1540000,,,,0.2,0.048867374658584595,1.6612163342535495,0.0003,0.2375,7510,0.023464393,0.3237960934638977,-1.3212050378322602,-0.027007610388682223,284.0,-6.824
187,8199,1540096,7.3786999999999985,752,425.19,,,,,,,,,,,,
187,8208,1542144,6.285499999999998,753,404.4,0.2,0.007442165166139603,1.706850778358057,0.0003,0.205029296875,7520,0.019370265,0.2680093050003052,-1.2497832544147969,-0.03108891006850172,,
187,8218,1544192,6.8399,754,409.02,0.2,0.012505203485488892,1.7419612439582124,0.0003,0.188671875,7530,0.020556524,0.3063179850578308,-1.1287321666255594,-0.027261913518304936,,
187,8228,1546240,7.247000000000002,755,418.36,0.2,0.1360054612159729,2.442293952731416,0.0003,0.154345703125,7540,0.018226884,0.008555412292480469,-1.0904782181605697,-0.02537166900001466,,
187,8238,1548288,6.8721,756,415.81,0.2,0.08282361924648285,0.9852120663737878,0.0003,0.196240234375,7550,0.023514876,0.5642013549804688,-1.1448404313996434,-0.02214895955112297,,
,,1550000,,,,0.2,-0.004498537629842758,1.595856330357492,0.0003,0.2103515625,7560,0.027890531,0.15226024389266968,-1.2130858022719622,-0.03132612338522449,281.2,3.21
187,8252,1550336,6.692199999999999,757,413.78,,,,,,,,,,,,
187,8262,1552384,7.326300000000001,758,420.44,0.2,0.018807634711265564,1.221177148784045,0.0003,0.208251953125,7570,0.029721335,0.2772481441497803,-1.0648551646620035,-0.02524064281024039,,
187,8271,1554432,7.2759,759,425.5,0.2,0.03781506046652794,1.0719517224468291,0.0003,0.199658203125,7580,0.02410599,0.47072452306747437,-1.0834258386865259,-0.02638361041317694,,
187,8280,1556480,7.027199999999999,760,410.31,0.2,0.027894258499145508,1.2327783198095859,0.0003,0.180517578125,7590,0.020321077,0.39110904932022095,-1.1381786152720452,-0.026512921464745886,,
188,8288,1558528,7.704599999999999,761,412.62,0.2,0.023888207972049713,1.7556540008867159,0.0003,0.1947265625,7600,0.02970633,0.460593581199646,-1.0698654545471071,-0.027554658470035066,,
,,1560000,,,,0.2,0.0072017088532447815,1.4233780614100398,0.0003,0.194482421875,7610,0.026161682,0.36861342191696167,-1.2349073760211469,-0.023097516168490984,406.6,1.9599999999999997
187,8304,1560576,7.3882,762,404.2,,,,,,,,,,,,
187,8314,1562624,6.2259,763,390.3,0.2,0.10697462409734726,1.3298593703657389,0.0003,0.19111328125,7620,0.021841146,0.38860952854156494,-1.1939631700515747,-0.025481793779181316,,
187,8322,1564672,6.547699999999999,764,388.15,0.2,-0.0073976702988147736,0.9808556114323437,0.0003,0.23876953125,7630,0.03017421,0.3839173913002014,-1.164760097116232,-0.03171038675063755,,
188,8333,1566720,6.342599999999999,765,388.64,0.2,0.21325305104255676,1.2256229790858924,0.0003,0.196142578125,7640,0.021193895,0.3856436610221863,-1.1326545314863323,-0.03007508845475968,,
188,8343,1568768,6.2352,766,399.4,0.2,0.11713654547929764,0.9661243931041099,0.0003,0.22861328125,7650,0.026289336,0.692353367805481,-1.2445825271308422,-0.021206746372627094,,
,,1570000,,,,0.2,0.023683585226535797,1.1016865179291926,0.0003,0.1806640625,7660,0.023853075,0.3560274839401245,-1.1154098903760314,-0.02402788871550001,361.0,0.4140000000000004
187,8359,1570816,6.311699999999999,767,391.75,,,,,,,,,,,,
187,8370,1572864,5.917999999999999,768,391.08,0.2,0.029271215200424194,1.7660748308291658,0.0003,0.1767578125,7670,0.02272892,0.09961020946502686,-1.0737585123628377,-0.02056109114055289,,
187,8379,1574912,5.128799999999999,769,369.9,0.2,-0.03753521293401718,0.6270935864187777,0.0003,0.20556640625,7680,0.032748073,0.5508795976638794,-1.0423332272097467,-0.023936925356974826,,
188,8388,1576960,5.255,770,367.25,0.2,0.08127623796463013,1.5055831873323768,0.0003,0.1853515625,7690,0.020050125,0.2165321707725525,-1.0594209488481283,-0.02914453753037378,,
188,8396,1579008,4.4322,771,359.42,0.2,0.16960178315639496,1.1647762968903408,0.0003,0.186328125,7700,0.019388657,0.19912880659103394,-1.1988872468471528,-0.024403601442463695,,
,,1580000,,,,0.2,0.005458395928144455,1.3115353931905702,0.0003,0.245751953125,7710,0.0378763,0.2701036334037781,-1.1672011200338601,-0.03266264222911559,363.8,8.394
187,8411,1581056,3.0444,772,338.02,,,,,,,,,,,,
188,8420,1583104,2.3672999999999997,773,335.66,0.2,0.09975586831569672,1.3123918762430549,0.0003,0.168505859375,7720,0.018924203,0.28455638885498047,-1.0670778196305037,-0.02480798233882524,,
188,8430,1585152,2.5713,774,335.28,0.2,0.04514811933040619,0.6176114012836479,0.0003,0.238232421875,7730,0.031797767,0.1477091908454895,-1.1534074012190103,-0.023907740134745836,,
188,8440,1587200,1.6697,775,325.34,0.2,0.03257386013865471,0.6424123175209389,0.0003,0.209716796875,7740,0.027785704,0.5993109345436096,-1.105984239280224,-0.027961168697220273,,
188,8449,1589248,1.8277000000000003,776,329.56,0.2,0.09029784798622131,1.454768052441068,0.0003,0.20234375,7750,0.022541087,0.1001008152961731,-1.1045577147975565,-0.029118817584821953,,
,,1590000,,,,0.2,-0.002934124320745468,1.373945092363283,0.0003,0.201220703125,7760,0.023107458,0.29414188861846924,-1.1606399834156036,-0.030069053439365234,368.2,-1.6600000000000001
187,8465,1591296,1.2353000000000005,777,328.76,,,,,,,,,,,,
187,8475,1593344,1.4177000000000002,778,330.56,0.2,0.033631160855293274,0.8677906754659489,0.0003,0.235546875,7770,0.030275343,0.5051093697547913,-1.2201485380530357,-0.03710845065070316,,
188,8484,1595392,1.6113000000000002,779,331.22,0.2,0.059598956257104874,1.3772618358954787,0.0003,0.176904296875,7780,0.020438738,0.4976285696029663,-1.1753557112067938,-0.026011520726024175,,
188,8492,1597440,1.0571999999999997,780,326.57,0.2,0.010885164141654968,0.7523406932363287,0.0003,0.21396484375,7790,0.023096822,0.5176273584365845,-1.1779040481895209,-0.024792313072248363,,
188,8500,1599488,0.9040000000000002,781,321.87,0.2,0.016662348061800003,1.0711008822079748,0.0003,0.253662109375,7800,0.026082478,0.2974100112915039,-1.2996214739978313,-0.0314279317506589,,
,,1600000,,,,0.2,-0.0016691870987415314,1.45107930037193,0.0003,0.195361328125,7810,0.020479016,0.36233270168304443,-1.2337067976593972,-0.02298572011932265,283.4,-0.8119999999999999
188,8514,1601536,0.5942999999999999,782,322.79,,,,,,,,,,,,
188,8525,1603584,0.1467999999999999,783,317.49,0.2,-0.03312534838914871,0.8468328852206468,0.0003,0.2201171875,7820,0.02888456,0.450477659702301,-1.1589642446488142,-0.024858298207982445,,
188,8534,1605632,-0.0727,784,319.42,0.2,0.10196124762296677,1.4077392266131938,0.0003,0.199853515625,7830,0.021606013,0.18133360147476196,-1.1356787109747528,-0.026153292917297222,,
188,8545,1607680,0.7209,785,330.15,0.2,-0.003444269299507141,1.1903253325959668,0.0003,0.231494140625,7840,0.02567974,0.3728986382484436,-1.184586402773857,-0.029673592280596496,,
188,8553,1609728,0.1019999999999997,786,322.01,0.2,0.07253968715667725,1.299792666779831,0.0003,0.20947265625,7850,0.02548606,-0.05266892910003662,-1.1272854505106806,-0.029585579663398677,,
,,1610000,,,,0.2,0.08200044184923172,1.0915912535507233,0.0003,0.219775390625,7860,0.028817995,0.5177878737449646,-1.202707887068391,-0.030983068434579764,385.8,4.17
188,8570,1611776,0.41459999999999964,787,330.79,,,,,,,,,,,,
188,8579,1613824,1.2271999999999998,788,339.64,0.2,0.07696180045604706,1.1646683694561943,0.0003,0.224169921875,7870,0.029005421,0.28803545236587524,-1.1662257678806782,-0.03335112222412136,,
188,8589,1615872,1.5933999999999997,789,353.11,0.2,0.030041642487049103,1.368319212179631,0.0003,0.192578125,7880,0.023651829,0.4659590721130371,-1.1424282856285572,-0.0280156940134475,,
188,8596,1617920,2.5522000000000005,790,357.31,0.2,0.02711901068687439,1.1306347041623668,0.0003,0.255126953125,7890,0.029926103,0.3643594980239868,-1.197934267669916,-0.0296119901468046,,
188,8606,1619968,3.0613,791,366.48,0.2,-0.008173992857336998,0.6506106103421189,0.0003,0.249755859375,7900,0.025040297,0.5356490612030029,-1.3515605255961418,-0.025796375336358323,,
,,1620000,,,,0.2,0.04382837191224098,1.3561306375311688,0.0003,0.21728515625,7910,0.022082258,0.27620333433151245,-1.3152973443269729,-0.02811324219510425,325.2,0.7679999999999996
188,8622,1622016,3.1807,792,364.55,,,,,,,,,,,,
188,8633,1624064,3.9930999999999996,793,373.36,0.2,0.04507146403193474,1.6974398661172017,0.0003,0.190087890625,7920,0.022606602,0.03532564640045166,-1.1109367338940501,-0.025713854006608017,,
188,8643,1626112,4.1303,794,379.66,0.2,0.014352381229400635,1.3838450743816793,0.0003,0.16064453125,7930,0.023309484,0.153028666973114,-0.9641092544421553,-0.02472011791251134,,
188,8652,1628160,3.7151000000000005,795,381.16,0.2,0.09953086078166962,1.2983707465231418,0.0003,0.20947265625,7940,0.027374908,-0.11514627933502197,-1.1781564380973577,-0.025644238889799453,,
,,1630000,,,,0.2,0.12857218086719513,1.2445675154449418,0.0003,0.181884765625,7950,0.021019012,0.4616761803627014,-1.0962765110656618,-0.019673525597318074,323.8,8.789999999999997
188,8669,1630208,3.2524,796,377.38,,,,,,,,,,,,
188,8679,1632256,3.6099,797,391.68,0.2,0.08650195598602295,1.3761934550479054,0.0003,0.18681640625,7960,0.021551812,0.1894826889038086,-1.149571909941733,-0.029944084893213586,,
188,8688,1634304,4.1432,798,398.41,0.2,0.039089348167181015,0.6017161940224469,0.0003,0.2369140625,7970,0.025393123,0.6426585912704468,-1.27414317317307,-0.0304638273693854,,
188,8699,1636352,4.5766,799,405.12,0.2,0.025762155652046204,1.6267498493893071,0.0003,0.1802734375,7980,0.023045978,-0.11896693706512451,-1.1417977277189493,-0.026090546816703863,,
188,8709,1638400,5.1595,800,416.9,0.2,-0.027357816696166992,0.5785110391094349,0.0003,0.244482421875,7990,0.029019834,0.5773497819900513,-1.2096192326396704,-0.030154507275437937,,
,,1640000,,,,0.2,-0.0116170234978199,1.2454723733011632,0.0003,0.243505859375,8000,0.023246383,0.3392971158027649,-1.203172143176198,-0.02924488537828438,378.4,2.2419999999999995
187,8727,1640448,5.4742,801,415.46,,,,,,,,,,,,
187,8736,1642496,5.400400000000002,802,412.83,0.2,0.10150972008705139,1.934169084066525,0.0003,0.173681640625,8010,0.018536877,0.15572279691696167,-1.1643632775172592,-0.02845860247616656,,
188,8746,1644544,5.213700000000001,803,411.5,0.2,0.0768207535147667,1.2696692446712405,0.0003,0.21865234375,8020,0.025110949,0.329912006855011,-1.2602600771933794,-0.029575665085576474,,
188,8756,1646592,6.2721,804,415.77,0.2,0.1076182872056961,1.2583492805948482,0.0003,0.200244140625,8030,0.02357443,0.4857143759727478,-1.1288922471925615,-0.029501978858024813,,
188,8766,1648640,6.3852,805,414.47,0.2,0.04874253273010254,2.0974388933042065,0.0003,0.235400390625,8040,0.029922951,0.2711792588233948,-1.2303770758211612,-0.0306652376515558,,
,,1650000,,,,0.2,-0.01977379247546196,1.7995653811609373,0.0003,0.197216796875,8050,0.02643897,0.1900290846824646,-1.2008004508912564,-0.025520873442292213,326.8,8.76
187,8783,1650688,6.6911000000000005,806,423.9,,,,,,,,,,,,
187,8792,1652736,7.0173000000000005,807,431.32,0.2,-0.002209022641181946,0.9514032911742106,0.0003,0.216796875,8060,0.023679676,0.5075311660766602,-1.2174389008432627,-0.030570655902556608,,
187,8802,1654784,6.7642999999999995,808,426.59,0.2,0.057364776730537415,1.0847865670919419,0.0003,0.25224609375,8070,0.031188264,0.5149843692779541,-1.2343214992433786,-0.029629526440112387,,
188,8811,1656832,5.439400000000001,809,408.93,0.2,0.02213495969772339,0.8444995578727685,0.0003,0.231689453125,8080,0.027957007,0.46749013662338257,-1.179780600592494,-0.03921773887122981,,
188,8821,1658880,5.809699999999998,810,411.94,0.2,0.09202003479003906,1.1495814359979704,0.0003,0.211669921875,8090,0.025536781,0.2898108959197998,-1.202018552646041,-0.03027402710285969,,
,,1660000,,,,0.2,0.1718420833349228,1.7821711093885824,0.0003,0.194140625,8100,0.023660962,-0.237951397895813,-1.2177618771791459,-0.031809820898342875,346.6,2.560000000000001
187,8837,1660928,5.101000000000001,811,402.75,,,,,,,,,,,,
187,8847,1662976,5.2203,812,410.84,0.2,0.041720710694789886,1.2662453606026247,0.0003,0.2236328125,8110,0.029636243,0.1337430477142334,-1.1061952499672771,-0.03321097613952588,,
187,8856,1665024,5.0259,813,410.28,0.2,0.17217600345611572,1.2893424548674375,0.0003,0.179296875,8120,0.020264875,0.23458760976791382,-1.131248527765274,-0.02814269305381458,,
188,8866,1667072,5.068499999999999,814,406.02,0.2,-0.0026151463389396667,1.3759185561910272,0.0003,0.21015625,8130,0.026329596,0.2869751453399658,-1.1610362976789474,-0.02730380469583906,,
188,8876,1669120,5.0516000000000005,815,397.66,0.2,0.45723143219947815,1.66542852090206,0.0003,0.194873046875,8140,0.023292722,0.2834876775741577,-1.0983797995373608,-0.029859793558716773,,
,,1670000,,,,0.2,0.08209210634231567,1.8329143711365758,0.0003,0.1580078125,8150,0.015692364,0.3339080214500427,-1.0114615675061942,-0.019733519371948206,222.8,-6.211999999999999
187,8890,1671168,4.7201,816,380.76,,,,,,,,,,,,
187,8900,1673216,4.5174,817,381.01,0.2,0.07906963676214218,2.3019636347424237,0.0003,0.1609375,8160,0.01694097,0.07478439807891846,-1.1273121502250434,-0.02609837841882836,,
188,8909,1675264,3.3926,818,363.36,0.2,0.1448597013950348,1.3365386838559061,0.0003,0.2205078125,8170,0.026014484,0.3339117765426636,-1.2162621380761265,-0.030972339201252908,,
188,8919,1677312,2.679699999999999,819,354.57,0.2,0.053128112107515335,1.1740725664421916,0.0003,0.2349609375,8180,0.02681762,0.12721693515777588,-1.1129718786105514,-0.027202241829945704,,
188,8928,1679360,3.152099999999999,820,357.38,0.2,0.05311567336320877,1.3750640279846267,0.0003,0.226904296875,8190,0.025071984,0.1634303331375122,-1.202354495599866,-0.0321935488289455,,
,,1680000,,,,0.2,0.10940489917993546,1.0143433100776746,0.0003,0.207568359375,8200,0.025585614,0.07927405834197998,-1.071193564683199,-0.03179646517091896,256.4,-4.546
187,8944,1681408,3.455799999999999,821,357.02,,,,,,,,,,,,
188,8954,1683456,2.9471999999999996,822,357.83,0.2,0.020465761423110962,1.4603128577582538,0.0003,0.217724609375,8210,0.022696398,0.5403956770896912,-1.1150793563574553,-0.03718310908880085,,
188,8963,1685504,2.3024000000000004,823,342.25,0.2,-0.015255935490131378,0.708951490430627,0.0003,0.219677734375,8220,0.023604568,0.5060354471206665,-1.1056473705917598,-0.02649376420886256,,
188,8972,1687552,2.1314,824,339.33,0.2,0.19002285599708557,1.9038348834263161,0.0003,0.208349609375,8230,0.02328099,0.08319038152694702,-1.1032282711938024,-0.03333158428431489,,
188,8982,1689600,3.1623999999999994,825,346.32,0.2,0.12910714745521545,1.4357363832416012,0.0003,0.19443359375,8240,0.02314993,0.15310055017471313,-1.1168482003733515,-0.027064707869431003,,
,,1690000,,,,0.2,0.11467261612415314,1.328120946069248,0.0003,0.182275390625,8250,0.024578843,0.23589640855789185,-1.1800981540232898,-0.028593009553151204,259.6,-0.5740000000000002
188,8997,1691648,3.918099999999999,826,350.83,,,,,,,,,,,,
188,9007,1693696,4.228599999999999,827,349.79,0.2,1.3101129531860352,2.0746047276072206,0.0003,0.18759765625,8260,0.01886985,0.13151562213897705,-1.132567897439003,-0.027795693816733545,,
188,9017,1695744,5.1517,828,357.56,0.2,0.03388873487710953,0.804509395454079,0.0003,0.246875,8270,0.03207069,0.5813983678817749,-1.0476070707663894,-0.036989315692335364,,
188,9027,1697792,5.09,829,353.72,0.2,0.07342611253261566,1.2539969176985324,0.0003,0.21357421875,8280,0.024562553,0.3627427816390991,-1.1326464843004942,-0.028968570166034623,,
188,9037,1699840,5.314299999999999,830,351.33,0.2,-0.014027491211891174,1.3948560939403252,0.0003,0.218994140625,8290,0.025897704,0.12495243549346924,-1.1603776063770055,-0.02779996053723153,,
,,1700000,,,,0.2,0.0004935674369335175,1.7281196446390823,0.0003,0.21669921875,8300,0.025732411,0.21599513292312622,-1.129338165000081,-0.029464262555120514,234.4,-2.323999999999999
187,9052,1701888,5.862599999999999,831,356.54,,,,,,,,,,,,
188,9063,1703936,5.8031999999999995,832,352.45,0.2,-0.024789340794086456,0.9903164750663563,0.0003,0.236669921875,8310,0.032006014,0.560492992401123,-1.06683956887573,-0.03209356392326299,,
188,9072,1705984,6.787399999999999,833,364.14,0.2,-0.010518170893192291,1.0609026400605217,0.0003,0.221337890625,8320,0.028363526,0.32831794023513794,-1.089133626036346,-0.031815205185557714,,
188,9082,1708032,7.5337,834,369.59,0.2,0.1942148357629776,1.4431642797542736,0.0003,0.18828125,8330,0.026819564,0.3467085361480713,-1.029650603607297,-0.02555490831437055,,
,,1710000,,,,0.2,0.07865045219659805,1.5681913970503956,0.0003,0.184619140625,8340,0.019342605,0.49886441230773926,-1.1997566636651755,-0.02659558503655717,246.0,-6.444
187,9097,1710080,7.9484,835,368.16,,,,,,,,,,,,
187,9107,1712128,8.738499999999998,836,379.24,0.2,0.0794919952750206,1.4401338716270402,0.0003,0.230419921875,8350,0.028262202,0.3056195378303528,-1.3181416720151902,-0.032453821558738126,,
187,9118,1714176,9.283399999999999,837,384.81,0.2,0.15007874369621277,1.076104923640378,0.0003,0.221875,8360,0.026111666,0.5060243606567383,-1.1724900960922242,-0.030022093406296337,,
188,9128,1716224,10.046899999999999,838,388.54,0.2,0.021880798041820526,1.1004169274820015,0.0003,0.203271484375,8370,0.023274718,0.34323054552078247,-1.1170669678598641,-0.020444844642770476,,
188,9137,1718272,9.937100000000001,839,389.51,0.2,0.014153383672237396,1.470525717944838,0.0003,0.233203125,8380,0.027525023,0.2826235294342041,-1.1693718779832125,-0.038580651220399886,,
,,1720000,,,,0.2,0.06854188442230225,1.1755200556479395,0.0003,0.212109375,8390,0.02920053,0.35800236463546753,-1.229760568588972,-0.029394639637030196,272.8,1.2960000000000005
187,9153,1720320,9.876600000000002,840,385.55,,,,,,,,,,,,
187,9163,1722368,9.0624,841,376.88,0.2,0.07495280355215073,1.2205360822961666,0.0003,0.228076171875,8400,0.025854543,0.4302188754081726,-1.1914086915552615,-0.029677734257711565,,
187,9172,1724416,9.5798,842,385.18,0.2,0.03707257658243179,0.8901486264774576,0.0003,0.230908203125,8410,0.02597563,0.46598100662231445,-1.176286068186164,-0.03229838312836364,,
188,9181,1726464,8.9109,843,371.99,0.2,0.03080897033214569,1.1636842350009828,0.0003,0.235302734375,8420,0.029560497,0.05436086654663086,-1.1628822844475508,-0.03494793723366456,,
188,9191,1728512,8.0503,844,367.96,0.2,0.029067307710647583,1.3725047249579803,0.0003,0.172705078125,8430,0.020769456,0.2062164545059204,-1.0481085941195487,-0.02995808432751801,,
,,1730000,,,,0.2,-0.019192244857549667,1.3549140078946948,0.0003,0.1779296875,8440,0.021767896,-0.04527711868286133,-1.1569386180490255,-0.030560141697060318,459.2,13.446000000000002
187,9210,1730560,8.406600000000001,845,372.37,,,,,,,,,,,,
187,9220,1732608,7.6963,846,373.35,0.2,0.7606236934661865,1.9146386233856902,0.0003,0.20615234375,8450,0.022865746,0.08468645811080933,-1.2226019505411387,-0.028991520762792787,,
187,9229,1734656,6.563599999999999,847,366.52,0.2,0.04041434824466705,1.032870725938119,0.0003,0.228662109375,8460,0.027889106,0.17519128322601318,-1.3485298499464988,-0.029158557804476005,,
187,9238,1736704,7.200699999999999,848,372.88,0.2,0.16464439034461975,1.686284205899574,0.0003,0.2,8470,0.022606637,0.1687929630279541,-1.2816730808466672,-0.026961845546611584,,
188,9247,1738752,6.679500000000001,849,364.96,0.2,0.05853928625583649,1.8912401175126434,0.0003,0.21181640625,8480,0.026089292,0.3061726689338684,-1.2781806860119105,-0.03215618339163484,,
,,1740000,,,,0.2,0.15558883547782898,1.3553770888829604,0.0003,0.218896484375,8490,0.026792489,0.284920334815979,-1.1306488510221242,-0.033204244513763116,354.2,2.4839999999999995
187,9262,1740800,6.985600000000001,850,374.41,,,,,,,,,,,,
187,9273,1742848,7.318299999999999,851,381.2,0.2,0.006459526717662811,1.335418526129797,0.0003,0.237109375,8500,0.027285036,0.06060439348220825,-1.2821191668510437,-0.03533489718683995,,
187,9282,1744896,6.494899999999999,852,373.45,0.2,0.025452226400375366,0.6559907973278314,0.0003,0.25185546875,8510,0.032118835,0.4753987193107605,-1.2112478241324425,-0.03591734268411528,,
188,9291,1746944,6.2134,853,371.55,0.2,0.024385619908571243,1.9718405799707397,0.0003,0.17333984375,8520,0.023023702,-0.1386183500289917,-1.122934402152896,-0.027858251694124193,,
188,9301,1748992,5.447900000000001,854,358.01,0.2,0.03186827152967453,1.310031479690224,0.0003,0.220703125,8530,0.025391944,0.36901938915252686,-1.1722892008721828,-0.0325509050686378,,
,,1750000,,,,0.2,0.10206827521324158,2.080574695020914,0.0003,0.192041015625,8540,0.022427779,0.3885812759399414,-1.131694689206779,-0.02678321939893067,225.2,-2.232
187,9314,1751040,4.7362,855,349.08,,,,,,,,,,,,
188,9324,1753088,5.813900000000001,856,361.43,0.2,0.017859874293208122,1.0217453453224152,0.0003,0.210888671875,8550,0.02822754,0.3959351181983948,-1.0771274987608195,-0.029707662550208624,,
188,9333,1755136,5.921600000000001,857,360.67,0.2,0.08198001980781555,1.490879360307008,0.0003,0.217138671875,8560,0.024761014,0.2947791814804077,-1.1673434935510159,-0.031409186241216955,,
188,9342,1757184,6.0186,858,360.98,0.2,0.02065376192331314,1.6743434421950951,0.0003,0.210791015625,8570,0.025321767,0.48904019594192505,-1.1525200046598911,-0.03035819824435748,,
188,9352,1759232,5.7732,859,355.47,0.2,0.07741907984018326,1.1207377476617695,0.0003,0.17548828125,8580,0.025088295,0.3753260374069214,-1.01669392157346,-0.02997792121605016,,
,,1760000,,,,0.2,0.00599486380815506,1.6736212151125074,0.0003,0.23486328125,8590,0.029826108,-0.36005842685699463,-1.221920221298933,-0.03332269104284933,369.6,8.328000000000001
188,9367,1761280,5.7410000000000005,860,358.71,,,,,,,,,,,,
188,9378,1763328,5.9908,861,363.78,0.2,-0.022770918905735016,1.1196109917247667,0.0003,0.235546875,8600,0.0268789,0.12530773878097534,-1.2133569035679101,-0.029922984265431295,,
188,9388,1765376,7.029299999999999,862,370.04,0.2,0.183180570602417,1.0978045909432694,0.0003,0.209228515625,8610,0.02374977,0.49439430236816406,-1.16874191313982,-0.030178359244018793,,
188,9396,1767424,6.506900000000001,863,362.22,0.2,0.039939265698194504,1.9347655934281647,0.0003,0.216552734375,8620,0.022931408,0.24515998363494873,-1.1714239977300167,-0.035069432351156136,,
188,9404,1769472,6.936599999999999,864,359.29,0.2,0.029983729124069214,1.1775338122155516,0.0003,0.254345703125,8630,0.026686031,0.37895065546035767,-1.2792600698769092,-0.03193878717138432,,
,,1770000,,,,0.2,0.007676035165786743,1.1924522429471835,0.0003,0.222607421875,8640,0.026929773,0.35637563467025757,-1.2823143638670444,-0.032029668460018,306.2,2.9640000000000004
188,9419,1771520,6.0653999999999995,865,346.31,,,,,,,,,,,,
188,9428,1773568,5.789599999999999,866,343.86,0.2,0.008504785597324371,1.44358076476492,0.0003,0.231298828125,8650,0.023301017,0.1771700382232666,-1.261066384986043,-0.02853358615830075,,
188,9437,1775616,6.0531,867,337.53,0.2,0.10004483908414841,1.5336067576194181,0.0003,0.198486328125,8660,0.023888802,0.27641427516937256,-1.1875456660985946,-0.028876208336441778,,
188,9447,1777664,6.2416,868,338.7,0.2,0.5569799542427063,2.9364361809566617,0.0003,0.19033203125,8670,0.02341166,0.0022504329681396484,-1.2485642611980439,-0.030914953612955286,,
188,9456,1779712,6.6215,869,340.71,0.2,0.005345053970813751,1.1490681912750005,0.0003,0.230810546875,8680,0.027639408,0.3686297535896301,-1.2878836262971163,-0.03578794606437441,,
,,1780000,,,,0.2,0.04174552112817764,1.1829590731998905,0.0003,0.258154296875,8690,0.030252865,0.5171992778778076,-1.2021639712154866,-0.03407933652051724,360.8,12.419999999999998
188,9471,1781760,6.2427,870,328.54,,,,,,,,,,,,
188,9480,1783808,5.3527,871,317.46,0.2,0.12302445620298386,1.5737144974060358,0.0003,0.19443359375,8700,0.019336678,0.288165807723999,-1.1231568276882171,-0.032336614228552205,,
188,9489,1785856,5.1773,872,314.98,0.2,-0.00434662401676178,1.3966473039472476,0.0003,0.226220703125,8710,0.028801827,0.18603450059890747,-1.2485646694898604,-0.03191462651011534,,
188,9497,1787904,5.519500000000001,873,320.78,0.2,0.3190564811229706,2.0312755569815635,0.0003,0.1859375,8720,0.021964706,-0.013765454292297363,-1.3329145304858685,-0.02291561085730791,,
188,9506,1789952,4.944100000000001,874,318.3,0.2,0.007175609469413757,1.5912882761564107,0.0003,0.208740234375,8730,0.023028411,0.2487426996231079,-1.3037308417260647,-0.02619074046087917,,
,,1790000,,,,0.2,0.02409984916448593,1.155140269966796,0.0003,0.240283203125,8740,0.025934707,0.2821785807609558,-1.2425524804741144,-0.03435529309790582,414.6,7.886
188,9523,1792000,5.585999999999999,875,324.18,,,,,,,,,,,,
188,9532,1794048,6.209699999999999,876,331.88,0.2,0.07596613466739655,1.5105191575130448,0.0003,0.18095703125,8750,0.020909246,0.4893532991409302,-1.2197986375540495,-0.029277776347589678,,
188,9542,1796096,6.0398000000000005,877,328.85,0.2,0.19050411880016327,1.625584531459026,0.0003,0.2251953125,8760,0.024383761,0.11087477207183838,-1.2949962303042413,-0.028232980528264305,,
188,9551,1798144,5.496899999999999,878,323.08,0.2,-0.013616815209388733,1.3812804100802167,0.0003,0.230517578125,8770,0.03228641,0.33301931619644165,-1.1440483551472425,-0.03372581498988438,,
,,1800000,,,,0.2,0.15464867651462555,0.899252217868343,0.0003,0.258251953125,8780,0.031045094,0.14716851711273193,-1.1606415186077357,-0.030259959143586458,160.8,-1.592
188,9563,1800192,6.0516,879,327.67,,,,,,,,,,,,
188,9572,1802240,6.0417000000000005,880,328.66,0.2,0.20026575028896332,1.1485711881425231,0.0003,0.210595703125,8790,0.022765854,0.45320355892181396,-1.18100513368845,-0.03533232858753763,,
188,9581,1804288,5.765300000000001,881,326.27,0.2,0.12166981399059296,1.8137292281724513,0.0003,0.182177734375,8800,0.020502873,0.12714463472366333,-1.2408819586038589,-0.029052067711018027,,
188,9589,1806336,5.926299999999999,882,330.17,0.2,0.0070277005434036255,2.184986202348955,0.0003,0.18828125,8810,0.02456455,-0.002934575080871582,-1.2023139145225286,-0.028045628493418916,,
188,9599,1808384,5.2639,883,326.34,0.2,0.1079828292131424,1.1873661436373368,0.0003,0.22841796875,8820,0.025853239,0.27409666776657104,-1.1956894047558309,-0.03190770247310866,,
,,1810000,,,,0.2,0.05388806015253067,1.1834185394924135,0.0003,0.219287109375,8830,0.025346057,0.37202244997024536,-1.1925893809646368,-0.030370710146962666,429.4,9.74
188,9616,1810432,5.166600000000001,884,326.08,,,,,,,,,,,,
188,9625,1812480,5.441999999999998,885,328.57,0.2,-0.01881708949804306,0.9799735181033611,0.0003,0.2146484375,8840,0.025069263,0.3913803696632385,-1.2143094524741174,-0.026624718197854235,,
188,9634,1814528,5.339399999999999,886,338.87,0.2,0.04742257297039032,1.2723937526810913,0.0003,0.209521484375,8850,0.025961308,0.2109818458557129,-1.2280929539352656,-0.02652783835947048,,
188,9643,1816576,5.194400000000001,887,343.38,0.2,0.0382441021502018,0.9249916152912192,0.0003,0.210205078125,8860,0.025577541,0.32804131507873535,-1.2013950176537036,-0.027367170722573064,,
188,9653,1818624,5.6468,888,348.19,0.2,0.32674163579940796,1.5424498933600261,0.0003,0.2224609375,8870,0.026626747,-0.1251232624053955,-1.2500713929533958,-0.028923740825848653,,
,,1820000,,,,0.2,0.030598342418670654,1.7172154996078461,0.0003,0.207568359375,8880,0.025963172,0.2864912152290344,-1.213345541805029,-0.025069112580968066,362.6,8.401999999999997
188,9669,1820672,5.3628,889,346.54,,,,,,,,,,,,
188,9678,1822720,4.5863000000000005,890,334.12,0.2,-0.014203120023012161,1.5040471771499142,0.0003,0.2216796875,8890,0.027782422,0.2005993127822876,-1.2671265810728074,-0.031307331743300894,,
188,9687,1824768,4.7915,891,333.58,0.2,0.14738258719444275,1.2704384435433895,0.0003,0.22861328125,8900,0.02360068,0.1047777533531189,-1.251706362143159,-0.029916157526895405,,
188,9697,1826816,4.3464,892,328.02,0.2,0.28670310974121094,1.2365500311367215,0.0003,0.222998046875,8910,0.026359726,0.584140956401825,-1.2329346053302288,-0.027519599796505645,,
188,9706,1828864,4.7010000000000005,893,332.6,0.2,0.03279030695557594,1.4095205783611164,0.0003,0.21005859375,8920,0.024936233,0.09458470344543457,-1.1327439406886697,-0.025935127862612716,,
,,1830000,,,,0.2,0.18813708424568176,1.1440753301838413,0.0003,0.176806640625,8930,0.020862851,0.37692946195602417,-1.1403679879382254,-0.026335590312373824,336.0,4.668000000000001
188,9721,1830912,5.8301,894,339.79,,,,,,,,,,,,
188,9730,1832960,5.648599999999999,895,337.92,0.2,0.2135159820318222,1.6170834846096114,0.0003,0.19560546875,8940,0.023148322,0.2955424189567566,-1.1231305481866003,-0.02758990694710519,,
188,9740,1835008,5.9184,896,340.97,0.2,0.10907848179340363,1.5619216852122917,0.0003,0.208203125,8950,0.024015011,0.2303701639175415,-1.113026130385697,-0.02776428747456521,,
188,9749,1837056,5.2646999999999995,897,336.27,0.2,0.09392893314361572,1.6490279407938941,0.0003,0.21396484375,8960,0.024172379,0.3754500150680542,-1.1625727228820324,-0.0313409792695893,,
188,9759,1839104,5.999700000000002,898,342.85,0.2,-0.017242707312107086,1.3759572547860444,0.0003,0.22041015625,8970,0.02777513,0.21618109941482544,-1.1965897422283889,-0.028383933246368544,,
,,1840000,,,,0.2,0.1309168040752411,1.5451653533848002,0.0003,0.1880859375,8980,0.021601297,0.40488070249557495,-1.0992224963381887,-0.03240118979592808,203.2,-0.010000000000000498
188,9771,1841152,6.3728,899,345.6,,,,,,,,,,,,
188,9779,1843200,6.159099999999999,900,336.92,0.2,0.12566646933555603,1.9574179316870868,0.0003,0.21787109375,8990,0.025593068,0.21842211484909058,-1.138688893802464,-0.033086794667178766,,
188,9788,1845248,6.7977,901,343.13,0.2,0.07224397361278534,1.1546175065217539,0.0003,0.220263671875,9000,0.026653253,0.46098464727401733,-1.1374947356060148,-0.02882492502394598,,
188,9797,1847296,6.280299999999999,902,334.81,0.2,0.017799273133277893,1.7303418277064337,0.0003,0.183544921875,9010,0.02306788,0.45736706256866455,-1.1343970712274314,-0.02329565982799977,,
188,9805,1849344,6.8708,903,335.82,0.2,0.009046010673046112,1.4730407449416816,0.0003,0.235009765625,9020,0.02808643,0.37773871421813965,-1.2214640729129314,-0.03279750390793197,,
,,1850000,,,,0.2,0.24794049561023712,1.2627601854735986,0.0003,0.233740234375,9030,0.027893286,0.5083884596824646,-1.3023465383797883,-0.028871633420931176,151.6,0.5020000000000003
188,9818,1851392,6.754700000000001,904,337.42,,,,,,,,,,,,
188,9827,1853440,6.971900000000001,905,335.72,0.2,0.08849677443504333,1.880577723123133,0.0003,0.161181640625,9040,0.018445056,0.4400731325149536,-1.1436962965875863,-0.025705470473621973,,
188,9836,1855488,7.3373,906,339.22,0.2,0.026935238391160965,1.1912245445651934,0.0003,0.228125,9050,0.02520727,0.35166752338409424,-1.1527976782992482,-0.030386059373267927,,
188,9845,1857536,8.299199999999999,907,343.11,0.2,0.05764072388410568,1.1480953407473862,0.0003,0.201513671875,9060,0.026428025,0.4872877597808838,-1.1250112319365144,-0.029570668110682163,,
188,9854,1859584,8.3423,908,348.85,0.2,0.09249740839004517,1.7068047138396651,0.0003,0.19775390625,9070,0.024935368,0.3052266240119934,-1.2291291948407888,-0.03199662632541731,,
,,1860000,,,,0.2,0.09578683227300644,1.4948146478272974,0.0003,0.185009765625,9080,0.019814944,0.16693341732025146,-1.1245620533823968,-0.030469141056528315,109.8,-7.0840000000000005
188,9864,1861632,9.271099999999997,909,356.09,,,,,,,,,,,,
188,9872,1863680,9.111699999999999,910,352.01,0.2,-0.0009456425905227661,1.7172573360381649,0.0003,0.19013671875,9090,0.024508253,0.17464715242385864,-1.1103427654132247,-0.02768534050846938,,
188,9881,1865728,8.460300000000002,911,347.06,0.2,0.06307704746723175,1.363684059190564,0.0003,0.21845703125,9100,0.025496282,0.5916774868965149,-1.359648346155882,-0.02371799838147126,,
188,9890,1867776,7.697700000000001,912,343.26,0.2,0.03940628841519356,2.2009631036780775,0.0003,0.202001953125,9110,0.024590665,0.1380840539932251,-1.173809077590704,-0.026286308134149294,,
188,9899,1869824,7.7143,913,341.6,0.2,0.024498194456100464,1.2320152322994544,0.0003,0.209423828125,9120,0.023453949,0.6209669709205627,-1.1153734596446157,-0.024184426400461236,,
,,1870000,,,,0.2,0.07174870371818542,1.2093566300347447,0.0003,0.21005859375,9130,0.021288924,0.508823037147522,-1.2153099112212657,-0.0287476610916201,428.4,19.76
188,9915,1871872,7.3123000000000005,914,331.75,,,,,,,,,,,,
188,9923,1873920,6.365999999999999,915,326.28,0.2,0.00991193950176239,1.0548110560514032,0.0003,0.253125,9140,0.03307973,0.5147726535797119,-1.2831722352653743,-0.026942292167223058,,
188,9932,1875968,5.721700000000001,916,320.66,0.2,0.006362501531839371,1.1560894372640178,0.0003,0.25595703125,9150,0.025699653,0.25733762979507446,-1.2782019440084695,-0.035051206755451855,,
188,9940,1878016,4.6859,917,314.13,0.2,0.13547758758068085,1.207208387646824,0.0003,0.23173828125,9160,0.027677612,0.11330997943878174,-1.2111873045563697,-0.03159685338614508,,
,,1880000,,,,0.2,0.047211531549692154,1.5701619651867076,0.0003,0.215185546875,9170,0.023456682,-0.045325398445129395,-1.224919071048498,-0.027863799020997247,163.4,-7.624
188,9951,1880064,4.987600000000001,918,313.99,,,,,,,,,,,,
188,9960,1882112,4.4498,919,307.69,0.2,0.043950073421001434,1.3893171476665884,0.0003,0.226416015625,9180,0.027483968,0.2678065896034241,-1.2195910934358836,-0.029663086065556853,,
188,9969,1884160,4.5298,920,309.7,0.2,0.24762651324272156,1.7312912570079788,0.0003,0.20908203125,9190,0.024039103,0.4367532730102539,-1.1764531761407853,-0.027358003484550864,,
189,9977,1886208,5.2200999999999995,921,310.74,0.2,0.05904942750930786,1.0143913766834884,0.0003,0.219775390625,9200,0.02405292,0.459377646446228,-1.225560026243329,-0.027875657798722385,,
189,9985,1888256,5.580899999999999,922,314.72,0.2,0.2861456573009491,1.4363532280549407,0.0003,0.216943359375,9210,0.020898871,0.5774022340774536,-1.2611647117882967,-0.02574741650605574,,
,,1890000,,,,0.2,0.04460819810628891,1.317264574347064,0.0003,0.224755859375,9220,0.0246898,0.5550716519355774,-1.3275191754102706,-0.024090391176287085,369.8,12.338000000000001
189,10000,1890304,4.224500000000001,923,300.21,,,,,,,,,,,,
189,10008,1892352,3.4888000000000003,924,293.7,0.2,0.08398561179637909,1.2700172157026828,0.0003,0.227880859375,9230,0.027581282,0.5050187110900879,-1.227205491438508,-0.026953861615038478,,
189,10017,1894400,3.0605,925,286.48,0.2,0.26315319538116455,1.9025047379080207,0.0003,0.220703125,9240,0.020781545,0.5163687467575073,-1.4003009479492903,-0.025004635345248973,,
189,10026,1896448,3.5121999999999995,926,291.34,0.2,0.018156416714191437,1.1882414840860291,0.0003,0.251416015625,9250,0.03281824,0.3999556303024292,-1.2953498840332032,-0.030560825372231194,,
189,10034,1898496,2.6731000000000007,927,285.16,0.2,0.051436230540275574,1.3100281108403578,0.0003,0.221435546875,9260,0.025970828,0.28386354446411133,-1.3127327840775251,-0.028688521045842207,,
,,1900000,,,,0.2,0.00907309353351593,0.7826396832242608,0.0003,0.28134765625,9270,0.03435161,0.5326000452041626,-1.2610676109790802,-0.03861183371336665,295.8,7.068
189,10048,1900544,3.3126000000000007,928,291.26,,,,,,,,,,,,
189,10056,1902592,3.7108000000000003,929,291.46,0.2,-0.020523030310869217,1.2363482812885196,0.0003,0.22568359375,9280,0.026762608,0.5482190847396851,-1.3303119864314794,-0.029501114721642806,,
189,10065,1904640,4.316,930,301.01,0.2,0.035945307463407516,1.9110979854594916,0.0003,0.22041015625,9290,0.024280703,0.3046014904975891,-1.2124252639710904,-0.024116515240166336,,
189,10074,1906688,4.4186,931,300.76,0.2,0.036534633487463,1.1827412633225323,0.0003,0.23798828125,9300,0.03657214,0.32879120111465454,-1.2148035116493703,-0.027983023584238254,,
189,10083,1908736,5.0701,932,305.68,0.2,0.023750007152557373,0.9229966586921364,0.0003,0.258251953125,9310,0.027192496,0.491754949092865,-1.3534464217722415,-0.02232224531471729,,
,,1910000,,,,0.2,0.4941413998603821,1.6071405523922295,0.0003,0.253857421875,9320,0.026633844,0.25171375274658203,-1.1684701962396502,-0.033594477392034604,327.2,8.756
189,10098,1910784,4.927200000000001,933,309.96,,,,,,,,,,,,
189,10107,1912832,4.5692,934,305.74,0.2,0.007233768701553345,1.4413449560990557,0.0003,0.2279296875,9330,0.026716247,0.3494988679885864,-1.210811748728156,-0.03215695089893415,,
189,10117,1914880,4.5593,935,306.73,0.2,0.003921762108802795,0.8362150428583845,0.0003,0.248388671875,9340,0.026528003,0.5551073551177979,-1.2426213830709458,-0.02940865068230778,,
189,10125,1916928,4.134899999999999,936,309.15,0.2,0.025051578879356384,1.1367842965293675,0.0003,0.275927734375,9350,0.029675033,0.27414315938949585,-1.319595580175519,-0.034207762026926505,,
189,10134,1918976,3.665700000000001,937,306.0,0.2,0.013080663979053497,0.9433955023065209,0.0003,0.23017578125,9360,0.025119614,0.5327026844024658,-1.273153093829751,-0.031167285519768485,,
,,1920000,,,,0.2,-0.016012515872716904,1.1075952403014526,0.0003,0.213330078125,9370,0.028430417,0.37337028980255127,-1.244194532185793,-0.031563892486155966,346.4,4.564
189,10149,1921024,3.5721,938,305.35,,,,,,,,,,,,
189,10159,1923072,3.8747000000000016,939,305.1,0.2,0.064520463347435,1.7288641337305308,0.0003,0.206787109375,9380,0.024076208,0.4386560916900635,-1.2208989057689905,-0.02695068655302748,,
189,10168,1925120,2.8273000000000006,940,299.77,0.2,0.030901722609996796,1.6392863210290671,0.0003,0.2099609375,9390,0.023124898,0.1357588768005371,-1.2268838264048099,-0.030577847961103542,,
189,10178,1927168,2.8522999999999996,941,297.27,0.2,0.03004598617553711,1.6248077263124288,0.0003,0.219873046875,9400,0.024722945,0.21369171142578125,-1.2516784965991974,-0.027133634872734548,,
189,10187,1929216,1.8522000000000003,942,287.19,0.2,0.03728532791137695,0.8357600535964593,0.0003,0.25146484375,9410,0.030992378,0.43632322549819946,-1.244873957708478,-0.030995337141212075,,
,,1930000,,,,0.2,-0.02292592078447342,0.8885639542713761,0.0003,0.232470703125,9420,0.028220674,0.41752809286117554,-1.1519969426095487,-0.03421086550952168,268.2,-0.6600000000000008
189,10202,1931264,1.3396000000000003,943,288.42,,,,,,,,,,,,
189,10210,1933312,2.0265,944,289.78,0.2,-0.018728107213974,0.7198634293163195,0.0003,0.251025390625,9430,0.029583607,0.5571801662445068,-1.1852035719901324,-0.03734843424463179,,
189,10220,1935360,2.4979,945,292.67,0.2,0.03759496659040451,1.4917833233484998,0.0003,0.21171875,9440,0.02656477,0.2161118984222412,-1.406933680176735,-0.024608336700475776,,
189,10230,1937408,2.8588999999999998,946,296.59,0.2,0.013375714421272278,0.8326418503304012,0.0003,0.21455078125,9450,0.028720304,0.4387989044189453,-1.2215600341558457,-0.027211495544179343,,
189,10239,1939456,3.1494999999999997,947,297.56,0.2,0.10182856023311615,1.0289276418508961,0.0003,0.195947265625,9460,0.021646384,0.5569708347320557,-1.1650021702051163,-0.030297529546078294,,
,,1940000,,,,0.2,0.08861641585826874,1.5159692006418481,0.0003,0.179638671875,9470,0.018041564,0.22810423374176025,-1.3237652149051429,-0.017194155743345617,313.2,10.902000000000001
189,10254,1941504,3.043399999999999,948,298.14,,,,,,,,,,,,
189,10263,1943552,3.5765,949,304.89,0.2,0.46036630868911743,1.8543535691918804,0.0003,0.19892578125,9480,0.025018072,0.3840875029563904,-1.2008458361029626,-0.02770534852752462,,
189,10273,1945600,3.0681000000000007,950,295.67,0.2,0.030031856149435043,1.402322176308371,0.0003,0.219091796875,9490,0.025725275,0.209558367729187,-1.149160784110427,-0.02883621598011814,,
189,10282,1947648,3.096000000000001,951,292.88,0.2,0.044404976069927216,1.973083616211079,0.0003,0.213525390625,9500,0.028129753,0.11444753408432007,-1.2508592512458563,-0.02405093811394181,,
189,10291,1949696,2.9337000000000004,952,289.05,0.2,0.041276246309280396,1.8973685430828482,0.0003,0.209228515625,9510,0.023339132,-0.039135098457336426,-1.1509587809443473,-0.032045060594100505,,
,,1950000,,,,0.2,0.030412662774324417,1.4622284510871395,0.0003,0.207080078125,9520,0.026522886,0.07954859733581543,-1.105954911187291,-0.0307935124670621,404.8,9.986
189,10308,1951744,3.5307,953,299.4,,,,,,,,,,,,
189,10318,1953792,4.0752,954,304.99,0.2,0.010868862271308899,0.9334615004947409,0.0003,0.22470703125,9530,0.027808394,0.2852262854576111,-1.2136055801063776,-0.030419929011259228,,
189,10329,1955840,4.7154,955,311.04,0.2,0.03937298804521561,1.434650188847445,0.0003,0.20068359375,9540,0.026051804,0.2111649513244629,-0.9873545106500388,-0.0312030081928242,,
189,10338,1957888,5.132899999999999,956,309.31,0.2,0.20131291449069977,1.6629727286053821,0.0003,0.19287109375,9550,0.023444247,0.08463102579116821,-0.9852327400818467,-0.026831694546854124,,
189,10348,1959936,6.119799999999998,957,310.68,0.2,0.4973940849304199,1.4885779530042782,0.0003,0.20380859375,9560,0.026866646,0.23300260305404663,-1.1776375483721495,-0.02909490728052333,,
,,1960000,,,,0.2,0.08697114139795303,1.9493382923072204,0.0003,0.20107421875,9570,0.02815441,-0.028306126594543457,-1.1000764904543758,-0.029818783098016867,242.6,-2.4059999999999997
189,10362,1961984,7.058900000000001,958,316.87,,,,,,,,,,,,
189,10372,1964032,7.190499999999999,959,313.72,0.2,0.14553996920585632,1.9634461097884923,0.0003,0.203515625,9580,0.026380219,0.19741177558898926,-1.098821948096156,-0.03026688950631069,,
189,10382,1966080,6.7136000000000005,960,311.4,0.2,0.08018407225608826,1.3596147301606833,0.0003,0.193212890625,9590,0.024597023,0.49918103218078613,-1.0069126369431616,-0.025174183459603226,,
189,10391,1968128,6.4099999999999975,961,301.72,0.2,0.03629293292760849,1.3036501699127256,0.0003,0.233203125,9600,0.030562952,0.37194401025772095,-1.1432958837598561,-0.027022645325632765,,
,,1970000,,,,0.2,0.09650932997465134,1.825407767551951,0.0003,0.19443359375,9610,0.030132644,0.13631510734558105,-1.1659943714737893,-0.02786833620048128,400.0,10.030000000000001
189,10409,1970176,6.607700000000001,962,301.95,,,,,,,,,,,,
189,10418,1972224,5.7006999999999985,963,292.57,0.2,0.055947743356227875,1.3330993923358618,0.0003,0.244775390625,9620,0.030707015,0.5006632804870605,-1.2781293045729398,-0.026997415466757956,,
189,10426,1974272,5.4876999999999985,964,293.85,0.2,0.025868568569421768,1.168866027519107,0.0003,0.226220703125,9630,0.02595409,0.26597797870635986,-1.1909994520246983,-0.032166526005312335,,
189,10436,1976320,5.8574,965,296.92,0.2,0.019829347729682922,1.3813724634004756,0.0003,0.2234375,9640,0.025015585,0.3711391091346741,-1.1679319813847542,-0.03206524872512091,,
189,10445,1978368,5.0169999999999995,966,290.91,0.2,0.21829921007156372,1.5962880171835423,0.0003,0.185107421875,9650,0.021322092,0.4033132791519165,-1.253520257398486,-0.02528039500757586,,
,,1980000,,,,0.2,0.23837228119373322,2.920001161657274,0.0003,0.173388671875,9660,0.018084958,-0.06320393085479736,-1.1015154341235758,-0.026441223919391632,233.2,-4.314
189,10457,1980416,5.1237,967,290.29,,,,,,,,,,,,
189,10465,1982464,4.3584000000000005,968,286.78,0.2,0.05907091125845909,2.2942472356837245,0.0003,0.20341796875,9670,0.022109631,-0.0028493404388427734,-1.2122523114085197,-0.029354607139248402,,
189,10475,1984512,4.6274,969,289.91,0.2,-0.013674896210432053,1.2503455528058112,0.0003,0.2509765625,9680,0.030932318,0.2672659158706665,-1.1556199112907053,-0.03313161609112285,,
189,10484,1986560,5.2177999999999995,970,290.91,0.2,0.07913534343242645,1.8918493953766302,0.0003,0.216552734375,9690,0.02497229,0.4534462094306946,-1.052861780114472,-0.030817390943411738,,
189,10493,1988608,5.4129,971,301.45,0.2,0.010670013725757599,1.795439339405857,0.0003,0.185693359375,9700,0.024541344,0.20635902881622314,-1.1591521792113781,-0.026599155805888584,,
,,1990000,,,,0.2,0.13497525453567505,1.6510083727072924,0.0003,0.23525390625,9710,0.031905465,0.45252400636672974,-1.1525643546134234,-0.031105675949947908,324.0,8.791999999999998
189,10508,1990656,5.239299999999999,972,308.84,,,,,,,,,,,,
189,10518,1992704,5.1859,973,314.18,0.2,0.02094425819814205,1.3366692745126785,0.0003,0.236328125,9720,0.025974633,0.49321281909942627,-1.1095078514888883,-0.025848312285961583,,
189,10526,1994752,4.027299999999999,974,299.89,0.2,0.04825359582901001,1.3197091219713912,0.0003,0.20859375,9730,0.02759122,0.40693724155426025,-1.1354504395276308,-0.028057155781425536,,
189,10535,1996800,3.3177,975,300.8,0.2,0.007341954857110977,1.4692360780201852,0.0003,0.212158203125,9740,0.025029367,0.1593732237815857,-1.1164443718269468,-0.03186861578724347,,
189,10545,1998848,2.8461999999999996,976,297.9,0.2,0.02871648222208023,1.257568538794294,0.0003,0.24765625,9750,0.028394042,0.25757884979248047,-1.1549967408180237,-0.03559476978844032,,
,,2000000,,,,0.2,0.02233310043811798,1.3214968626853079,0.0003,0.23935546875,9760,0.028704353,0.3029887080192566,-1.1872283816337585,-0.03190113103191834,237.8,-2.3579999999999997
189,10557,2000896,3.3778,977,304.82,,,,,,,,,,,,
