time/iterations,rollout/ep_rew_mean,time/time_elapsed,time/total_timesteps,rollout/ep_len_mean,time/fps,train/loss,train/clip_range,train/entropy_loss,train/explained_variance,train/value_loss,train/approx_kl,train/clip_fraction,train/learning_rate,train/policy_gradient_loss,train/n_updates,eval/mean_ep_length,eval/mean_reward
1,4.886,7,2048,313.8,282,,,,,,,,,,,,
2,5.874166666666665,16,4096,332.0,253,3.4619247913360596,0.2,-2.1886701226234435,-0.02794194221496582,4.798922231793403,0.012814461,0.126611328125,0.0003,-0.015289925748948007,10,,
3,1.5859999999999999,24,6144,293.65,250,1.7363009452819824,0.2,-2.1760135285556315,-0.09582960605621338,6.418406803160906,0.016828556,0.16708984375,0.0003,-0.018264842056669294,20,,
4,-0.5767857142857145,32,8192,273.9642857142857,251,1.8920879364013672,0.2,-2.1588578641414644,0.03259557485580444,3.5016887325793506,0.0146246245,0.1638671875,0.0003,-0.0175103541725548,30,,
,,,10000,,,0.8240188956260681,0.2,-2.1460265934467317,-0.05557835102081299,4.639545653015375,0.014654332,0.175146484375,0.0003,-0.014780826699279714,40,336.6,-7.35
5,1.252941176470588,44,10240,288.70588235294116,228,,,,,,,,,,,,
6,0.5204878048780489,52,12288,291.5609756097561,235,2.5105957984924316,0.2,-2.118913332372904,0.06374764442443848,5.603805574029684,0.014544704,0.16318359375,0.0003,-0.015431672672275454,50,,
7,1.0122916666666668,60,14336,296.8333333333333,236,1.8972930908203125,0.2,-2.086196368187666,0.04636335372924805,4.238431481644511,0.01776971,0.22109375,0.0003,-0.015840507607208565,60,,
8,0.8687500000000001,69,16384,290.35714285714283,236,1.9651827812194824,0.2,-2.11223501637578,-0.02152097225189209,4.865582029521465,0.013260992,0.166845703125,0.0003,-0.02113814080366865,70,,
9,-0.6529230769230769,77,18432,282.7692307692308,238,2.0195162296295166,0.2,-2.093519313633442,0.05476599931716919,6.710950024425983,0.01261942,0.140966796875,0.0003,-0.01794180755096022,80,,
,,,20000,,,0.7389647364616394,0.2,-2.0234452575445174,0.21799427270889282,2.6328915905207397,0.016655408,0.17998046875,0.0003,-0.013334855997527484,90,334.4,2.678
10,-0.4361971830985916,90,20480,285.15492957746477,226,,,,,,,,,,,,
11,-1.0213750000000001,97,22528,279.1625,229,1.3219245672225952,0.2,-2.043251643702388,0.11800199747085571,3.7240031734108925,0.01949878,0.229345703125,0.0003,-0.02357288404891733,100,,
12,-0.7158139534883723,106,24576,282.95348837209303,231,1.443772554397583,0.2,-1.9693187087774278,0.1288079023361206,2.991286248527467,0.013585267,0.175244140625,0.0003,-0.014187486714217813,110,,
13,-1.2931578947368425,114,26624,278.70526315789476,232,0.8673871755599976,0.2,-2.0070981055498125,0.18846136331558228,2.9751713501289485,0.016178705,0.194140625,0.0003,-0.018020723515655847,120,,
14,-1.3872000000000002,123,28672,280.74,232,0.535625159740448,0.2,-2.009339927881956,0.2682170867919922,3.3054313415661456,0.02317905,0.20224609375,0.0003,-0.01710576294135535,130,,
,,,30000,,,0.7881870269775391,0.2,-2.016645146533847,0.3250732421875,3.629475524276495,0.016043793,0.183203125,0.0003,-0.015680593403521924,140,319.6,2.829999999999999
15,-1.4226999999999999,135,30720,274.26,226,,,,,,,,,,,,
16,-1.5189000000000001,143,32768,273.87,227,1.4841128587722778,0.2,-1.9905246060341597,0.029385805130004883,5.128318815678358,0.01534641,0.17900390625,0.0003,-0.01893846983439289,150,,
17,-0.9364,151,34816,275.68,229,0.9613681435585022,0.2,-2.0080865133553742,0.1414051055908203,3.0961784655228257,0.021266725,0.2525390625,0.0003,-0.025251123539055696,160,,
18,-0.3693999999999997,159,36864,279.04,230,2.2047457695007324,0.2,-1.9558869924396276,0.2412731647491455,4.540728682279587,0.016256776,0.197119140625,0.0003,-0.02127783632313367,170,,
19,-1.3866000000000003,167,38912,270.67,231,0.858067512512207,0.2,-1.9478914961218834,-0.041628241539001465,4.380670381523669,0.019117005,0.18310546875,0.0003,-0.0169206165446667,180,,
,,,40000,,,0.5766052007675171,0.2,-1.8899188574403525,0.384989857673645,2.722846157476306,0.022442173,0.214306640625,0.0003,-0.018171428580535574,190,258.2,-4.568
20,0.10319999999999943,178,40960,281.85,229,,,,,,,,,,,,
21,-0.3694000000000008,187,43008,279.06,229,0.8622620105743408,0.2,-1.9007120177149772,0.07585108280181885,5.334869021549821,0.013844147,0.1634765625,0.0003,-0.018201942296582275,200,,
22,0.042299999999999595,194,45056,287.94,231,0.7665630578994751,0.2,-1.8880925320088864,-0.20470058917999268,3.234074587933719,0.018195007,0.2130859375,0.0003,-0.019005970636499114,210,,
23,1.5326999999999997,202,47104,299.04,232,1.7958343029022217,0.2,-1.8834020599722863,0.08819597959518433,4.0339708745479586,0.016915096,0.203759765625,0.0003,-0.015791832041577435,220,,
24,2.4880999999999998,212,49152,303.6,231,0.5950984358787537,0.2,-1.8731307998299598,0.017417073249816895,3.5643460584804414,0.018117871,0.185302734375,0.0003,-0.017538094928022475,230,,
,,,50000,,,0.4937579929828644,0.2,-1.7697233472019434,-0.11212587356567383,3.642407805938274,0.01594488,0.160595703125,0.0003,-0.018137426651082932,240,362.6,0.398
25,2.1064999999999996,226,51200,301.74,225,,,,,,,,,,,,
26,2.5334,235,53248,309.12,226,0.8298702239990234,0.2,-1.790980836749077,-0.043840885162353516,3.171385835297406,0.016512964,0.20341796875,0.0003,-0.015251802414422855,250,,
27,2.5311000000000003,243,55296,309.35,227,0.8960918188095093,0.2,-1.816942672431469,-0.06539416313171387,3.0675049340352416,0.015961105,0.177734375,0.0003,-0.01591878962208284,260,,
28,2.892,251,57344,313.3,227,0.37654030323028564,0.2,-1.8391523238271474,0.18202519416809082,3.153174263238907,0.017967012,0.190283203125,0.0003,-0.020502937881974503,270,,
29,3.7245999999999997,259,59392,320.13,228,0.844502866268158,0.2,-1.8148706492036581,0.15643852949142456,2.876242030598223,0.018305518,0.202783203125,0.0003,-0.016420011065201835,280,,
,,,60000,,,0.5034352540969849,0.2,-1.8690664783120154,0.17760461568832397,3.266453844681382,0.02121742,0.239208984375,0.0003,-0.019108361375401728,290,372.2,8.31
30,3.8759,273,61440,325.04,224,,,,,,,,,,,,
31,4.7675,282,63488,335.98,225,0.47639304399490356,0.2,-1.7559284374117852,0.02778613567352295,3.456456865556538,0.016906342,0.152880859375,0.0003,-0.016358485881937668,300,,
32,4.8294999999999995,290,65536,339.79,225,0.8100147843360901,0.2,-1.746795380488038,0.062158286571502686,3.6863654872402547,0.018953757,0.1744140625,0.0003,-0.023820866775349715,310,,
33,5.309500000000001,298,67584,341.82,226,0.5033290386199951,0.2,-1.6839646518230438,0.10956066846847534,3.352056934311986,0.017666815,0.205419921875,0.0003,-0.019351957115577533,320,,
34,5.7044,306,69632,352.38,227,0.23166337609291077,0.2,-1.779997758194804,0.16329997777938843,2.1514327323064206,0.020407856,0.25029296875,0.0003,-0.019251308994716963,330,,
,,,70000,,,0.28910043835639954,0.2,-1.589946625381708,0.3523958921432495,1.8154205093160272,0.019323852,0.21083984375,0.0003,-0.015430573583580553,340,288.8,-4.870000000000001
35,5.309499999999999,318,71680,351.83,225,,,,,,,,,,,,
36,5.7723,326,73728,355.6,226,0.3478936553001404,0.2,-1.6395314656198026,0.12810945510864258,3.0704178957268597,0.0139972735,0.157861328125,0.0003,-0.0140758151494083,350,,
37,5.8575,335,75776,357.07,225,0.8887238502502441,0.2,-1.5996993489563465,-0.16278958320617676,2.618370246421546,0.020911977,0.17783203125,0.0003,-0.019811108312569558,360,,
38,6.0543000000000005,344,77824,357.41,225,0.9705447554588318,0.2,-1.5537130240350963,0.16439557075500488,2.965777266584337,0.02616041,0.189599609375,0.0003,-0.020007670612540097,370,,
39,6.6911000000000005,353,79872,363.8,226,0.7198876738548279,0.2,-1.619372321665287,0.24464529752731323,3.1335470150224864,0.017723504,0.184765625,0.0003,-0.01604378428601194,380,,
,,,80000,,,1.040465235710144,0.2,-1.6972209826111793,0.14789795875549316,3.658886547572911,0.019061835,0.21455078125,0.0003,-0.02319189016125165,390,529.2,18.752000000000002
40,6.4215,370,81920,360.73,221,,,,,,,,,,,,
41,5.9674000000000005,379,83968,356.09,221,0.8520731329917908,0.2,-1.6523391235619784,0.3652377128601074,3.0812945613637566,0.027717313,0.204736328125,0.0003,-0.021293824346503242,400,,
42,6.2865,389,86016,364.2,220,0.31708037853240967,0.2,-1.553494044393301,0.269672155380249,3.0290795729495583,0.022178337,0.197607421875,0.0003,-0.022703401467879303,410,,
43,7.0527999999999995,398,88064,367.63,221,1.4427721500396729,0.2,-1.4715425208210946,0.29930365085601807,2.827221514377743,0.015982974,0.15634765625,0.0003,-0.014419034379534424,420,,
,,,90000,,,1.212705135345459,0.2,-1.6639082353562116,0.2869752049446106,2.8920097925700246,0.019044997,0.212939453125,0.0003,-0.016581288987072184,430,424.4,7.787999999999999
44,7.5337999999999985,416,90112,369.58,216,,,,,,,,,,,,
45,7.381799999999998,425,92160,364.74,216,0.22844907641410828,0.2,-1.5720027446746827,0.2547868490219116,2.042523476108909,0.020825401,0.2037109375,0.0003,-0.024565601628273724,440,,
46,7.2949,435,94208,363.42,216,0.11249161511659622,0.2,-1.5268413983285427,0.17020303010940552,2.1130944801028817,0.018165322,0.20029296875,0.0003,-0.01746748825389659,450,,
47,7.123800000000001,443,96256,360.51,217,0.09636113792657852,0.2,-1.431292635574937,0.27998751401901245,2.1102941372431814,0.023662677,0.19736328125,0.0003,-0.02033772331487853,460,,
48,7.4003,452,98304,362.87,217,1.1613065004348755,0.2,-1.589529573917389,-0.2365117073059082,2.8087588186375796,0.013831752,0.17412109375,0.0003,-0.019264242591452783,470,,
,,,100000,,,0.3531927764415741,0.2,-1.5003184139728547,0.3482668995857239,2.2407762395218014,0.022094838,0.215478515625,0.0003,-0.018815667548915373,480,400.0,12.036
49,7.060600000000002,470,100352,356.82,213,,,,,,,,,,,,
50,6.914599999999999,479,102400,361.43,213,1.1156796216964722,0.2,-1.4474401324987411,0.2628501057624817,3.3925602797418835,0.018450484,0.152392578125,0.0003,-0.015583917728508822,490,,
51,7.1471,488,104448,368.23,214,0.44827306270599365,0.2,-1.5379203516989945,0.11994528770446777,2.335408737976104,0.019549413,0.18837890625,0.0003,-0.016940100243664345,500,,
52,8.0547,497,106496,377.59,214,0.2717912793159485,0.2,-1.5090703770518303,0.035897254943847656,2.616262739803642,0.02039274,0.194775390625,0.0003,-0.019916917360387743,510,,
53,8.2365,506,108544,379.43,214,0.433010071516037,0.2,-1.54881432056427,0.11975014209747314,3.197677178680897,0.018476618,0.16513671875,0.0003,-0.017809925047913566,520,,
,,,110000,,,0.1753399521112442,0.2,-1.4699530765414237,0.13571220636367798,2.115123847080395,0.02318351,0.22890625,0.0003,-0.022951621151878498,530,575.0,34.31
54,9.372999999999998,525,110592,385.88,210,,,,,,,,,,,,
55,9.3643,534,112640,386.75,210,0.439262717962265,0.2,-1.5522286862134933,0.2050713300704956,2.7530045181512834,0.01791859,0.18818359375,0.0003,-0.016771573145524597,540,,
56,10.750700000000002,543,114688,398.26,210,0.3793732523918152,0.2,-1.4495817236602306,0.04671204090118408,2.975381027627736,0.018996706,0.186376953125,0.0003,-0.01957866203301819,550,,
57,10.1639,552,116736,396.9,211,0.765434205532074,0.2,-1.5379281893372536,0.24312061071395874,2.683194761816412,0.0212312,0.19013671875,0.0003,-0.02304635281325318,560,,
58,10.8046,560,118784,402.9,211,0.38457268476486206,0.2,-1.552844313904643,0.13766062259674072,3.6461323477327823,0.018811684,0.18662109375,0.0003,-0.021757003318634817,570,,
,,,120000,,,0.9724364280700684,0.2,-1.5844874873757362,0.22856676578521729,3.3346311442553995,0.017951272,0.1859375,0.0003,-0.017032346803171096,580,668.0,31.374000000000002
59,11.3563,583,120832,407.79,206,,,,,,,,,,,,
60,11.172900000000002,592,122880,406.11,207,0.6914457678794861,0.2,-1.6011484000831842,0.06425029039382935,2.6575526075437663,0.017140005,0.1935546875,0.0003,-0.018946794274961577,590,,
61,11.508300000000002,601,124928,412.63,207,0.2664949595928192,0.2,-1.54123762100935,0.11800694465637207,2.754982232954353,0.018133763,0.170361328125,0.0003,-0.016282501109526493,600,,
62,12.380899999999999,611,126976,415.44,207,0.39384952187538147,0.2,-1.517100551351905,0.29038316011428833,2.808835970144719,0.020764606,0.2125,0.0003,-0.02090741987340152,610,,
63,13.176599999999999,622,129024,425.96,207,0.21931348741054535,0.2,-1.4895450714975595,0.22741127014160156,2.3844973258674145,0.021389924,0.19013671875,0.0003,-0.01804890613711905,620,,
,,,130000,,,0.0946575403213501,0.2,-1.4170639753341674,0.3630295395851135,1.6360059976577759,0.018274605,0.199609375,0.0003,-0.014877015570527874,630,560.0,28.45
64,13.324200000000001,642,131072,431.24,204,,,,,,,,,,,,
65,13.592000000000002,650,133120,434.49,204,0.3058573305606842,0.2,-1.4140224806964397,0.1901758313179016,2.6002899364568295,0.025974795,0.228271484375,0.0003,-0.022945193642226514,640,,
66,14.785400000000003,660,135168,445.28,204,0.160994291305542,0.2,-1.4488079495728017,0.3599647879600525,2.1712893882766364,0.019097872,0.17783203125,0.0003,-0.018618466405314393,650,,
67,15.3543,670,137216,458.48,204,1.594079852104187,0.2,-1.3431443750858307,0.15365344285964966,2.945271270070225,0.019332074,0.179296875,0.0003,-0.014823463952052408,660,,
68,16.0963,679,139264,464.36,204,0.21086996793746948,0.2,-1.4342415776103734,0.37404489517211914,1.7947038841899485,0.020944668,0.211181640625,0.0003,-0.017823226161999627,670,,
,,,140000,,,0.49232447147369385,0.2,-1.2969569571316242,0.5767806768417358,2.69117915853858,0.014808782,0.154833984375,0.0003,-0.013628640343085863,680,592.6,20.119999999999997
69,16.649500000000003,699,141312,469.1,202,,,,,,,,,,,,
70,18.2402,708,143360,480.2,202,0.20165330171585083,0.2,-1.430620463937521,0.5718336701393127,2.070250814873725,0.017925315,0.16943359375,0.0003,-0.015635299129644408,690,,
71,19.348200000000002,717,145408,489.5,202,0.20865550637245178,0.2,-1.3527469590306282,0.11351478099822998,3.351606093533337,0.017739542,0.16689453125,0.0003,-0.015867784598958677,700,,
72,18.9564,727,147456,488.66,202,0.18672844767570496,0.2,-1.3277011811733246,0.43933725357055664,2.219799989182502,0.019547183,0.176611328125,0.0003,-0.0178654215822462,710,,
73,19.675700000000003,738,149504,496.81,202,0.39890632033348083,0.2,-1.399330811202526,0.2803676724433899,2.8044764147605745,0.019885322,0.170751953125,0.0003,-0.013549983785196673,720,,
,,,150000,,,0.23259803652763367,0.2,-1.2810305394232273,0.46714073419570923,2.0877558767329902,0.025970316,0.204443359375,0.0003,-0.01643985797854839,730,351.4,6.516000000000001
74,20.2801,752,151552,506.44,201,,,,,,,,,,,,
75,20.5609,761,153600,508.37,201,0.26248112320899963,0.2,-1.4195143278688191,0.2903662323951721,2.1003919772803785,0.020029884,0.193310546875,0.0003,-0.016774156184692402,740,,
76,22.375,771,155648,517.13,201,0.5584544539451599,0.2,-1.3848618235439063,0.2165878415107727,2.369933083374053,0.02227001,0.213671875,0.0003,-0.01787894393200986,750,,
77,22.549,779,157696,519.75,202,0.4278342127799988,0.2,-1.2677467592060565,0.477952778339386,2.4358336377888916,0.021722315,0.1955078125,0.0003,-0.020597422459104564,760,,
78,22.291900000000002,788,159744,515.43,202,0.157379150390625,0.2,-1.2394774317741395,0.36243486404418945,2.4044120579957964,0.02268748,0.221240234375,0.0003,-0.022632316863746383,770,,
,,,160000,,,0.7734357118606567,0.2,-1.3018320977687836,0.014789819717407227,3.741648537106812,0.021902684,0.178173828125,0.0003,-0.02041526518005412,780,548.6,22.561999999999998
79,21.9991,807,161792,514.66,200,,,,,,,,,,,,
80,21.773100000000003,816,163840,517.24,200,0.4347197115421295,0.2,-1.328685774281621,0.39261138439178467,1.7826917591970415,0.022065436,0.211669921875,0.0003,-0.01684674650314264,790,,
81,20.3238,824,165888,501.99,201,0.1852811574935913,0.2,-1.2368356861174106,0.11821484565734863,2.2740871152374895,0.02318115,0.196240234375,0.0003,-0.01958779021369992,800,,
82,20.240699999999997,834,167936,500.29,201,0.36862853169441223,0.2,-1.371991902589798,0.06683498620986938,2.534853846207261,0.017584793,0.19375,0.0003,-0.017034351851907558,810,,
83,19.879599999999996,843,169984,496.36,201,0.16812971234321594,0.2,-1.337889775633812,0.49512767791748047,1.972035472188145,0.018200662,0.191455078125,0.0003,-0.018228338271728716,820,,
,,,170000,,,0.2272939234972,0.2,-1.3325926542282105,0.08841019868850708,2.695479465741664,0.019283038,0.17724609375,0.0003,-0.01585174760548398,830,677.6,37.284000000000006
84,19.876099999999997,865,172032,496.71,198,,,,,,,,,,,,
85,20.6613,875,174080,508.28,198,0.6399886012077332,0.2,-1.3547655925154687,-0.031798481941223145,2.260625056969002,0.021361006,0.188232421875,0.0003,-0.01528708726982586,840,,
86,19.938399999999998,884,176128,500.49,199,0.4459106922149658,0.2,-1.2770683128386735,0.37203317880630493,1.799594540707767,0.023663513,0.18720703125,0.0003,-0.01702837421617005,850,,
87,19.2832,894,178176,495.98,199,0.20752903819084167,0.2,-1.3114665623754262,0.49025875329971313,2.0769916333723812,0.017882276,0.180712890625,0.0003,-0.015470131114125252,860,,
,,,180000,,,0.15817049145698547,0.2,-1.3301819998770952,0.19832086563110352,2.0981975132599473,0.018712165,0.15654296875,0.0003,-0.01528412947372999,870,436.4,11.672
88,19.0853,911,180224,495.75,197,,,,,,,,,,,,
89,19.012,920,182272,493.07,197,0.06961698830127716,0.2,-1.3638237219303846,0.38846224546432495,1.5372123393695802,0.017243516,0.196142578125,0.0003,-0.014875758180278354,880,,
90,18.5909,929,184320,495.14,198,0.4143725037574768,0.2,-1.2705348152667284,0.5068067312240601,2.3964419287629424,0.017736334,0.172265625,0.0003,-0.01644575279788114,890,,
91,18.205,937,186368,483.62,198,0.3164317309856415,0.2,-1.3760048661381006,0.4560670852661133,1.9317105282563716,0.015065862,0.192919921875,0.0003,-0.013947894191369414,900,,
92,18.284699999999997,946,188416,485.66,198,0.5824136734008789,0.2,-1.3628530044108629,0.26142656803131104,1.7836088669486343,0.022288185,0.194677734375,0.0003,-0.016823752308846453,910,,
,,,190000,,,0.16458432376384735,0.2,-1.2664955586194993,0.4156138300895691,3.1617551766335965,0.014346889,0.154638671875,0.0003,-0.013641738676233217,920,483.4,19.206
93,19.5487,964,190464,499.4,197,,,,,,,,,,,,
94,18.428900000000002,974,192512,491.26,197,0.4362606406211853,0.2,-1.2932614784687757,0.2326992154121399,1.8259498021565377,0.020114683,0.175,0.0003,-0.014307635359000415,930,,
95,18.277600000000003,983,194560,486.39,197,0.21130821108818054,0.2,-1.2264755353331567,0.25511133670806885,2.921586018987,0.01931495,0.166650390625,0.0003,-0.018332849018042906,940,,
96,17.361200000000004,991,196608,477.93,198,0.4026062488555908,0.2,-1.3492901671677828,0.24331849813461304,3.2258062163367867,0.018087462,0.20859375,0.0003,-0.02022784913133364,950,,
97,18.0214,999,198656,481.98,198,0.1704125851392746,0.2,-1.3157044626772403,0.27155041694641113,1.8538040186744182,0.023278963,0.22587890625,0.0003,-0.019403739224071615,960,,
,,,200000,,,0.35439732670783997,0.2,-1.294063824415207,0.42260032892227173,2.5790552420541646,0.015775213,0.17421875,0.0003,-0.017221199441701175,970,494.0,15.1
98,18.580999999999996,1014,200704,486.08,197,,,,,,,,,,,,
99,19.062400000000004,1023,202752,488.01,198,0.3088894486427307,0.2,-1.276313555240631,0.3641313910484314,2.5147212320938706,0.020486027,0.20537109375,0.0003,-0.01626676685991697,980,,
100,18.2378,1032,204800,490.39,198,0.15866708755493164,0.2,-1.2787409149110318,0.3534146547317505,1.72931941524148,0.022820089,0.1875,0.0003,-0.017620158518548125,990,,
101,17.9587,1040,206848,488.27,198,0.23591603338718414,0.2,-1.2715767662972213,0.30297166109085083,1.5819034554064273,0.020654337,0.2044921875,0.0003,-0.017863177618710323,1000,,
102,19.0833,1048,208896,495.93,199,0.248920738697052,0.2,-1.2715792886912822,0.507681131362915,1.8965786658693105,0.018226644,0.201708984375,0.0003,-0.017761481972411276,1010,,
,,,210000,,,0.13791754841804504,0.2,-1.265755193680525,0.38541674613952637,2.7642508917488158,0.022227429,0.16767578125,0.0003,-0.020868895218882244,1020,493.6,17.106
103,19.2623,1063,210944,498.07,198,,,,,,,,,,,,
104,19.801000000000002,1072,212992,504.28,198,0.157782644033432,0.2,-1.2423766288906335,0.5538675785064697,1.9540505302604287,0.01769258,0.17421875,0.0003,-0.014922312676208093,1030,,
105,21.9074,1080,215040,513.86,198,0.18317238986492157,0.2,-1.2705063346773386,0.35595840215682983,2.646193923801184,0.017028794,0.1748046875,0.0003,-0.01759737748798216,1040,,
106,21.711599999999997,1088,217088,513.44,199,0.2792816460132599,0.2,-1.224110845476389,0.33501118421554565,2.6657618855591863,0.021019906,0.172119140625,0.0003,-0.021075243680388666,1050,,
107,21.739900000000002,1096,219136,510.61,199,0.38425472378730774,0.2,-1.3138555318117142,0.23325896263122559,3.842237027268857,0.017979907,0.1859375,0.0003,-0.01997737126366701,1060,,
,,,220000,,,0.1597563475370407,0.2,-1.2253233384341002,0.5175670385360718,2.2794190409593282,0.02894686,0.190283203125,0.0003,-0.024866406375076623,1070,443.2,13.606
108,22.213099999999994,1110,221184,513.34,199,,,,,,,,,,,,
109,22.316300000000002,1117,223232,513.03,199,0.1854115128517151,0.2,-1.203927993029356,0.5419955253601074,2.598878345824778,0.021349292,0.178564453125,0.0003,-0.020725672121625394,1080,,
110,22.6135,1125,225280,513.34,200,0.125645250082016,0.2,-1.2806309662759303,0.35852867364883423,2.88522392353043,0.019323247,0.192626953125,0.0003,-0.02176936018222477,1090,,
111,23.352899999999998,1133,227328,519.48,200,0.32311177253723145,0.2,-1.1976546559482812,0.37687426805496216,2.1542601818218827,0.027603447,0.23896484375,0.0003,-0.024043353827437386,1100,,
112,23.748800000000003,1140,229376,519.93,201,0.7850040197372437,0.2,-1.2711369644850492,0.5269773006439209,2.3170999059453607,0.020923365,0.175439453125,0.0003,-0.01676734896027483,1110,,
,,,230000,,,0.3039553165435791,0.2,-1.2212216962128877,0.43663090467453003,2.30923058046028,0.021386866,0.212451171875,0.0003,-0.01695544596295804,1120,236.2,-8.347999999999999
113,24.927,1153,231424,532.24,200,,,,,,,,,,,,
114,24.7373,1161,233472,531.19,200,0.6507914066314697,0.2,-1.1293272977694868,0.3299146294593811,2.1383094992488623,0.02170254,0.185888671875,0.0003,-0.018988638574955984,1130,,
115,25.397299999999994,1169,235520,535.24,201,0.19822143018245697,0.2,-1.146750670671463,0.22574961185455322,2.0303930563852193,0.018547622,0.18623046875,0.0003,-0.014988212438765913,1140,,
116,25.057100000000002,1178,237568,529.22,201,0.41986122727394104,0.2,-1.1840428419411182,0.31999582052230835,1.906196921225637,0.016080305,0.160302734375,0.0003,-0.016165223479038104,1150,,
117,26.1357,1185,239616,541.52,202,0.27681005001068115,0.2,-1.1845655672252178,0.25470077991485596,2.1615090746898202,0.019762728,0.1666015625,0.0003,-0.018922894506249576,1160,,
,,,240000,,,0.26808419823646545,0.2,-1.191222144663334,0.2992982864379883,2.295508926548064,0.015880536,0.1708984375,0.0003,-0.016130364328273573,1170,598.6,24.064
118,25.782299999999996,1203,241664,536.84,200,,,,,,,,,,,,
119,24.891599999999997,1211,243712,525.81,201,0.3486121892929077,0.2,-1.1307482544332743,0.39927881956100464,2.0179415577091278,0.019030223,0.172265625,0.0003,-0.018325585586717354,1180,,
120,24.5235,1219,245760,522.56,201,0.21798501908779144,0.2,-1.2068364594131709,0.011400759220123291,2.514269136544317,0.019994363,0.186328125,0.0003,-0.015305355442978907,1190,,
121,23.1376,1227,247808,511.0,201,0.2552553713321686,0.2,-1.1835825234651565,0.2905999422073364,2.855287855025381,0.016546248,0.158984375,0.0003,-0.0167119216901483,1200,,
122,23.1155,1235,249856,513.21,202,0.07299318164587021,0.2,-1.1949989654123783,0.16160207986831665,1.8134276136290282,0.020515455,0.183544921875,0.0003,-0.018038619065191597,1210,,
,,,250000,,,0.18030792474746704,0.2,-1.1323519669473172,0.5161681175231934,2.025068855471909,0.020172901,0.173583984375,0.0003,-0.0170823278313037,1220,544.4,16.598
123,23.126300000000004,1253,251904,512.13,200,,,,,,,,,,,,
124,23.403000000000006,1261,253952,514.47,201,0.10510551929473877,0.2,-1.129053875617683,0.21987289190292358,1.8250901449006052,0.022597166,0.182275390625,0.0003,-0.01893842247663997,1230,,
125,23.001800000000003,1269,256000,504.56,201,0.323499470949173,0.2,-1.1092828879132868,0.21906113624572754,2.0649151262827217,0.017583223,0.16025390625,0.0003,-0.015590269022504799,1240,,
126,22.64,1278,258048,500.7,201,0.1446230709552765,0.2,-1.128149312362075,0.2099786400794983,2.087688492285088,0.022398649,0.17861328125,0.0003,-0.013587759601068682,1250,,
,,,260000,,,0.29537683725357056,0.2,-1.117052580974996,0.4494534134864807,1.8069354661274701,0.01877803,0.170166015625,0.0003,-0.018849736437550745,1260,560.4,24.445999999999998
127,22.9114,1295,260096,503.59,200,,,,,,,,,,,,
128,22.973100000000002,1303,262144,507.43,201,0.3265875577926636,0.2,-1.1560605507344008,0.30448001623153687,1.6168299372307957,0.022081386,0.211767578125,0.0003,-0.023946332361083476,1270,,
129,21.565600000000003,1311,264192,498.03,201,0.16156242787837982,0.2,-1.1626006826758384,0.603563129901886,1.501250159787014,0.025184555,0.21767578125,0.0003,-0.02072621921543032,1280,,
130,21.665699999999998,1319,266240,498.03,201,0.2928071916103363,0.2,-1.142640958353877,0.5915184617042542,1.6752836054656655,0.018705536,0.184521484375,0.0003,-0.018569715550984255,1290,,
131,21.52289999999999,1327,268288,502.3,202,0.49029606580734253,0.2,-1.090158829279244,0.4865747094154358,2.6597860652487726,0.024725597,0.1666015625,0.0003,-0.01849052274192218,1300,,
,,,270000,,,0.20788761973381042,0.2,-1.1340252928435803,0.36214470863342285,1.8854396428912878,0.022994936,0.2189453125,0.0003,-0.022568970680003984,1310,490.0,17.142000000000003
132,20.816599999999998,1342,270336,502.86,201,,,,,,,,,,,,
133,21.815499999999997,1350,272384,513.08,201,0.7569710612297058,0.2,-1.222097522392869,0.3071596026420593,2.427423024876043,0.017838636,0.154296875,0.0003,-0.020813570058089682,1320,,
134,22.018400000000007,1357,274432,512.81,202,0.16535909473896027,0.2,-1.1076598329469562,0.5624285340309143,1.3695051927119493,0.02464744,0.202978515625,0.0003,-0.016019129040068948,1330,,
135,20.409,1365,276480,493.55,202,0.24060070514678955,0.2,-1.1028861613944172,0.4376121759414673,1.8332538025453686,0.016668318,0.146142578125,0.0003,-0.013555848534451798,1340,,
136,20.106399999999997,1373,278528,493.78,202,0.5058842897415161,0.2,-1.1622126784175635,0.28731411695480347,2.613560172310099,0.019254401,0.16220703125,0.0003,-0.014676733981468714,1350,,
,,,280000,,,0.21101564168930054,0.2,-1.1864600284025073,0.2683907151222229,1.8407401309348643,0.019509021,0.17373046875,0.0003,-0.017036004751571455,1360,581.4,34.242000000000004
137,21.1648,1391,280576,498.03,201,,,,,,,,,,,,
138,22.0079,1400,282624,503.81,201,0.13598553836345673,0.2,-1.134937722980976,0.4262707829475403,2.0440651746466756,0.02145266,0.19482421875,0.0003,-0.021162694189115427,1370,,
139,22.386400000000002,1407,284672,506.0,202,0.09008963406085968,0.2,-1.155255540832877,0.39511603116989136,1.4806425512768329,0.017905032,0.200390625,0.0003,-0.021635031618643552,1380,,
140,22.372500000000006,1416,286720,507.39,202,0.2723466455936432,0.2,-1.150407875701785,0.25287342071533203,3.186342123243958,0.018091667,0.166552734375,0.0003,-0.020231161793344655,1390,,
141,22.080299999999998,1425,288768,506.58,202,0.21466214954853058,0.2,-1.0927458507940173,0.5886523127555847,1.308955991687253,0.024702625,0.210302734375,0.0003,-0.022895430130301975,1400,,
,,,290000,,,0.3304328918457031,0.2,-1.038676968589425,0.46745598316192627,1.7300919119734317,0.021221641,0.173974609375,0.0003,-0.02031448422349058,1410,553.8,36.519999999999996
142,21.771600000000007,1442,290816,497.39,201,,,,,,,,,,,,
143,21.016700000000004,1450,292864,492.8,201,0.17917953431606293,0.2,-1.114012611657381,0.38282519578933716,2.368515608087182,0.017463395,0.17705078125,0.0003,-0.026511630695313215,1420,,
144,21.244799999999994,1459,294912,500.02,202,0.1686486005783081,0.2,-1.0629959950223564,0.43107521533966064,1.7318668481428177,0.017706897,0.17744140625,0.0003,-0.021148441001423636,1430,,
145,22.443299999999994,1467,296960,510.3,202,0.22540096938610077,0.2,-1.0171311523765325,0.3476542830467224,1.455293588573113,0.02291897,0.178466796875,0.0003,-0.0200927724246867,1440,,
146,22.389400000000002,1475,299008,505.68,202,0.17738594114780426,0.2,-1.1745185658335686,0.45970743894577026,1.745816124090925,0.022349045,0.1935546875,0.0003,-0.021125135835609397,1450,,
,,,300000,,,0.13352733850479126,0.2,-1.0966783311218022,0.49076735973358154,1.7398019250947983,0.019380104,0.187060546875,0.0003,-0.020190547808306293,1460,559.6,26.456
147,22.616999999999997,1492,301056,502.94,201,,,,,,,,,,,,
148,21.315399999999997,1500,303104,492.98,201,0.085664764046669,0.2,-1.029508412256837,0.40197861194610596,1.7539536936208606,0.017848738,0.16904296875,0.0003,-0.025131672027055175,1470,,
149,20.978800000000007,1509,305152,486.6,202,0.4341695308685303,0.2,-1.0941552920266986,0.2791908383369446,1.7212361252866686,0.020989168,0.19609375,0.0003,-0.02158152537595015,1480,,
150,21.895899999999997,1517,307200,494.99,202,0.13460221886634827,0.2,-1.142699371278286,0.18258702754974365,2.2395847411826253,0.01577555,0.18291015625,0.0003,-0.018132216419326143,1490,,
151,21.882600000000007,1525,309248,496.32,202,0.25376150012016296,0.2,-1.1077734857797623,0.40644198656082153,1.6541858668904752,0.019896396,0.171923828125,0.0003,-0.017758891698031222,1500,,
,,,310000,,,0.24288249015808105,0.2,-1.0145595014095306,0.5593730211257935,1.9270040020346642,0.019971125,0.16318359375,0.0003,-0.01976513604167849,1510,401.0,10.02
152,21.77860000000001,1539,311296,496.71,202,,,,,,,,,,,,
153,22.003399999999996,1547,313344,494.25,202,0.25020143389701843,0.2,-1.0960882565006613,0.5250439643859863,2.7121328701265157,0.014689842,0.13828125,0.0003,-0.014592378155793995,1520,,
154,21.8264,1555,315392,491.91,202,0.31371328234672546,0.2,-0.9769572462886572,0.2606049180030823,3.384084698371589,0.01519721,0.11328125,0.0003,-0.011317349543969613,1530,,
155,22.386400000000002,1563,317440,495.97,203,0.09866724908351898,0.2,-1.0673236778005957,0.4353104829788208,1.538044167147018,0.022885952,0.215625,0.0003,-0.02514492937771138,1540,,
156,22.596500000000002,1571,319488,494.96,203,0.11929856240749359,0.2,-1.163955013267696,0.47954869270324707,1.5702849039342255,0.022382371,0.187841796875,0.0003,-0.020985636638943105,1550,,
,,,320000,,,0.12510289251804352,0.2,-1.1432221544906498,0.43448638916015625,1.4667494379449635,0.022502854,0.190966796875,0.0003,-0.020141090333345345,1560,572.2,28.332
157,22.825799999999994,1589,321536,492.05,202,,,,,,,,,,,,
158,23.008899999999997,1596,323584,493.74,202,0.2521071135997772,0.2,-1.0054028071463108,0.4092012643814087,2.8892413223162294,0.017930489,0.173095703125,0.0003,-0.021399673802079633,1570,,
159,23.208999999999996,1604,325632,493.75,202,0.27777713537216187,0.2,-1.106179684959352,0.3466324806213379,2.2453869657590984,0.020458583,0.1625,0.0003,-0.01896469499915838,1580,,
160,24.186,1613,327680,506.18,203,0.2764553129673004,0.2,-1.0229513129219412,0.4258408546447754,1.7346786790061741,0.01930953,0.16640625,0.0003,-0.017841899071936496,1590,,
161,22.679899999999996,1621,329728,496.65,203,0.09630727767944336,0.2,-1.1293080097064376,0.30084526538848877,1.9513291236944497,0.021694558,0.191064453125,0.0003,-0.02312346350227017,1600,,
,,,330000,,,0.09317857027053833,0.2,-0.9891706731170415,0.30015987157821655,2.4695328483358026,0.021676745,0.1708984375,0.0003,-0.022024723851063754,1610,595.8,34.102
162,21.943599999999996,1639,331776,490.2,202,,,,,,,,,,,,
163,22.132799999999996,1647,333824,491.3,202,0.15819001197814941,0.2,-0.9560517678037286,0.32766014337539673,1.5668213629396632,0.021008508,0.157177734375,0.0003,-0.016682066934299654,1620,,
164,22.432999999999996,1656,335872,491.33,202,0.10627555102109909,0.2,-1.1243310045450925,0.3693673610687256,1.7109632223844529,0.020293824,0.186376953125,0.0003,-0.0195738262089435,1630,,
165,21.6321,1664,337920,481.33,203,0.0933842808008194,0.2,-0.9311329703778028,0.4989866614341736,1.6924780145287515,0.018301694,0.166162109375,0.0003,-0.016476672593853436,1640,,
166,23.644200000000005,1672,339968,500.34,203,0.1316097378730774,0.2,-1.005552595295012,0.4764377474784851,1.838083775434643,0.019001741,0.168408203125,0.0003,-0.020916681113885716,1650,,
,,,340000,,,0.09440072625875473,0.2,-1.0296028099954129,0.5407909154891968,2.0696628308854996,0.019387329,0.196044921875,0.0003,-0.024929714744212107,1660,538.2,30.674
167,24.639499999999998,1688,342016,510.94,202,,,,,,,,,,,,
168,25.1856,1697,344064,516.39,202,0.6254295110702515,0.2,-1.0748480724170804,0.5286141037940979,1.8567778362892569,0.020838674,0.1908203125,0.0003,-0.023228055820800363,1670,,
169,25.857599999999998,1705,346112,519.28,202,0.04191549867391586,0.2,-1.1435304947197438,0.4238540530204773,1.387796745239757,0.025798988,0.214404296875,0.0003,-0.020288644297397695,1680,,
170,26.4148,1714,348160,523.62,203,0.3249278962612152,0.2,-1.0875238517299295,0.5306977033615112,3.0086987307295203,0.016604781,0.15771484375,0.0003,-0.021620958400308154,1690,,
,,,350000,,,0.1765880584716797,0.2,-1.0823756834492086,0.49092620611190796,2.068689647363499,0.020404544,0.162451171875,0.0003,-0.023191037759534083,1700,734.4,40.724000000000004
171,25.9161,1734,350208,523.44,201,,,,,,,,,,,,
172,26.473300000000005,1742,352256,527.78,202,0.07134395837783813,0.2,-1.0833334257826208,0.4615288972854614,1.6163285093847661,0.023646712,0.22119140625,0.0003,-0.017856271626078522,1710,,
173,25.4215,1750,354304,522.85,202,0.3425823450088501,0.2,-0.997946092672646,0.464502215385437,1.9325594257563352,0.020221574,0.153662109375,0.0003,-0.01911741294898093,1720,,
174,27.210799999999995,1758,356352,534.09,202,0.20711222290992737,0.2,-1.0532428737729789,0.5101621747016907,2.0964325621724127,0.01752615,0.158154296875,0.0003,-0.019375507977383678,1730,,
175,27.6716,1766,358400,538.06,202,0.4713987708091736,0.2,-1.1201185628771781,0.49528050422668457,2.1526877340395005,0.01822376,0.173583984375,0.0003,-0.025208977548754775,1740,,
,,,360000,,,0.33632686734199524,0.2,-1.023170603811741,0.3904457092285156,2.565923074632883,0.015630575,0.14443359375,0.0003,-0.01804829518077895,1750,659.2,43.477999999999994
176,27.094099999999997,1784,360448,535.75,201,,,,,,,,,,,,
177,27.475199999999994,1793,362496,537.68,202,0.24349886178970337,0.2,-1.0173709286376833,0.3214927315711975,2.186969121731818,0.019101162,0.172412109375,0.0003,-0.01892488496960141,1760,,
178,28.575999999999993,1801,364544,547.7,202,0.1304830014705658,0.2,-1.054625832848251,0.6431542634963989,1.182655253028497,0.02368901,0.201708984375,0.0003,-0.022066253778757528,1770,,
179,28.027399999999997,1808,366592,542.5,202,0.1306106150150299,0.2,-0.9151639081537724,0.5539056062698364,1.977584482030943,0.017530221,0.181201171875,0.0003,-0.02134491853939835,1780,,
180,29.519399999999997,1817,368640,553.46,202,0.14954671263694763,0.2,-1.049383265711367,0.4148784279823303,2.274484889442101,0.0200338,0.1517578125,0.0003,-0.021626045054290444,1790,,
,,,370000,,,0.20823821425437927,0.2,-0.9676888741552829,0.6135315895080566,2.345954204397276,0.01441296,0.14814453125,0.0003,-0.020214830175973475,1800,395.4,10.079999999999998
181,29.895799999999998,1830,370688,555.86,202,,,,,,,,,,,,
182,30.8184,1838,372736,563.72,202,0.30627891421318054,0.2,-0.9818658946081996,0.5672591328620911,1.6036513251718134,0.021732315,0.170849609375,0.0003,-0.021087617793818937,1810,,
183,30.610100000000003,1846,374784,564.53,202,0.14729830622673035,0.2,-1.1709562573581933,0.5890963077545166,2.3635547797661274,0.019727966,0.178955078125,0.0003,-0.021069986707880163,1820,,
184,30.486099999999997,1854,376832,566.94,203,0.031384170055389404,0.2,-0.9972269717603922,0.4150199294090271,1.686511015263386,0.022078361,0.188037109375,0.0003,-0.0152779556272435,1830,,
185,30.366399999999995,1863,378880,568.9,203,0.081348717212677,0.2,-0.9448075864464045,0.4530261158943176,1.7974626255221664,0.020429052,0.188623046875,0.0003,-0.02317541252996307,1840,,
,,,380000,,,0.08916199952363968,0.2,-0.8827964378520846,0.2926816940307617,2.04166405685246,0.017784875,0.1564453125,0.0003,-0.022912604338489472,1850,448.2,17.556
186,29.241099999999996,1878,380928,561.33,202,,,,,,,,,,,,
187,29.589499999999997,1886,382976,566.53,203,0.30896782875061035,0.2,-0.9307780537754298,0.4139924645423889,2.662474284088239,0.01684976,0.13203125,0.0003,-0.020231658543343654,1860,,
188,29.7813,1894,385024,567.37,203,0.11119352281093597,0.2,-0.93076112549752,0.43410688638687134,1.5168081102892756,0.018910773,0.16630859375,0.0003,-0.02291622804332292,1870,,
189,30.5185,1902,387072,573.73,203,0.19055083394050598,0.2,-0.9437920799478888,0.21984326839447021,2.0016258977819232,0.021328839,0.146728515625,0.0003,-0.019166198301536496,1880,,
190,31.5333,1911,389120,582.36,203,0.1340300738811493,0.2,-1.003498469106853,0.5892046689987183,2.267075584176928,0.017835386,0.168798828125,0.0003,-0.020908471365692093,1890,,
,,,390000,,,0.06421810388565063,0.2,-1.0435894198715687,0.45606690645217896,1.1472724777879193,0.027072864,0.21396484375,0.0003,-0.023028444696683435,1900,690.2,43.168
191,30.822,1929,391168,573.41,202,,,,,,,,,,,,
192,30.722600000000003,1937,393216,573.34,202,0.5083662867546082,0.2,-1.1064318606629968,0.609702467918396,2.583457403536886,0.018176433,0.155859375,0.0003,-0.01812015487230383,1910,,
193,31.712700000000005,1945,395264,584.44,203,0.09535485506057739,0.2,-1.1300336407497524,0.3866126537322998,2.0882087585050613,0.028119657,0.210302734375,0.0003,-0.019091985470731744,1920,,
194,32.0674,1953,397312,589.01,203,0.0398024246096611,0.2,-0.9664622133597731,0.5231730341911316,1.6468511648476123,0.022774156,0.199609375,0.0003,-0.027601598235196433,1930,,
195,32.2448,1961,399360,591.29,203,0.17537027597427368,0.2,-0.9437383431941271,0.491942822933197,2.214265314396471,0.01939517,0.148486328125,0.0003,-0.01612506642122753,1940,,
,,,400000,,,0.10537827014923096,0.2,-1.0204848313704133,0.6129670143127441,1.894398869154975,0.022694612,0.1810546875,0.0003,-0.02634886589657981,1950,646.6,35.592
196,31.226999999999997,1979,401408,582.96,202,,,,,,,,,,,,
197,31.5762,1987,403456,588.08,202,0.1331576555967331,0.2,-1.0913225369527937,0.527929425239563,1.655552843073383,0.020215997,0.18115234375,0.0003,-0.017972501902841033,1960,,
198,31.11520000000001,1996,405504,584.11,203,0.19176937639713287,0.2,-0.9666548231616616,0.4230375289916992,1.7748111666645854,0.023991544,0.1642578125,0.0003,-0.01952788300841348,1970,,
199,31.099800000000002,2004,407552,585.65,203,0.07548931986093521,0.2,-0.9914733255282044,0.27356427907943726,1.4139745607040823,0.024786798,0.173828125,0.0003,-0.021357731468742713,1980,,
200,32.6119,2012,409600,594.58,203,0.0710517093539238,0.2,-0.8466275867074728,0.4202115535736084,1.7024712941143663,0.019533165,0.16240234375,0.0003,-0.022683678448083812,1990,,
,,,410000,,,0.1579100787639618,0.2,-0.907349618524313,0.3970581889152527,1.3036117027280851,0.022118695,0.16318359375,0.0003,-0.02182561916997656,2000,379.6,4.232
201,33.3305,2026,411648,602.8,203,,,,,,,,,,,,
202,33.7223,2035,413696,603.66,203,0.16082337498664856,0.2,-0.9331362303346395,0.6417876482009888,1.2517887246329338,0.01847665,0.147998046875,0.0003,-0.02082763795624487,2010,,
203,33.312999999999995,2043,415744,604.57,203,0.09027503430843353,0.2,-0.9565864462405443,0.609710693359375,1.9235401087906212,0.018040676,0.149462890625,0.0003,-0.021020212485746016,2020,,
204,33.479200000000006,2052,417792,607.97,203,0.1518128514289856,0.2,-1.0924969704821705,0.4932366609573364,2.084399456717074,0.020538293,0.194677734375,0.0003,-0.025256189609353896,2030,,
205,32.382799999999996,2060,419840,597.49,203,0.42103371024131775,0.2,-1.0709940193220973,0.44773513078689575,1.618503585876897,0.022722766,0.1654296875,0.0003,-0.0179439848754555,2040,,
,,,420000,,,0.0242372527718544,0.2,-0.9715915944427251,0.5901473760604858,1.7932332846336068,0.023029864,0.18515625,0.0003,-0.020289045476238242,2050,403.8,11.998000000000001
206,32.2127,2075,421888,594.48,203,,,,,,,,,,,,
207,33.23239999999999,2083,423936,602.64,203,0.10513928532600403,0.2,-1.0020780520513655,0.43126392364501953,1.5089961420278997,0.017722942,0.164892578125,0.0003,-0.019800728146219627,2060,,
208,33.4385,2092,425984,602.05,203,0.022486917674541473,0.2,-0.8877691362053156,0.3899412751197815,1.7055085581494496,0.018233575,0.18056640625,0.0003,-0.021307452487235423,2070,,
209,33.885799999999996,2100,428032,607.37,203,0.18580111861228943,0.2,-0.9853892115876078,0.4665878415107727,1.9381305448245256,0.016441695,0.160888671875,0.0003,-0.0205351451120805,2080,,
,,,430000,,,0.14429520070552826,0.2,-0.9756252836436033,0.4121416211128235,2.200047144293785,0.017866757,0.153955078125,0.0003,-0.02181782761181239,2090,631.8,41.745999999999995
210,29.898600000000005,2118,430080,575.66,203,,,,,,,,,,,,
211,31.682500000000005,2126,432128,587.44,203,0.800715446472168,0.2,-0.9610187424346804,0.10564780235290527,3.3842672034166754,0.02075723,0.160693359375,0.0003,-0.023676787235308437,2100,,
212,32.17300000000001,2134,434176,588.44,203,0.08090746402740479,0.2,-1.110446205176413,0.25913429260253906,1.8515337058808654,0.021380559,0.19755859375,0.0003,-0.02375066293971031,2110,,
213,32.844699999999996,2142,436224,591.32,203,0.08268266171216965,0.2,-1.0698061861097812,0.4522383213043213,1.9071791206020863,0.020690948,0.18095703125,0.0003,-0.020591617838363163,2120,,
214,33.1438,2150,438272,591.42,203,0.3891231119632721,0.2,-0.9847059763967991,0.49551790952682495,2.346345038572326,0.020575933,0.1775390625,0.0003,-0.025025755300885067,2130,,
,,,440000,,,0.10201769322156906,0.2,-0.9680658280849457,0.5320380926132202,1.5874589202459901,0.020930547,0.16796875,0.0003,-0.01603540051582968,2140,383.8,0.18599999999999994
215,33.397400000000005,2165,440320,596.09,203,,,,,,,,,,,,
216,33.5048,2173,442368,595.36,203,0.1058310940861702,0.2,-1.0059292372316122,0.29528576135635376,1.72920035389252,0.021231443,0.1732421875,0.0003,-0.018643109663389622,2150,,
217,33.7734,2181,444416,598.53,203,0.1063665896654129,0.2,-1.0058532442897559,0.48227375745773315,1.5851161116268486,0.024535265,0.20439453125,0.0003,-0.02220402666425798,2160,,
218,32.924299999999995,2188,446464,593.35,203,0.1669120341539383,0.2,-1.1191631792113186,0.5403003692626953,1.855891974386759,0.025986027,0.2072265625,0.0003,-0.022574523321236484,2170,,
219,33.225100000000005,2197,448512,593.3,204,0.4107905924320221,0.2,-1.1168770326301456,0.36857396364212036,3.3151808322407303,0.018093359,0.149169921875,0.0003,-0.018207515103858894,2180,,
,,,450000,,,0.05923685431480408,0.2,-1.0460078021511436,0.6956093311309814,1.3898402012651787,0.027987901,0.224072265625,0.0003,-0.02859750434290618,2190,614.0,43.922
220,33.672900000000006,2215,450560,598.57,203,,,,,,,,,,,,
221,33.4897,2223,452608,596.87,203,0.5217752456665039,0.2,-0.9438100595027208,0.5608875155448914,2.369480795552954,0.01980624,0.1763671875,0.0003,-0.017525147198466585,2200,,
222,32.506899999999995,2231,454656,585.04,203,0.1346399486064911,0.2,-1.0488550858572125,0.13798516988754272,2.3203221529722216,0.02081915,0.1740234375,0.0003,-0.022799582773586735,2210,,
223,31.203799999999998,2239,456704,575.21,203,0.28493577241897583,0.2,-1.0506971402093768,0.4859948754310608,2.6930413145571945,0.021396272,0.176220703125,0.0003,-0.01867130310856737,2220,,
224,31.490699999999997,2248,458752,576.55,204,0.04727187752723694,0.2,-1.0123726855963469,0.4389411211013794,1.5439674281980842,0.02118281,0.18994140625,0.0003,-0.019317707137088292,2230,,
,,,460000,,,0.04470014199614525,0.2,-1.0714772468432785,0.5494998693466187,1.65239999871701,0.02216627,0.1947265625,0.0003,-0.024894589075120165,2240,506.4,28.985999999999997
225,31.514000000000006,2264,460800,574.2,203,,,,,,,,,,,,
226,32.078500000000005,2273,462848,577.83,203,0.14650896191596985,0.2,-1.0069153014570476,0.5436080694198608,1.7689233244163916,0.02169697,0.186376953125,0.0003,-0.022339951217873022,2250,,
227,30.5082,2282,464896,564.71,203,0.05716587230563164,0.2,-1.0025925943627954,0.5377858281135559,1.3101389033487068,0.029435476,0.2029296875,0.0003,-0.02233759954397101,2260,,
228,31.547199999999997,2290,466944,570.92,203,0.09722546488046646,0.2,-1.0291979607194661,0.08984625339508057,2.3008403528947383,0.018876225,0.16748046875,0.0003,-0.020560662786010653,2270,,
229,31.474300000000003,2298,468992,568.2,204,0.10438354313373566,0.2,-1.0847202826291322,0.5963963866233826,1.1254261174472049,0.026069941,0.203955078125,0.0003,-0.023796551182749683,2280,,
,,,470000,,,1.315231442451477,0.2,-1.0529387375339865,0.38621288537979126,3.203343642130494,0.017000705,0.1572265625,0.0003,-0.026644816948100926,2290,410.2,13.936000000000002
230,32.74940000000001,2313,471040,580.83,203,,,,,,,,,,,,
231,31.799900000000008,2321,473088,575.68,203,0.33637675642967224,0.2,-1.058537418395281,0.5816261172294617,1.644076048070565,0.020170173,0.180908203125,0.0003,-0.024068014981457962,2300,,
232,31.452500000000008,2329,475136,570.36,203,0.09557902812957764,0.2,-0.984079852886498,0.49652624130249023,1.6816295489668847,0.020169575,0.15341796875,0.0003,-0.020105082365626005,2310,,
233,32.009800000000006,2337,477184,574.69,204,0.7272027730941772,0.2,-1.0965079257264734,0.12797683477401733,2.069253728352487,0.021469753,0.205908203125,0.0003,-0.024738847817934582,2320,,
234,30.974000000000004,2345,479232,568.16,204,0.1712658703327179,0.2,-1.059029571339488,0.4769721031188965,2.1940297674387694,0.01658029,0.164013671875,0.0003,-0.022370212624082342,2330,,
,,,480000,,,0.3447750210762024,0.2,-1.0150791320949792,0.4920217990875244,2.3326580855529757,0.022873592,0.186376953125,0.0003,-0.02240326667961199,2340,417.6,13.862
235,30.812,2360,481280,564.34,203,,,,,,,,,,,,
236,31.286100000000005,2368,483328,566.98,204,0.2775972783565521,0.2,-1.1492570983245969,0.46321630477905273,2.710897649358958,0.01986939,0.163720703125,0.0003,-0.025679958731052464,2350,,
237,30.256400000000003,2376,485376,559.84,204,0.09176965802907944,0.2,-0.9964253416284918,0.5962705612182617,2.363647155696526,0.017915003,0.180615234375,0.0003,-0.027589639479992913,2360,,
238,31.2669,2385,487424,568.9,204,0.0992264449596405,0.2,-1.0918008834123611,0.1797502040863037,2.383823784859851,0.025888748,0.19013671875,0.0003,-0.019339496170869098,2370,,
239,30.8755,2393,489472,568.02,204,0.021035999059677124,0.2,-1.0473770685493946,0.5874893665313721,1.3002507810480892,0.024254568,0.1953125,0.0003,-0.021890141331823543,2380,,
,,,490000,,,0.08514901995658875,0.2,-1.0074024725705386,0.5433917045593262,1.7570514955092222,0.01809032,0.174609375,0.0003,-0.0230853121553082,2390,487.0,27.182
240,30.699900000000003,2408,491520,565.56,204,,,,,,,,,,,,
241,31.5366,2416,493568,572.0,204,0.16744515299797058,0.2,-1.1280046688392757,0.6105293035507202,1.7180230296216905,0.022697281,0.196923828125,0.0003,-0.02216999356605811,2400,,
242,32.7541,2424,495616,580.38,204,0.05513855069875717,0.2,-0.9284265220165253,0.5780990719795227,1.9337770403595642,0.018774617,0.145703125,0.0003,-0.021078378616948612,2410,,
243,32.9442,2432,497664,581.39,204,0.3179073929786682,0.2,-1.178224301338196,0.654600977897644,2.1026779947802425,0.017452938,0.185107421875,0.0003,-0.02372797523421468,2420,,
244,31.8225,2440,499712,573.44,204,0.025158684700727463,0.2,-1.2143620122224092,0.3028123378753662,2.918722795462236,0.020448342,0.18447265625,0.0003,-0.02007417172717396,2430,,
,,,500000,,,0.08346634358167648,0.2,-1.0072316573932767,0.6646886467933655,1.8325211299583315,0.023809236,0.17294921875,0.0003,-0.028956981748342513,2440,646.4,41.604
245,34.648799999999994,2458,501760,591.09,204,,,,,,,,,,,,
246,34.7591,2467,503808,590.07,204,0.2679619789123535,0.2,-1.006457270681858,0.10857480764389038,2.3342221811879424,0.022585036,0.176953125,0.0003,-0.02392114319081884,2450,,
247,35.19680000000001,2475,505856,596.35,204,0.09455910325050354,0.2,-1.0062173552811147,0.45510154962539673,2.483209169236943,0.023236062,0.20673828125,0.0003,-0.026482603466138243,2460,,
248,33.885,2482,507904,587.39,204,0.1269848495721817,0.2,-1.0204924818128347,0.502261757850647,1.949357987800613,0.020727623,0.182958984375,0.0003,-0.025974527973448857,2470,,
249,33.775999999999996,2490,509952,588.28,204,0.09116622805595398,0.2,-1.2075367458164692,0.45125889778137207,1.8007020116550847,0.023001922,0.199365234375,0.0003,-0.019745182854239828,2480,,
,,,510000,,,0.4292183220386505,0.2,-0.972648786008358,0.41449952125549316,2.4589622736442833,0.017595537,0.168115234375,0.0003,-0.022249660632223823,2490,693.6,51.138
250,33.6866,2510,512000,587.19,203,,,,,,,,,,,,
251,33.850500000000004,2518,514048,590.82,204,0.1337364912033081,0.2,-1.0476292602717876,0.4433553218841553,1.4515346800675615,0.023244314,0.198193359375,0.0003,-0.023513229060336018,2500,,
252,34.540400000000005,2526,516096,591.9,204,0.1621817648410797,0.2,-1.0705537158995866,0.4258456826210022,1.5924796074163168,0.019504596,0.1884765625,0.0003,-0.023953470066771843,2510,,
253,35.2779,2534,518144,598.23,204,0.22857332229614258,0.2,-1.0680684100836515,0.5451604127883911,2.5049056810326875,0.017218484,0.141162109375,0.0003,-0.01953865581890568,2520,,
,,,520000,,,0.12328413873910904,0.2,-1.0780999269336462,0.5503498315811157,1.8151343329809606,0.023135444,0.195654296875,0.0003,-0.02505223579064477,2530,406.8,15.968
254,34.5665,2548,520192,589.29,204,,,,,,,,,,,,
255,33.5428,2556,522240,581.55,204,0.08843458443880081,0.2,-1.1311599235981702,0.5559759140014648,1.5691065947525202,0.021308694,0.2142578125,0.0003,-0.027920585544779896,2540,,
256,34.539300000000004,2564,524288,592.01,204,0.10667765885591507,0.2,-0.9587293261662125,0.2227574586868286,2.073660917603411,0.018359749,0.18095703125,0.0003,-0.023657401304808444,2550,,
257,34.1036,2572,526336,585.49,204,0.19341403245925903,0.2,-1.0584014290943742,0.5620341300964355,1.6000335185322911,0.019572861,0.187158203125,0.0003,-0.02284242802124936,2560,,
258,31.4936,2580,528384,566.21,204,0.0677146390080452,0.2,-1.0590831875801086,0.6698989868164062,1.5596156968269497,0.0283782,0.20478515625,0.0003,-0.02158548349980265,2570,,
,,,530000,,,0.259307861328125,0.2,-1.0990114340558648,0.19033706188201904,2.956513450620696,0.015372168,0.16767578125,0.0003,-0.022110102290753275,2580,630.2,45.769999999999996
259,31.671000000000003,2598,530432,568.49,204,,,,,,,,,,,,
260,32.609,2606,532480,574.79,204,0.14161033928394318,0.2,-1.0447934836149215,0.344274640083313,1.9732121475506574,0.019121947,0.16875,0.0003,-0.02289871833345387,2590,,
261,32.696999999999996,2614,534528,576.0,204,0.0413421131670475,0.2,-1.064135236479342,0.5066189765930176,1.826662278594449,0.020441364,0.18466796875,0.0003,-0.02245631969999522,2600,,
262,32.7759,2622,536576,578.12,204,0.08652296662330627,0.2,-1.1626740429550408,0.4732411503791809,1.5142879471881314,0.022292849,0.207421875,0.0003,-0.026416514653828927,2610,,
263,33.4297,2630,538624,582.79,204,0.15008966624736786,0.2,-0.9882066071033477,0.5428346991539001,2.0196850326377898,0.02625499,0.187744140625,0.0003,-0.02390223686816171,2620,,
,,,540000,,,0.21902351081371307,0.2,-1.1240418016910554,0.4399816393852234,1.7381966676097362,0.018105125,0.19404296875,0.0003,-0.028213300768402404,2630,369.6,8.336
264,33.6189,2643,540672,583.89,204,,,,,,,,,,,,
265,32.4095,2651,542720,574.7,204,0.18952782452106476,0.2,-1.2583549197763204,0.6730413436889648,1.545490102423355,0.028294861,0.219091796875,0.0003,-0.028527658848906866,2640,,
266,34.0071,2659,544768,585.09,204,0.10863210260868073,0.2,-1.167894148081541,0.3596217632293701,3.0940674286801366,0.019405976,0.188134765625,0.0003,-0.025021746699349024,2650,,
267,34.019000000000005,2667,546816,583.9,204,0.08570536226034164,0.2,-1.0648776965215803,0.4735369086265564,1.727890463732183,0.020746822,0.19296875,0.0003,-0.022221714264014737,2660,,
268,34.1055,2675,548864,585.26,205,0.2159225195646286,0.2,-1.0888546308502556,0.31180524826049805,2.849129537772387,0.017310672,0.18203125,0.0003,-0.025223959745198955,2670,,
,,,550000,,,0.13977140188217163,0.2,-1.169855321198702,0.3820379376411438,2.2739489463157954,0.022282407,0.206787109375,0.0003,-0.029357046095537954,2680,485.6,23.187999999999995
269,32.32150000000001,2692,550912,573.47,204,,,,,,,,,,,,
270,31.176,2700,552960,567.92,204,0.06784556061029434,0.2,-1.0908597938716411,0.46305686235427856,1.6964238741900772,0.026981784,0.214208984375,0.0003,-0.02632636080670636,2690,,
271,30.990300000000005,2708,555008,566.45,204,0.13194337487220764,0.2,-1.1024324091151356,0.4026970863342285,2.288013036549091,0.023116846,0.188525390625,0.0003,-0.025143395640770904,2700,,
272,27.9954,2716,557056,545.64,205,0.17298132181167603,0.2,-1.0642973959445954,0.45852285623550415,2.5524569729808717,0.020887036,0.1814453125,0.0003,-0.0255347874306608,2710,,
273,27.264199999999995,2725,559104,538.66,205,0.17929264903068542,0.2,-1.1145816043019294,0.2752531170845032,2.9394659832119943,0.018740132,0.15185546875,0.0003,-0.021367517093312926,2720,,
,,,560000,,,0.1700315922498703,0.2,-1.0762968953698873,0.13235396146774292,1.8174178171437234,0.022599217,0.179443359375,0.0003,-0.022328421006386635,2730,631.2,27.742
274,27.6244,2742,561152,542.68,204,,,,,,,,,,,,
275,28.2694,2751,563200,548.25,204,0.1450648009777069,0.2,-1.1879328437149526,0.25570279359817505,2.127572033787146,0.022777226,0.193505859375,0.0003,-0.02456080856209155,2740,,
276,27.2394,2759,565248,541.16,204,0.06391867250204086,0.2,-1.124150874838233,0.5188484191894531,1.3778655033092946,0.021837216,0.2091796875,0.0003,-0.023542927816743033,2750,,
277,26.773699999999998,2767,567296,537.68,204,0.21466700732707977,0.2,-1.0678369458764791,0.21049511432647705,1.779730619583279,0.018059775,0.172607421875,0.0003,-0.023857962049078196,2760,,
278,25.711599999999997,2775,569344,533.76,205,0.22288984060287476,0.2,-1.0701001776382326,0.3759998083114624,1.7066299285739661,0.020878332,0.2052734375,0.0003,-0.030115319357719272,2770,,
,,,570000,,,0.04982374981045723,0.2,-1.070932094193995,0.5080199837684631,1.1254866502946244,0.02347646,0.2126953125,0.0003,-0.03147537279874087,2780,574.6,32.30800000000001
279,24.776500000000002,2793,571392,527.17,204,,,,,,,,,,,,
280,25.128599999999995,2800,573440,532.02,204,0.1102607250213623,0.2,-1.0466897625476121,0.4846811294555664,1.744465854903683,0.019292573,0.19140625,0.0003,-0.02242774881015066,2790,,
281,25.394799999999996,2809,575488,535.43,204,0.17033764719963074,0.2,-1.0967142587527632,0.3033655285835266,2.0173406038433312,0.018307734,0.16259765625,0.0003,-0.02339367861277424,2800,,
282,24.537200000000002,2817,577536,531.1,204,0.004975743591785431,0.2,-1.1781418565660715,0.17540955543518066,1.73054981213063,0.022918992,0.2087890625,0.0003,-0.0283775357354898,2810,,
283,24.742500000000003,2826,579584,530.63,205,0.07424115389585495,0.2,-1.0375765539705752,0.6036437153816223,1.2649898572126403,0.024916384,0.18369140625,0.0003,-0.025125346626737155,2820,,
,,,580000,,,0.13431920111179352,0.2,-1.0516100347042083,0.39326751232147217,2.1060272919479757,0.01842156,0.16640625,0.0003,-0.02453066926682368,2830,531.0,24.736
284,25.589499999999994,2842,581632,536.02,204,,,,,,,,,,,,
285,26.320100000000004,2850,583680,543.04,204,0.16688217222690582,0.2,-1.114738687686622,0.3350698947906494,2.735084357112646,0.02152786,0.157568359375,0.0003,-0.025006760910036972,2840,,
286,26.885899999999996,2859,585728,546.52,204,0.07754245400428772,0.2,-1.077803496643901,0.5540311932563782,2.214856249652803,0.02302757,0.174755859375,0.0003,-0.021412674608291125,2850,,
287,25.880100000000002,2867,587776,536.99,204,-0.0009506195783615112,0.2,-1.1523837368935346,0.6207250356674194,1.7257866108324378,0.029166263,0.21337890625,0.0003,-0.03009527573158266,2860,,
288,27.256600000000006,2875,589824,549.49,205,0.064097099006176,0.2,-1.112284087203443,0.5186614394187927,1.5837218352826312,0.02385091,0.20185546875,0.0003,-0.03152917842380702,2870,,
,,,590000,,,0.6152073740959167,0.2,-1.0068720106035471,0.5100679397583008,1.6712964594829827,0.021122362,0.173291015625,0.0003,-0.030264428263762966,2880,672.2,51.35600000000001
289,26.048700000000004,2893,591872,540.15,204,,,,,,,,,,,,
290,27.902000000000008,2902,593920,555.02,204,0.030537456274032593,0.2,-1.0987315569072962,0.49763017892837524,1.4277202635770663,0.023185166,0.20615234375,0.0003,-0.025464172268402762,2890,,
291,27.380399999999998,2911,595968,547.12,204,0.13930737972259521,0.2,-1.0145189799368382,0.5246553421020508,1.468693251768127,0.019119816,0.181787109375,0.0003,-0.027215748722665013,2900,,
292,28.594,2919,598016,555.89,204,0.3679835796356201,0.2,-1.051499956846237,0.4833064079284668,1.73940130607225,0.022593208,0.183056640625,0.0003,-0.022887691206415185,2910,,
,,,600000,,,0.08221055567264557,0.2,-1.0086775310337543,0.31858623027801514,2.048289573471993,0.017409412,0.174609375,0.0003,-0.019330809704842977,2920,385.0,12.185999999999998
293,26.315200000000004,2933,600064,543.55,204,,,,,,,,,,,,
294,26.758000000000003,2941,602112,549.3,204,0.08962194621562958,0.2,-1.0783636612817644,-0.05038595199584961,1.4936779578914865,0.023416098,0.19560546875,0.0003,-0.026334114732162562,2930,,
295,28.2643,2949,604160,558.81,204,0.08108074963092804,0.2,-1.0929565457627177,0.44786888360977173,2.0542875771410762,0.019655872,0.18056640625,0.0003,-0.028814173326827584,2940,,
296,27.5114,2957,606208,554.02,204,0.28441858291625977,0.2,-1.0836420822888613,0.5104418992996216,2.171891433559358,0.024537433,0.172705078125,0.0003,-0.02240911083063111,2950,,
297,27.580400000000004,2965,608256,557.13,205,0.177420973777771,0.2,-1.0234508123248816,0.3544790744781494,2.5216686809435487,0.018789716,0.166796875,0.0003,-0.024287227606691886,2960,,
,,,610000,,,0.019836124032735825,0.2,-1.1693196523934604,0.3787726163864136,1.3173173861578107,0.027750505,0.209521484375,0.0003,-0.027371755905915052,2970,576.6,24.284000000000002
298,27.4973,2982,610304,555.43,204,,,,,,,,,,,,
299,27.478799999999996,2990,612352,557.28,204,0.0358746275305748,0.2,-1.0385634003207087,0.464388906955719,1.1791186928749084,0.021859992,0.1947265625,0.0003,-0.024507248477311804,2980,,
300,26.1129,2998,614400,543.74,204,0.016173340380191803,0.2,-1.0677739761769771,0.4120420813560486,1.3013145953649654,0.023458336,0.1875,0.0003,-0.027118082653032616,2990,,
301,25.450599999999998,3006,616448,539.9,205,0.12304006516933441,0.2,-1.0560490241274239,0.36223047971725464,2.3714367593172936,0.016670955,0.16630859375,0.0003,-0.022896110019064508,3000,,
302,25.665,3013,618496,538.46,205,0.024504683911800385,0.2,-1.1308617435395718,0.40847229957580566,1.7349683117121457,0.023699343,0.205224609375,0.0003,-0.025182744071935305,3010,,
,,,620000,,,0.024030402302742004,0.2,-1.0652794564142822,0.5311766266822815,1.2718338550068438,0.026429255,0.207763671875,0.0003,-0.02548230595421046,3020,464.6,9.388000000000002
303,27.0281,3030,620544,552.3,204,,,,,,,,,,,,
304,27.896400000000003,3038,622592,555.56,204,0.041599906980991364,0.2,-1.107440306432545,0.5114543437957764,1.8376082989387215,0.026192732,0.209521484375,0.0003,-0.028768437018152328,3030,,
305,28.728099999999998,3046,624640,562.5,205,0.17415259778499603,0.2,-1.12230886798352,0.5007349848747253,1.9976769064553082,0.020620808,0.177734375,0.0003,-0.027907301046070643,3040,,
306,27.90930000000001,3054,626688,554.27,205,0.09743564575910568,0.2,-1.0834771078079939,0.3381587862968445,2.194013068638742,0.023080943,0.17880859375,0.0003,-0.028115727537078784,3050,,
307,28.914099999999998,3062,628736,563.9,205,0.03332022577524185,0.2,-1.1635790625587106,0.6853333711624146,1.073044910095632,0.028917328,0.211279296875,0.0003,-0.02882294013979845,3060,,
,,,630000,,,0.29441577196121216,0.2,-1.1042823109775781,0.6106867790222168,1.9059219562914222,0.0211238,0.182470703125,0.0003,-0.023692041265894657,3070,817.2,61.918000000000006
308,28.4736,3082,630784,557.9,204,,,,,,,,,,,,
309,29.169400000000007,3090,632832,558.39,204,0.20219212770462036,0.2,-1.2256624802947045,0.5291619300842285,2.237965142633766,0.017843284,0.18046875,0.0003,-0.025475398343405686,3080,,
310,28.0933,3099,634880,555.89,204,0.0845547467470169,0.2,-1.1337381126359105,0.478057324886322,2.1386581265367566,0.02101576,0.18720703125,0.0003,-0.026815134286880492,3090,,
311,28.387499999999996,3107,636928,556.5,204,0.05625009909272194,0.2,-1.148321021348238,0.3161475658416748,1.846484580170363,0.023432981,0.202783203125,0.0003,-0.02678467340883799,3100,,
312,27.4602,3115,638976,549.13,205,0.04265258461236954,0.2,-1.0627072013914585,0.45126640796661377,1.2625099542550742,0.021144917,0.216162109375,0.0003,-0.030426753652864135,3110,,
,,,640000,,,0.01011762022972107,0.2,-1.106853166781366,0.43874186277389526,1.5128057258669287,0.022611156,0.208544921875,0.0003,-0.030580675278906712,3120,352.2,2.5000000000000004
313,27.1749,3128,641024,547.63,204,,,,,,,,,,,,
314,26.529200000000007,3137,643072,542.15,204,0.06339156627655029,0.2,-1.098638560809195,0.642532467842102,1.397094619902782,0.020607267,0.184375,0.0003,-0.02501542794634588,3130,,
315,26.309999999999995,3145,645120,544.03,205,0.1357990950345993,0.2,-1.1664016976952554,0.15172171592712402,2.1689682808239015,0.023049137,0.18232421875,0.0003,-0.029141305571829434,3140,,
316,25.465399999999995,3153,647168,538.38,205,0.03485620394349098,0.2,-1.1832865323871373,0.4736308455467224,0.9620999382343143,0.027835991,0.222265625,0.0003,-0.025256680019083433,3150,,
317,24.8999,3161,649216,534.87,205,0.054307468235492706,0.2,-1.116035045310855,0.48377835750579834,1.1684712102636694,0.018865071,0.169921875,0.0003,-0.02404972582589835,3160,,
,,,650000,,,0.021720435470342636,0.2,-1.0995748117566109,0.3507978320121765,1.5864026857772842,0.01970917,0.17841796875,0.0003,-0.02516486902895849,3170,364.0,6.390000000000001
318,23.941999999999997,3174,651264,530.56,205,,,,,,,,,,,,
319,22.964999999999996,3182,653312,518.13,205,0.1198086142539978,0.2,-1.1165808526799084,-0.03697693347930908,2.223483646987006,0.020691317,0.177099609375,0.0003,-0.026879326879861765,3180,,
320,21.4975,3191,655360,504.74,205,0.05902960151433945,0.2,-1.0821532865986228,0.35081303119659424,1.3208083731355145,0.024091955,0.185400390625,0.0003,-0.02938757428491954,3190,,
321,21.8545,3199,657408,509.08,205,0.22216437757015228,0.2,-1.1617807572707535,0.3879810571670532,1.974091291008517,0.022554044,0.177587890625,0.0003,-0.02661517004307825,3200,,
322,20.1334,3208,659456,491.02,205,0.03985201567411423,0.2,-1.1324134210124612,0.15734046697616577,1.467609280627221,0.025564097,0.20107421875,0.0003,-0.022111235608463176,3210,,
,,,660000,,,0.04590468108654022,0.2,-1.0773365741595626,0.5918513536453247,1.1000336014898493,0.026932098,0.229248046875,0.0003,-0.02980924917792436,3220,548.8,26.556
323,20.441,3226,661504,490.29,205,,,,,,,,,,,,
324,21.352400000000003,3234,663552,499.23,205,0.10062702745199203,0.2,-1.1376132395118475,0.33419984579086304,2.2767397982999684,0.020807631,0.187451171875,0.0003,-0.028119530659751035,3230,,
325,21.357499999999995,3243,665600,498.7,205,0.08671025931835175,0.2,-1.1837957311421632,0.49924397468566895,1.2210307399043814,0.026631117,0.221533203125,0.0003,-0.025092262029647826,3240,,
326,21.921799999999998,3251,667648,502.35,205,0.018910538405179977,0.2,-1.1423659408465028,0.43582600355148315,1.0857765883672983,0.024837404,0.2248046875,0.0003,-0.035430343938060105,3250,,
327,21.421300000000002,3260,669696,502.35,205,0.056437380611896515,0.2,-1.1001523179933428,0.3998468518257141,1.8664089646190405,0.01768929,0.17216796875,0.0003,-0.023921349755255505,3260,,
,,,670000,,,0.030459769070148468,0.2,-1.205566504225135,0.3395598530769348,1.3512715134536848,0.023623161,0.214111328125,0.0003,-0.030142706222250126,3270,975.8,72.336
328,21.5135,3287,671744,503.14,204,,,,,,,,,,,,
329,21.758699999999994,3297,673792,508.65,204,0.06808879226446152,0.2,-1.0549722407013178,0.3882344365119934,1.865732827410102,0.024350232,0.179638671875,0.0003,-0.025878222845494746,3280,,
330,20.164399999999997,3306,675840,497.93,204,0.04852728173136711,0.2,-1.097278911061585,0.5452631711959839,1.2392002978827805,0.022516027,0.208251953125,0.0003,-0.025422312162118033,3290,,
331,20.630100000000002,3315,677888,501.41,204,0.048442572355270386,0.2,-1.1431976698338986,0.26032620668411255,1.496641293540597,0.021774441,0.189013671875,0.0003,-0.027062438495340756,3300,,
332,21.390800000000002,3324,679936,505.42,204,0.17848512530326843,0.2,-1.0575149862095714,0.11790800094604492,1.6482837675139308,0.017593293,0.15,0.0003,-0.024053242744412274,3310,,
,,,680000,,,-0.0047612860798835754,0.2,-1.0826411720365285,0.6317579746246338,1.0925571128027514,0.025390955,0.2,0.0003,-0.030406973959179594,3320,440.4,29.634000000000004
333,21.401799999999998,3339,681984,514.33,204,,,,,,,,,,,,
334,20.991500000000002,3348,684032,515.32,204,0.04586284980177879,0.2,-1.1099735114723444,0.6208521127700806,1.292310381308198,0.025835559,0.2068359375,0.0003,-0.02727948205865687,3330,,
335,20.921499999999995,3356,686080,512.31,204,0.028379030525684357,0.2,-1.069135431945324,0.4709138870239258,1.5662591335829348,0.023017794,0.205810546875,0.0003,-0.02922327743435744,3340,,
336,20.2716,3365,688128,507.23,204,0.07517383992671967,0.2,-1.1021158326417209,0.5379533767700195,1.981975585129112,0.019382097,0.171826171875,0.0003,-0.02081760888977442,3350,,
,,,690000,,,0.028419125825166702,0.2,-1.1146496655419469,0.5749927759170532,1.7177101033739746,0.021688089,0.178955078125,0.0003,-0.027686636337602977,3360,477.8,15.262000000000004
337,20.128300000000003,3381,690176,501.54,204,,,,,,,,,,,,
338,21.241000000000003,3390,692224,510.37,204,0.08116013556718826,0.2,-1.080548177100718,0.30192917585372925,1.9939808272756636,0.020887967,0.1990234375,0.0003,-0.03307860949716997,3370,,
339,20.9377,3399,694272,510.67,204,0.08930394053459167,0.2,-1.0895206341519952,0.3825172781944275,1.2003681651316582,0.025775384,0.20341796875,0.0003,-0.028468399742268957,3380,,
340,21.601100000000002,3408,696320,514.42,204,0.16578564047813416,0.2,-1.1297982741147279,0.24997830390930176,1.9673699419945478,0.031322137,0.200732421875,0.0003,-0.025205470915534534,3390,,
341,22.7124,3417,698368,523.45,204,-0.00628899410367012,0.2,-1.2098712150007487,0.41826337575912476,1.1142980532255025,0.026100341,0.258642578125,0.0003,-0.03469090391008649,3400,,
,,,700000,,,0.06440332531929016,0.2,-1.107618155516684,0.45737123489379883,1.7216834433376789,0.01834273,0.16982421875,0.0003,-0.03127410686865915,3410,537.2,34.684
342,21.777599999999996,3433,700416,516.83,203,,,,,,,,,,,,
343,22.554900000000004,3441,702464,519.14,204,0.04554623365402222,0.2,-1.169204492866993,0.5033156275749207,1.9823279126081617,0.018284693,0.182080078125,0.0003,-0.030383432809321674,3420,,
344,23.6856,3449,704512,526.19,204,0.004321567714214325,0.2,-1.145064190402627,0.67204749584198,1.001284944615327,0.02585896,0.235546875,0.0003,-0.03302620749745984,3430,,
345,24.066099999999995,3458,706560,528.2,204,0.04132050275802612,0.2,-1.1349681738764048,0.5153629779815674,1.258137689717114,0.023693014,0.2052734375,0.0003,-0.034819500186131336,3440,,
346,23.95649999999999,3466,708608,529.15,204,0.09106878936290741,0.2,-1.027978758700192,0.410031259059906,1.7239969419082626,0.020709563,0.180029296875,0.0003,-0.027744609070941804,3450,,
,,,710000,,,0.01954801008105278,0.2,-1.103647442907095,0.2572728991508484,1.7211630190024152,0.02070443,0.178271484375,0.0003,-0.024347977875731886,3460,392.2,12.110000000000001
347,25.183899999999994,3480,710656,536.54,204,,,,,,,,,,,,
348,25.9263,3489,712704,542.38,204,0.016910217702388763,0.2,-1.0749440345913173,0.6980414986610413,1.342435063328594,0.022349963,0.208447265625,0.0003,-0.03318515426071826,3470,,
349,25.963199999999997,3497,714752,548.7,204,0.09978446364402771,0.2,-1.0453449930995702,0.5526940822601318,1.9282017230056225,0.025814753,0.194384765625,0.0003,-0.025701346254209056,3480,,
350,27.0527,3507,716800,559.85,204,-0.015933729708194733,0.2,-1.063229019753635,0.4650707244873047,1.359584581060335,0.023996454,0.18857421875,0.0003,-0.02811869466822827,3490,,
351,27.214099999999995,3515,718848,563.75,204,0.11444871127605438,0.2,-1.1509309329092503,0.6235244274139404,1.2849772398825734,0.022464145,0.2193359375,0.0003,-0.027372652664780617,3500,,
,,,720000,,,0.03410601615905762,0.2,-1.071995795145631,0.5657716393470764,1.1156905608484522,0.025172433,0.199560546875,0.0003,-0.026701485639205203,3510,699.0,41.077999999999996
352,27.303099999999993,3534,720896,564.86,203,,,,,,,,,,,,
353,26.6193,3542,722944,563.19,204,0.045888274908065796,0.2,-1.053177365474403,0.4411458969116211,1.6022221952676774,0.018518576,0.179150390625,0.0003,-0.03162724909780081,3520,,
354,25.981400000000004,3551,724992,556.91,204,0.0372048020362854,0.2,-1.1350573349744082,0.37775254249572754,1.0832511470653117,0.022982668,0.181005859375,0.0003,-0.02461057150794659,3530,,
355,26.056499999999993,3559,727040,559.41,204,0.005948193371295929,0.2,-1.1481449812650681,0.2628060579299927,1.7259782032109796,0.018210024,0.18271484375,0.0003,-0.021302962879417464,3540,,
356,25.454900000000002,3567,729088,549.5,204,0.05492447316646576,0.2,-1.170124188438058,0.5234211683273315,1.2267947603249922,0.022231571,0.21982421875,0.0003,-0.028937606897670776,3550,,
,,,730000,,,0.114324189722538,0.2,-1.1781990889459848,0.2324141263961792,1.497432181541808,0.025575534,0.197412109375,0.0003,-0.026618236336798873,3560,598.2,20.064
357,26.558100000000003,3586,731136,559.3,203,,,,,,,,,,,,
358,26.2474,3594,733184,560.34,203,0.02851659059524536,0.2,-1.1173444494605065,0.48483413457870483,1.5567217994481326,0.020505771,0.177734375,0.0003,-0.02546151236456353,3570,,
359,26.874699999999997,3603,735232,567.66,204,0.08806633949279785,0.2,-1.1117908423766494,0.5194492340087891,1.677417114051059,0.022366866,0.196240234375,0.0003,-0.02591268551768735,3580,,
360,26.756600000000002,3611,737280,559.43,204,0.012719959020614624,0.2,-1.1490824846550822,0.6012439727783203,1.087912613991648,0.027639173,0.230810546875,0.0003,-0.02780291073868284,3590,,
361,25.029600000000006,3620,739328,541.94,204,0.09325186908245087,0.2,-1.1465273961424827,0.31069302558898926,1.2257448095362633,0.019956034,0.180419921875,0.0003,-0.02171177942364011,3600,,
,,,740000,,,0.1461464911699295,0.2,-1.132914649322629,-0.11536407470703125,2.7134358408395203,0.019450424,0.16513671875,0.0003,-0.030973164475290103,3610,649.6,33.564
362,24.7412,3641,741376,540.75,203,,,,,,,,,,,,
363,25.462699999999995,3649,743424,548.68,203,0.5573968291282654,0.2,-1.183163148164749,-0.08634305000305176,2.2469986829906703,0.022816151,0.188916015625,0.0003,-0.03156702754786238,3620,,
364,27.0947,3657,745472,565.66,203,0.02290254831314087,0.2,-1.0632913462817668,0.384928822517395,1.4780414102133363,0.02273019,0.211328125,0.0003,-0.03258468071289826,3630,,
365,26.206899999999997,3667,747520,564.35,203,0.12417826801538467,0.2,-1.1106351509690284,0.5249290466308594,1.986090849293396,0.019184034,0.16884765625,0.0003,-0.028748326646746137,3640,,
366,24.67,3676,749568,547.87,203,-0.025775454938411713,0.2,-1.0856444310396909,0.21887868642807007,1.3979651638073847,0.020833144,0.189501953125,0.0003,-0.02850323801394552,3650,,
,,,750000,,,0.06567352265119553,0.2,-1.1050065889954568,0.2546418309211731,1.4375256006838755,0.022095708,0.182861328125,0.0003,-0.032270411032368426,3660,586.6,28.188
367,24.028200000000002,3693,751616,541.98,203,,,,,,,,,,,,
368,24.5,3702,753664,544.85,203,0.024434059858322144,0.2,-1.0964016979560256,0.578522801399231,0.9447768294718116,0.029829685,0.23701171875,0.0003,-0.03252463150420226,3670,,
369,23.653700000000004,3710,755712,539.41,203,0.08470575511455536,0.2,-1.0570590944960714,0.5500286817550659,1.7174011833965779,0.021482054,0.18134765625,0.0003,-0.027740675208042374,3680,,
370,24.783500000000004,3719,757760,546.57,203,0.04424070939421654,0.2,-1.1338868508115412,0.5613651275634766,1.2268212409224362,0.024210287,0.21298828125,0.0003,-0.02830954965611454,3690,,
371,24.481000000000005,3728,759808,546.79,203,0.20287784934043884,0.2,-1.066245187819004,0.7016892433166504,1.761615932220593,0.021490157,0.201025390625,0.0003,-0.03311286815442145,3700,,
,,,760000,,,0.04774179309606552,0.2,-1.149826104938984,0.6232350468635559,1.417710488382727,0.02393044,0.18837890625,0.0003,-0.032743247706093825,3710,656.6,35.495999999999995
372,25.397399999999998,3748,761856,555.25,203,,,,,,,,,,,,
373,25.106600000000004,3757,763904,554.3,203,0.017054326832294464,0.2,-1.0291044464334846,0.5011293292045593,1.644747770158574,0.025033304,0.194677734375,0.0003,-0.03339170442486648,3720,,
374,23.810800000000004,3766,765952,543.72,203,0.006759047508239746,0.2,-1.0681007767096162,0.41602784395217896,1.240286443498917,0.023922995,0.218310546875,0.0003,-0.031756406163913196,3730,,
375,23.364900000000002,3775,768000,538.26,203,0.09698741137981415,0.2,-1.1015171283856033,0.5030936002731323,0.9308154239668511,0.025956973,0.21376953125,0.0003,-0.02687297377269715,3740,,
,,,770000,,,0.04461392015218735,0.2,-1.044120290502906,0.19523823261260986,1.8536000323481858,0.02074232,0.17451171875,0.0003,-0.02567941293818876,3750,288.2,-2.861999999999999
376,23.154899999999998,3787,770048,529.21,203,,,,,,,,,,,,
377,23.046599999999994,3796,772096,530.03,203,0.10766444355249405,0.2,-1.1363081738352776,0.40368032455444336,1.1561505966586991,0.023368623,0.190771484375,0.0003,-0.03257050561369397,3760,,
378,22.956999999999997,3804,774144,528.98,203,0.051823608577251434,0.2,-1.095363700389862,0.36240506172180176,2.062470298586413,0.019225456,0.172021484375,0.0003,-0.027873181279574055,3770,,
379,23.893300000000004,3813,776192,535.43,203,0.03885180130600929,0.2,-1.1109327908605338,-0.07340025901794434,1.9747485942440108,0.01975893,0.194921875,0.0003,-0.029047274144249968,3780,,
380,21.274599999999992,3821,778240,506.99,203,0.09224249422550201,0.2,-1.053309688717127,0.48204749822616577,1.0667275780811907,0.027695188,0.2087890625,0.0003,-0.024669166206149385,3790,,
,,,780000,,,-0.0002851635217666626,0.2,-1.114615400880575,0.4669073224067688,0.9050246192608029,0.023927467,0.207666015625,0.0003,-0.03266526959778275,3800,657.0,35.492000000000004
381,20.284000000000002,3840,780288,495.94,203,,,,,,,,,,,,
382,19.092900000000004,3848,782336,484.92,203,0.08340299129486084,0.2,-1.162917460501194,-0.1391388177871704,1.7247648412827403,0.019138377,0.178662109375,0.0003,-0.028467724254005587,3810,,
383,17.266499999999997,3856,784384,467.4,203,0.015633396804332733,0.2,-1.1101657204329967,0.41718780994415283,0.925786517886445,0.02249002,0.21376953125,0.0003,-0.03778046299412381,3820,,
384,17.5026,3865,786432,473.82,203,0.08659197390079498,0.2,-1.1071420764550566,-0.1213986873626709,1.6432933004572987,0.024046985,0.207958984375,0.0003,-0.030870917331776583,3830,,
385,17.4998,3873,788480,474.08,203,0.07598713040351868,0.2,-1.1111040094867348,0.24808454513549805,1.1819805379258468,0.02381672,0.19697265625,0.0003,-0.027512139445752835,3840,,
,,,790000,,,0.14175279438495636,0.2,-1.123756358027458,0.4193320870399475,1.2100723664974793,0.022230286,0.185986328125,0.0003,-0.027959088631905615,3850,552.0,24.529999999999998
386,16.0193,3891,790528,461.97,203,,,,,,,,,,,,
387,15.371799999999999,3901,792576,456.65,203,0.057094983756542206,0.2,-1.0657767409458756,0.26954537630081177,1.5681954725645482,0.024534317,0.20986328125,0.0003,-0.02740038299234584,3860,,
388,16.326,3909,794624,461.33,203,0.0930861160159111,0.2,-1.1287182189524174,0.38679569959640503,1.2370248491410165,0.020269515,0.19248046875,0.0003,-0.025567635559127666,3870,,
389,17.436999999999998,3917,796672,470.33,203,0.05086293816566467,0.2,-1.1217187494039536,0.426729679107666,1.1996394655201583,0.020550625,0.17314453125,0.0003,-0.031702679305453785,3880,,
390,16.9718,3925,798720,466.8,203,0.021550476551055908,0.2,-1.0458520160987974,0.46517884731292725,1.2374964202521368,0.023206592,0.1890625,0.0003,-0.029472469483152963,3890,,
,,,800000,,,0.023988965898752213,0.2,-1.0893071193248034,0.5306995511054993,1.4304130713455379,0.019857263,0.183251953125,0.0003,-0.026939571209368296,3900,522.6,6.806
391,17.1347,3943,800768,470.53,203,,,,,,,,,,,,
392,17.2775,3952,802816,476.27,203,0.04488852620124817,0.2,-1.067791184782982,0.30683767795562744,1.2750585063127802,0.025109595,0.203662109375,0.0003,-0.03396982801496051,3910,,
393,16.787300000000002,3960,804864,475.26,203,0.04872371628880501,0.2,-1.1140483373776078,0.4499245882034302,1.252201374922879,0.025413021,0.20390625,0.0003,-0.03015242602850776,3920,,
394,16.8972,3968,806912,474.28,203,0.06719762086868286,0.2,-1.0792428070679307,0.5229211449623108,1.989702145056799,0.022459365,0.19677734375,0.0003,-0.030302812754234763,3930,,
395,18.381299999999996,3976,808960,486.01,203,0.13997411727905273,0.2,-1.1239006144925952,0.7162190675735474,1.076344150584191,0.023175556,0.18974609375,0.0003,-0.02956721645605285,3940,,
,,,810000,,,0.038212843239307404,0.2,-1.0383405998349189,0.7080656290054321,1.0882809820119292,0.025148978,0.2337890625,0.0003,-0.032936658448306844,3950,645.4,15.588
396,19.041499999999996,3997,811008,490.04,202,,,,,,,,,,,,
397,19.2751,4007,813056,496.71,202,-0.005836572498083115,0.2,-1.1103846339508892,0.7804661393165588,0.7377106375992298,0.03098861,0.240576171875,0.0003,-0.03437072179222014,3960,,
398,19.992199999999997,4015,815104,505.04,202,0.07949143648147583,0.2,-1.1044771971181035,0.5858980417251587,1.074210913653951,0.03075845,0.209033203125,0.0003,-0.03432062333158683,3970,,
399,20.182000000000002,4024,817152,506.1,203,0.019810248166322708,0.2,-1.1510867686942219,0.3407425284385681,1.2857159367762505,0.025340177,0.208447265625,0.0003,-0.03057119750592392,3980,,
400,21.153000000000002,4033,819200,519.11,203,0.13093748688697815,0.2,-1.0541991973295808,0.43535947799682617,1.2576721194200218,0.023842257,0.20634765625,0.0003,-0.031467254216840955,3990,,
,,,820000,,,0.04583694785833359,0.2,-1.0311461234465242,0.46505600214004517,1.187723602564074,0.025573831,0.1916015625,0.0003,-0.029057681205449624,4000,365.0,10.383999999999999
401,21.0421,4048,821248,520.21,202,,,,,,,,,,,,
402,20.8675,4056,823296,517.67,202,0.0352005735039711,0.2,-0.9334708042442799,0.36601316928863525,1.5815773773938417,0.024261415,0.172265625,0.0003,-0.02758591921592597,4010,,
403,21.9191,4065,825344,522.6,203,0.028539609163999557,0.2,-1.0314000261947514,0.49390268325805664,1.5299734100233764,0.023300644,0.187646484375,0.0003,-0.032427051331615074,4020,,
404,21.1355,4073,827392,510.89,203,-0.00896066427230835,0.2,-1.0498908653855323,0.5109800100326538,1.4241945336572825,0.02252369,0.1826171875,0.0003,-0.02990547228255309,4030,,
405,22.2162,4082,829440,522.92,203,0.08495236188173294,0.2,-1.1357058946043253,0.3255639672279358,2.0627540844026955,0.022761505,0.185009765625,0.0003,-0.027818507570191286,4040,,
,,,830000,,,0.01341579481959343,0.2,-1.1246057342737914,0.63573157787323,0.5977637313539163,0.02606866,0.2482421875,0.0003,-0.035582920181332155,4050,519.2,22.856
406,21.978900000000003,4098,831488,526.65,202,,,,,,,,,,,,
407,22.719700000000003,4107,833536,532.65,202,0.05693819373846054,0.2,-1.108891606889665,-0.22056293487548828,2.0365959641058,0.021156978,0.192333984375,0.0003,-0.03246401571959723,4060,,
408,23.7308,4115,835584,541.65,203,-0.01005299761891365,0.2,-1.1337780982255936,0.6859958171844482,0.9517411381122656,0.02692357,0.217333984375,0.0003,-0.03149635862791911,4070,,
409,23.7463,4124,837632,540.1,203,-0.016082029789686203,0.2,-1.0735197285190226,0.5929633378982544,1.0633030983852223,0.027825534,0.22724609375,0.0003,-0.03676371790643316,4080,,
410,24.555799999999998,4131,839680,549.24,203,0.12611094117164612,0.2,-0.9757922297343612,0.46173352003097534,1.6624037405941636,0.021036241,0.173046875,0.0003,-0.032718939322512595,4090,,
,,,840000,,,-0.0020255595445632935,0.2,-1.0354621436446905,0.5153028964996338,1.202525210287422,0.025067901,0.2095703125,0.0003,-0.03238009325577877,4100,550.8,6.523999999999999
411,24.670200000000005,4149,841728,547.81,202,,,,,,,,,,,,
412,24.338000000000008,4157,843776,540.99,202,0.13099175691604614,0.2,-1.143138536438346,0.5537099838256836,1.5765551562886686,0.023238067,0.188330078125,0.0003,-0.029547844061744398,4110,,
413,24.184299999999997,4165,845824,536.34,203,0.001733429729938507,0.2,-1.154241393506527,0.4629398584365845,1.4799731446895747,0.023924308,0.198193359375,0.0003,-0.027151997335022316,4120,,
414,24.719499999999996,4173,847872,542.88,203,0.048259783536195755,0.2,-1.0479862298816442,0.5634410381317139,1.4290938464924694,0.021154437,0.1775390625,0.0003,-0.026785969335469416,4130,,
415,24.613000000000003,4183,849920,543.52,203,0.031140290200710297,0.2,-0.9582887748256326,0.4622732996940613,1.2132667049067094,0.020491038,0.1693359375,0.0003,-0.03025928951392416,4140,,
,,,850000,,,0.11745844781398773,0.2,-1.0953745860606432,0.6023160219192505,1.2384370523737744,0.02461981,0.1984375,0.0003,-0.034464454744011164,4150,530.6,30.750000000000007
416,25.696600000000004,4201,851968,555.26,202,,,,,,,,,,,,
417,25.720499999999994,4210,854016,552.89,202,0.017197512090206146,0.2,-1.1228203115984798,0.5598832368850708,0.8722935223253444,0.028465513,0.2544921875,0.0003,-0.04133773134090006,4160,,
418,26.44419999999999,4218,856064,560.6,202,-0.01705225557088852,0.2,-1.0706728717312217,0.7337653636932373,0.9312395055079833,0.024379663,0.189892578125,0.0003,-0.03240803776134271,4170,,
419,26.3884,4227,858112,556.15,202,0.006565645337104797,0.2,-0.9833191435784101,0.5773290395736694,1.4813983028987423,0.02110894,0.155224609375,0.0003,-0.027902213094057514,4180,,
,,,860000,,,0.1130535751581192,0.2,-1.0935281744226812,0.49283933639526367,1.7181031039683148,0.024254125,0.195166015625,0.0003,-0.03526966289791744,4190,355.0,6.4799999999999995
420,27.8225,4241,860160,562.89,202,,,,,,,,,,,,
421,24.97189999999999,4249,862208,537.62,202,0.14924104511737823,0.2,-1.0266671020537614,0.3610522150993347,2.666473469370976,0.02105624,0.16982421875,0.0003,-0.02833794784382917,4200,,
422,23.876899999999996,4258,864256,527.02,202,-0.0034347549080848694,0.2,-1.1116741569712758,0.5763329863548279,1.2156193064292893,0.027054984,0.224853515625,0.0003,-0.03817783302511089,4210,,
423,23.018599999999996,4266,866304,512.79,203,0.03738003224134445,0.2,-1.0688306771218776,0.4756748080253601,1.5332917805062607,0.027393501,0.2017578125,0.0003,-0.03193106826220173,4220,,
424,22.837900000000005,4275,868352,510.84,203,0.09503024816513062,0.2,-1.0590555662289263,0.4769490361213684,2.2280900644604116,0.021440286,0.178515625,0.0003,-0.03388277175836265,4230,,
,,,870000,,,0.024679169058799744,0.2,-1.1292832162231208,0.4338403344154358,1.8327012866502628,0.024093324,0.19091796875,0.0003,-0.0302642843031208,4240,476.4,15.272
425,21.9129,4291,870400,503.24,202,,,,,,,,,,,,
426,21.285100000000003,4299,872448,495.95,202,0.0004129074513912201,0.2,-1.1041434107348322,0.5512251853942871,1.0308572811307386,0.026639689,0.22802734375,0.0003,-0.03309800363786053,4250,,
427,20.068,4308,874496,487.55,202,0.016390033066272736,0.2,-1.0729331351816653,0.43660008907318115,2.1837236110586673,0.019404292,0.15751953125,0.0003,-0.02744099124101922,4260,,
428,20.4987,4316,876544,494.53,203,0.9049532413482666,0.2,-1.0370278162881732,0.09838342666625977,2.0469687525881453,0.022822369,0.1791015625,0.0003,-0.030039566775667482,4270,,
429,20.071500000000004,4325,878592,487.22,203,0.04629670828580856,0.2,-1.2213113933801651,0.580848753452301,1.3249892418738454,0.022957377,0.231787109375,0.0003,-0.031273794466687835,4280,,
,,,880000,,,0.019953422248363495,0.2,-1.105224904231727,0.06759220361709595,1.4369114806875587,0.026319576,0.218115234375,0.0003,-0.032623988221166654,4290,673.4,39.327999999999996
430,20.8216,4346,880640,492.27,202,,,,,,,,,,,,
431,22.315399999999997,4355,882688,503.03,202,0.06089739501476288,0.2,-1.0149677578359841,0.22960728406906128,1.597896260768175,0.02819252,0.209912109375,0.0003,-0.03308432578924112,4300,,
432,21.920299999999994,4364,884736,502.5,202,0.18523693084716797,0.2,-1.05687575340271,0.1202283501625061,1.8168989524245263,0.018904008,0.168505859375,0.0003,-0.03304051237937529,4310,,
433,21.725,4372,886784,502.01,202,0.007215313613414764,0.2,-1.1237470058724284,0.5240755081176758,1.0257799179060385,0.022030976,0.20048828125,0.0003,-0.03302406025177333,4320,,
434,22.186400000000003,4381,888832,505.92,202,0.010353140532970428,0.2,-0.9632083289325237,0.5154272317886353,1.1604996906826273,0.022319283,0.177978515625,0.0003,-0.03353729419759475,4330,,
,,,890000,,,0.025761500000953674,0.2,-1.0674989691004158,0.3449673652648926,1.238579061627388,0.027708447,0.22333984375,0.0003,-0.031696366390679034,4340,485.4,19.189999999999998
435,22.561400000000003,4398,890880,508.46,202,,,,,,,,,,,,
436,23.6544,4406,892928,519.3,202,0.06470245122909546,0.2,-0.9685951026156545,0.3646530508995056,1.604557507345453,0.023765102,0.185546875,0.0003,-0.0333112430642359,4350,,
437,24.015900000000002,4416,894976,523.19,202,0.26053255796432495,0.2,-1.0336937468498946,0.42019760608673096,1.41234383743722,0.02403893,0.188671875,0.0003,-0.03182981715799542,4360,,
438,24.731300000000005,4426,897024,531.71,202,0.01371559128165245,0.2,-1.067051181383431,0.3412278890609741,1.5092465811874718,0.027518703,0.223974609375,0.0003,-0.030455089747556487,4370,,
439,26.0097,4435,899072,543.99,202,0.12055869400501251,0.2,-1.0459314327687026,0.569739818572998,1.4781411384465173,0.022494484,0.195068359375,0.0003,-0.031899959457223306,4380,,
,,,900000,,,0.11268223822116852,0.2,-1.1426325926557184,0.6235432028770447,1.1069699357263745,0.025419734,0.221923828125,0.0003,-0.030395655863685533,4390,508.8,8.946000000000002
440,25.0724,4453,901120,537.62,202,,,,,,,,,,,,
441,24.418200000000006,4463,903168,532.99,202,0.10903877019882202,0.2,-1.0196933506056667,0.49895143508911133,1.145802029571496,0.023122782,0.186962890625,0.0003,-0.02880640520452289,4400,,
442,23.1547,4471,905216,519.2,202,0.037668414413928986,0.2,-1.2046787705272437,0.4213216304779053,1.3140810960438103,0.02421866,0.2224609375,0.0003,-0.03387204296013806,4410,,
443,22.952800000000003,4480,907264,519.37,202,0.05927145481109619,0.2,-1.0494649099186062,0.5377089381217957,1.3761154361534864,0.020787116,0.1908203125,0.0003,-0.03186482133460231,4420,,
444,22.9251,4488,909312,522.16,202,0.11344926804304123,0.2,-0.9844727085903286,0.17622709274291992,1.5570025148801505,0.023803614,0.1771484375,0.0003,-0.030942535409121775,4430,,
,,,910000,,,0.17869193851947784,0.2,-1.090280788578093,0.29789233207702637,1.857945955917239,0.01715352,0.163037109375,0.0003,-0.030022715849918315,4440,704.0,43.029999999999994
445,22.0773,4511,911360,516.83,202,,,,,,,,,,,,
446,22.4338,4519,913408,521.24,202,-0.005024582147598267,0.2,-1.0118090841919183,0.6365821361541748,0.9951144948368892,0.026356036,0.2146484375,0.0003,-0.03426358227006858,4450,,
447,24.016,4528,915456,533.21,202,0.15408974885940552,0.2,-1.0616389667615294,0.43926167488098145,1.4481611682800577,0.027080193,0.2037109375,0.0003,-0.03431506893830374,4460,,
448,24.945500000000006,4536,917504,540.36,202,0.049893420189619064,0.2,-1.0438033867627383,0.3756319284439087,2.6120879348833115,0.024038028,0.189892578125,0.0003,-0.028185864735860378,4470,,
449,24.780900000000006,4545,919552,536.8,202,0.08561665564775467,0.2,-1.0450642567127943,0.38904476165771484,1.7223472343524917,0.025948279,0.20244140625,0.0003,-0.03614388610294554,4480,,
,,,920000,,,0.15888087451457977,0.2,-1.1517150208353997,0.4616072177886963,1.804026643652469,0.023637777,0.190673828125,0.0003,-0.028883774462156,4490,744.8,56.63199999999999
450,25.1644,4565,921600,538.45,201,,,,,,,,,,,,
451,26.3736,4575,923648,547.64,201,0.015141598880290985,0.2,-1.1024379728361964,0.510690450668335,1.2287483797874301,0.024039019,0.22666015625,0.0003,-0.03580984207219444,4500,,
452,27.543799999999997,4583,925696,550.72,201,0.08783755451440811,0.2,-1.1034893985837697,0.534976601600647,1.4537666437914596,0.027630111,0.2275390625,0.0003,-0.03511122333875392,4510,,
453,29.0302,4592,927744,562.22,202,0.14243946969509125,0.2,-1.0250735521316527,0.44913214445114136,1.9322388194967062,0.021032903,0.18564453125,0.0003,-0.03299480685673188,4520,,
454,30.058800000000005,4600,929792,569.45,202,0.08823057264089584,0.2,-1.0293636800721289,0.6645864248275757,1.262269849679433,0.028149132,0.210546875,0.0003,-0.03265167809440754,4530,,
,,,930000,,,0.04291179031133652,0.2,-1.026957666873932,0.40129464864730835,1.5710409866413102,0.0257045,0.20048828125,0.0003,-0.03210207160154823,4540,510.2,26.95
455,30.0247,4618,931840,572.86,201,,,,,,,,,,,,
456,30.467799999999997,4627,933888,578.58,201,0.008426409214735031,0.2,-1.118584279343486,0.4287302494049072,1.540443327720277,0.024297614,0.202587890625,0.0003,-0.03695437424757984,4550,,
457,30.097899999999996,4636,935936,575.53,201,0.0032494068145751953,0.2,-1.0577744368463755,0.6633350849151611,0.9823257573414594,0.031830814,0.23759765625,0.0003,-0.03109278049960267,4560,,
458,32.339400000000005,4644,937984,591.62,201,0.017738230526447296,0.2,-1.0443011252209544,0.39291346073150635,1.087432834552601,0.022546649,0.191552734375,0.0003,-0.030200429019168952,4570,,
,,,940000,,,0.07614120841026306,0.2,-1.066118842549622,0.5296650528907776,1.846127958991565,0.02130603,0.204052734375,0.0003,-0.032764560065697876,4580,661.0,47.464
459,31.871100000000002,4664,940032,588.42,201,,,,,,,,,,,,
460,32.4427,4673,942080,591.32,201,0.0901150032877922,0.2,-1.0497640941292048,0.5828357934951782,1.1763387290295213,0.025239808,0.209765625,0.0003,-0.03050406966358423,4590,,
461,32.65070000000001,4682,944128,590.54,201,0.07787641882896423,0.2,-1.1219074876978994,0.6388287544250488,1.6817711068782955,0.024979416,0.233349609375,0.0003,-0.03679314581095241,4600,,
462,32.66030000000001,4690,946176,589.58,201,0.0949021503329277,0.2,-1.0665780464187264,0.2540273070335388,1.9863501247018576,0.021001425,0.17958984375,0.0003,-0.032411615198361686,4610,,
463,33.6832,4698,948224,597.4,201,0.15265029668807983,0.2,-1.0677535379305483,0.2577546238899231,2.7492214190308006,0.017305464,0.160302734375,0.0003,-0.027452046831604092,4620,,
,,,950000,,,0.006280574947595596,0.2,-1.0925423201173543,0.5923136472702026,1.101663046469912,0.030897258,0.21826171875,0.0003,-0.03599216847505886,4630,506.0,22.988
464,34.9636,4715,950272,609.5,201,,,,,,,,,,,,
465,33.3855,4724,952320,597.14,201,0.09598836302757263,0.2,-1.0261813333258032,0.4755449891090393,1.504540949384682,0.025254756,0.2025390625,0.0003,-0.03427470478636678,4640,,
466,33.8674,4733,954368,599.0,201,0.05964029207825661,0.2,-1.1537059150636195,0.6183109283447266,1.3142830080119894,0.027039798,0.231298828125,0.0003,-0.037523303367197516,4650,,
467,32.959,4742,956416,589.74,201,0.11919349431991577,0.2,-1.1068666091188788,0.3856359124183655,2.7802656295709314,0.023799658,0.183544921875,0.0003,-0.028427818688214757,4660,,
468,31.9833,4751,958464,577.2,201,0.20424006879329681,0.2,-1.0327096268534661,0.46903765201568604,1.3990171612938866,0.02621641,0.1892578125,0.0003,-0.03093150215863716,4670,,
,,,960000,,,0.06078465282917023,0.2,-1.0999549677595497,0.5507851839065552,1.4122474474832416,0.030868875,0.251904296875,0.0003,-0.033031865234079305,4680,372.8,10.306000000000001
469,30.737800000000004,4765,960512,561.61,201,,,,,,,,,,,,
470,30.744500000000002,4773,962560,560.96,201,0.014516428112983704,0.2,-1.1374546630308031,0.34328562021255493,1.7405697115231304,0.022990687,0.222802734375,0.0003,-0.03306666065182071,4690,,
471,30.8442,4782,964608,561.0,201,0.06597999483346939,0.2,-1.1037820743396878,0.0016639232635498047,2.7143914690241218,0.0194906,0.1625,0.0003,-0.03005998708831612,4700,,
472,29.357999999999997,4791,966656,549.48,201,0.01416696235537529,0.2,-1.2054119665175675,0.3288230299949646,1.67361104125157,0.029172454,0.224853515625,0.0003,-0.036154035905201456,4710,,
473,26.39989999999999,4801,968704,524.97,201,0.36982351541519165,0.2,-1.1733301784843206,0.2857348918914795,1.9935579554410652,0.024923623,0.201904296875,0.0003,-0.03343268432363402,4720,,
,,,970000,,,0.08050823211669922,0.2,-1.2382498878985644,-0.0864325761795044,2.8726419542916117,0.02476997,0.19453125,0.0003,-0.03579986470576842,4730,656.6,33.49400000000001
474,25.635400000000004,4821,970752,521.32,201,,,,,,,,,,,,
475,25.228100000000005,4830,972800,522.05,201,0.009149856865406036,0.2,-1.1692368494346739,0.3583165407180786,1.272642514971085,0.028823946,0.23369140625,0.0003,-0.03308295500464738,4740,,
476,24.372800000000005,4839,974848,517.51,201,0.08094751834869385,0.2,-1.1625831488519907,0.4201309084892273,1.4791845211293548,0.024012152,0.2220703125,0.0003,-0.029272454751480836,4750,,
477,24.4161,4849,976896,523.19,201,0.01721125841140747,0.2,-1.1302790706977248,0.20182597637176514,1.467729923245497,0.026276512,0.2142578125,0.0003,-0.03392164750985103,4760,,
478,22.139300000000002,4858,978944,510.67,201,0.03762057423591614,0.2,-1.2080207005143166,0.41093897819519043,1.2863962442381307,0.024860008,0.22373046875,0.0003,-0.03435600039956625,4770,,
,,,980000,,,0.06453083455562592,0.2,-1.0752561213448644,0.498027503490448,1.7766966737573966,0.028117467,0.205322265625,0.0003,-0.03580074723868165,4780,731.2,34.745999999999995
479,21.234799999999996,4879,980992,501.04,201,,,,,,,,,,,,
480,21.116799999999994,4888,983040,492.84,201,0.030634727329015732,0.2,-1.084953887015581,0.22786164283752441,1.6522456817561761,0.023584612,0.20849609375,0.0003,-0.03300008224905469,4790,,
481,22.156499999999998,4897,985088,498.98,201,0.11276774853467941,0.2,-1.0709100814536214,0.16290485858917236,1.9575488615315408,0.027157879,0.199267578125,0.0003,-0.029100379929877816,4800,,
482,20.8343,4906,987136,491.06,201,0.1056666374206543,0.2,-1.1461151359602808,0.4394981861114502,1.3369511930039153,0.026108384,0.212060546875,0.0003,-0.036316514684585854,4810,,
483,20.243399999999998,4915,989184,490.11,201,0.06652826815843582,0.2,-1.181080548465252,0.1314031481742859,1.5609653316671028,0.025702886,0.203173828125,0.0003,-0.03470047285081819,4820,,
,,,990000,,,0.08541873097419739,0.2,-1.1464386895298957,0.5147514343261719,1.9143962487112731,0.02364711,0.20048828125,0.0003,-0.03736020764044952,4830,1006.4,56.01800000000001
484,19.406999999999996,4941,991232,483.66,200,,,,,,,,,,,,
485,20.531099999999995,4950,993280,491.35,200,0.06695690751075745,0.2,-1.0605781802907586,0.47585856914520264,1.8543895453214645,0.022092521,0.2072265625,0.0003,-0.03980817663541529,4840,,
486,21.27,4959,995328,497.54,200,-0.032974038273096085,0.2,-1.116496641933918,0.5612603425979614,1.3621811609715224,0.03540223,0.23369140625,0.0003,-0.03522263951890636,4850,,
487,21.966200000000004,4967,997376,507.98,200,0.03601086139678955,0.2,-1.1723028741776944,0.535405695438385,1.3030452153412626,0.02741929,0.21220703125,0.0003,-0.03231614969263319,4860,,
488,20.094099999999997,4976,999424,494.99,200,0.01552736759185791,0.2,-1.340474632754922,0.4686581492424011,1.083920572558418,0.026944559,0.239501953125,0.0003,-0.037113719849730845,4870,,
,,,1000000,,,0.08318419754505157,0.2,-1.1907557610422372,0.2694096565246582,2.208929158630781,0.020703502,0.192822265625,0.0003,-0.03409166353812907,4880,596.6,28.088
489,19.7348,4994,1001472,490.88,200,,,,,,,,,,,,
490,18.628999999999998,5003,1003520,481.34,200,0.24054792523384094,0.2,-1.2236037153750658,0.40797555446624756,1.6932990918168798,0.024447177,0.20615234375,0.0003,-0.03162290866021067,4890,,
491,18.9251,5012,1005568,481.8,200,-0.028890900313854218,0.2,-1.2245066083967686,0.22541797161102295,1.6273896215949208,0.030103799,0.24267578125,0.0003,-0.03740843666892033,4900,,
492,17.969700000000003,5020,1007616,477.24,200,0.1101418286561966,0.2,-1.13233328666538,0.35194796323776245,2.259021870722063,0.023572106,0.192578125,0.0003,-0.033504114908282645,4910,,
493,19.0688,5028,1009664,487.43,200,0.09941621869802475,0.2,-1.1059278516098856,0.2772522568702698,1.7717590174870566,0.026755402,0.194970703125,0.0003,-0.03640439516457263,4920,,
,,,1010000,,,0.10494476556777954,0.2,-1.2793193750083447,0.5068255662918091,1.0204098826274275,0.031456202,0.26748046875,0.0003,-0.0373711772452225,4930,459.6,21.45
494,19.506,5044,1011712,493.76,200,,,,,,,,,,,,
495,20.601399999999998,5052,1013760,504.34,200,0.049958065152168274,0.2,-1.1633137993514537,0.5934624075889587,1.3118869577534498,0.027217407,0.221044921875,0.0003,-0.03584286745754071,4940,,
496,18.9299,5060,1015808,491.31,200,0.06256163120269775,0.2,-1.1214555148035288,0.3374965786933899,1.5865536905825137,0.02456507,0.2087890625,0.0003,-0.0348846933702589,4950,,
497,20.2089,5070,1017856,503.55,200,0.004486560821533203,0.2,-1.114746911637485,0.44490480422973633,1.4757619092590175,0.026116177,0.214404296875,0.0003,-0.03585713476641104,4960,,
498,21.207900000000006,5078,1019904,513.76,200,0.0857040137052536,0.2,-1.0670097012072801,0.336050808429718,2.563555661216378,0.02385859,0.187353515625,0.0003,-0.03397696785104927,4970,,
,,,1020000,,,0.0011115223169326782,0.2,-1.130008620582521,0.29358410835266113,1.5485776970628649,0.027477104,0.235986328125,0.0003,-0.03839740139374044,4980,615.4,37.910000000000004
499,22.409000000000006,5096,1021952,523.78,200,,,,,,,,,,,,
500,23.3187,5105,1024000,532.93,200,0.03454682230949402,0.2,-1.1125319749116898,0.5121081471443176,1.1096792138181626,0.030517943,0.224365234375,0.0003,-0.03170890410838183,4990,,
501,23.4443,5114,1026048,530.36,200,0.06197237968444824,0.2,-1.0784980729222298,0.5090025663375854,1.5661522962152958,0.02734811,0.22958984375,0.0003,-0.03699643836298492,5000,,
502,22.4623,5122,1028096,518.45,200,0.043958425521850586,0.2,-0.9373864239081741,0.4481106400489807,1.522324373968877,0.026707033,0.19208984375,0.0003,-0.03557717777439393,5010,,
,,,1030000,,,0.06556608527898788,0.2,-1.2281004812568426,0.448164701461792,1.2676048282999546,0.031475406,0.241748046875,0.0003,-0.036215152801014484,5020,484.6,21.2
503,21.188200000000002,5138,1030144,505.72,200,,,,,,,,,,,,
504,22.1882,5146,1032192,515.83,200,0.15984460711479187,0.2,-1.1708129111677408,0.013627052307128906,1.6943196275969967,0.022783043,0.193798828125,0.0003,-0.03421310116827954,5030,,
505,22.158,5154,1034240,518.85,200,0.04688384756445885,0.2,-1.0994067914783954,0.12158149480819702,2.1703378728125244,0.02301955,0.19775390625,0.0003,-0.03279749141074717,5040,,
506,20.951900000000002,5162,1036288,509.33,200,0.06378298252820969,0.2,-1.1170164978131651,0.5925663113594055,1.2113411802332847,0.024113249,0.20849609375,0.0003,-0.037493716922472234,5050,,
507,20.403500000000005,5171,1038336,504.11,200,0.12485763430595398,0.2,-1.0822308206930757,0.3390173316001892,1.7500744381686673,0.022612032,0.193603515625,0.0003,-0.03508514483401086,5060,,
,,,1040000,,,0.16336224973201752,0.2,-0.9559162490069866,0.49154186248779297,1.848841331503354,0.026012657,0.194091796875,0.0003,-0.03381386163237039,5070,413.0,9.904
508,18.2594,5186,1040384,488.31,200,,,,,,,,,,,,
509,18.609799999999996,5194,1042432,493.27,200,0.7965231537818909,0.2,-1.0114403169602155,0.3350685238838196,2.207657405012287,0.01843423,0.162353515625,0.0003,-0.028037657772074454,5080,,
510,18.235599999999998,5203,1044480,490.65,200,-0.03156889230012894,0.2,-1.136969692260027,0.21351367235183716,1.2898793117143215,0.029260151,0.2318359375,0.0003,-0.03332747913955245,5090,,
511,18.690800000000003,5212,1046528,495.2,200,0.03969951346516609,0.2,-1.169681128114462,0.38026994466781616,1.4015859304461629,0.025379967,0.219091796875,0.0003,-0.03450310970802093,5100,,
512,18.8266,5221,1048576,491.63,200,0.01117115467786789,0.2,-1.119676210358739,0.4494573473930359,1.5006009314209223,0.024745155,0.22783203125,0.0003,-0.03413184247910976,5110,,
,,,1050000,,,0.05345427989959717,0.2,-0.9765851022675633,0.5024803280830383,1.246900249319151,0.02819474,0.2166015625,0.0003,-0.03792884286376648,5120,291.8,5.11
513,19.4851,5234,1050624,495.83,200,,,,,,,,,,,,
514,20.9589,5243,1052672,508.61,200,0.021164052188396454,0.2,-1.0612273879349232,0.5658360123634338,1.9738490079063922,0.022453606,0.194091796875,0.0003,-0.0365167495678179,5130,,
515,21.3369,5251,1054720,510.85,200,0.1658453345298767,0.2,-1.0226814493536949,0.6199976801872253,1.4486606647726148,0.029846884,0.229248046875,0.0003,-0.03203684213804081,5140,,
516,22.2297,5260,1056768,521.65,200,0.06439635157585144,0.2,-1.1424316011369229,0.6170227527618408,1.2712664797436446,0.025536355,0.222265625,0.0003,-0.03507543301966507,5150,,
517,22.128200000000003,5269,1058816,521.79,200,0.08314776420593262,0.2,-1.0878139477223159,0.35925209522247314,1.9346338695380836,0.025162118,0.20166015625,0.0003,-0.03432202957046684,5160,,
,,,1060000,,,0.07688646018505096,0.2,-1.1884846966713667,0.1735571026802063,1.8560050587635488,0.023862042,0.2134765625,0.0003,-0.035141449527873195,5170,415.2,21.89
518,23.5794,5286,1060864,536.83,200,,,,,,,,,,,,
519,23.3489,5294,1062912,529.87,200,0.046642713248729706,0.2,-1.1445816718041897,0.3539120554924011,1.5582164946012198,0.032131936,0.234228515625,0.0003,-0.034710262101725675,5180,,
520,22.276099999999996,5303,1064960,517.03,200,0.07062824070453644,0.2,-1.110909577831626,0.16217970848083496,2.719110018014908,0.024974726,0.2126953125,0.0003,-0.03468140737677459,5190,,
521,23.120099999999997,5312,1067008,522.72,200,0.5207043290138245,0.2,-1.0483603205531835,0.5655770301818848,1.962673142272979,0.023271695,0.185400390625,0.0003,-0.033011176355648784,5200,,
522,24.086600000000004,5321,1069056,526.17,200,-0.014315538108348846,0.2,-1.077631187066436,0.32461971044540405,1.2924663306912407,0.0345787,0.24501953125,0.0003,-0.04010075718688313,5210,,
,,,1070000,,,-0.011996939778327942,0.2,-1.0895680895075202,0.6803087592124939,1.1966952634160406,0.029396512,0.25029296875,0.0003,-0.038292642508167773,5220,459.6,19.448
523,23.616199999999996,5337,1071104,523.14,200,,,,,,,,,,,,
524,22.248500000000003,5346,1073152,509.74,200,-0.026905030012130737,0.2,-1.152408516407013,0.6066209077835083,1.1594838529126719,0.026521012,0.23056640625,0.0003,-0.03649265984713566,5230,,
525,21.335500000000003,5355,1075200,500.96,200,0.018045566976070404,0.2,-1.1048381268978118,0.3887593150138855,1.5409216675907373,0.027798664,0.21689453125,0.0003,-0.03705368670271127,5240,,
526,22.1465,5365,1077248,509.95,200,0.20781593024730682,0.2,-1.0391937285661696,0.21828454732894897,2.4685482437722386,0.022396032,0.18037109375,0.0003,-0.03239823377225548,5250,,
527,22.267000000000003,5374,1079296,507.91,200,0.057458847761154175,0.2,-1.1951744135469198,0.49509966373443604,1.16798942880705,0.032454107,0.241259765625,0.0003,-0.03763736120308749,5260,,
,,,1080000,,,0.22303539514541626,0.2,-1.1304212916642427,0.2637115716934204,2.1657043951563537,0.02096856,0.17998046875,0.0003,-0.02781599314766936,5270,434.0,21.706
528,24.330600000000004,5391,1081344,521.75,200,,,,,,,,,,,,
529,24.981800000000007,5400,1083392,526.7,200,1.2445780038833618,0.2,-1.0480625642463566,0.39458757638931274,2.1748429290018976,0.021488816,0.196240234375,0.0003,-0.031541887344792484,5280,,
530,26.253100000000003,5409,1085440,539.69,200,0.09712637960910797,0.2,-1.208215566724539,0.19526952505111694,2.0985195101937277,0.027042115,0.2056640625,0.0003,-0.03083761162997689,5290,,
531,26.178699999999996,5418,1087488,537.12,200,0.10194863379001617,0.2,-1.0971023390069603,0.4316611886024475,1.3569145773770288,0.027391227,0.208740234375,0.0003,-0.031257018595351835,5300,,
532,26.154299999999992,5427,1089536,539.56,200,0.027313217520713806,0.2,-1.1626581555232405,0.40022802352905273,1.7841026117326693,0.027180485,0.21513671875,0.0003,-0.035317667652270755,5310,,
,,,1090000,,,0.06328851729631424,0.2,-1.139929662272334,0.15163487195968628,1.5493007437791675,0.02817085,0.21318359375,0.0003,-0.03101927001553122,5320,592.4,32.134
533,26.903,5446,1091584,544.77,200,,,,,,,,,,,,
534,27.624000000000002,5455,1093632,552.75,200,0.15450963377952576,0.2,-1.2523656018078326,0.06363797187805176,1.9591946315951645,0.029093947,0.22236328125,0.0003,-0.03720554827596061,5330,,
535,28.465400000000002,5464,1095680,558.7,200,0.04089939221739769,0.2,-1.1268391421064734,0.6723580360412598,1.355803808872588,0.03242988,0.225146484375,0.0003,-0.039005922409705816,5340,,
536,28.839699999999997,5472,1097728,561.35,200,0.10705703496932983,0.2,-1.0813740069046616,0.47485530376434326,2.4070694753434507,0.022600967,0.19755859375,0.0003,-0.0342523351428099,5350,,
537,28.6408,5481,1099776,551.21,200,0.07247431576251984,0.2,-1.1093222487717866,0.34359341859817505,2.5559562210924924,0.02543205,0.2080078125,0.0003,-0.031906705608707855,5360,,
,,,1100000,,,0.03995151445269585,0.2,-1.1465309403836728,0.38141489028930664,1.7625835695303977,0.024022173,0.2029296875,0.0003,-0.032663697814859914,5370,497.0,19.074
538,28.588199999999997,5498,1101824,546.44,200,,,,,,,,,,,,
539,29.435200000000005,5507,1103872,551.83,200,0.11745168268680573,0.2,-1.0832273932173848,0.384774386882782,1.9329921059310435,0.025432032,0.204833984375,0.0003,-0.034186279959976675,5380,,
540,30.4808,5516,1105920,557.38,200,0.10296372324228287,0.2,-1.0946464588865639,0.4555276036262512,1.898960092989728,0.02556812,0.21640625,0.0003,-0.0360539722838439,5390,,
541,28.9077,5524,1107968,544.54,200,0.05989970266819,0.2,-1.1647154442965983,0.3382764458656311,1.9275822282768786,0.028755076,0.24072265625,0.0003,-0.03850025732535869,5400,,
,,,1110000,,,0.04632037878036499,0.2,-1.148033883050084,0.27687209844589233,1.9354415637906641,0.027454069,0.21455078125,0.0003,-0.033430904863053,5410,326.4,0.7600000000000009
542,29.2822,5537,1110016,547.13,200,,,,,,,,,,,,
543,30.177599999999998,5546,1112064,547.68,200,0.10152384638786316,0.2,-1.1170770110562445,0.6120641231536865,1.4105698172468693,0.028426258,0.25537109375,0.0003,-0.0431502182938857,5420,,
544,29.629900000000006,5555,1114112,542.39,200,0.03547469526529312,0.2,-1.14960235953331,0.07568711042404175,2.7990564093459396,0.028344093,0.18642578125,0.0003,-0.03787276772491168,5430,,
545,30.785000000000004,5563,1116160,546.98,200,0.05428094416856766,0.2,-1.132704183459282,0.17736923694610596,1.8495370013173669,0.03153442,0.223828125,0.0003,-0.0378752996068215,5440,,
546,31.7778,5571,1118208,557.81,200,0.00425700843334198,0.2,-1.1316200498491527,0.4377322196960449,1.2017924298765137,0.034555472,0.266748046875,0.0003,-0.04192586455901619,5450,,
,,,1120000,,,0.04261007905006409,0.2,-1.1555462639778853,0.5667216777801514,2.1368920056615024,0.027255086,0.215087890625,0.0003,-0.03923843699740246,5460,553.0,32.528
547,32.284,5589,1120256,567.25,200,,,,,,,,,,,,
548,31.208399999999997,5598,1122304,554.69,200,0.024074986577033997,0.2,-1.2103643260896206,0.5609776377677917,1.5837010452989488,0.028550452,0.223388671875,0.0003,-0.03517889672948513,5470,,
549,31.551199999999994,5606,1124352,550.42,200,0.0506538450717926,0.2,-1.1369476618245244,0.6661827564239502,2.0436261035269125,0.025886148,0.22822265625,0.0003,-0.038043359489529395,5480,,
550,31.933100000000003,5614,1126400,552.29,200,0.06543496996164322,0.2,-1.1413482557982206,0.3762086033821106,2.3884468825533984,0.028684536,0.202783203125,0.0003,-0.037306053869542666,5490,,
551,32.5258,5622,1128448,563.11,200,0.09694810211658478,0.2,-1.1210482181981205,0.7329428195953369,1.1872903950046747,0.02987503,0.2384765625,0.0003,-0.0372934493527282,5500,,
,,,1130000,,,0.041863106191158295,0.2,-1.1350074600428344,0.5579591989517212,1.8382624104619025,0.025568347,0.208447265625,0.0003,-0.035551530358497986,5510,501.8,15.018
552,32.255399999999995,5640,1130496,560.12,200,,,,,,,,,,,,
553,32.74080000000001,5649,1132544,561.63,200,0.02367071807384491,0.2,-1.1399962317198515,0.5922865867614746,2.3425785528495906,0.023762079,0.187060546875,0.0003,-0.033649594013695605,5520,,
554,31.467799999999993,5657,1134592,548.81,200,0.0583704337477684,0.2,-1.0707033019512893,0.2988097667694092,1.8983674948103726,0.028877847,0.217822265625,0.0003,-0.03985930998605909,5530,,
555,31.2674,5666,1136640,548.83,200,0.10745937377214432,0.2,-1.1159918125718833,0.445787250995636,1.6418035664595663,0.03510968,0.25244140625,0.0003,-0.03658346911543049,5540,,
556,30.73869999999999,5675,1138688,541.64,200,0.039671219885349274,0.2,-1.1822283864021301,0.4787334203720093,1.9777382517466322,0.031789243,0.259033203125,0.0003,-0.03740953280357644,5550,,
,,,1140000,,,0.04576025530695915,0.2,-1.1589099561795593,0.37404394149780273,1.6757670534309,0.026113551,0.2177734375,0.0003,-0.0334936890139943,5560,487.4,33.184
557,32.2117,5692,1140736,554.5,200,,,,,,,,,,,,
558,32.111399999999996,5701,1142784,554.52,200,0.04892584681510925,0.2,-1.121829141303897,0.6121411323547363,1.890739714493975,0.022451382,0.2044921875,0.0003,-0.03450076188019011,5570,,
559,32.88549999999999,5710,1144832,557.19,200,0.0796891450881958,0.2,-1.1615548480302096,0.42169779539108276,1.8774653053143993,0.025811348,0.19990234375,0.0003,-0.03698199004866183,5580,,
560,32.2592,5718,1146880,549.75,200,0.4201265871524811,0.2,-1.1330933317542076,0.3547821640968323,2.0430546446936204,0.026229888,0.21328125,0.0003,-0.03762596863962244,5590,,
561,31.523899999999994,5727,1148928,543.2,200,0.1255088597536087,0.2,-1.1159311434254051,0.15510523319244385,2.683087856695056,0.022628382,0.193212890625,0.0003,-0.03362410109839402,5600,,
,,,1150000,,,0.037786804139614105,0.2,-1.0660705961287023,0.07087856531143188,3.2300974851008504,0.031187972,0.218603515625,0.0003,-0.04002631424809806,5610,627.8,27.772000000000002
562,32.446299999999994,5747,1150976,551.04,200,,,,,,,,,,,,
563,33.1187,5756,1153024,553.85,200,0.036424025893211365,0.2,-1.0970759050920607,0.4298403859138489,1.3917476090136915,0.030355062,0.248291015625,0.0003,-0.04113040780794108,5620,,
564,32.98259999999999,5765,1155072,547.42,200,0.07171221077442169,0.2,-1.1123433286324143,0.4492979645729065,2.203356072236784,0.022999827,0.1978515625,0.0003,-0.026785995459067635,5630,,
565,31.266699999999997,5774,1157120,538.85,200,0.09721632301807404,0.2,-1.0298490572720767,0.44476211071014404,2.021726176538505,0.033006836,0.213427734375,0.0003,-0.035584192871465345,5640,,
566,32.953,5782,1159168,550.36,200,0.0435650572180748,0.2,-1.1117423970252276,0.444091796875,1.8538378159981221,0.030750941,0.22783203125,0.0003,-0.03773163211590145,5650,,
,,,1160000,,,0.0858798623085022,0.2,-1.1448688870295882,0.589118480682373,1.7918735640356318,0.031568382,0.229833984375,0.0003,-0.04393083938921336,5660,545.6,30.6
567,32.7689,5801,1161216,548.75,200,,,,,,,,,,,,
568,33.640299999999996,5810,1163264,561.71,200,0.04538329690694809,0.2,-1.0962205901741982,0.5231624245643616,1.8781102899927646,0.02500216,0.202685546875,0.0003,-0.032073178749124055,5670,,
569,34.6524,5820,1165312,570.61,200,0.0005347169935703278,0.2,-1.1245171027258039,0.6232303380966187,1.2625249971169978,0.035697583,0.255419921875,0.0003,-0.04041413340892177,5680,,
570,33.4253,5829,1167360,563.19,200,0.01695026457309723,0.2,-1.1551414135843516,0.4769899845123291,1.1117383248638362,0.027680192,0.23310546875,0.0003,-0.03601103148539551,5690,,
571,34.725,5838,1169408,573.38,200,0.05934169888496399,0.2,-1.1010348614305259,0.37885063886642456,2.4375458840979265,0.026939835,0.19560546875,0.0003,-0.03782023136736825,5700,,
,,,1170000,,,0.8945026397705078,0.2,-1.1792059060186149,0.3752515912055969,1.8475233485922218,0.03162732,0.257470703125,0.0003,-0.040933459167717956,5710,560.4,38.456
572,35.350699999999996,5858,1171456,580.86,199,,,,,,,,,,,,
573,33.521800000000006,5866,1173504,563.57,200,0.034787148237228394,0.2,-1.1395675983279943,0.35620176792144775,1.4156427063047885,0.029315796,0.242919921875,0.0003,-0.03542046670190757,5720,,
574,33.258700000000005,5874,1175552,559.85,200,0.0999385267496109,0.2,-1.2190386310219765,0.55979323387146,2.688831684086472,0.023548845,0.211962890625,0.0003,-0.032425686781061815,5730,,
575,31.2898,5883,1177600,546.49,200,0.07268473505973816,0.2,-1.1623660858720541,0.20303583145141602,2.193249963503331,0.024125949,0.215771484375,0.0003,-0.03787170818541199,5740,,
576,31.443100000000005,5891,1179648,551.2,200,0.06016010418534279,0.2,-1.108847957663238,0.46089935302734375,1.6421987086068839,0.027486622,0.230859375,0.0003,-0.03736355736036785,5750,,
,,,1180000,,,0.11646446585655212,0.2,-1.1332352494820952,0.38882601261138916,1.935540570318699,0.02822698,0.221533203125,0.0003,-0.0372380126878852,5760,471.8,21.327999999999996
577,32.053200000000004,5910,1181696,560.26,199,,,,,,,,,,,,
578,31.868700000000004,5919,1183744,558.69,199,0.09832441806793213,0.2,-1.145235488191247,0.17196649312973022,1.9788326074369251,0.03047491,0.22177734375,0.0003,-0.040210220066364856,5770,,
579,33.755500000000005,5927,1185792,570.19,200,0.07910257577896118,0.2,-1.150187741406262,0.49658238887786865,2.2792774321045726,0.027805772,0.2154296875,0.0003,-0.03609028577047866,5780,,
580,34.789,5936,1187840,576.95,200,0.1499600112438202,0.2,-1.1033589394763113,0.587041437625885,1.8527290757745505,0.030048463,0.229296875,0.0003,-0.037956263122032395,5790,,
581,34.78229999999999,5944,1189888,577.62,200,0.058908358216285706,0.2,-1.156733872741461,0.21898657083511353,2.1271586674498395,0.027398247,0.230029296875,0.0003,-0.03536108601692831,5800,,
,,,1190000,,,0.03236113861203194,0.2,-1.1443110551685094,0.41392284631729126,1.5692448796704412,0.031420298,0.25146484375,0.0003,-0.03663646111235721,5810,626.4,31.794
582,34.9743,5964,1191936,578.42,199,,,,,,,,,,,,
583,35.316900000000004,5974,1193984,584.2,199,0.02454914152622223,0.2,-0.9884092520922423,0.6587616205215454,1.4345453787362203,0.028659588,0.238916015625,0.0003,-0.03943634014576673,5820,,
584,36.8071,5982,1196032,595.34,199,0.025528982281684875,0.2,-1.0405321862548589,0.2771802544593811,2.225484005454928,0.03012725,0.21025390625,0.0003,-0.034824475762434304,5830,,
585,37.0883,5990,1198080,597.27,199,0.13706040382385254,0.2,-0.9810120629146695,0.46037381887435913,1.7251807296881452,0.024303209,0.194677734375,0.0003,-0.0356185805372661,5840,,
,,,1200000,,,0.09736280143260956,0.2,-1.0843899285420775,0.5350850820541382,1.3832184658618645,0.0377126,0.227099609375,0.0003,-0.038627265638206155,5850,811.4,65.97999999999999
586,37.0117,6013,1200128,594.9,199,,,,,,,,,,,,
587,36.9073,6023,1202176,595.33,199,0.026020996272563934,0.2,-1.0789920330047607,0.6455883979797363,1.5618885488482193,0.02847582,0.225537109375,0.0003,-0.03602958803530783,5860,,
588,36.061800000000005,6031,1204224,589.79,199,0.01906147599220276,0.2,-1.1033154580742122,0.3112104535102844,1.3698864348698407,0.030925151,0.256689453125,0.0003,-0.038862674236588644,5870,,
589,37.4837,6039,1206272,597.75,199,0.04979464411735535,0.2,-1.0796333285048605,0.3939506411552429,1.72580936930608,0.0307137,0.23046875,0.0003,-0.032192325251526197,5880,,
590,35.4112,6048,1208320,584.8,199,0.10919025540351868,0.2,-1.096737616509199,0.48700058460235596,2.5884851444046943,0.026938593,0.20302734375,0.0003,-0.031218139055999926,5890,,
,,,1210000,,,0.024203017354011536,0.2,-1.0290248978883028,0.11426806449890137,1.6963032386032864,0.026020959,0.19501953125,0.0003,-0.031790010744589384,5900,563.8,28.415999999999997
591,35.6489,6066,1210368,591.06,199,,,,,,,,,,,,
592,35.6383,6075,1212416,592.14,199,0.11279955506324768,0.2,-0.9869694221764803,0.20104199647903442,1.8811080848332495,0.024802882,0.186181640625,0.0003,-0.028470579424174504,5910,,
593,36.184200000000004,6084,1214464,597.63,199,0.034273337572813034,0.2,-0.9288767294958233,0.4056057333946228,1.9601593551458791,0.0256161,0.212060546875,0.0003,-0.03441956245806068,5920,,
594,37.0325,6092,1216512,602.89,199,0.10715027898550034,0.2,-1.0300929890945554,0.3736999034881592,1.6263925816398115,0.033312224,0.236962890625,0.0003,-0.040361765312263743,5930,,
595,34.2092,6101,1218560,584.96,199,0.07044344395399094,0.2,-0.99086062759161,0.24368935823440552,2.6003635701024903,0.025195718,0.190869140625,0.0003,-0.029853749988251365,5940,,
,,,1220000,,,0.201680988073349,0.2,-1.0756057823076843,0.16689449548721313,2.098478191206232,0.026479084,0.20859375,0.0003,-0.03391833043133374,5950,855.8,63.529999999999994
596,33.2199,6124,1220608,573.78,199,,,,,,,,,,,,
597,33.412400000000005,6133,1222656,574.55,199,0.020381614565849304,0.2,-1.0012941742315888,0.4148581027984619,1.7711667624069378,0.02728986,0.206982421875,0.0003,-0.030422135393018836,5960,,
598,33.6744,6142,1224704,578.38,199,0.07324180006980896,0.2,-1.056727851741016,0.30706602334976196,1.5877644250402227,0.03122241,0.2265625,0.0003,-0.03877786373777781,5970,,
599,31.086799999999997,6151,1226752,556.88,199,-0.017676766961812973,0.2,-1.0149829709902405,0.41699284315109253,1.1655538470484317,0.034154672,0.267919921875,0.0003,-0.039209716609911995,5980,,
600,30.086599999999997,6159,1228800,546.79,199,0.0387406088411808,0.2,-1.0635571068152785,0.42905551195144653,1.589791122963652,0.027969755,0.217529296875,0.0003,-0.035225763011840175,5990,,
,,,1230000,,,0.12458565831184387,0.2,-0.9067038966342806,0.348979115486145,2.389212797489017,0.02319941,0.176171875,0.0003,-0.03144689870532602,6000,561.0,34.446000000000005
601,30.371300000000005,6179,1230848,548.35,199,,,,,,,,,,,,
602,31.0878,6189,1232896,556.78,199,0.13823561370372772,0.2,-0.9743463046848774,0.40055549144744873,1.500728463800624,0.02861816,0.21015625,0.0003,-0.04236128258344252,6010,,
603,31.3764,6198,1234944,557.97,199,0.12025023996829987,0.2,-0.9811325594782829,0.23542779684066772,1.2179088747827336,0.02849049,0.2171875,0.0003,-0.034145367515156975,6020,,
604,30.662100000000006,6206,1236992,549.32,199,0.09560228884220123,0.2,-1.0256364842876793,0.430935800075531,2.283139435807243,0.023738906,0.2076171875,0.0003,-0.03258124463318381,6030,,
605,30.453599999999998,6215,1239040,550.17,199,0.056276582181453705,0.2,-0.8802806034684181,0.6361887454986572,1.2820336520904676,0.02708968,0.198291015625,0.0003,-0.03934066949150292,6040,,
,,,1240000,,,0.008945450186729431,0.2,-0.9969398487359286,0.32872772216796875,2.0843259330838917,0.025725733,0.20400390625,0.0003,-0.031107693558442406,6050,772.2,52.354
606,31.009000000000004,6240,1241088,554.67,198,,,,,,,,,,,,
607,29.3216,6249,1243136,543.23,198,0.02339969575405121,0.2,-0.992439617216587,0.4074551463127136,1.2899110058089718,0.03450059,0.238818359375,0.0003,-0.035328342937282285,6060,,
608,29.968699999999995,6258,1245184,548.57,198,0.08715458959341049,0.2,-1.0317156517878174,0.2633569836616516,1.6290203978307545,0.027770502,0.201416015625,0.0003,-0.030154264412703923,6070,,
609,30.586699999999997,6266,1247232,556.86,199,0.04394209012389183,0.2,-0.999117572978139,0.5028080940246582,1.4272014770191164,0.03234499,0.2080078125,0.0003,-0.036365443124668675,6080,,
610,29.145599999999998,6275,1249280,540.81,199,0.030639830976724625,0.2,-1.0279972752556206,0.21814751625061035,2.278630090178922,0.025203638,0.194970703125,0.0003,-0.03256853513303213,6090,,
,,,1250000,,,0.04975379258394241,0.2,-1.0870259748771787,0.28865861892700195,1.3441902533406391,0.031927623,0.245556640625,0.0003,-0.03730164162116125,6100,532.0,28.73
611,26.920800000000003,6293,1251328,523.03,198,,,,,,,,,,,,
612,25.7133,6301,1253376,513.65,198,0.3878473937511444,0.2,-1.0869717370718717,0.45741337537765503,1.9387473338050767,0.025960684,0.207861328125,0.0003,-0.036783892166567966,6110,,
613,26.659000000000002,6310,1255424,519.16,198,0.2058928906917572,0.2,-1.130850267969072,0.1642041802406311,1.94884296185337,0.024190145,0.2009765625,0.0003,-0.03178823096095584,6120,,
614,25.785400000000003,6319,1257472,516.43,198,0.0005339160561561584,0.2,-1.088944604061544,0.2929636240005493,1.1561643621651456,0.032362524,0.25224609375,0.0003,-0.03863327650469728,6130,,
615,26.554800000000004,6329,1259520,519.57,198,-0.008332714438438416,0.2,-1.127606094814837,0.3993625044822693,1.1035881298827008,0.029936,0.2484375,0.0003,-0.03858850940014236,6140,,
,,,1260000,,,-0.0017297565937042236,0.2,-1.0889518259093165,0.3646618723869324,1.1950114956591278,0.031926624,0.236181640625,0.0003,-0.03567669030453544,6150,412.4,13.914000000000001
616,27.292300000000004,6346,1261568,525.9,198,,,,,,,,,,,,
617,27.285299999999996,6356,1263616,526.6,198,0.07036293298006058,0.2,-1.0145403323695064,0.4060212969779968,1.687225855514407,0.0305583,0.212451171875,0.0003,-0.028237872358295134,6160,,
618,26.5455,6365,1265664,520.5,198,0.06878334283828735,0.2,-1.0560294901952147,0.16907435655593872,1.9799272425472736,0.029067867,0.22802734375,0.0003,-0.03316007129615173,6170,,
619,25.981200000000005,6375,1267712,516.85,198,0.0406472347676754,0.2,-1.051700927503407,0.6066091060638428,1.8979002671316265,0.02178872,0.198095703125,0.0003,-0.03067301169212442,6180,,
620,27.4734,6384,1269760,527.79,198,0.05250805616378784,0.2,-1.0000405894592403,0.4510156512260437,1.2540351145667956,0.029145993,0.227197265625,0.0003,-0.034133406696491876,6190,,
,,,1270000,,,0.12027483433485031,0.2,-1.0107759756967425,0.47677773237228394,1.5370009888894856,0.027451456,0.21396484375,0.0003,-0.03535660222696606,6200,432.4,17.718
621,28.112800000000004,6401,1271808,533.92,198,,,,,,,,,,,,
622,29.0363,6410,1273856,541.67,198,0.05667346715927124,0.2,-0.9950791526585817,0.45583540201187134,1.950385511177592,0.028063606,0.216943359375,0.0003,-0.032854268018854785,6210,,
623,30.161899999999996,6419,1275904,549.23,198,0.08331938832998276,0.2,-0.9849898427724838,0.20717257261276245,2.3191387326922266,0.023178864,0.192333984375,0.0003,-0.033228646224597466,6220,,
624,29.3396,6428,1277952,541.37,198,0.056780748069286346,0.2,-1.0926960183307528,0.5580012798309326,1.9290747343562544,0.02521091,0.197314453125,0.0003,-0.03805976706789806,6230,,
,,,1280000,,,0.029051005840301514,0.2,-0.958216761238873,0.3676223158836365,2.2283006312558427,0.024446651,0.180224609375,0.0003,-0.036410717864055184,6240,517.0,26.881999999999998
625,30.560500000000005,6449,1280000,549.41,198,,,,,,,,,,,,
626,31.516600000000004,6458,1282048,553.88,198,0.09774632751941681,0.2,-0.9335824975743889,0.49812227487564087,1.5046004850883037,0.028341465,0.1966796875,0.0003,-0.03288453582063085,6250,,
627,33.4713,6468,1284096,568.62,198,0.024723678827285767,0.2,-1.1036599496379496,0.45803743600845337,1.8313607025891543,0.027959209,0.227197265625,0.0003,-0.03959325416944921,6260,,
628,33.568,6476,1286144,568.94,198,0.043314460664987564,0.2,-0.9615150613710284,0.6611754894256592,1.1872267564525827,0.029678304,0.22685546875,0.0003,-0.036812326821382156,6270,,
629,31.684099999999994,6486,1288192,547.1,198,0.5775865316390991,0.2,-1.1062651567161084,0.24188512563705444,2.7907401343341918,0.024590692,0.2091796875,0.0003,-0.03377211744955275,6280,,
,,,1290000,,,0.18802781403064728,0.2,-1.0148273574188351,0.23816680908203125,2.08500327533111,0.025984641,0.191943359375,0.0003,-0.0345858422209858,6290,664.4,39.422000000000004
630,32.581799999999994,6510,1290240,557.45,198,,,,,,,,,,,,
631,33.031,6519,1292288,562.58,198,0.10667853057384491,0.2,-1.0680209185928107,0.5318254232406616,1.3323526844615117,0.03699129,0.248095703125,0.0003,-0.03968367966881488,6300,,
632,33.120999999999995,6527,1294336,563.59,198,0.038577087223529816,0.2,-1.0086397521197796,0.5421019792556763,1.213540968298912,0.031404745,0.2125,0.0003,-0.039054818128352056,6310,,
633,34.13869999999999,6536,1296384,571.93,198,0.11625397205352783,0.2,-1.0882738864049315,0.2645597457885742,2.0472621522843837,0.024864735,0.202490234375,0.0003,-0.04041373774816748,6320,,
634,32.8021,6546,1298432,555.46,198,0.042239293456077576,0.2,-1.069506581686437,0.44623863697052,1.8149986660573632,0.031599663,0.227685546875,0.0003,-0.034926283557433636,6330,,
,,,1300000,,,0.03048442304134369,0.2,-1.0915599722415208,0.35708218812942505,1.7981634420575574,0.030933604,0.2216796875,0.0003,-0.042237088695401326,6340,592.8,42.14
635,32.2414,6565,1300480,551.49,198,,,,,,,,,,,,
636,34.04089999999999,6574,1302528,561.71,198,0.055238522589206696,0.2,-1.145403783209622,0.6974235773086548,1.1933634077198803,0.037580483,0.26357421875,0.0003,-0.036631982433027586,6350,,
637,34.1121,6584,1304576,564.6,198,0.12450931966304779,0.2,-1.0457262327894568,0.6288836002349854,1.8086401853943244,0.026394125,0.204541015625,0.0003,-0.032463648820703385,6360,,
638,34.2046,6592,1306624,565.38,198,0.04476569592952728,0.2,-1.019781574048102,0.581411600112915,1.3628886682679877,0.029979162,0.226953125,0.0003,-0.03629425741964951,6370,,
639,35.027,6603,1308672,573.23,198,-0.024069689214229584,0.2,-1.1063687521964312,0.48144716024398804,1.384972086851485,0.032140896,0.239794921875,0.0003,-0.041914425423601645,6380,,
,,,1310000,,,-0.01263197511434555,0.2,-1.005282625183463,0.35261982679367065,1.7246183566749096,0.027336616,0.234228515625,0.0003,-0.037090164952678605,6390,498.6,19.058
640,35.96829999999999,6622,1310720,579.2,197,,,,,,,,,,,,
641,36.1353,6631,1312768,582.54,197,-0.004486694931983948,0.2,-1.0780010817572474,0.4976595640182495,1.4990774862468244,0.027522516,0.226318359375,0.0003,-0.04184527355246246,6400,,
642,35.6874,6639,1314816,577.28,198,-0.009211122989654541,0.2,-1.0291979175060988,0.30189651250839233,1.6321290926542134,0.029688317,0.212451171875,0.0003,-0.037589066557120535,6410,,
643,35.1117,6648,1316864,574.79,198,0.1091407984495163,0.2,-1.137137117423117,0.2333853840827942,2.0382079081609845,0.02890968,0.230810546875,0.0003,-0.0418640435585985,6420,,
644,37.25039999999999,6658,1318912,591.15,198,0.07994960248470306,0.2,-1.0685986060649157,0.4195585250854492,2.261101023061201,0.022108737,0.174658203125,0.0003,-0.03271267090749461,6430,,
,,,1320000,,,0.09851963818073273,0.2,-1.1061369087547064,0.35006028413772583,1.6504573008744046,0.03279989,0.25263671875,0.0003,-0.046547117448062635,6440,916.4,60.926
645,34.9561,6682,1320960,570.33,197,,,,,,,,,,,,
646,35.7137,6691,1323008,574.65,197,0.21530359983444214,0.2,-1.198662205040455,0.3843036890029907,1.5371517604915426,0.033069737,0.248583984375,0.0003,-0.036252550189965406,6450,,
647,35.86450000000001,6699,1325056,579.61,197,0.06943190842866898,0.2,-1.1461723905056715,0.2491818070411682,3.1557900401297956,0.027285056,0.2125,0.0003,-0.039234579121693966,6460,,
648,34.653099999999995,6709,1327104,570.62,197,0.11188680678606033,0.2,-1.1711193967610598,0.5211678147315979,1.5172085887985305,0.029357592,0.230712890625,0.0003,-0.03745842713688034,6470,,
649,34.1959,6717,1329152,566.29,197,0.0003526061773300171,0.2,-1.0342589762061833,0.36006057262420654,1.6510873342398553,0.02821587,0.22802734375,0.0003,-0.04048935886239633,6480,,
,,,1330000,,,0.03914893418550491,0.2,-1.0922842022031545,0.4276811480522156,1.8247614330612123,0.03109686,0.237646484375,0.0003,-0.03401374518871307,6490,777.6,58.306
650,33.9302,6741,1331200,562.83,197,,,,,,,,,,,,
651,31.526799999999998,6750,1333248,542.89,197,0.04171445220708847,0.2,-1.171849525719881,0.5884323120117188,1.3597357453778387,0.03674493,0.254443359375,0.0003,-0.041407681684358974,6500,,
652,31.3244,6758,1335296,543.13,197,0.04216986894607544,0.2,-1.053422193042934,0.3379967212677002,1.7890045919222757,0.030897375,0.22861328125,0.0003,-0.04018782683997415,6510,,
653,31.209799999999994,6767,1337344,544.58,197,0.0918811708688736,0.2,-1.1157928442582488,0.07852911949157715,2.670950779924169,0.022730906,0.181494140625,0.0003,-0.0329011525696842,6520,,
654,31.282999999999994,6776,1339392,547.29,197,0.035027287900447845,0.2,-1.102260716818273,0.5297342538833618,1.425208874605596,0.035284854,0.256298828125,0.0003,-0.04338371058111079,6530,,
,,,1340000,,,0.021741852164268494,0.2,-1.0601288836449385,0.42570674419403076,1.3599217870738358,0.026616562,0.21689453125,0.0003,-0.039372245059348644,6540,717.4,42.891999999999996
655,32.02269999999999,6798,1341440,553.4,197,,,,,,,,,,,,
656,31.5383,6807,1343488,551.81,197,0.02542443573474884,0.2,-1.1347965214401483,0.3288474678993225,1.5344487931579351,0.03183065,0.246533203125,0.0003,-0.0356648432003567,6550,,
657,30.528900000000004,6816,1345536,542.64,197,0.03760325908660889,0.2,-1.115295436233282,0.06599003076553345,1.6783778778510168,0.028429516,0.21572265625,0.0003,-0.04115783872548491,6560,,
658,31.171300000000002,6824,1347584,548.47,197,0.03575393930077553,0.2,-1.1197045439854265,0.255171537399292,1.8506406804779545,0.02780085,0.2220703125,0.0003,-0.037827422810369174,6570,,
659,32.384100000000004,6834,1349632,557.32,197,0.011413250118494034,0.2,-0.9502376656979322,0.4085521697998047,1.4149498226353898,0.032305453,0.20439453125,0.0003,-0.034578283372684385,6580,,
,,,1350000,,,0.016569994390010834,0.2,-1.122877986356616,0.3163028359413147,1.5945433275774121,0.029936748,0.242578125,0.0003,-0.043350771311088464,6590,649.6,49.576
660,31.174199999999995,6855,1351680,548.18,197,,,,,,,,,,,,
661,31.512200000000004,6864,1353728,554.42,197,0.06013418734073639,0.2,-1.1086516965180635,0.42304354906082153,1.4988425585906953,0.028129403,0.21884765625,0.0003,-0.03639015512599144,6600,,
662,29.9822,6874,1355776,547.26,197,0.005961529910564423,0.2,-1.149422400072217,0.4887828826904297,1.4398218751419336,0.031310752,0.252685546875,0.0003,-0.03985389515000861,6610,,
663,30.3471,6883,1357824,550.81,197,0.03369612991809845,0.2,-1.1056820103898644,0.4923919439315796,1.253823377727531,0.03470531,0.246826171875,0.0003,-0.042291937995469195,6620,,
664,28.8944,6892,1359872,535.92,197,0.017451636493206024,0.2,-1.0991930905729532,0.34607595205307007,1.3833253582008183,0.033706695,0.230615234375,0.0003,-0.04034148510254454,6630,,
,,,1360000,,,0.09273997694253922,0.2,-1.2195916544646024,0.46192049980163574,2.00716527630575,0.028158858,0.2224609375,0.0003,-0.03538372395560145,6640,486.0,23.187999999999995
665,28.703200000000002,6909,1361920,535.02,197,,,,,,,,,,,,
666,27.6966,6918,1363968,525.57,197,0.023015953600406647,0.2,-1.1622569942846894,0.09642022848129272,1.9458100268850103,0.029169925,0.241455078125,0.0003,-0.03977367548795883,6650,,
667,29.6627,6927,1366016,539.13,197,0.11181202530860901,0.2,-1.1517165448516606,0.37423568964004517,2.0440208688611166,0.02879237,0.22119140625,0.0003,-0.03589313640259206,6660,,
668,28.550300000000004,6936,1368064,530.25,197,0.09436748176813126,0.2,-1.059632971510291,0.5637012720108032,1.7405935059534385,0.027163899,0.2375,0.0003,-0.04316293550073169,6670,,
,,,1370000,,,0.312639057636261,0.2,-1.1638702753931285,0.15063530206680298,1.9987475558184087,0.025191693,0.2052734375,0.0003,-0.03943876367120538,6680,535.6,28.698
669,28.003600000000002,6953,1370112,524.86,197,,,,,,,,,,,,
670,27.502200000000002,6962,1372160,524.95,197,0.020809650421142578,0.2,-1.1096544414758682,0.36722368001937866,1.638416584650986,0.03127035,0.224560546875,0.0003,-0.03973053565132432,6690,,
671,26.107799999999994,6970,1374208,514.24,197,0.09894636273384094,0.2,-1.0657701045274734,0.25687193870544434,1.8481607978465036,0.02854498,0.221923828125,0.0003,-0.040765414471388796,6700,,
672,26.311300000000003,6979,1376256,513.91,197,0.0678057074546814,0.2,-1.2432000782340764,0.5366625785827637,1.5072996329981834,0.03349324,0.2578125,0.0003,-0.044358932590694164,6710,,
673,26.532400000000003,6988,1378304,511.82,197,0.032564327120780945,0.2,-1.19259497448802,0.4395691156387329,1.930088334158063,0.027378216,0.206640625,0.0003,-0.03726976584002841,6720,,
,,,1380000,,,0.0466550812125206,0.2,-1.1326539121568202,0.4371345639228821,1.8275221240473911,0.028279888,0.21533203125,0.0003,-0.0395058278052602,6730,499.2,23.056
674,26.0763,7005,1380352,507.38,197,,,,,,,,,,,,
675,25.290599999999994,7014,1382400,505.89,197,-0.0162338986992836,0.2,-1.0972765125334263,0.4888070821762085,1.6912457996280863,0.031272765,0.231591796875,0.0003,-0.036402622814057393,6740,,
676,26.2129,7023,1384448,513.76,197,0.07166176289319992,0.2,-1.16281815469265,0.3356032967567444,1.7792411948787048,0.029006615,0.232373046875,0.0003,-0.04235955894109793,6750,,
677,24.8249,7033,1386496,502.41,197,0.0564286932349205,0.2,-1.1374932488426566,0.08745831251144409,2.1595781660405917,0.02845122,0.242333984375,0.0003,-0.035051546365139075,6760,,
678,23.5302,7042,1388544,491.74,197,0.2593117356300354,0.2,-1.1416414767503738,0.18225520849227905,2.021749233128503,0.027274143,0.208154296875,0.0003,-0.04259664165729191,6770,,
,,,1390000,,,0.2745486795902252,0.2,-1.1441088408231734,0.4071367383003235,1.6652550759259612,0.03143406,0.2419921875,0.0003,-0.03848249207076151,6780,358.6,6.444000000000001
679,23.5392,7058,1390592,490.82,196,,,,,,,,,,,,
680,25.130900000000008,7068,1392640,501.82,197,0.13339827954769135,0.2,-1.112910421565175,0.43284642696380615,2.182622668845579,0.025127241,0.19501953125,0.0003,-0.03805963291961234,6790,,
681,26.621599999999997,7077,1394688,512.91,197,0.1316525638103485,0.2,-1.1173508876934648,0.41975152492523193,2.283427147194743,0.030862259,0.2328125,0.0003,-0.03908855800691526,6800,,
682,27.0281,7089,1396736,512.28,197,0.03194153308868408,0.2,-1.0797103639692067,0.40023499727249146,1.5618754849070684,0.03260724,0.24326171875,0.0003,-0.04187213981349487,6810,,
683,26.588199999999997,7098,1398784,506.2,197,0.0035523250699043274,0.2,-1.1194023475050927,0.29692506790161133,1.7082335404586046,0.03088329,0.241796875,0.0003,-0.038433369487756865,6820,,
,,,1400000,,,0.14399734139442444,0.2,-1.0761231353506446,0.3469761610031128,1.9644190470688045,0.029686816,0.246044921875,0.0003,-0.04275353862321936,6830,498.8,27.060000000000002
684,23.7256,7116,1400832,482.13,196,,,,,,,,,,,,
685,23.257600000000004,7125,1402880,478.9,196,0.02706899866461754,0.2,-1.181524159386754,-0.02601337432861328,2.795814878935926,0.027462605,0.2125,0.0003,-0.030560491600772365,6840,,
686,23.095299999999998,7134,1404928,475.11,196,0.4383402168750763,0.2,-1.1834966883063316,0.2441757321357727,2.0671075399499386,0.030534545,0.22880859375,0.0003,-0.04087994217843516,6850,,
687,24.1299,7144,1406976,481.76,196,0.027050979435443878,0.2,-1.1375583745539188,0.5677810907363892,1.9857138291699812,0.028377349,0.23583984375,0.0003,-0.03661716482311021,6860,,
688,24.386699999999998,7154,1409024,486.13,196,0.08416856825351715,0.2,-1.1542010795325042,0.4378649592399597,2.208956196764484,0.027653314,0.234130859375,0.0003,-0.04359858990064822,6870,,
,,,1410000,,,0.0850227102637291,0.2,-1.175104283541441,0.2715756893157959,1.8663557732244953,0.033657826,0.252880859375,0.0003,-0.04315244591853116,6880,346.0,8.568
689,24.491199999999996,7171,1411072,485.69,196,,,,,,,,,,,,
690,26.068299999999994,7181,1413120,498.13,196,0.25481680035591125,0.2,-1.1263795666396619,0.3224833011627197,1.9253244449617342,0.031150572,0.2322265625,0.0003,-0.040404960312298496,6890,,
691,23.7417,7191,1415168,480.58,196,0.008950967341661453,0.2,-1.0600514767691493,0.5909938812255859,1.1411563369911164,0.037688524,0.273828125,0.0003,-0.04328421413374599,6900,,
692,24.579,7201,1417216,486.94,196,0.06274590641260147,0.2,-1.1182425195351242,0.5189424753189087,1.5533952780999243,0.032552756,0.2359375,0.0003,-0.039217199716949834,6910,,
693,24.862199999999998,7212,1419264,488.65,196,0.11563798785209656,0.2,-1.1734929874539375,0.35986173152923584,1.7663995674112811,0.03604223,0.245751953125,0.0003,-0.04191109346575104,6920,,
,,,1420000,,,-0.009651288390159607,0.2,-1.1378939723595978,0.4645645022392273,1.1127523294882848,0.038024627,0.257080078125,0.0003,-0.040615415849606505,6930,571.8,44.348
694,24.28459999999999,7232,1421312,486.33,196,,,,,,,,,,,,
695,24.936500000000006,7242,1423360,491.21,196,0.02978101372718811,0.2,-1.2360052339732648,0.4549083113670349,1.6208946679253131,0.03088123,0.24140625,0.0003,-0.04257926615537144,6940,,
696,25.737700000000004,7252,1425408,501.18,196,0.029288221150636673,0.2,-1.1266665207222104,0.4389963150024414,1.2482914415886626,0.030858962,0.244580078125,0.0003,-0.041718993462563955,6950,,
697,25.3517,7261,1427456,499.72,196,0.18839628994464874,0.2,-1.1101672114804386,0.16586226224899292,1.9533015474211424,0.028098376,0.232470703125,0.0003,-0.04476541765325237,6960,,
698,25.038199999999996,7271,1429504,501.04,196,0.07305377721786499,0.2,-1.0806592227891088,0.11533844470977783,2.0441852958174422,0.028848981,0.2125,0.0003,-0.041670004653860816,6970,,
,,,1430000,,,0.03703417629003525,0.2,-1.0296931544318795,0.38380640745162964,1.912387589039281,0.029305529,0.212646484375,0.0003,-0.03629481720272452,6980,745.0,54.632000000000005
699,26.6121,7294,1431552,513.82,196,,,,,,,,,,,,
700,27.840200000000003,7304,1433600,521.12,196,0.09969428181648254,0.2,-1.1118774969130754,0.08653682470321655,1.8804195588454604,0.02957135,0.24384765625,0.0003,-0.03904584106639959,6990,,
701,28.4005,7314,1435648,525.13,196,0.03232528269290924,0.2,-1.1067581363022327,0.5821912288665771,1.6455073270713911,0.031089293,0.243798828125,0.0003,-0.03933098838315345,7000,,
702,29.353600000000007,7324,1437696,529.92,196,0.4165129065513611,0.2,-1.1181086350232363,0.4798809289932251,1.9866937131620943,0.027748024,0.25009765625,0.0003,-0.04009680642047897,7010,,
703,31.003599999999995,7333,1439744,545.1,196,0.08903583884239197,0.2,-1.0405237577855586,0.3304559588432312,2.199444852815941,0.0291087,0.21630859375,0.0003,-0.03609380592242815,7020,,
,,,1440000,,,0.04406430572271347,0.2,-1.130276932567358,0.3388203978538513,2.0521987930405885,0.02960576,0.237646484375,0.0003,-0.04207802923046984,7030,663.8,47.432
704,31.379100000000005,7356,1441792,547.57,196,,,,,,,,,,,,
705,30.798000000000005,7365,1443840,545.64,196,-0.010402321815490723,0.2,-1.0827516056597233,0.6170873641967773,1.0030979201663286,0.03670496,0.2630859375,0.0003,-0.042615947478043384,7040,,
706,30.305999999999997,7375,1445888,544.79,196,0.024838462471961975,0.2,-0.9940995663404465,0.6345434784889221,1.2772503237007187,0.033989333,0.233349609375,0.0003,-0.03839673577458598,7050,,
707,26.09700000000001,7385,1447936,515.26,196,8.375197649002075e-05,0.2,-1.2230766091495753,0.49671459197998047,1.4311669545713812,0.03065427,0.25712890625,0.0003,-0.04052754115837161,7060,,
708,26.830899999999996,7395,1449984,521.95,196,-0.0147567018866539,0.2,-1.1481421748176217,0.4034891128540039,1.2327744176378475,0.03064374,0.26171875,0.0003,-0.041037954902276394,7070,,
,,,1450000,,,-0.01712649315595627,0.2,-1.0769068015739323,0.4093172550201416,1.1549231187207625,0.03258825,0.242626953125,0.0003,-0.039561846235301346,7080,706.0,49.016000000000005
709,27.459599999999995,7420,1452032,529.15,195,,,,,,,,,,,,
710,27.6279,7430,1454080,532.36,195,0.06272244453430176,0.2,-1.0656085383147,0.4701688289642334,1.5670025100931526,0.02729392,0.2212890625,0.0003,-0.0392637573328102,7090,,
711,28.345299999999998,7440,1456128,540.68,195,0.020885486155748367,0.2,-1.1813038002699614,0.36459505558013916,1.2426443559816107,0.034505077,0.2435546875,0.0003,-0.037850052447174674,7100,,
712,27.527199999999997,7449,1458176,532.4,195,0.019155509769916534,0.2,-1.0597996847704052,0.2844119071960449,1.3378559662727638,0.030779228,0.2248046875,0.0003,-0.0402627386021777,7110,,
,,,1460000,,,0.003872055560350418,0.2,-1.1310746267437934,0.33074790239334106,1.331512815435417,0.03191521,0.25478515625,0.0003,-0.041444932261947544,7120,714.2,46.932
713,26.0207,7473,1460224,522.89,195,,,,,,,,,,,,
714,26.007599999999996,7482,1462272,524.2,195,0.43780577182769775,0.2,-1.1199590099975467,0.36413198709487915,1.4964641749626026,0.03180179,0.24306640625,0.0003,-0.04141361460788175,7130,,
715,26.903899999999993,7494,1464320,534.67,195,0.03536142408847809,0.2,-1.102159378118813,0.10802048444747925,2.1003938998561353,0.024823839,0.194970703125,0.0003,-0.037741086326423104,7140,,
716,25.956799999999994,7506,1466368,529.28,195,0.3447926938533783,0.2,-1.055996011197567,0.388216495513916,1.7445708934450521,0.028350726,0.2244140625,0.0003,-0.039431490206334276,7150,,
717,28.176199999999994,7517,1468416,547.56,195,0.004497747868299484,0.2,-1.0470483390614391,0.5504383444786072,1.1166432538768276,0.033133306,0.24482421875,0.0003,-0.03833429352962412,7160,,
,,,1470000,,,0.030025742948055267,0.2,-1.0646276162937283,0.37572765350341797,1.190591608150862,0.026480112,0.23349609375,0.0003,-0.03342271073779557,7170,731.4,42.751999999999995
718,27.806399999999993,7542,1470464,544.5,194,,,,,,,,,,,,
719,29.136799999999994,7552,1472512,551.6,194,0.05754218250513077,0.2,-1.1536007151007652,0.06417948007583618,1.9726691636024043,0.026537634,0.229541015625,0.0003,-0.03942433194315527,7180,,
720,30.908499999999993,7563,1474560,564.6,194,0.18412688374519348,0.2,-1.0291633803397418,0.4121379256248474,1.7680092270253227,0.031772815,0.2185546875,0.0003,-0.036030253785429525,7190,,
721,31.631999999999998,7573,1476608,562.32,194,0.04839883744716644,0.2,-1.0972882555797696,0.5227612257003784,1.5025115365628152,0.031234514,0.25693359375,0.0003,-0.04186100946681108,7200,,
722,32.2006,7582,1478656,565.52,194,0.053343515843153,0.2,-1.1039196267724036,0.4018707275390625,2.1538513355189934,0.033723,0.232080078125,0.0003,-0.03717001594923204,7210,,
,,,1480000,,,0.10015757381916046,0.2,-1.0896187188103794,0.3854076862335205,1.6777651072479784,0.03234064,0.21513671875,0.0003,-0.03130271318077575,7220,576.8,38.296
723,32.6156,7604,1480704,564.06,194,,,,,,,,,,,,
724,33.6494,7615,1482752,570.77,194,0.04204784333705902,0.2,-1.1118874978274107,0.4508168697357178,1.435653997771442,0.03300684,0.254736328125,0.0003,-0.04416580873948987,7230,,
725,34.333200000000005,7625,1484800,572.46,194,0.01922466605901718,0.2,-1.0178834861144423,0.6166102290153503,1.3149172574514523,0.032661274,0.237890625,0.0003,-0.040648148639593276,7240,,
726,34.1635,7636,1486848,569.41,194,0.5084640383720398,0.2,-1.0500353334471584,0.015176951885223389,2.459417213825509,0.024570452,0.201708984375,0.0003,-0.03496816648985259,7250,,
727,33.1272,7647,1488896,562.91,194,0.03519609570503235,0.2,-1.0732711678370834,0.4750651717185974,1.014880309184082,0.035553843,0.26357421875,0.0003,-0.04459472791641019,7260,,
,,,1490000,,,0.30177053809165955,0.2,-1.1117212193086743,-0.005554676055908203,1.6556360653601587,0.030447612,0.222119140625,0.0003,-0.03795293803559616,7270,904.6,59.041999999999994
728,31.8231,7678,1490944,553.2,194,,,,,,,,,,,,
729,29.714899999999997,7688,1492992,533.79,194,0.04944183677434921,0.2,-1.0667197573930025,0.47881799936294556,2.1179662429727615,0.031023445,0.228173828125,0.0003,-0.038683428097283465,7280,,
730,30.9871,7699,1495040,546.71,194,0.09173940867185593,0.2,-1.0659224769100546,0.236541748046875,1.550151431420818,0.0323997,0.21845703125,0.0003,-0.03998165048251394,7290,,
731,30.955,7709,1497088,549.94,194,0.004465900361537933,0.2,-1.0243912616744637,0.29944074153900146,1.5313515409594403,0.028346103,0.2244140625,0.0003,-0.03379738491494209,7300,,
732,31.553399999999996,7720,1499136,550.14,194,0.1805102825164795,0.2,-1.052261371165514,0.4091809391975403,1.9058147424366325,0.030669414,0.231201171875,0.0003,-0.03446196351142135,7310,,
,,,1500000,,,0.022218115627765656,0.2,-1.039342854358256,0.15764999389648438,2.2341222058050336,0.028732412,0.198486328125,0.0003,-0.03746967941988259,7320,481.8,25.232
733,33.1018,7740,1501184,555.44,193,,,,,,,,,,,,
734,33.6779,7749,1503232,557.89,193,0.024625539779663086,0.2,-1.041285332478583,0.5071853399276733,1.4205357629805804,0.02971925,0.23212890625,0.0003,-0.039466415846254675,7330,,
735,33.943799999999996,7759,1505280,561.33,193,0.051271677017211914,0.2,-1.0958452440798283,0.45072710514068604,1.9600720516406,0.027375795,0.2154296875,0.0003,-0.03456161864160094,7340,,
736,33.340500000000006,7769,1507328,561.62,194,-0.000933624804019928,0.2,-1.1002939570695163,0.3497941493988037,1.7308021187549456,0.034620233,0.243701171875,0.0003,-0.0378054747270653,7350,,
737,33.5343,7779,1509376,562.26,194,0.047291792929172516,0.2,-1.0341599447652698,0.04717451333999634,1.7889162173960358,0.029553166,0.2109375,0.0003,-0.040956696635112165,7360,,
,,,1510000,,,0.07000675052404404,0.2,-1.1192753326147795,0.2822929620742798,1.8539354938315227,0.03182877,0.2619140625,0.0003,-0.04475246045913082,7370,361.0,12.426
738,33.771800000000006,7795,1511424,558.53,193,,,,,,,,,,,,
739,34.612,7805,1513472,564.58,193,0.017388999462127686,0.2,-1.024205538071692,0.486022412776947,1.4166836296906695,0.028362785,0.22705078125,0.0003,-0.03582403901382349,7380,,
740,35.7501,7815,1515520,570.89,193,0.25257202982902527,0.2,-1.1033845063298942,0.5290656089782715,1.3985120685305445,0.032820098,0.24658203125,0.0003,-0.0404905875417171,7390,,
741,35.6258,7825,1517568,573.31,193,-0.00930996984243393,0.2,-1.0767115088179708,0.3128756284713745,2.371687266184017,0.031017805,0.20341796875,0.0003,-0.032190610881661995,7400,,
742,35.262699999999995,7836,1519616,569.58,193,0.1445145308971405,0.2,-1.0029817547649145,0.27673232555389404,2.4129999822936954,0.025873074,0.18251953125,0.0003,-0.03013310391106643,7410,,
,,,1520000,,,0.010727345943450928,0.2,-1.0919908922165633,0.38708221912384033,2.2558377937879412,0.029588467,0.221044921875,0.0003,-0.036343586500152014,7420,415.2,17.89
743,35.558,7853,1521664,570.06,193,,,,,,,,,,,,
744,36.4117,7863,1523712,574.78,193,0.058623552322387695,0.2,-0.9784567628055811,0.36237025260925293,1.5296818385832012,0.031900525,0.240673828125,0.0003,-0.037050757365068424,7430,,
745,35.614999999999995,7873,1525760,564.36,193,0.07451330125331879,0.2,-1.01411229390651,0.43749552965164185,1.5380939325783403,0.031159423,0.247509765625,0.0003,-0.03455793685861863,7440,,
746,32.2466,7882,1527808,540.86,193,0.09150762110948563,0.2,-1.0811493368819356,0.4338172674179077,1.9853523952886463,0.028195545,0.22578125,0.0003,-0.04266216415417148,7450,,
747,33.111999999999995,7894,1529856,554.4,193,0.058954738080501556,0.2,-1.0601716078817844,0.5893152952194214,1.4309469343163073,0.03289476,0.216552734375,0.0003,-0.03553012173797469,7460,,
,,,1530000,,,0.24169576168060303,0.2,-1.1150021523237228,0.3024826645851135,1.478520274697803,0.030641621,0.228515625,0.0003,-0.03488592165231239,7470,290.2,7.128
748,32.3444,7908,1531904,551.08,193,,,,,,,,,,,,
749,32.0603,7918,1533952,549.46,193,0.03476889431476593,0.2,-1.1793572440743447,0.42513394355773926,2.0560873658861967,0.028159428,0.23203125,0.0003,-0.04218750421714503,7480,,
750,31.747499999999995,7927,1536000,550.71,193,0.10298396646976471,0.2,-1.074819354340434,0.2507554292678833,1.6806668689940125,0.029989555,0.2490234375,0.0003,-0.038623790204292165,7490,,
751,31.249700000000004,7936,1538048,550.48,193,0.04938669502735138,0.2,-1.0468635849654675,0.28871095180511475,1.7168171433964745,0.03467409,0.221533203125,0.0003,-0.039214430149877445,7500,,
,,,1540000,,,0.03103780746459961,0.2,-1.0060788480564953,0.417972207069397,1.3978398378472776,0.035404563,0.226025390625,0.0003,-0.0345930428680731,7510,620.8,33.852
752,31.141499999999997,7959,1540096,551.29,193,,,,,,,,,,,,
753,30.09080000000001,7969,1542144,546.27,193,0.024368267506361008,0.2,-1.0093051955103873,0.5674060583114624,1.051471680169925,0.034239903,0.23828125,0.0003,-0.04317379450658336,7520,,
754,30.943,7979,1544192,551.16,193,0.19165687263011932,0.2,-1.0854948706924916,0.4681093096733093,1.4844454812584444,0.031266816,0.23779296875,0.0003,-0.03687583687424194,7530,,
755,31.202600000000004,7988,1546240,555.21,193,0.02267378568649292,0.2,-1.0449563739821315,0.4487530589103699,2.2306826738640666,0.028113484,0.212060546875,0.0003,-0.03818447586672846,7540,,
756,32.588899999999995,7998,1548288,566.73,193,-0.0009759441018104553,0.2,-1.0787911541759967,0.6593717336654663,1.2244327155640349,0.033929683,0.247607421875,0.0003,-0.03625178158399649,7550,,
,,,1550000,,,0.06708095967769623,0.2,-1.033014477044344,0.14748555421829224,1.7347405372187494,0.030344855,0.21142578125,0.0003,-0.03778595052863239,7560,949.2,70.6
757,33.030699999999996,8029,1550336,572.6,193,,,,,,,,,,,,
758,31.515900000000002,8039,1552384,553.89,193,0.19715458154678345,0.2,-1.0782458018511534,0.040650367736816406,2.102857369859703,0.028781364,0.229248046875,0.0003,-0.033432626904686916,7570,,
759,31.3656,8049,1554432,558.93,193,0.06417602300643921,0.2,-1.0493289789184927,0.3853229284286499,1.7909836566308512,0.03290472,0.228076171875,0.0003,-0.03742917268536985,7580,,
760,31.3935,8059,1556480,566.17,193,0.061669908463954926,0.2,-1.0439104557037353,0.4793558716773987,1.6750090424437076,0.031213552,0.234423828125,0.0003,-0.03691514327947516,7590,,
761,31.5638,8070,1558528,569.16,193,0.0646284893155098,0.2,-1.060029167495668,0.3936968445777893,1.5760842602699996,0.031562187,0.2154296875,0.0003,-0.03727280797902495,7600,,
,,,1560000,,,0.00033952295780181885,0.2,-1.1073971033096313,0.3594406247138977,2.0800596651853995,0.027625429,0.233935546875,0.0003,-0.03711114493780769,7610,690.0,37.164
762,31.1838,8093,1560576,567.12,192,,,,,,,,,,,,
763,31.558299999999996,8104,1562624,569.71,192,-0.002580508589744568,0.2,-1.0993143524974585,0.4361932873725891,1.8178300375817344,0.03666579,0.243212890625,0.0003,-0.04163507118355483,7620,,
764,31.049500000000002,8114,1564672,560.53,192,-0.00024002790451049805,0.2,-1.000246623530984,0.4034014940261841,1.1901722635840997,0.03310833,0.252392578125,0.0003,-0.03895692421065178,7630,,
765,31.402900000000002,8124,1566720,565.23,192,0.05953936278820038,0.2,-1.056250622868538,0.48047924041748047,2.109204683545977,0.028610488,0.198681640625,0.0003,-0.03490032660774887,7640,,
766,31.109800000000003,8133,1568768,564.53,192,0.11854516714811325,0.2,-1.0411016957834363,0.16549265384674072,1.8453108937945217,0.02686746,0.196484375,0.0003,-0.03170268307148945,7650,,
,,,1570000,,,0.03196248412132263,0.2,-1.011658844165504,0.6044161319732666,1.0725603610742838,0.035508744,0.250390625,0.0003,-0.04022146428760607,7660,687.6,51.201999999999984
767,31.1809,8158,1570816,567.41,192,,,,,,,,,,,,
768,31.116500000000006,8169,1572864,563.84,192,0.041913047432899475,0.2,-1.0342561982572078,0.5790470838546753,1.0077190664364024,0.036313973,0.2701171875,0.0003,-0.04226268545608036,7670,,
769,31.226099999999995,8178,1574912,562.87,192,0.10058262944221497,0.2,-1.0809306412935258,0.5333813428878784,2.2000858140410857,0.028959103,0.205322265625,0.0003,-0.04302047387463972,7680,,
770,32.969500000000004,8189,1576960,578.72,192,0.03890431672334671,0.2,-1.015358063019812,0.5323745608329773,1.3875342344399542,0.030268138,0.217919921875,0.0003,-0.03727328988316003,7690,,
771,33.6353,8199,1579008,582.23,192,0.020407982170581818,0.2,-0.9485246423631907,0.37509649991989136,1.5860150853870436,0.033136915,0.211083984375,0.0003,-0.03800903913506772,7700,,
,,,1580000,,,0.011599019169807434,0.2,-1.0512961886823178,0.3953307867050171,2.1835856831632556,0.031840947,0.222216796875,0.0003,-0.03371425186633133,7710,550.0,30.547999999999995
772,32.230000000000004,8221,1581056,572.63,192,,,,,,,,,,,,
773,31.8149,8231,1583104,574.12,192,0.1892809271812439,0.2,-1.0773151682689786,0.37743985652923584,2.1579838993493468,0.027029265,0.205712890625,0.0003,-0.03433073561463971,7720,,
774,32.5658,8242,1585152,579.11,192,-0.012534704059362411,0.2,-0.9610529245808721,0.32431721687316895,1.837864850508049,0.03933072,0.22333984375,0.0003,-0.03808525619388092,7730,,
775,32.029500000000006,8252,1587200,572.7,192,0.14074963331222534,0.2,-1.0187860250473022,0.28547829389572144,2.2935531550087034,0.025918026,0.201953125,0.0003,-0.03200220787111903,7740,,
776,30.7442,8262,1589248,561.11,192,0.04054632782936096,0.2,-0.9839511530473828,0.4309769868850708,1.9453075354918838,0.029385258,0.197216796875,0.0003,-0.03665426170337014,7750,,
,,,1590000,,,0.016034968197345734,0.2,-1.0893740840256214,0.4096474051475525,2.2437083647819236,0.03641715,0.231005859375,0.0003,-0.03834672750526806,7760,378.4,4.244
777,30.483300000000003,8279,1591296,557.17,192,,,,,,,,,,,,
778,29.7354,8290,1593344,551.88,192,0.074577696621418,0.2,-0.944141281209886,0.6794517040252686,1.4349860440474003,0.030699097,0.224560546875,0.0003,-0.03849157795484644,7770,,
779,30.2287,8301,1595392,552.58,192,0.02307939901947975,0.2,-1.020196201466024,0.49898916482925415,1.3123756510438398,0.03513957,0.234716796875,0.0003,-0.033194981934502724,7780,,
780,30.388300000000005,8310,1597440,546.59,192,-0.001372501254081726,0.2,-0.9870376391336322,0.37989550828933716,1.5228032683022321,0.029531263,0.225732421875,0.0003,-0.03934706854342949,7790,,
781,28.0847,8319,1599488,526.72,192,0.131801038980484,0.2,-0.9948763970285655,0.22929537296295166,2.2297957888338713,0.031220198,0.233447265625,0.0003,-0.03673284465039615,7800,,
,,,1600000,,,0.01017315685749054,0.2,-1.0924035530537366,0.4027644991874695,1.593997491709888,0.034632474,0.247021484375,0.0003,-0.03751733722747304,7810,358.6,4.442
782,28.021200000000004,8336,1601536,523.04,192,,,,,,,,,,,,
783,27.969499999999996,8347,1603584,518.2,192,0.04950118064880371,0.2,-0.8825533153489232,0.6275330781936646,1.6674805621383713,0.027142059,0.207470703125,0.0003,-0.03691124790639151,7820,,
784,29.6222,8357,1605632,533.13,192,0.006233341991901398,0.2,-0.9881520042195916,0.373603880405426,2.1454147351207213,0.03499092,0.22607421875,0.0003,-0.040810257976409046,7830,,
785,30.754700000000003,8367,1607680,539.98,192,0.07597531378269196,0.2,-0.997457998432219,0.500606894493103,1.4727620860096067,0.029275073,0.225244140625,0.0003,-0.03324933375697583,7840,,
786,29.425799999999995,8376,1609728,522.72,192,0.056539386510849,0.2,-0.9564053663983941,0.7032318115234375,2.174443795112893,0.026450438,0.18857421875,0.0003,-0.03886515564227011,7850,,
,,,1610000,,,0.016352437436580658,0.2,-0.9945490997284651,0.458562970161438,1.9622498027514665,0.029953608,0.203662109375,0.0003,-0.03818727509933524,7860,777.6,50.298
787,28.490999999999996,8403,1611776,516.1,191,,,,,,,,,,,,
788,29.9625,8413,1613824,529.11,191,0.016697611659765244,0.2,-1.068371325545013,0.08832240104675293,2.062101352051832,0.03239277,0.22578125,0.0003,-0.034409885189961645,7870,,
789,29.607599999999998,8424,1615872,524.56,191,0.06581398099660873,0.2,-0.993763786368072,0.40298575162887573,1.6847551275510342,0.030786496,0.24287109375,0.0003,-0.04090663072711322,7880,,
790,29.772000000000002,8434,1617920,528.14,191,0.014550946652889252,0.2,-1.009138879366219,0.3716362714767456,1.5247490549460054,0.035632975,0.244677734375,0.0003,-0.03990484569221735,7890,,
791,29.581100000000003,8445,1619968,527.21,191,0.04121451824903488,0.2,-1.0194517916068435,0.4245181679725647,1.5897444164846093,0.029904854,0.24970703125,0.0003,-0.04016428501345217,7900,,
,,,1620000,,,0.019581742584705353,0.2,-1.036366601102054,0.43629616498947144,1.1620040687266737,0.034121618,0.259228515625,0.0003,-0.038675871372106485,7910,637.4,37.68599999999999
792,30.774,8468,1622016,538.05,191,,,,,,,,,,,,
793,30.306299999999997,8479,1624064,534.81,191,0.047950826585292816,0.2,-1.0621200861409306,0.08160257339477539,1.9401151311118157,0.030387549,0.2234375,0.0003,-0.039786601015657654,7920,,
794,29.1492,8489,1626112,530.4,191,0.049703627824783325,0.2,-1.0261654736474157,0.6087156534194946,1.2095168414991349,0.03640185,0.244482421875,0.0003,-0.03906366758747026,7930,,
795,29.795,8499,1628160,535.91,191,0.336558997631073,0.2,-1.0628580557182432,0.6200716495513916,1.6039262222126127,0.036270164,0.244921875,0.0003,-0.045119567337678745,7940,,
,,,1630000,,,0.04960484057664871,0.2,-0.9406424364075064,0.43658554553985596,1.7720916386693717,0.02924499,0.215625,0.0003,-0.038097888752236034,7950,453.0,17.512
796,28.5854,8518,1630208,526.74,191,,,,,,,,,,,,
797,28.017400000000002,8528,1632256,523.48,191,0.015429601073265076,0.2,-1.0940310329198837,0.31961333751678467,1.6974616047460587,0.034375675,0.2376953125,0.0003,-0.03737559710134519,7960,,
798,27.781999999999996,8538,1634304,516.99,191,0.16460897028446198,0.2,-1.0635896986350417,0.3523775339126587,1.8312456970103086,0.03326446,0.248974609375,0.0003,-0.03819135050289333,7970,,
799,27.959400000000002,8549,1636352,519.27,191,0.011012151837348938,0.2,-1.0987252017483116,0.29651111364364624,2.3422505924478174,0.026052183,0.230078125,0.0003,-0.04002095235337037,7980,,
800,27.6476,8560,1638400,520.42,191,0.15365123748779297,0.2,-1.052046529389918,0.32774680852890015,2.253200892312452,0.030213006,0.2083984375,0.0003,-0.032450069853803144,7990,,
,,,1640000,,,-0.01310615986585617,0.2,-1.0297677783295511,0.5207570195198059,1.63696341260802,0.03367357,0.246533203125,0.0003,-0.04285977675463073,8000,318.6,10.848
801,28.196700000000007,8575,1640448,525.57,191,,,,,,,,,,,,
802,29.010000000000005,8586,1642496,534.33,191,0.20967844128608704,0.2,-1.094203406199813,0.25970888137817383,1.7939726919867098,0.034757357,0.234619140625,0.0003,-0.04187949924962595,8010,,
803,29.562,8595,1644544,539.19,191,0.02143291011452675,0.2,-0.9840192407369613,0.5650999546051025,1.5554283253848553,0.03208086,0.238720703125,0.0003,-0.03755739004118368,8020,,
804,29.799199999999995,8606,1646592,535.49,191,0.11573668569326401,0.2,-1.0072627192363144,0.5308057069778442,1.515069098584354,0.02891306,0.233837890625,0.0003,-0.04038479028386064,8030,,
805,28.961500000000004,8617,1648640,529.19,191,0.04658861458301544,0.2,-1.0771623821929097,0.46355128288269043,1.7563426192384213,0.027821543,0.215380859375,0.0003,-0.04101671501412056,8040,,
,,,1650000,,,0.04325943440198898,0.2,-0.9984439600259065,0.5547164678573608,1.5409692883258685,0.035458818,0.240087890625,0.0003,-0.03704752292251214,8050,847.4,67.62199999999999
806,28.433399999999995,8641,1650688,531.99,191,,,,,,,,,,,,
807,28.1266,8650,1652736,532.64,191,0.2532910406589508,0.2,-1.1564644087105989,0.31054800748825073,2.2892957132309677,0.02847131,0.229736328125,0.0003,-0.041038972209207714,8060,,
808,27.9979,8663,1654784,535.52,191,0.061979249119758606,0.2,-1.077187803760171,0.33114391565322876,1.5272309092106298,0.03150893,0.23583984375,0.0003,-0.04078733596252278,8070,,
809,27.7988,8672,1656832,535.41,191,0.034520115703344345,0.2,-0.9731396978721023,0.6229492425918579,0.7217046575155109,0.03551995,0.2453125,0.0003,-0.04193963613652159,8080,,
810,23.6852,8683,1658880,506.35,191,0.07836195081472397,0.2,-1.0567431082949041,0.3270881175994873,1.813183430233039,0.028115246,0.217041015625,0.0003,-0.03849933517340105,8090,,
,,,1660000,,,0.0033026449382305145,0.2,-1.0075581358745693,0.4108049273490906,1.068641292594839,0.041487105,0.2447265625,0.0003,-0.037240172119345515,8100,586.2,32.196000000000005
811,24.8374,8704,1660928,521.26,190,,,,,,,,,,,,
812,24.459599999999995,8714,1662976,519.0,190,0.058457307517528534,0.2,-1.0883075697347522,0.09572798013687134,1.7922455840278417,0.03545406,0.22939453125,0.0003,-0.0361271237663459,8110,,
813,22.8055,8723,1665024,504.23,190,-0.03175805136561394,0.2,-1.0717914937064053,0.29318106174468994,1.5437158920569345,0.036142036,0.256884765625,0.0003,-0.040387051113066265,8120,,
814,24.7152,8735,1667072,523.47,190,0.4822923243045807,0.2,-1.043221472389996,0.3808956742286682,1.1220104136969895,0.0348721,0.24970703125,0.0003,-0.03778386936755851,8130,,
815,24.190300000000008,8745,1669120,515.9,190,0.06754536181688309,0.2,-0.8988277588039637,0.04841035604476929,2.27128035183996,0.026392087,0.17587890625,0.0003,-0.03715115543454885,8140,,
,,,1670000,,,0.04608873277902603,0.2,-1.0532576316967606,0.177251398563385,2.229392115166411,0.024537444,0.213427734375,0.0003,-0.037852079077856614,8150,656.0,45.512
816,24.735400000000006,8767,1671168,521.45,190,,,,,,,,,,,,
817,23.6112,8776,1673216,513.75,190,-0.007782880216836929,0.2,-1.1238648060709238,0.35964274406433105,1.4427943357033655,0.031587444,0.23291015625,0.0003,-0.035449437869829126,8160,,
818,22.7682,8786,1675264,507.96,190,0.08523540198802948,0.2,-1.0386467952281238,-0.003499746322631836,2.1243546604178847,0.029211357,0.231689453125,0.0003,-0.037502240570029245,8170,,
819,22.8354,8798,1677312,511.25,190,-0.006758488714694977,0.2,-0.9543476445600391,0.5101432800292969,1.3288743019104003,0.030324368,0.21796875,0.0003,-0.037939947954146194,8180,,
820,22.350699999999996,8808,1679360,509.65,190,0.026509642601013184,0.2,-0.9470763120800256,0.5640413761138916,1.0883545977063478,0.033829994,0.23271484375,0.0003,-0.03611465537105687,8190,,
,,,1680000,,,0.006468735635280609,0.2,-1.034092620946467,0.31845760345458984,1.675916924327612,0.032530356,0.229931640625,0.0003,-0.04038132952700835,8200,564.6,34.40999999999999
821,22.267000000000003,8829,1681408,508.01,190,,,,,,,,,,,,
822,23.832399999999996,8840,1683456,521.64,190,0.05614544451236725,0.2,-1.046668331697583,0.41758882999420166,1.5153077834984288,0.034870032,0.224072265625,0.0003,-0.04018650779617019,8210,,
823,24.196900000000007,8850,1685504,525.23,190,0.04257983714342117,0.2,-1.041947440057993,0.2951585650444031,1.3171083740424365,0.0364912,0.23759765625,0.0003,-0.03775951481511584,8220,,
824,23.566700000000004,8859,1687552,518.18,190,0.09831470996141434,0.2,-1.0599866729229688,0.252713143825531,1.358458153833635,0.031014748,0.233642578125,0.0003,-0.04055098645912949,8230,,
825,24.430799999999998,8869,1689600,521.86,190,0.019569240510463715,0.2,-1.1303055597469212,0.5024452805519104,1.3539013627683745,0.035033196,0.249755859375,0.0003,-0.04263233115052571,8240,,
,,,1690000,,,0.017125941812992096,0.2,-1.0000014867633582,0.49085092544555664,1.5042509972350673,0.029000431,0.220458984375,0.0003,-0.03994731285783928,8250,561.8,24.431999999999995
826,25.2744,8892,1691648,527.59,190,,,,,,,,,,,,
827,24.281199999999995,8903,1693696,516.8,190,0.04916742444038391,0.2,-0.9414265871047973,0.22568070888519287,2.0376544809900223,0.026847195,0.19736328125,0.0003,-0.04144655257405248,8260,,
828,24.277,8913,1695744,517.22,190,0.007420048117637634,0.2,-1.0467553263530136,0.3488808870315552,1.5051558471284807,0.03316409,0.228759765625,0.0003,-0.03681456408521626,8270,,
829,25.7526,8923,1697792,529.82,190,0.07848768681287766,0.2,-1.079573468863964,0.5369132161140442,1.528350627818145,0.029498424,0.254296875,0.0003,-0.0424005187174771,8280,,
830,27.050299999999996,8932,1699840,540.15,190,0.057768337428569794,0.2,-1.0452677559107542,0.442720890045166,2.3267587586306036,0.02783363,0.221630859375,0.0003,-0.03773962274717633,8290,,
,,,1700000,,,0.058850739151239395,0.2,-1.0088858610019087,0.5514869093894958,0.9283661607187241,0.03396721,0.2474609375,0.0003,-0.04052049480669666,8300,649.0,37.574
831,27.046699999999998,8955,1701888,540.51,190,,,,,,,,,,,,
832,26.525199999999995,8965,1703936,532.6,190,0.06947516649961472,0.2,-1.0367740727961063,0.6135220527648926,1.904707320779562,0.030438699,0.21533203125,0.0003,-0.037800364691065624,8310,,
833,27.647299999999994,8976,1705984,540.51,190,0.014669965952634811,0.2,-1.0554369637742638,0.5265039801597595,1.6533263025339693,0.033650473,0.224609375,0.0003,-0.03816120246483479,8320,,
834,27.866299999999992,8985,1708032,538.63,190,0.05941302329301834,0.2,-1.0710025971755386,0.5233545303344727,1.6002176522510125,0.031166825,0.233984375,0.0003,-0.04129422236292157,8330,,
,,,1710000,,,0.06961078941822052,0.2,-1.0917243115603923,0.3353980779647827,1.9514575431589036,0.028724868,0.213916015625,0.0003,-0.037334450824710076,8340,425.0,19.794
835,28.6226,9004,1710080,543.08,189,,,,,,,,,,,,
836,27.697400000000002,9014,1712128,535.5,189,0.10149841755628586,0.2,-0.9810437571257353,0.24980425834655762,1.910860908473842,0.029633466,0.218994140625,0.0003,-0.03688114459800999,8350,,
837,29.333400000000005,9024,1714176,552.08,189,0.043155331164598465,0.2,-1.106411723420024,0.4039386510848999,1.6806376185035332,0.029889487,0.23369140625,0.0003,-0.041808000972378065,8360,,
838,29.857799999999997,9034,1716224,549.65,189,0.15421372652053833,0.2,-0.9806362807750701,0.3516942262649536,1.4239623659756036,0.033709705,0.251416015625,0.0003,-0.03829947012418415,8370,,
839,30.531699999999997,9044,1718272,552.31,189,0.003913767635822296,0.2,-1.049691871739924,0.6954323053359985,0.8347364925779402,0.03355546,0.252294921875,0.0003,-0.04136228582938202,8380,,
,,,1720000,,,0.238186314702034,0.2,-1.0119547080248594,0.26952970027923584,2.1205711924936623,0.02715889,0.201953125,0.0003,-0.034886930900393055,8390,420.4,17.838
840,30.8284,9063,1720320,552.67,189,,,,,,,,,,,,
841,30.104,9072,1722368,545.03,189,0.6491069793701172,0.2,-0.9480961201712489,0.6329405307769775,1.4507482307730242,0.03283573,0.21923828125,0.0003,-0.035863176448037846,8400,,
842,31.101300000000002,9081,1724416,555.41,189,-0.005112398415803909,0.2,-1.1073455868288875,0.14040374755859375,2.188519389159046,0.029129166,0.208935546875,0.0003,-0.04027454025344923,8410,,
843,31.0834,9091,1726464,557.2,189,0.06850051879882812,0.2,-1.0095958838239312,0.4292188286781311,1.7775805633049457,0.03061644,0.221728515625,0.0003,-0.043179026077268645,8420,,
844,31.4846,9101,1728512,557.1,189,0.044733718037605286,0.2,-1.0528185935691,0.3817511796951294,1.2369996099267155,0.034402523,0.239892578125,0.0003,-0.04055184065946378,8430,,
,,,1730000,,,-8.17030668258667e-05,0.2,-1.0693752873688935,0.4434356093406677,1.3515560703119263,0.037409995,0.25361328125,0.0003,-0.04177648230252089,8440,557.4,18.47
845,31.590799999999998,9122,1730560,556.49,189,,,,,,,,,,,,
846,32.2845,9132,1732608,557.19,189,-0.01595412567257881,0.2,-0.979283831641078,0.6129275560379028,1.1690043420763687,0.03279329,0.234375,0.0003,-0.036928439968323803,8450,,
847,33.044900000000005,9142,1734656,561.21,189,0.05339694768190384,0.2,-1.045212983712554,0.4447968602180481,1.7387133343145251,0.031321198,0.23916015625,0.0003,-0.04043407318822574,8460,,
848,33.515800000000006,9153,1736704,564.19,189,0.10407505184412003,0.2,-0.9323908247053623,0.3419206738471985,1.4471646655583754,0.03228336,0.215283203125,0.0003,-0.03259951676009223,8470,,
849,33.2979,9164,1738752,565.94,189,-0.022328346967697144,0.2,-1.0691121358424425,0.5657645463943481,0.9249525300227106,0.047144145,0.27080078125,0.0003,-0.04410918359353673,8480,,
,,,1740000,,,0.013202868402004242,0.2,-0.9878969796001911,0.4033010005950928,0.7524361521471292,0.040200967,0.250439453125,0.0003,-0.04218161814205814,8490,671.6,47.354000000000006
850,30.943500000000004,9186,1740800,541.12,189,,,,,,,,,,,,
851,30.855600000000003,9197,1742848,539.88,189,0.08279640972614288,0.2,-1.048191681317985,0.23133331537246704,2.1174115986097606,0.025530864,0.19951171875,0.0003,-0.03250583504559472,8500,,
852,29.755699999999997,9206,1744896,529.75,189,0.01255691796541214,0.2,-1.0398165173828602,0.35648101568222046,1.4733229024102912,0.030384256,0.221484375,0.0003,-0.03240590340283234,8510,,
853,29.734299999999998,9215,1746944,531.89,189,-0.0181790292263031,0.2,-1.049002119526267,0.3407542109489441,2.0183553909882903,0.028766457,0.220458984375,0.0003,-0.04224440436519217,8520,,
854,26.4965,9224,1748992,505.34,189,0.04999576508998871,0.2,-1.072062080167234,0.45651453733444214,1.3376276597613468,0.03398415,0.260595703125,0.0003,-0.042662499434663916,8530,,
,,,1750000,,,0.10524533689022064,0.2,-1.0901407327502965,0.11907434463500977,2.1707426188047974,0.02618596,0.195556640625,0.0003,-0.036899128809454854,8540,639.0,41.678
855,26.215999999999998,9247,1751040,503.38,189,,,,,,,,,,,,
856,26.351000000000003,9256,1753088,509.9,189,0.04468833655118942,0.2,-1.0039501253515482,0.4208577275276184,1.928255580435507,0.032501034,0.2203125,0.0003,-0.03562464071146678,8550,,
857,26.9733,9266,1755136,517.74,189,0.005983531475067139,0.2,-1.0256911668926478,0.3724384903907776,1.8916503434535117,0.033360302,0.2453125,0.0003,-0.04099069943476934,8560,,
858,27.344499999999993,9275,1757184,520.66,189,0.0028451457619667053,0.2,-1.0508178919553757,0.34810197353363037,1.4334958245046436,0.03320892,0.24462890625,0.0003,-0.03720808667712845,8570,,
859,26.5983,9286,1759232,515.2,189,0.12824290990829468,0.2,-1.0756213845685125,0.2631632685661316,2.2275105949956924,0.027837653,0.242041015625,0.0003,-0.036552757330355234,8580,,
,,,1760000,,,0.02849959209561348,0.2,-1.0814049653708935,0.5101919770240784,1.3332060149405152,0.042862967,0.26904296875,0.0003,-0.04751942249276908,8590,700.2,49.074
860,24.8426,9309,1761280,500.58,189,,,,,,,,,,,,
861,26.1992,9318,1763328,515.07,189,0.08833085000514984,0.2,-1.1046225493773818,0.5727580785751343,1.5382461098721252,0.032253455,0.238818359375,0.0003,-0.03882600563811138,8600,,
862,26.546599999999994,9329,1765376,520.37,189,0.06852076947689056,0.2,-1.0767841681838035,0.3369781970977783,2.084815953206271,0.027334629,0.20576171875,0.0003,-0.04145557020965498,8610,,
863,25.179399999999998,9339,1767424,506.98,189,0.026794731616973877,0.2,-1.0590691950172186,0.620933473110199,1.2713078933302313,0.033120673,0.246435546875,0.0003,-0.039566012847353706,8620,,
864,26.376199999999994,9350,1769472,517.43,189,0.014961466193199158,0.2,-1.0443952640518546,0.5968262553215027,1.6769112296169624,0.031914376,0.25244140625,0.0003,-0.040981373906834054,8630,,
,,,1770000,,,0.11857353150844574,0.2,-1.0027640178799628,0.2302125096321106,2.3879818788962437,0.029887509,0.2099609375,0.0003,-0.03735969485132955,8640,515.2,24.898000000000003
865,26.323299999999996,9371,1771520,522.72,189,,,,,,,,,,,,
866,27.185299999999998,9382,1773568,526.59,189,0.07627420127391815,0.2,-1.0393301790580154,0.21324265003204346,1.6579426198033616,0.034949668,0.23271484375,0.0003,-0.03985014946956653,8650,,
867,27.856800000000003,9392,1775616,529.51,189,-0.008725449442863464,0.2,-1.0325137976557017,0.4201231598854065,2.307048597279936,0.027925955,0.20654296875,0.0003,-0.03528698942973278,8660,,
868,25.944100000000002,9401,1777664,510.57,189,0.036660335958004,0.2,-1.064517110027373,0.1999983787536621,1.9303936346434056,0.0388302,0.252490234375,0.0003,-0.041905866979504935,8670,,
869,25.645899999999997,9411,1779712,510.38,189,0.10669872164726257,0.2,-1.1214082010090352,0.4253120422363281,1.767572329333052,0.03618931,0.25400390625,0.0003,-0.043681868907879104,8680,,
,,,1780000,,,0.03578229993581772,0.2,-1.054130887798965,0.5270208120346069,1.7709370234282686,0.02958079,0.210791015625,0.0003,-0.032677128989598715,8690,355.0,10.48
870,24.643900000000002,9428,1781760,500.47,188,,,,,,,,,,,,
871,25.798099999999994,9440,1783808,515.16,188,0.3759441077709198,0.2,-1.033786459080875,0.4948110580444336,2.1602650771383196,0.031596832,0.225634765625,0.0003,-0.03625809954537544,8700,,
872,26.344599999999996,9451,1785856,520.57,188,0.0008020997047424316,0.2,-0.9482678884640336,0.5538845658302307,1.4939692155923694,0.030990759,0.221826171875,0.0003,-0.030370706945541316,8710,,
873,25.0771,9461,1787904,507.16,188,0.024638645350933075,0.2,-1.005454277060926,0.5762017965316772,1.3675151052884758,0.037079267,0.264990234375,0.0003,-0.03716590490075759,8720,,
874,25.197599999999998,9471,1789952,505.14,188,0.025206580758094788,0.2,-1.0157020350918173,0.565746545791626,1.475910519529134,0.032954648,0.23544921875,0.0003,-0.03960539882245939,8730,,
,,,1790000,,,-0.03689923137426376,0.2,-1.0885854696854949,0.43375593423843384,1.851730359136127,0.03268993,0.241650390625,0.0003,-0.03815372685785405,8740,418.6,13.851999999999999
875,23.7992,9489,1792000,494.85,188,,,,,,,,,,,,
876,25.739000000000004,9499,1794048,511.04,188,0.2477809339761734,0.2,-1.0882177155464887,0.5830839276313782,1.7674860833212733,0.033241097,0.228662109375,0.0003,-0.03849009347904939,8750,,
877,25.114900000000002,9508,1796096,503.36,188,0.03258882462978363,0.2,-1.0575836271047592,0.6368401050567627,1.3628513680538163,0.03378229,0.244970703125,0.0003,-0.04156240258016623,8760,,
878,25.755300000000002,9518,1798144,509.39,188,0.03818819671869278,0.2,-1.112275779992342,0.3984244465827942,1.752960138535127,0.029092442,0.219873046875,0.0003,-0.037564693758031356,8770,,
,,,1800000,,,0.09202615916728973,0.2,-1.063546840660274,0.4620835781097412,1.6245126583147793,0.03525441,0.23994140625,0.0003,-0.03951159445859957,8780,439.4,17.648000000000003
879,26.672499999999996,9536,1800192,517.77,188,,,,,,,,,,,,
880,26.287499999999994,9546,1802240,506.2,188,0.09009882062673569,0.2,-1.0360536109656096,0.17558890581130981,1.8047881016042084,0.03177631,0.222607421875,0.0003,-0.04398752253910061,8790,,
881,26.753599999999995,9555,1804288,509.64,188,0.13291825354099274,0.2,-1.029723902232945,0.18244189023971558,2.1422301007900386,0.029342076,0.211767578125,0.0003,-0.03210474354273174,8800,,
882,25.620700000000003,9565,1806336,502.81,188,0.08161277323961258,0.2,-1.0422252440825104,0.4727502465248108,1.4233390774810686,0.03827358,0.26943359375,0.0003,-0.04548743055202067,8810,,
883,24.4168,9576,1808384,493.07,188,0.0024312585592269897,0.2,-0.9777384528890252,0.15495514869689941,2.2960151706123724,0.03367646,0.222607421875,0.0003,-0.038612162391655144,8820,,
,,,1810000,,,0.03407157585024834,0.2,-0.9791777702048421,0.5378439426422119,0.9765513230348006,0.041698437,0.264306640625,0.0003,-0.0426087145548081,8830,683.2,43.238
884,25.392000000000007,9600,1810432,505.64,188,,,,,,,,,,,,
885,25.654299999999992,9610,1812480,509.44,188,0.010148126631975174,0.2,-0.9748664304614068,0.393165647983551,1.0828534503700211,0.035074063,0.2353515625,0.0003,-0.0332964135101065,8840,,
886,25.402400000000004,9619,1814528,504.58,188,0.1184963658452034,0.2,-1.0033434489741921,0.32149600982666016,1.8881003896472976,0.034252614,0.24287109375,0.0003,-0.042304932186380026,8850,,
887,22.951099999999997,9629,1816576,479.46,188,0.16229721903800964,0.2,-1.0947285078465938,0.3483395576477051,1.807925740024075,0.028569162,0.2158203125,0.0003,-0.041149345744634046,8860,,
888,24.086100000000002,9640,1818624,496.09,188,0.18490907549858093,0.2,-0.9722316635772585,0.18737274408340454,1.8327856523450463,0.033190787,0.219482421875,0.0003,-0.0351505004480714,8870,,
,,,1820000,,,0.028084740042686462,0.2,-1.0157635312527418,0.3903549909591675,1.3447412163717671,0.032052174,0.235498046875,0.0003,-0.0380187991890125,8880,281.4,-0.7919999999999998
889,24.599,9654,1820672,494.85,188,,,,,,,,,,,,
890,23.742700000000003,9665,1822720,490.39,188,0.1016397774219513,0.2,-1.002153200097382,0.5176368951797485,1.2226623316295444,0.034195967,0.253515625,0.0003,-0.04110397011972964,8890,,
891,23.666400000000003,9675,1824768,487.99,188,0.07562650740146637,0.2,-0.9833605773746967,0.5077788829803467,1.0922982364427298,0.03258228,0.2353515625,0.0003,-0.04145323573611677,8900,,
892,24.5677,9685,1826816,497.96,188,-0.021624237298965454,0.2,-0.976787369325757,0.400566041469574,1.9274716954212636,0.033358946,0.230712890625,0.0003,-0.03715708289964823,8910,,
893,25.8601,9696,1828864,508.84,188,0.07956810295581818,0.2,-1.0520077610388399,0.38513821363449097,1.495531096868217,0.028292404,0.24169921875,0.0003,-0.03877933282929007,8920,,
,,,1830000,,,0.03590090572834015,0.2,-0.9257648792117834,0.5545089244842529,1.2758390866219997,0.032821823,0.22119140625,0.0003,-0.03422555791330524,8930,454.6,17.496
894,25.9554,9717,1830912,509.32,188,,,,,,,,,,,,
895,26.6096,9727,1832960,513.97,188,-0.002445463091135025,0.2,-1.0097896555438637,0.20712405443191528,2.0255795059958475,0.034382,0.260107421875,0.0003,-0.04217651804501656,8940,,
896,26.8175,9737,1835008,513.22,188,0.09941238909959793,0.2,-0.9752596152946353,0.05246013402938843,2.8568671153858305,0.0273748,0.191259765625,0.0003,-0.03077088593854569,8950,,
897,26.536699999999996,9748,1837056,511.27,188,0.1392216980457306,0.2,-1.0347240200266241,0.30894923210144043,2.506769168516621,0.028466055,0.2220703125,0.0003,-0.03822162670840044,8960,,
898,26.063200000000002,9759,1839104,508.57,188,0.2040853053331375,0.2,-1.0185080586001276,0.44696277379989624,1.3747112744720653,0.03804846,0.2603515625,0.0003,-0.04528864435851574,8970,,
,,,1840000,,,-0.002987124025821686,0.2,-1.0276277905330062,0.387812077999115,1.8565060502383859,0.036994494,0.259912109375,0.0003,-0.03583150413905969,8980,623.6,35.821999999999996
899,27.0339,9782,1841152,521.63,188,,,,,,,,,,,,
900,27.408400000000007,9791,1843200,524.2,188,0.3555949330329895,0.2,-1.0097531761974097,0.4748470187187195,1.7359089791774749,0.031859394,0.22529296875,0.0003,-0.03738227655121591,8990,,
901,26.685299999999998,9801,1845248,516.45,188,0.1360505372285843,0.2,-0.961892532557249,0.32473814487457275,1.8020977853797375,0.03297497,0.207666015625,0.0003,-0.033014180124155246,9000,,
902,27.5231,9811,1847296,522.78,188,0.04220372438430786,0.2,-1.0767573757097124,0.5963205099105835,1.170608577458188,0.038681593,0.258447265625,0.0003,-0.04009588521439582,9010,,
903,28.2604,9823,1849344,529.13,188,0.09595629572868347,0.2,-1.0348066959530116,0.400956928730011,1.4763345782645048,0.031419635,0.241064453125,0.0003,-0.03942162177118007,9020,,
,,,1850000,,,0.07586553692817688,0.2,-0.9479312758892775,0.5738878846168518,1.2248725462704897,0.031386554,0.2091796875,0.0003,-0.033101401961175725,9030,607.2,27.977999999999998
904,28.919700000000002,9848,1851392,543.26,187,,,,,,,,,,,,
905,29.5884,9861,1853440,546.44,187,0.0010810159146785736,0.2,-0.9681759651750326,0.5564027428627014,1.171722630923614,0.038712464,0.243408203125,0.0003,-0.03651808217837242,9040,,
906,30.1362,9870,1855488,551.68,187,0.04208814352750778,0.2,-0.935236855968833,0.6360995769500732,1.3043097108369692,0.034747384,0.240185546875,0.0003,-0.036936770786996934,9050,,
907,31.1464,9880,1857536,560.77,187,0.0894758403301239,0.2,-1.0480627905577422,0.5438741445541382,0.9505666029639542,0.041039165,0.28369140625,0.0003,-0.045109862339450045,9060,,
908,32.2435,9891,1859584,571.18,188,0.18555399775505066,0.2,-1.033987452276051,0.26918262243270874,2.571648069098592,0.0267293,0.195947265625,0.0003,-0.03367741477268282,9070,,
,,,1860000,,,0.08731286972761154,0.2,-0.9689800269901753,0.20729082822799683,1.6875816278159619,0.03742001,0.20244140625,0.0003,-0.03933298390475102,9080,496.4,19.080000000000002
909,32.5168,9913,1861632,573.86,187,,,,,,,,,,,,
910,32.6086,9924,1863680,574.69,187,0.035462573170661926,0.2,-0.9026078304275871,0.4925079345703125,1.4127208090620116,0.03444991,0.227685546875,0.0003,-0.03387926932773553,9090,,
911,33.828199999999995,9936,1865728,582.86,187,0.11580655723810196,0.2,-1.0298644838854671,0.43648409843444824,2.2346048900857567,0.029597336,0.212646484375,0.0003,-0.03345438980904873,9100,,
912,33.6923,9946,1867776,576.45,187,0.11597330868244171,0.2,-0.9962772810831666,0.42565369606018066,1.983444686769508,0.03240685,0.230859375,0.0003,-0.03791100909293164,9110,,
913,33.2193,9957,1869824,573.7,187,0.00033070147037506104,0.2,-1.0028891997411846,0.40321850776672363,1.440821359376423,0.033538956,0.2458984375,0.0003,-0.04006003801769111,9120,,
,,,1870000,,,0.004568740725517273,0.2,-0.9873149335384369,0.3506474494934082,1.9730309379985556,0.030122314,0.231005859375,0.0003,-0.03864401336468291,9130,462.2,19.418
914,33.002900000000004,9977,1871872,575.32,187,,,,,,,,,,,,
915,34.013200000000005,9988,1873920,584.42,187,0.06294003129005432,0.2,-0.9554208591580391,0.4003618359565735,1.6724061282351612,0.030037602,0.20703125,0.0003,-0.029559501574840396,9140,,
916,36.4514,9999,1875968,600.84,187,0.020058058202266693,0.2,-0.9570765685290098,0.3536679148674011,1.9396488353144377,0.030095818,0.211572265625,0.0003,-0.04113385448872577,9150,,
917,38.0454,10009,1878016,611.61,187,0.0453961044549942,0.2,-0.9540447482839227,0.4699661135673523,1.7175300512928515,0.034633476,0.23349609375,0.0003,-0.04242868285509758,9160,,
,,,1880000,,,0.06652258336544037,0.2,-1.0293817576020956,0.3503854274749756,2.1705033404519782,0.033128116,0.2337890625,0.0003,-0.037975752633064984,9170,751.0,54.568000000000005
918,35.6838,10035,1880064,587.51,187,,,,,,,,,,,,
919,34.9163,10046,1882112,584.2,187,0.08201025426387787,0.2,-1.0056506354361772,0.05933612585067749,2.729793779924512,0.028355934,0.211083984375,0.0003,-0.03475055246090051,9180,,
920,36.35999999999999,10056,1884160,600.01,187,0.08684872835874557,0.2,-1.02806640509516,0.38997262716293335,2.1915767043828964,0.026912414,0.22578125,0.0003,-0.035986168528324924,9190,,
921,34.827999999999996,10066,1886208,583.04,187,0.2676658034324646,0.2,-0.935386367700994,-0.02092421054840088,3.324226443050429,0.024333118,0.178125,0.0003,-0.033119943327619694,9200,,
922,34.4554,10076,1888256,580.26,187,0.03130292147397995,0.2,-1.109674166701734,0.227680504322052,1.7443436007481068,0.036307923,0.257421875,0.0003,-0.031139538304705637,9210,,
,,,1890000,,,0.1582164764404297,0.2,-1.020434937812388,0.0806131362915039,2.1248484454117715,0.032663107,0.230126953125,0.0003,-0.038757000418263486,9220,499.4,29.060000000000002
923,33.9122,10097,1890304,574.52,187,,,,,,,,,,,,
924,32.223600000000005,10107,1892352,563.2,187,0.07630167156457901,0.2,-0.9593417549505829,0.3705442547798157,1.7665589852025732,0.037261114,0.24091796875,0.0003,-0.04316677805618383,9230,,
925,31.577399999999997,10116,1894400,557.75,187,0.009360142052173615,0.2,-1.0631524220108985,0.39248180389404297,1.898287545517087,0.028629605,0.234912109375,0.0003,-0.034679385233903307,9240,,
926,30.757600000000004,10126,1896448,549.64,187,0.0035249516367912292,0.2,-0.9772742005065084,0.5655856728553772,1.5690450823865831,0.035717323,0.243408203125,0.0003,-0.03877435731701553,9250,,
927,30.6285,10136,1898496,552.56,187,0.03184160590171814,0.2,-0.9844550678506494,0.48624616861343384,1.7896988565102219,0.035251483,0.239208984375,0.0003,-0.04132973955420312,9260,,
,,,1900000,,,0.04727602005004883,0.2,-0.9885361136868596,0.34059005975723267,1.290911236545071,0.034548104,0.23212890625,0.0003,-0.03866780243697576,9270,592.4,40.142
928,32.209900000000005,10158,1900544,564.57,187,,,,,,,,,,,,
929,32.4809,10167,1902592,567.5,187,0.054051175713539124,0.2,-0.9264351103454829,0.2871395945549011,1.8090463699772954,0.03114665,0.21220703125,0.0003,-0.036371864582179114,9280,,
930,30.888600000000007,10178,1904640,556.56,187,0.027129843831062317,0.2,-0.9411292688921093,0.24282842874526978,1.558150891866535,0.027868483,0.218701171875,0.0003,-0.04235287181509193,9290,,
931,29.893300000000004,10187,1906688,546.04,187,0.028501152992248535,0.2,-0.9319016231223941,0.3193720579147339,1.7510809576837345,0.032499567,0.22978515625,0.0003,-0.03705662556167226,9300,,
932,27.036200000000008,10196,1908736,521.48,187,0.18732918798923492,0.2,-1.0483043113723398,0.2539569139480591,1.9884160812245681,0.031494275,0.230908203125,0.0003,-0.03742511283635395,9310,,
,,,1910000,,,0.06899862736463547,0.2,-1.0398553770035506,0.37931764125823975,1.782521741022356,0.036932893,0.248876953125,0.0003,-0.04130564253136981,9320,320.8,4.82
933,26.0385,10212,1910784,511.16,187,,,,,,,,,,,,
934,24.0313,10222,1912832,491.68,187,0.07278415560722351,0.2,-0.9726649021729827,0.3617398738861084,2.2489472802728416,0.027805654,0.220458984375,0.0003,-0.039293639094103126,9330,,
935,24.932100000000005,10232,1914880,501.68,187,0.022760599851608276,0.2,-0.9323291895911098,0.5515340566635132,1.011345925158821,0.042996615,0.275390625,0.0003,-0.043281323937117124,9340,,
936,24.843700000000002,10243,1916928,500.51,187,0.2061764895915985,0.2,-0.9903924502432346,0.46098923683166504,1.5756499864161015,0.035538778,0.252685546875,0.0003,-0.04054563303070609,9350,,
937,25.060000000000006,10254,1918976,498.9,187,0.04126783460378647,0.2,-0.9522133840247988,0.12025231122970581,2.239371533552185,0.030148406,0.208154296875,0.0003,-0.03937836609838996,9360,,
,,,1920000,,,0.06903912127017975,0.2,-0.9103907631710172,0.383250892162323,2.219414947507903,0.030650135,0.210986328125,0.0003,-0.030918120898422784,9370,727.0,50.803999999999995
938,26.037500000000005,10279,1921024,511.26,186,,,,,,,,,,,,
939,26.4538,10291,1923072,509.67,186,0.03147153928875923,0.2,-1.024155647866428,0.40244781970977783,1.6716624870197847,0.032593586,0.2416015625,0.0003,-0.041959452038281594,9380,,
940,22.057000000000002,10300,1925120,478.88,186,0.03100525587797165,0.2,-0.9627882489934564,0.6377217769622803,1.702890944480896,0.034684718,0.229443359375,0.0003,-0.038726598609355276,9390,,
941,22.304000000000002,10309,1927168,484.21,186,0.13865014910697937,0.2,-1.0195708801969885,0.0882863998413086,2.8668895995244386,0.028905489,0.20302734375,0.0003,-0.037307373768999244,9400,,
942,23.966099999999994,10319,1929216,498.18,186,0.0476340614259243,0.2,-0.9857439106330276,0.20394212007522583,2.0320203801617027,0.030145507,0.210498046875,0.0003,-0.03911752294225153,9410,,
,,,1930000,,,0.014660697430372238,0.2,-1.0554661683738231,0.5463192462921143,1.400180482887663,0.038560327,0.25185546875,0.0003,-0.04179328283353243,9420,685.2,47.217999999999996
943,24.324199999999998,10344,1931264,502.41,186,,,,,,,,,,,,
944,23.9608,10354,1933312,498.71,186,0.024231545627117157,0.2,-0.9341496430337429,0.5234512686729431,1.136651352327317,0.033344917,0.24287109375,0.0003,-0.03888641655503307,9430,,
945,25.133399999999998,10366,1935360,511.58,186,0.0384836420416832,0.2,-0.9617611780762673,0.4414215683937073,1.7901205142959953,0.03076142,0.21748046875,0.0003,-0.040318325388943775,9440,,
946,25.954700000000003,10376,1937408,519.56,186,0.06869611144065857,0.2,-0.955625775642693,0.2272534966468811,1.8627513121813535,0.031045746,0.2271484375,0.0003,-0.04150492608750937,9450,,
947,26.338700000000003,10386,1939456,521.2,186,0.23062220215797424,0.2,-0.9778527595102787,0.18044674396514893,1.6117485152557491,0.03797451,0.261083984375,0.0003,-0.03999339804868214,9460,,
,,,1940000,,,-0.010642945766448975,0.2,-1.0684336736798286,0.5618095397949219,1.7055143280420453,0.038526714,0.240625,0.0003,-0.03611624512996059,9470,469.6,19.348000000000003
948,26.0415,10405,1941504,520.89,186,,,,,,,,,,,,
949,26.143,10416,1943552,520.75,186,0.014704689383506775,0.2,-0.9763995550572873,0.35090237855911255,1.8319114222889765,0.032060344,0.217236328125,0.0003,-0.03864817575376946,9480,,
950,25.7046,10426,1945600,514.54,186,0.03712569922208786,0.2,-0.9807637169957161,0.5635993480682373,1.19710041442886,0.039616704,0.243603515625,0.0003,-0.04060659359965939,9490,,
951,26.5156,10437,1947648,523.53,186,0.5989647507667542,0.2,-1.0028782445937394,0.023479700088500977,2.336288587190211,0.026148722,0.200830078125,0.0003,-0.03450767178437673,9500,,
952,26.5403,10447,1949696,521.06,186,0.0035453476011753082,0.2,-0.9900246694684028,0.5191771984100342,1.2629613962490112,0.033477902,0.2423828125,0.0003,-0.04107459908991586,9510,,
,,,1950000,,,0.024880126118659973,0.2,-0.9547299988567829,0.5682344436645508,1.669962643715553,0.029674295,0.211767578125,0.0003,-0.036710290634073314,9520,493.0,23.118000000000002
953,27.2229,10467,1951744,532.86,186,,,,,,,,,,,,
954,25.6334,10478,1953792,521.66,186,0.038434647023677826,0.2,-0.9747819466516375,0.44365477561950684,1.1589449093444273,0.036600575,0.24228515625,0.0003,-0.0352274911274435,9530,,
955,25.355700000000006,10489,1955840,519.4,186,0.019662749022245407,0.2,-1.0600323701277374,0.43641990423202515,1.881760605564341,0.030045142,0.23564453125,0.0003,-0.035482155147474256,9540,,
956,24.474400000000006,10498,1957888,507.41,186,0.04047523811459541,0.2,-1.0033313311636447,0.40762007236480713,1.5573052038671449,0.038136363,0.257177734375,0.0003,-0.04434399396122899,9550,,
957,26.5779,10509,1959936,527.29,186,0.16366000473499298,0.2,-1.0350500166416168,0.43983155488967896,1.711368183977902,0.03455408,0.225634765625,0.0003,-0.03907945046667009,9560,,
,,,1960000,,,0.059095144271850586,0.2,-0.9647957526147366,0.1841021180152893,2.69607615089044,0.026128583,0.194189453125,0.0003,-0.03679072429949883,9570,578.0,32.278000000000006
958,27.5092,10530,1961984,534.26,186,,,,,,,,,,,,
959,26.964599999999997,10539,1964032,528.64,186,0.09707243740558624,0.2,-1.0132515639066697,0.5086538791656494,2.045381391979754,0.032594856,0.214111328125,0.0003,-0.03439313021081034,9580,,
960,28.257400000000004,10549,1966080,539.5,186,0.014076121151447296,0.2,-1.0582583343610168,0.18685150146484375,2.245977782830596,0.035141055,0.209326171875,0.0003,-0.037442995843593965,9590,,
961,29.188200000000002,10560,1968128,546.52,186,0.07771539688110352,0.2,-1.009555439837277,0.30143898725509644,1.9742448216304183,0.033053927,0.239697265625,0.0003,-0.043324267712887374,9600,,
,,,1970000,,,0.09414025396108627,0.2,-0.9578374994918704,0.27318108081817627,2.5497401083819566,0.02815298,0.200341796875,0.0003,-0.0356666398467496,9610,535.2,24.698
962,26.1508,10582,1970176,519.95,186,,,,,,,,,,,,
963,27.1408,10593,1972224,531.06,186,1.1986268758773804,0.2,-0.959358193166554,0.4954778552055359,3.2512277096044273,0.023697168,0.203515625,0.0003,-0.03353048213466536,9620,,
964,27.066,10603,1974272,528.53,186,0.11262799799442291,0.2,-0.9790040204301477,0.42572444677352905,1.8104249337222427,0.03890455,0.231982421875,0.0003,-0.03948179438884836,9630,,
965,26.5081,10615,1976320,524.28,186,0.38285812735557556,0.2,-1.0093680605292321,0.39706718921661377,2.7404099059756843,0.031340897,0.231396484375,0.0003,-0.04315167173626833,9640,,
966,27.3492,10624,1978368,530.24,186,0.08720293641090393,0.2,-1.0138783354312182,0.28699761629104614,1.4665614111116156,0.045514088,0.28486328125,0.0003,-0.04776781295367982,9650,,
,,,1980000,,,0.08388638496398926,0.2,-1.0268309783190488,0.1642189621925354,3.6898576964158565,0.028204223,0.21435546875,0.0003,-0.040810297746793366,9660,417.2,21.869999999999997
967,26.324599999999997,10643,1980416,522.59,186,,,,,,,,,,,,
968,25.635,10654,1982464,511.45,186,0.12194489687681198,0.2,-1.0499263560399412,0.257551908493042,2.325563185941428,0.03391142,0.2318359375,0.0003,-0.03868225809710566,9670,,
969,27.2523,10665,1984512,519.89,186,0.005746498703956604,0.2,-0.9423822971060872,0.2903980016708374,1.9711288925260306,0.034684625,0.231787109375,0.0003,-0.037712853198172525,9680,,
970,28.554700000000008,10676,1986560,529.79,186,0.08117857575416565,0.2,-0.9821049176156521,0.5171357989311218,1.268423016509041,0.038341336,0.2626953125,0.0003,-0.03748924813116901,9690,,
971,27.365699999999997,10685,1988608,518.54,186,0.11323030292987823,0.2,-0.9734473908320069,0.39994436502456665,2.33944074138999,0.030829815,0.22607421875,0.0003,-0.03795034513168503,9700,,
,,,1990000,,,0.8625853061676025,0.2,-0.973146086372435,0.3457472324371338,1.9411185659468173,0.03491278,0.221435546875,0.0003,-0.034955755321425384,9710,699.2,57.088
972,26.879100000000005,10709,1990656,517.15,185,,,,,,,,,,,,
973,28.214899999999997,10719,1992704,523.69,185,0.04754970967769623,0.2,-1.0082723096013069,0.48751580715179443,1.356947496603243,0.03716694,0.265380859375,0.0003,-0.03824500336922938,9720,,
974,28.6727,10729,1994752,527.96,185,0.09497550129890442,0.2,-1.0515445394441485,0.3593101501464844,1.885818366962485,0.03428537,0.2591796875,0.0003,-0.04318630851630587,9730,,
975,29.7627,10738,1996800,539.08,185,-0.0031322091817855835,0.2,-0.9547496728599072,0.3767033815383911,1.6341687286505475,0.039007895,0.239697265625,0.0003,-0.04021884824323933,9740,,
976,28.667799999999996,10747,1998848,528.47,185,0.06651255488395691,0.2,-0.9632439287379384,0.34694576263427734,2.6684750394430012,0.026232967,0.195166015625,0.0003,-0.04157493708189577,9750,,
,,,2000000,,,0.16454151272773743,0.2,-1.0598898857831955,0.04966080188751221,3.022227367665619,0.031532038,0.21435546875,0.0003,-0.039107205424807036,9760,594.2,38.122
977,28.680699999999998,10769,2000896,527.18,185,,,,,,,,,,,,
