rollout/ep_len_mean,time/total_timesteps,rollout/ep_rew_mean,time/fps,time/time_elapsed,time/iterations,train/approx_kl,train/entropy_loss,train/policy_gradient_loss,train/value_loss,train/n_updates,train/clip_range,train/loss,train/learning_rate,train/explained_variance,train/clip_fraction,eval/mean_reward,eval/mean_ep_length
323.3333333333333,2048,8.208333333333334,326,6,1,,,,,,,,,,,,
272.35714285714283,4096,2.7035714285714287,291,14,2,0.0140727945,-2.1891344740986822,-0.017211205695639366,5.1853031415492294,10,0.2,2.400400400161743,0.0003,-0.0010318756103515625,0.11455078125,,
283.45,6144,3.8135,286,21,3,0.015873201,-2.1731507375836374,-0.019356238396721893,3.4446418955922127,20,0.2,2.556678533554077,0.0003,0.011724352836608887,0.15517578125,,
291.07142857142856,8192,5.031428571428572,277,29,4,0.012621281,-2.1525813043117523,-0.014568983417120762,5.393776523321867,30,0.2,2.532457113265991,0.0003,0.025136113166809082,0.13369140625,,
,10000,,,,,0.011974258,-2.1315545313060285,-0.0161772508174181,6.039639842882752,40,0.2,2.2576820850372314,0.0003,-0.03229367733001709,0.13359375,0.7559999999999999,277.4
304.1515151515151,10240,6.049393939393939,254,40,5,,,,,,,,,,,,
301.15,12288,5.73925,255,48,6,0.023264464,-2.1074454098939897,-0.023648375808261336,3.4075077027082443,50,0.2,2.129251003265381,0.0003,0.013083279132843018,0.230224609375,,
305.7391304347826,14336,6.078260869565218,255,56,7,0.017051503,-2.0597547449171545,-0.01397553060669452,5.086262257024646,60,0.2,2.495530128479004,0.0003,-0.08720743656158447,0.171044921875,,
301.85185185185185,16384,5.588888888888888,253,64,8,0.016840111,-2.0402956366539002,-0.017455935160978698,3.7234782494604586,70,0.2,1.3597605228424072,0.0003,0.03240245580673218,0.18466796875,,
296.33870967741933,18432,5.038387096774193,252,73,9,0.01971269,-2.0220287173986433,-0.019542575199739076,3.7341858534142376,80,0.2,1.7637348175048828,0.0003,0.21475303173065186,0.202587890625,,
,20000,,,,,0.016605688,-2.0253701683133842,-0.021001758080092258,3.802780416049063,90,0.2,1.9572324752807617,0.0003,0.2959750294685364,0.180517578125,-8.084,192.6
299.2835820895522,20480,5.209701492537315,243,84,10,,,,,,,,,,,,
311.69444444444446,22528,6.704722222222222,243,92,11,0.013585128,-1.973443954065442,-0.015010488824918867,4.917097674682736,100,0.2,3.079549551010132,0.0003,0.20542287826538086,0.13935546875,,
317.987012987013,24576,7.441558441558442,243,100,12,0.017730828,-1.960237167030573,-0.01796730353671592,5.118833785504103,110,0.2,0.9832765460014343,0.0003,-0.051400184631347656,0.2046875,,
319.3975903614458,26624,7.386867469879518,245,108,13,0.019512936,-1.96254115216434,-0.018872449061018415,4.315031045675278,120,0.2,0.9466586709022522,0.0003,0.05253034830093384,0.222509765625,,
325.57954545454544,28672,8.231022727272727,241,118,14,0.014380084,-1.9218076832592488,-0.014432826153642964,4.576667541824281,130,0.2,2.1616597175598145,0.0003,0.12523609399795532,0.196044921875,,
,30000,,,,,0.018497754,-1.8573060672730208,-0.025075175137317274,4.77235893458128,140,0.2,1.1235283613204956,0.0003,0.024016261100769043,0.2115234375,9.564,359.0
326.3085106382979,30720,8.344574468085106,229,133,15,,,,,,,,,,,,
321.23,32768,7.887799999999999,230,141,16,0.01635968,-1.9044732172042131,-0.02038478918839246,4.849929894506931,150,0.2,1.1089987754821777,0.0003,-0.07352995872497559,0.18359375,,
333.01,34816,9.4042,230,150,17,0.02115812,-1.8587783332914114,-0.020701624307548627,3.7466453585773705,160,0.2,1.1607457399368286,0.0003,0.1805340051651001,0.21806640625,,
334.85,36864,9.5225,231,159,18,0.01693416,-1.8554988075047731,-0.018873907104716637,5.420438855141401,170,0.2,1.3607521057128906,0.0003,0.19577676057815552,0.17666015625,,
348.75,38912,10.760399999999999,230,168,19,0.016229346,-1.898054327443242,-0.01392065618711058,4.249546576291323,180,0.2,0.6092324256896973,0.0003,-0.16005468368530273,0.164794921875,,
,40000,,,,,0.019950802,-1.8541528169065713,-0.018225600267760454,3.002182070724666,190,0.2,0.7863842248916626,0.0003,0.16220974922180176,0.202197265625,0.8020000000000003,282.0
353.03,40960,11.402600000000001,224,182,20,,,,,,,,,,,,
354.57,43008,11.018400000000002,224,191,21,0.016555704,-1.9074983149766922,-0.015879773008055053,4.96098972260952,200,0.2,2.08733868598938,0.0003,0.0009843707084655762,0.178369140625,,
355.72,45056,11.529399999999995,225,200,22,0.020803869,-1.8985504020005464,-0.017909549266914838,3.3644903276115654,210,0.2,0.4661257266998291,0.0003,-0.27056896686553955,0.184765625,,
350.03,47104,10.972799999999998,226,208,23,0.023899045,-1.8578254263848066,-0.022284120993572288,3.190136320143938,220,0.2,0.6187589168548584,0.0003,0.04515916109085083,0.22216796875,,
350.56,49152,11.477600000000002,225,217,24,0.020527236,-1.8706944461911916,-0.023594356016837993,2.4713286553509533,230,0.2,0.964537501335144,0.0003,0.31305915117263794,0.211181640625,,
,50000,,,,,0.019453753,-1.8536253225058317,-0.02055956617987249,3.470383496209979,240,0.2,0.9636225700378418,0.0003,0.14293724298477173,0.186083984375,41.898,595.0
348.36,51200,11.455599999999999,216,236,25,,,,,,,,,,,,
352.71,53248,11.799,217,245,26,0.020170517,-1.8417342592030763,-0.019554574132780545,3.743855611793697,250,0.2,1.212114691734314,0.0003,0.23774027824401855,0.20390625,,
352.76,55296,11.999299999999996,218,253,27,0.018490763,-1.8095953591167926,-0.019773756558424792,3.2943435612134637,260,0.2,0.5998072028160095,0.0003,-0.04629671573638916,0.205810546875,,
351.49,57344,11.4871,219,261,28,0.019589642,-1.8551073838025331,-0.017349846397701187,2.4422111939638853,270,0.2,1.0413224697113037,0.0003,0.23096340894699097,0.20166015625,,
355.99,59392,12.031600000000001,220,269,29,0.016578713,-1.7901383455842734,-0.01497014084015973,2.753916230984032,280,0.2,0.8549744486808777,0.0003,0.1871291995048523,0.1935546875,,
,60000,,,,,0.019300496,-1.7478028789162636,-0.016378453241486568,2.9384452058002353,290,0.2,0.42370444536209106,0.0003,0.06432545185089111,0.20751953125,4.933999999999999,295.6
348.5,61440,11.2574,217,281,30,,,,,,,,,,,,
343.11,63488,10.604100000000003,218,290,31,0.017669538,-1.7774113968014718,-0.016281562246149406,3.159118044935167,300,0.2,0.8194836378097534,0.0003,0.1943550705909729,0.1748046875,,
341.43,65536,10.587500000000002,219,299,32,0.020547785,-1.7325782146304847,-0.02044397708668839,2.6371660703793167,310,0.2,0.43854936957359314,0.0003,0.023243069648742676,0.1994140625,,
346.91,67584,11.0419,219,308,33,0.023237772,-1.744435689598322,-0.02000679244811181,2.6602719705551863,320,0.2,0.3872389793395996,0.0003,-0.13591241836547852,0.25439453125,,
336.13,69632,9.7353,220,316,34,0.023177238,-1.6935782000422477,-0.018826559104491027,2.504988892283291,330,0.2,0.23557569086551666,0.0003,0.03521108627319336,0.202978515625,,
,70000,,,,,0.01981,-1.5412303123623132,-0.021796588963479736,2.6728440549224617,340,0.2,0.4167839288711548,0.0003,0.282146692276001,0.185009765625,-1.6319999999999997,238.4
328.85,71680,8.963200000000002,216,330,35,,,,,,,,,,,,
335.07,73728,9.7247,216,340,36,0.021545215,-1.6882785759866237,-0.015741298072680366,2.838817621115595,350,0.2,0.917587399482727,0.0003,-0.3150501251220703,0.18369140625,,
332.49,75776,10.298499999999999,217,348,37,0.01777187,-1.6896931864321232,-0.017998750030528754,2.36753446534276,360,0.2,0.46714431047439575,0.0003,0.12275683879852295,0.19755859375,,
336.93,77824,11.142100000000003,217,357,38,0.023727447,-1.6901553314179183,-0.022813055635197088,2.924207057245076,370,0.2,0.7186160087585449,0.0003,0.08312034606933594,0.196435546875,,
345.46,79872,11.9269,218,366,39,0.016240012,-1.5934662982821464,-0.017018867036676967,3.3310822883620856,380,0.2,0.5736054182052612,0.0003,0.30822843313217163,0.169287109375,,
,80000,,,,,0.021601561,-1.561389858648181,-0.01976870322978357,2.610821798723191,390,0.2,0.2178027629852295,0.0003,0.3052195906639099,0.174365234375,5.066,308.4
355.3,81920,12.8245,214,381,40,,,,,,,,,,,,
354.25,83968,12.614399999999998,215,389,41,0.01857199,-1.6578180756419898,-0.022424748225603253,1.976221934799105,400,0.2,0.15764538943767548,0.0003,0.3387379050254822,0.20947265625,,
351.6,86016,12.088400000000002,215,399,42,0.017733492,-1.521660128608346,-0.019098858049255797,3.7291697557084262,410,0.2,0.5697968006134033,0.0003,0.036308884620666504,0.208056640625,,
357.71,88064,12.249199999999998,215,408,43,0.021880385,-1.5544778048992156,-0.019898551184451208,2.758825330948457,420,0.2,0.3547529876232147,0.0003,0.021580636501312256,0.206005859375,,
,90000,,,,,0.026209554,-1.581773891672492,-0.022728084199479782,2.357576621323824,430,0.2,0.5614866614341736,0.0003,0.35333818197250366,0.21259765625,2.698,271.8
360.04,90112,12.8719,212,423,44,,,,,,,,,,,,
365.34,92160,13.5243,213,432,45,0.02238673,-1.5322985772043467,-0.0182094938470982,2.9475469519384205,440,0.2,0.19391395151615143,0.0003,0.1557050347328186,0.205126953125,,
360.72,94208,13.3782,213,442,46,0.02346812,-1.587357795238495,-0.01818180380796548,1.7457980722654611,450,0.2,0.23154029250144958,0.0003,0.32701385021209717,0.217724609375,,
364.58,96256,13.616600000000004,213,451,47,0.019393316,-1.5453518379479647,-0.02085748077952303,2.6055615679360926,460,0.2,0.19961516559123993,0.0003,0.2119739055633545,0.169482421875,,
366.97,98304,14.140000000000002,213,460,48,0.016238369,-1.539960090816021,-0.018789715587627143,2.3643505850806834,470,0.2,0.396465539932251,0.0003,0.26521921157836914,0.182666015625,,
,100000,,,,,0.021048807,-1.5175499107688666,-0.0183986706455471,3.1183950604870914,480,0.2,0.45514965057373047,0.0003,-0.08883607387542725,0.186328125,7.216000000000001,324.0
366.76,100352,13.638399999999999,211,475,49,,,,,,,,,,,,
368.76,102400,14.058200000000005,211,484,50,0.02149498,-1.4865613143891097,-0.02231049731053645,2.899970082566142,490,0.2,0.23483328521251678,0.0003,-0.24337315559387207,0.201806640625,,
372.82,104448,14.6982,211,492,51,0.022561267,-1.4286545801907777,-0.021919176293886268,1.6716190700419247,500,0.2,0.2659226953983307,0.0003,0.2816392183303833,0.200390625,,
370.68,106496,14.477,212,502,52,0.018430237,-1.4904350645840168,-0.021102647947554943,2.5565920205786825,510,0.2,0.3855934143066406,0.0003,0.08774983882904053,0.186669921875,,
386.14,108544,16.429800000000004,212,510,53,0.017732395,-1.4836762372404337,-0.021731688315048812,3.0889237081632017,520,0.2,0.5429359078407288,0.0003,-0.10418808460235596,0.195703125,,
,110000,,,,,0.014241819,-1.5062413636595011,-0.013906286514247768,4.285775346495211,530,0.2,0.5964065790176392,0.0003,0.06283891201019287,0.126025390625,33.946000000000005,599.0
379.9,110592,16.067700000000006,208,530,54,,,,,,,,,,,,
376.03,112640,14.9299,208,540,55,0.020554038,-1.4440876457840204,-0.024080626456998287,2.7563329002819956,540,0.2,0.2668716609477997,0.0003,0.1574794054031372,0.196630859375,,
377.52,114688,14.145600000000002,208,550,56,0.017661866,-1.5263202186673879,-0.019275261915754526,2.8266796367242932,550,0.2,0.3330395221710205,0.0003,0.30992376804351807,0.205029296875,,
383.6,116736,14.805800000000001,208,561,57,0.0193015,-1.5528172977268695,-0.017636090572341345,2.1024575585499408,560,0.2,0.23485323786735535,0.0003,0.2901439070701599,0.193896484375,,
388.11,118784,15.250499999999997,208,570,58,0.023187779,-1.5054022643715144,-0.022113568952772767,2.2086333625018595,570,0.2,0.11511620134115219,0.0003,0.0724097490310669,0.21005859375,,
,120000,,,,,0.020357084,-1.4527125891298056,-0.019312106049619616,1.7340384661220014,580,0.2,0.12614452838897705,0.0003,0.3088544011116028,0.203125,24.374,441.4
384.51,120832,15.0145,205,587,59,,,,,,,,,,,,
399.88,122880,16.267099999999996,205,598,60,0.017281234,-1.486882897093892,-0.019720960629638285,2.715524237323552,590,0.2,0.23652057349681854,0.0003,-0.0800560712814331,0.1607421875,,
401.96,124928,16.2879,205,607,61,0.01907437,-1.5123604517430067,-0.01320136126887519,1.485179504333064,600,0.2,0.39673319458961487,0.0003,0.3687058687210083,0.212646484375,,
412.34,126976,17.4906,206,615,62,0.0170879,-1.5128616217523814,-0.01671938849030994,2.8346532710827885,610,0.2,0.5488462448120117,0.0003,-0.007880806922912598,0.17099609375,,
415.18,129024,17.918599999999998,206,624,63,0.018810324,-1.5465578086674214,-0.017884562475956045,2.2792179227806626,620,0.2,0.1357581913471222,0.0003,0.13510233163833618,0.1859375,,
,130000,,,,,0.01872829,-1.4879946425557136,-0.01566975018649828,2.524775452259928,630,0.2,0.36321592330932617,0.0003,0.13732099533081055,0.18125,-1.72,229.6
412.93,131072,17.7964,205,636,64,,,,,,,,,,,,
414.44,133120,17.711599999999997,205,646,65,0.017200893,-1.5006777737289667,-0.018607398080348503,2.576402879413217,640,0.2,0.3244345784187317,0.0003,0.21844452619552612,0.164013671875,,
422.93,135168,18.395900000000005,206,655,66,0.022025011,-1.4583929799497128,-0.01764844165300019,2.43167484998703,650,0.2,0.32420697808265686,0.0003,0.21518748998641968,0.18701171875,,
438.43,137216,19.849800000000002,206,664,67,0.025599722,-1.4426266971975565,-0.017227538402948994,1.8211125052999706,660,0.2,0.14972373843193054,0.0003,0.24734610319137573,0.20439453125,,
439.36,139264,19.8591,206,674,68,0.017406894,-1.3989109523594379,-0.01656971383781638,1.8993661182932555,670,0.2,0.4883232116699219,0.0003,0.38667696714401245,0.192578125,,
,140000,,,,,0.02141301,-1.4671842377632855,-0.018346319072588813,1.5830793319270016,680,0.2,0.13907790184020996,0.0003,0.3295742869377136,0.205029296875,7.416000000000001,344.0
451.15,141312,20.976,204,691,69,,,,,,,,,,,,
457.0,143360,21.434099999999997,204,702,70,0.018758418,-1.4858922369778156,-0.022940918479434913,2.370595666207373,690,0.2,0.3864881694316864,0.0003,0.19960719347000122,0.203857421875,,
457.81,145408,21.442400000000003,204,711,71,0.020697992,-1.3474531508982182,-0.015430865265079774,1.5226458891760557,700,0.2,0.2079707831144333,0.0003,0.3857393264770508,0.192529296875,,
458.03,147456,20.9447,204,720,72,0.021276737,-1.391211098432541,-0.02040153164853109,2.476555831125006,710,0.2,0.25852030515670776,0.0003,0.29325050115585327,0.210400390625,,
464.32,149504,22.006800000000002,204,730,73,0.021055263,-1.2770333673804999,-0.018817646356183104,1.8299844746012242,720,0.2,0.08302316069602966,0.0003,0.29330092668533325,0.192578125,,
,150000,,,,,0.017333575,-1.3622443076223134,-0.016425275258370675,1.8781874623149633,730,0.2,0.7359399795532227,0.0003,0.19091540575027466,0.190869140625,20.038,407.4
468.38,151552,22.047600000000003,202,748,74,,,,,,,,,,,,
454.73,153600,20.4126,202,758,75,0.02105023,-1.2739822972565888,-0.013308923851582222,1.4835178603883832,740,0.2,0.06676249206066132,0.0003,0.3753262758255005,0.181201171875,,
456.49,155648,20.3303,202,767,76,0.019766126,-1.3222865842282772,-0.017885624861810355,2.9175680854357777,750,0.2,0.15166206657886505,0.0003,0.1864522099494934,0.17041015625,,
467.93,157696,21.743399999999998,202,777,77,0.020391881,-1.2888250190764665,-0.020042225738870913,2.98404534207657,760,0.2,0.7566380500793457,0.0003,-0.04636383056640625,0.173681640625,,
476.93,159744,22.832400000000007,202,787,78,0.020935109,-1.3456796310842036,-0.02163015516998712,1.533171377889812,770,0.2,0.14925134181976318,0.0003,0.33188825845718384,0.219970703125,,
,160000,,,,,0.022843871,-1.270372810214758,-0.01785243355552666,1.5478560905903578,780,0.2,0.16180507838726044,0.0003,0.5110462307929993,0.19365234375,20.124,416.0
472.2,161792,22.884999999999994,200,805,79,,,,,,,,,,,,
458.79,163840,21.1523,201,813,80,0.018806983,-1.2741934914141892,-0.01624546218663454,2.898407233413309,790,0.2,0.49304065108299255,0.0003,0.13786548376083374,0.17294921875,,
462.47,165888,20.9893,201,823,81,0.021285959,-1.2962371688336134,-0.01783055062260246,2.9195642985403536,800,0.2,0.30823150277137756,0.0003,-0.32923245429992676,0.1619140625,,
467.51,167936,21.4393,201,833,82,0.017004246,-1.236265167593956,-0.015485213784268126,2.5705982794053854,810,0.2,0.45826151967048645,0.0003,0.08747762441635132,0.163720703125,,
457.43,169984,20.838999999999995,201,842,83,0.018132055,-1.221465702727437,-0.015383458664291538,3.0019231110811235,820,0.2,0.4144981801509857,0.0003,-0.22353553771972656,0.178515625,,
,170000,,,,,0.025219742,-1.1913169126957655,-0.016121924365870656,2.5464568549767135,830,0.2,0.18193161487579346,0.0003,0.0806702971458435,0.178564453125,17.845999999999997,388.0
452.27,172032,20.188000000000002,200,858,84,,,,,,,,,,,,
461.77,174080,21.281999999999996,200,868,85,0.021613156,-1.2351311139762402,-0.015031182701932266,2.3749617781490087,840,0.2,0.31712064146995544,0.0003,-0.12505316734313965,0.16796875,,
450.39,176128,20.368799999999997,200,877,86,0.022704752,-1.160285092703998,-0.016198142629582434,2.4256413120776417,850,0.2,1.4712401628494263,0.0003,0.2866610884666443,0.18212890625,,
443.71,178176,19.303,200,887,87,0.02228906,-1.1715090464800597,-0.014612865120579955,3.6453503316268323,860,0.2,0.39199918508529663,0.0003,0.006744444370269775,0.149951171875,,
,180000,,,,,0.020462986,-1.2001694232225417,-0.008107356636901385,2.0790096398442985,870,0.2,0.41427329182624817,0.0003,-0.1050107479095459,0.16943359375,16.07,410.2
423.6,180224,17.8032,199,904,88,,,,,,,,,,,,
422.98,182272,17.5972,199,913,89,0.022573877,-1.1329947356134653,-0.016574764423421585,1.8638935095630587,880,0.2,0.27473878860473633,0.0003,0.4451279640197754,0.18603515625,,
406.52,184320,15.8342,199,923,90,0.019915622,-1.1898745033890008,-0.016649045792291872,1.5576367071829735,890,0.2,0.06503798812627792,0.0003,0.2323894500732422,0.1837890625,,
414.16,186368,17.1094,199,934,91,0.023536682,-1.271242817863822,-0.018144501335336828,1.2463282280601562,900,0.2,0.13200101256370544,0.0003,0.2535232901573181,0.218017578125,,
431.17,188416,18.8779,199,944,92,0.021035828,-1.1865047704428435,-0.018366069279727525,2.1782419845461845,910,0.2,0.5890483856201172,0.0003,0.36918193101882935,0.190771484375,,
,190000,,,,,0.021816105,-1.209239599853754,-0.015814308961853384,1.549612254463136,920,0.2,0.1588631570339203,0.0003,0.41114139556884766,0.1958984375,27.514,355.4
436.64,190464,20.031699999999997,197,962,93,,,,,,,,,,,,
442.87,192512,19.993900000000004,198,972,94,0.016395183,-1.128358993306756,-0.013740894282818772,2.1190750500652937,930,0.2,0.34086114168167114,0.0003,0.2810189127922058,0.16044921875,,
442.22,194560,19.8875,198,982,95,0.022888359,-1.1552647344768048,-0.011880456050857902,1.5588925887830556,940,0.2,0.09438003599643707,0.0003,-0.004768252372741699,0.187548828125,,
446.76,196608,19.7329,198,992,96,0.01752363,-1.2165670197457075,-0.01691842225845903,1.8864933801814914,950,0.2,1.0787782669067383,0.0003,-0.05504047870635986,0.181201171875,,
443.31,198656,19.099000000000004,198,1001,97,0.019467486,-1.1195687409490347,-0.017627513589104638,1.5588636573869734,960,0.2,0.11126646399497986,0.0003,0.2821654677391052,0.18798828125,,
,200000,,,,,0.016717466,-1.1515215158462524,-0.01590113841521088,2.6967698876746,970,0.2,0.6935467720031738,0.0003,-0.12272369861602783,0.178466796875,42.040000000000006,609.2
448.43,200704,19.349999999999998,196,1023,98,,,,,,,,,,,,
447.08,202752,20.035999999999998,196,1033,99,0.019855725,-1.0886313108727337,-0.017790274578146636,1.9841021314729006,980,0.2,0.23208856582641602,0.0003,0.19278734922409058,0.197998046875,,
444.82,204800,20.1133,196,1042,100,0.017165821,-1.1007060607895256,-0.013157052660244518,1.7406450666952877,990,0.2,0.1666870266199112,0.0003,0.5604078769683838,0.164013671875,,
446.52,206848,20.130300000000002,196,1051,101,0.018916473,-1.0641458205878735,-0.01564750913530588,2.5949848264455797,1000,0.2,0.4390106499195099,0.0003,0.10058426856994629,0.157568359375,,
432.28,208896,19.5885,196,1061,102,0.019688148,-1.078196184337139,-0.020516111090546473,2.5379634733777494,1010,0.2,0.19292201101779938,0.0003,0.009391069412231445,0.17548828125,,
,210000,,,,,0.020281134,-1.2047400932759047,-0.012772819882957264,3.275299076922238,1020,0.2,0.5941928029060364,0.0003,0.017032265663146973,0.1724609375,40.188,624.2
431.89,210944,19.5846,194,1083,103,,,,,,,,,,,,
445.31,212992,20.8177,194,1093,104,0.022210212,-1.1964355867356062,-0.01677659182314528,2.1063041673507543,1030,0.2,0.2716382145881653,0.0003,0.12808597087860107,0.201025390625,,
450.88,215040,20.8734,194,1103,105,0.020892302,-1.130260576121509,-0.016095273998507763,2.1444711892399937,1040,0.2,0.15530267357826233,0.0003,0.0591091513633728,0.19140625,,
446.5,217088,21.029399999999995,195,1112,106,0.018624753,-1.069428662955761,-0.018030938450829127,2.4916189923882484,1050,0.2,0.2052127718925476,0.0003,0.018116772174835205,0.15458984375,,
444.06,219136,20.6054,195,1121,107,0.015727626,-1.1347124066203833,-0.015400579050765372,3.009147269371897,1060,0.2,0.32809334993362427,0.0003,0.1451461911201477,0.151611328125,,
,220000,,,,,0.019298758,-1.1878132931888103,-0.017063823743956163,2.2491654467303306,1070,0.2,0.6112716794013977,0.0003,0.268842875957489,0.20107421875,26.390000000000004,443.2
452.11,221184,21.1854,194,1139,108,,,,,,,,,,,,
464.26,223232,22.1061,194,1149,109,0.023121964,-1.1615974504500628,-0.014708016173972282,1.5757608384359627,1080,0.2,0.11372748762369156,0.0003,0.5239143371582031,0.203466796875,,
479.83,225280,23.9601,194,1160,110,0.019876245,-1.123499459028244,-0.015122701044310816,1.9814832726493479,1090,0.2,0.14172378182411194,0.0003,0.24282318353652954,0.181494140625,,
481.52,227328,24.676299999999998,194,1169,111,0.022337468,-1.1054207431152463,-0.014266259581199847,1.0963764161337166,1100,0.2,0.07385767996311188,0.0003,0.5845266580581665,0.196240234375,,
481.72,229376,24.478500000000004,194,1178,112,0.019187443,-1.1180171241983772,-0.019677878126094582,2.390556399244815,1110,0.2,0.1843411773443222,0.0003,0.1461835503578186,0.18125,,
,230000,,,,,0.025133964,-1.0452869517728687,-0.020967102372378577,1.6106765632517637,1120,0.2,0.07829011231660843,0.0003,0.3744868040084839,0.19326171875,7.272,329.6
483.23,231424,24.8932,193,1194,113,,,,,,,,,,,,
488.59,233472,25.746199999999995,193,1203,114,0.020399917,-1.1229021677747368,-0.019551971065811812,1.8052975712809711,1130,0.2,0.6639871001243591,0.0003,0.3845323920249939,0.190869140625,,
468.92,235520,23.7513,194,1212,115,0.018606495,-1.141742473654449,-0.019408078689593822,2.66871066596359,1140,0.2,0.18712855875492096,0.0003,0.11387598514556885,0.160302734375,,
469.68,237568,23.758700000000005,194,1221,116,0.017062504,-1.1549296092242003,-0.014925049561134074,2.6669162418693304,1150,0.2,0.3093758821487427,0.0003,0.11437678337097168,0.169677734375,,
470.18,239616,24.3631,194,1230,117,0.01856022,-1.1624483466148376,-0.023556005937280133,2.0970384487416593,1160,0.2,0.20224502682685852,0.0003,0.4203376770019531,0.182373046875,,
,240000,,,,,0.019314712,-1.1190573673695325,-0.01498304822598584,1.9434761362150312,1170,0.2,0.12090639024972916,0.0003,0.3182007074356079,0.174951171875,25.073999999999998,511.4
439.99,241664,21.963299999999993,193,1248,118,,,,,,,,,,,,
435.82,243712,21.921599999999998,193,1257,119,0.02192023,-1.2042309705168008,-0.020476055511971937,2.1423673775047063,1180,0.2,0.3076332211494446,0.0003,0.2430211305618286,0.2060546875,,
426.49,245760,20.229699999999998,193,1268,120,0.02230005,-1.1157013092190027,-0.020432044938206672,2.284009274840355,1190,0.2,0.22394812107086182,0.0003,0.30253368616104126,0.174658203125,,
431.3,247808,20.5775,193,1279,121,0.021084,-1.1016542304307222,-0.01909096750896424,1.4425470732152461,1200,0.2,0.12443014979362488,0.0003,0.37356996536254883,0.187548828125,,
434.43,249856,21.3083,193,1289,122,0.0243824,-1.2385734133422375,-0.020780847448622807,1.982800259720534,1210,0.2,0.14167769253253937,0.0003,0.2867394685745239,0.207421875,,
,250000,,,,,0.026530387,-1.1706496676430107,-0.02133073700388195,1.7085257564671337,1220,0.2,0.1897353082895279,0.0003,0.43802887201309204,0.211376953125,15.366,339.8
439.21,251904,21.4558,193,1304,123,,,,,,,,,,,,
435.74,253952,21.321199999999994,193,1313,124,0.019144963,-1.111879146285355,-0.018500802424387074,1.7136780098546296,1230,0.2,0.16316336393356323,0.0003,0.44118744134902954,0.18466796875,,
431.85,256000,20.9826,193,1324,125,0.017570043,-1.1775476045906543,-0.015461449732538313,2.85103012053296,1240,0.2,0.1905728280544281,0.0003,-0.03876054286956787,0.14501953125,,
426.63,258048,21.030500000000004,193,1334,126,0.020584166,-1.1628160391002893,-0.016287405919865706,1.777310841716826,1250,0.2,0.1138368546962738,0.0003,-0.1937851905822754,0.177392578125,,
,260000,,,,,0.020407189,-1.2052640236914158,-0.02391738306323532,1.576195591269061,1260,0.2,0.14642536640167236,0.0003,0.4645407199859619,0.196826171875,33.42,546.8
426.95,260096,20.733999999999995,192,1354,127,,,,,,,,,,,,
432.3,262144,21.1871,191,1365,128,0.01670589,-1.1589054806157946,-0.012442522039054892,1.6658745354507118,1270,0.2,0.07398494333028793,0.0003,0.38218164443969727,0.15927734375,,
428.73,264192,20.552000000000003,191,1376,129,0.02254445,-1.1263037761673331,-0.019837592827389016,1.285243841027841,1280,0.2,0.08676791936159134,0.0003,0.34194880723953247,0.190576171875,,
422.41,266240,19.6896,192,1386,130,0.022237511,-1.111877166479826,-0.023810376165783964,1.3311539839021862,1290,0.2,0.11100323498249054,0.0003,0.4151325225830078,0.206884765625,,
417.66,268288,18.9428,192,1395,131,0.02963069,-1.138320880010724,-0.019360594914178363,1.55007821819745,1300,0.2,0.26320815086364746,0.0003,0.11803287267684937,0.22568359375,,
,270000,,,,,0.023437072,-1.166868196427822,-0.020004750048974528,1.5003062053117902,1310,0.2,0.10764828324317932,0.0003,0.46729177236557007,0.20244140625,18.106,414.0
404.73,270336,17.6147,191,1411,132,,,,,,,,,,,,
391.89,272384,16.587,191,1421,133,0.022406386,-1.1269986091181636,-0.022066627658205107,2.0720052392687647,1320,0.2,0.15494495630264282,0.0003,0.1482488512992859,0.196533203125,,
388.37,274432,15.7524,191,1430,134,0.018394701,-1.039933887310326,-0.020151305320905522,1.8259799753781407,1330,0.2,0.2032536417245865,0.0003,0.2891342043876648,0.171875,,
380.66,276480,14.6763,191,1440,135,0.018490635,-1.0601047629490494,-0.013404831310617737,1.6991844337899238,1340,0.2,0.14360615611076355,0.0003,0.348899781703949,0.15869140625,,
386.67,278528,15.2359,192,1449,136,0.01944958,-1.1185509897768497,-0.019958829644019717,1.711325141042471,1350,0.2,0.26173996925354004,0.0003,0.3046354651451111,0.204248046875,,
,280000,,,,,0.016984597,-1.0636035850271583,-0.018646878522122278,1.450534205371514,1360,0.2,0.22554540634155273,0.0003,0.5329249501228333,0.173876953125,40.141999999999996,619.6
399.45,280576,16.6626,190,1470,137,,,,,,,,,,,,
397.94,282624,16.6475,190,1479,138,0.02346702,-0.9889636661857366,-0.018993795954156668,1.5716466583311557,1370,0.2,0.0507795587182045,0.0003,0.4816683530807495,0.1783203125,,
400.13,284672,16.9693,191,1488,139,0.015256811,-0.9646506166085601,-0.014214634723612108,2.715478586126119,1380,0.2,0.5052175521850586,0.0003,-0.41321754455566406,0.128955078125,,
399.19,286720,17.4594,191,1498,140,0.02538057,-1.0125808330252766,-0.0227151137922192,1.3456455578096211,1390,0.2,0.04321699216961861,0.0003,0.2067199945449829,0.187255859375,,
404.26,288768,17.810000000000002,191,1508,141,0.034394868,-0.9566761616617441,-0.01925616447406355,1.659274034993723,1400,0.2,0.17318685352802277,0.0003,0.3575704097747803,0.18134765625,,
,290000,,,,,0.020021433,-1.127017045021057,-0.01962298360886052,1.3167902736924588,1410,0.2,0.135691836476326,0.0003,0.03174370527267456,0.189697265625,4.748,277.0
387.62,290816,15.845199999999998,191,1521,142,,,,,,,,,,,,
393.43,292864,16.0032,191,1530,143,0.017109714,-0.9821739384904504,-0.019952048533014022,2.2737469230312852,1420,0.2,0.22583098709583282,0.0003,0.1080636978149414,0.165869140625,,
387.59,294912,15.645099999999998,191,1539,144,0.024940422,-1.1227867115288972,-0.022750326848472467,1.437431462109089,1430,0.2,0.09838366508483887,0.0003,0.046858012676239014,0.17880859375,,
390.08,296960,15.47,191,1548,145,0.01796737,-0.9915963739156723,-0.019202764943474903,2.0115326788276433,1440,0.2,0.46451446413993835,0.0003,0.45042043924331665,0.1369140625,,
398.71,299008,16.255599999999998,191,1558,146,0.021977786,-0.9688814284279943,-0.022286907173111103,1.3836664892733097,1450,0.2,0.14026233553886414,0.0003,0.35010212659835815,0.179833984375,,
,300000,,,,,0.02113197,-1.0854532413184643,-0.01597723599697929,1.5033982491120697,1460,0.2,0.10262168943881989,0.0003,-0.16410624980926514,0.168212890625,5.1,312.2
401.75,301056,16.485799999999998,191,1571,147,,,,,,,,,,,,
403.21,303104,16.8003,191,1581,148,0.0171379,-0.9791233068332076,-0.018422480233130045,1.7955359832849354,1470,0.2,0.385081946849823,0.0003,0.06117767095565796,0.153515625,,
401.55,305152,17.2834,191,1590,149,0.023318637,-1.026441241800785,-0.022770535669405945,1.2285206146538257,1480,0.2,0.12103751301765442,0.0003,0.27427732944488525,0.202685546875,,
386.97,307200,15.8387,192,1599,150,0.020287123,-1.028531071729958,-0.017849376134108752,1.715085830539465,1490,0.2,0.08941705524921417,0.0003,0.3464434742927551,0.1744140625,,
388.79,309248,16.2565,192,1607,151,0.02050839,-1.1268244951963424,-0.020315209843101912,2.195723654376343,1500,0.2,0.15108315646648407,0.0003,0.03465968370437622,0.189599609375,,
,310000,,,,,0.019611664,-1.093258549273014,-0.017536607723741326,1.6433303732890636,1510,0.2,0.065445676445961,0.0003,0.1675383448600769,0.151953125,9.45,347.6
395.34,311296,16.9214,191,1623,152,,,,,,,,,,,,
404.32,313344,17.6106,191,1633,153,0.021625053,-1.0961869418621064,-0.02003956477274187,0.9941438497276976,1520,0.2,0.08254820108413696,0.0003,0.46162182092666626,0.212841796875,,
407.7,315392,18.4438,192,1642,154,0.027500471,-1.077472990192473,-0.02378734613303095,1.241100656054914,1530,0.2,0.09781136363744736,0.0003,0.3360336422920227,0.232470703125,,
416.65,317440,20.131700000000002,192,1652,155,0.017625328,-0.9586674403399229,-0.01841191421553958,2.023555585788563,1540,0.2,0.20863661170005798,0.0003,0.2527070641517639,0.158740234375,,
419.28,319488,20.657499999999995,192,1661,156,0.018753422,-0.9800982104614377,-0.01801657514006365,2.5981233662925662,1550,0.2,0.20318393409252167,0.0003,0.19096606969833374,0.142333984375,,
,320000,,,,,0.020364206,-0.9392829226329923,-0.01340417043538764,1.7206826143432408,1560,0.2,0.17093825340270996,0.0003,0.36593741178512573,0.175,-1.5100000000000002,250.6
412.27,321536,19.788199999999996,191,1674,157,,,,,,,,,,,,
414.0,323584,19.7056,192,1684,158,0.025326328,-0.9311940614134073,-0.01799263300781604,0.987263037241064,1570,0.2,0.08387713134288788,0.0003,0.5933301448822021,0.1763671875,,
423.24,325632,20.997,192,1692,159,0.019354727,-1.0331022027879952,-0.021451034839265047,1.6011900002835318,1580,0.2,0.12003947794437408,0.0003,0.2883705496788025,0.168310546875,,
433.61,327680,21.9996,192,1702,160,0.023352437,-1.147713997401297,-0.020673227051156574,2.113276718184352,1590,0.2,0.17742812633514404,0.0003,0.10565704107284546,0.1896484375,,
432.41,329728,21.088500000000003,192,1711,161,0.021986475,-1.1015896808356047,-0.02641146752575878,1.5428933273535221,1600,0.2,0.008803509175777435,0.0003,0.4645674228668213,0.19365234375,,
,330000,,,,,0.02457846,-1.043092973344028,-0.022668489800707903,1.476497719110921,1610,0.2,0.09272612631320953,0.0003,0.47334808111190796,0.184912109375,-4.196000000000001,181.4
421.93,331776,20.484199999999998,192,1723,162,,,,,,,,,,,,
429.17,333824,21.3558,192,1732,163,0.02343438,-1.1063522553071379,-0.021292102654115297,1.4109892297536135,1620,0.2,0.07834440469741821,0.0003,0.47312241792678833,0.186572265625,,
439.31,335872,22.9557,192,1742,164,0.020312108,-1.0091682858765125,-0.024483333571697585,2.203812567843124,1630,0.2,0.17668595910072327,0.0003,0.4711853861808777,0.159375,,
445.88,337920,23.8206,192,1753,165,0.019390952,-0.9498661926016212,-0.022683159718872047,2.0413103558123114,1640,0.2,0.1895647644996643,0.0003,0.37689781188964844,0.174462890625,,
444.5,339968,23.407200000000003,192,1762,166,0.018914903,-1.0685439208522438,-0.021498874720418826,1.5677278668619692,1650,0.2,0.07033345103263855,0.0003,0.48710983991622925,0.1578125,,
,340000,,,,,0.01867137,-1.11031901743263,-0.017620401363819836,1.8854086580686271,1660,0.2,0.13231050968170166,0.0003,0.005709588527679443,0.16259765625,33.116,516.4
449.23,342016,24.2537,192,1780,167,,,,,,,,,,,,
442.62,344064,24.187599999999996,192,1789,168,0.019094102,-1.0361202662810682,-0.02161483788804617,2.561567752994597,1670,0.2,0.20145787298679352,0.0003,0.2531207203865051,0.174853515625,,
432.79,346112,22.890299999999996,192,1799,169,0.024371337,-1.0453342098742724,-0.02097810679115355,1.88347471349407,1680,0.2,0.05310617387294769,0.0003,0.3034151792526245,0.191650390625,,
424.03,348160,22.003300000000003,192,1808,170,0.022367802,-1.133992556668818,-0.018730843281082342,2.034467824082822,1690,0.2,0.13500934839248657,0.0003,0.33553433418273926,0.18466796875,,
,350000,,,,,0.023833022,-0.9897830061614513,-0.025983774733322206,1.9365197914419696,1700,0.2,0.14343520998954773,0.0003,0.0900641679763794,0.18828125,26.756,479.8
424.44,350208,22.1073,191,1825,171,,,,,,,,,,,,
433.23,352256,22.894500000000004,191,1835,172,0.02187561,-1.0127191593870521,-0.020150079592713154,1.953467573551461,1710,0.2,0.2406892478466034,0.0003,0.2760670781135559,0.18759765625,,
440.62,354304,24.0673,192,1844,173,0.021076338,-0.9989044927060604,-0.02141222392965574,1.4368385465815663,1720,0.2,0.06076300889253616,0.0003,0.5479385256767273,0.18466796875,,
430.68,356352,22.868999999999996,192,1853,174,0.021237914,-1.0194256585091352,-0.02251331578445388,2.0900788960047065,1730,0.2,0.16132967174053192,0.0003,0.20444726943969727,0.185009765625,,
415.58,358400,21.019500000000004,192,1862,175,0.020891141,-1.0178599908947945,-0.012913733496679925,2.203111235750839,1740,0.2,0.5042876601219177,0.0003,0.012935280799865723,0.171435546875,,
,360000,,,,,0.017752757,-0.9837835989892483,-0.020969958533532916,1.5734255912480877,1750,0.2,0.06977517902851105,0.0003,0.15649622678756714,0.16552734375,4.651999999999999,267.4
411.22,360448,20.0768,192,1877,176,,,,,,,,,,,,
405.54,362496,19.3205,192,1885,177,0.019282244,-1.0681764394044877,-0.01737443404708756,2.141889554169029,1760,0.2,0.39341920614242554,0.0003,0.13787126541137695,0.164892578125,,
410.5,364544,19.769699999999997,192,1894,178,0.022184933,-1.0359100840985775,-0.016373075677256564,2.3926488258410243,1770,0.2,0.2665238380432129,0.0003,0.1479373574256897,0.166552734375,,
410.86,366592,20.072799999999994,192,1904,179,0.020146113,-1.008550382964313,-0.013730783280334436,1.9280480366200208,1780,0.2,0.1277211457490921,0.0003,0.3206140398979187,0.17373046875,,
411.76,368640,19.881999999999998,192,1913,180,0.018714193,-1.0048585841432214,-0.017413852529716677,2.316799502586946,1790,0.2,0.12320701777935028,0.0003,0.37818390130996704,0.16162109375,,
,370000,,,,,0.019284084,-0.9752971203997731,-0.023950825346400962,2.083099700696766,1800,0.2,0.10807094722986221,0.0003,0.36772942543029785,0.173828125,29.782000000000004,582.6
406.16,370688,19.5261,191,1933,181,,,,,,,,,,,,
412.3,372736,20.6864,191,1941,182,0.01965821,-0.9875996496528388,-0.021988204997614957,2.716953660454601,1810,0.2,0.32215556502342224,0.0003,0.20734572410583496,0.164697265625,,
405.61,374784,19.8205,192,1951,183,0.02023112,-0.972105928324163,-0.024034954895614646,1.9787632668856532,1820,0.2,0.13289916515350342,0.0003,0.37860947847366333,0.169921875,,
420.51,376832,21.8678,192,1961,184,0.02301265,-0.9278231797739863,-0.019843298476189375,2.0301910909824072,1830,0.2,0.47692641615867615,0.0003,0.2735147476196289,0.171435546875,,
421.54,378880,22.1778,192,1971,185,0.021758601,-0.9446891812607646,-0.019925350640551186,2.0036638495512307,1840,0.2,0.17738601565361023,0.0003,0.108478844165802,0.158935546875,,
,380000,,,,,0.02345586,-0.9642918953672052,-0.023306621587835252,2.3428782293573023,1850,0.2,1.3012479543685913,0.0003,0.1469024419784546,0.194482421875,45.083999999999996,714.2
422.11,380928,22.2834,190,1995,186,,,,,,,,,,,,
415.37,382976,21.7167,191,2004,187,0.017505832,-0.9880985394120216,-0.015334204561077059,2.958743897685781,1860,0.2,0.1911560297012329,0.0003,-0.1928194761276245,0.1259765625,,
411.92,385024,21.182700000000004,191,2013,188,0.019701853,-1.035875077545643,-0.017635200041695498,2.4616737893782554,1870,0.2,0.3237842619419098,0.0003,0.3234783411026001,0.160302734375,,
410.27,387072,21.4659,191,2023,189,0.02546341,-0.9962122641503811,-0.020171066364855505,2.052667095605284,1880,0.2,0.17480069398880005,0.0003,0.03624182939529419,0.189013671875,,
410.8,389120,21.571300000000004,191,2031,190,0.026076265,-1.0388728501275182,-0.02328245858370792,2.7944168862886727,1890,0.2,0.2664709985256195,0.0003,-0.13524150848388672,0.208935546875,,
,390000,,,,,0.023555357,-1.0820396101102232,-0.018738075741566718,2.0049007415771483,1900,0.2,0.09421584010124207,0.0003,-0.051642537117004395,0.1814453125,31.336000000000002,538.2
421.2,391168,22.774200000000004,190,2050,191,,,,,,,,,,,,
417.73,393216,22.8396,190,2058,192,0.01923082,-1.0332781193777918,-0.02110361442901194,1.981346100848168,1910,0.2,0.12223519384860992,0.0003,0.02066218852996826,0.16904296875,,
425.52,395264,23.5169,191,2068,193,0.02028796,-1.0578332347795367,-0.0171973545657238,2.661071112751961,1920,0.2,0.8333662152290344,0.0003,-0.059447646141052246,0.170947265625,,
435.22,397312,24.213300000000004,191,2078,194,0.034147665,-0.9741378089413046,-0.01829463285394013,1.4391139138955622,1930,0.2,0.17057614028453827,0.0003,0.5729271173477173,0.212841796875,,
437.73,399360,25.1375,191,2088,195,0.02189915,-0.9398786624893546,-0.019490505804424175,1.8627296569291503,1940,0.2,0.16455677151679993,0.0003,0.27568966150283813,0.18935546875,,
,400000,,,,,0.017748915,-0.9008074650540948,-0.012592368252808229,1.9463365205563605,1950,0.2,0.20527124404907227,0.0003,0.37744128704071045,0.144140625,22.412,445.0
432.51,401408,25.085299999999997,190,2106,196,,,,,,,,,,,,
437.25,403456,25.033,190,2117,197,0.01936681,-1.0058127153664826,-0.02007944631332066,1.576399419736117,1960,0.2,0.07918381690979004,0.0003,0.1317429542541504,0.191259765625,,
432.94,405504,25.08979999999999,190,2126,198,0.023267586,-0.9343753358349204,-0.018317791126901285,1.188457632320933,1970,0.2,0.11970244348049164,0.0003,0.4733913540840149,0.191650390625,,
423.94,407552,24.100700000000003,190,2136,199,0.01957589,-1.0789285307750105,-0.021864234755048527,2.3316075644921512,1980,0.2,0.9565597772598267,0.0003,0.3499490022659302,0.17734375,,
416.09,409600,23.6226,190,2145,200,0.02004734,-0.8979672215878963,-0.016549563320586456,1.9320435858331622,1990,0.2,0.1359991580247879,0.0003,0.11462825536727905,0.151416015625,,
,410000,,,,,0.020078856,-1.000525357760489,-0.02198880851501599,2.4547677541151645,2000,0.2,0.21268369257450104,0.0003,0.18399250507354736,0.1857421875,29.252000000000002,529.2
411.67,411648,23.2789,189,2166,201,,,,,,,,,,,,
407.22,413696,22.4352,190,2175,202,0.017938185,-1.0501798916608096,-0.018314684365759604,2.172689328249544,2010,0.2,0.1464109718799591,0.0003,0.032371342182159424,0.16171875,,
383.42,415744,19.1998,190,2184,203,0.018103216,-0.8705699214711785,-0.019305709991022012,2.3905229966621846,2020,0.2,0.16009218990802765,0.0003,0.28781431913375854,0.1583984375,,
371.28,417792,17.380100000000002,190,2193,204,0.02268051,-0.9949731089174747,-0.02403485759277828,1.6090753150172532,2030,0.2,0.11781331151723862,0.0003,0.3331310749053955,0.195361328125,,
380.53,419840,18.771300000000004,190,2203,205,0.021625137,-0.8842821836471557,-0.020436761071323417,1.4841286028735339,2040,0.2,0.11340402811765671,0.0003,-0.06550407409667969,0.172802734375,,
,420000,,,,,0.025900131,-0.8920911706984043,-0.024820705546881074,1.733933850750327,2050,0.2,0.10764763504266739,0.0003,-0.03463900089263916,0.180078125,18.694,472.8
381.16,421888,18.777400000000004,189,2221,206,,,,,,,,,,,,
383.84,423936,19.103900000000003,189,2231,207,0.022100762,-0.9552022941410542,-0.022343552781967445,1.9544371450785547,2060,0.2,0.16399498283863068,0.0003,0.17093110084533691,0.16826171875,,
385.74,425984,19.822400000000002,190,2240,208,0.021346498,-0.8423937750980258,-0.02372989355644677,1.7791277649113908,2070,0.2,0.18334127962589264,0.0003,0.3135262131690979,0.1716796875,,
384.66,428032,19.3119,190,2249,209,0.0128470445,-0.9707027617841959,-0.014075544875231572,3.532805096544325,2080,0.2,0.18105709552764893,0.0003,0.31978440284729004,0.122412109375,,
,430000,,,,,0.0230277,-0.9527180390432477,-0.018845750381296968,1.5499638223089278,2090,0.2,0.14516066014766693,0.0003,0.35916846990585327,0.173779296875,19.756,379.2
366.31,430080,17.0303,189,2265,210,,,,,,,,,,,,
350.65,432128,15.2753,189,2275,211,0.02180792,-0.8359315289184451,-0.02096944589866325,1.6180624265223742,2100,0.2,0.32068637013435364,0.0003,0.4047519564628601,0.1751953125,,
353.2,434176,15.6005,190,2284,212,0.023863258,-0.9266392102465033,-0.024698440660722555,2.2044161706697194,2110,0.2,0.2141820788383484,0.0003,0.3055265545845032,0.173291015625,,
362.95,436224,16.697400000000002,190,2294,213,0.018738374,-1.010203555971384,-0.024271138245239854,1.3849748382577673,2120,0.2,0.09881668537855148,0.0003,0.3784497380256653,0.191748046875,,
359.89,438272,16.267,190,2304,214,0.019453967,-0.8637703964486718,-0.02185089513368439,1.1870232707820834,2130,0.2,0.03009577840566635,0.0003,0.48254460096359253,0.172998046875,,
,440000,,,,,0.020548284,-0.9915982050821185,-0.022299541294341908,1.7689807877643033,2140,0.2,0.11123086512088776,0.0003,0.26174604892730713,0.17265625,15.907999999999998,394.0
363.8,440320,16.805600000000005,189,2321,215,,,,,,,,,,,,
369.29,442368,16.760600000000004,189,2330,216,0.020471465,-0.9667174702510237,-0.021349740700679833,1.8104211255675182,2150,0.2,0.07937423139810562,0.0003,0.344532310962677,0.171826171875,,
363.84,444416,16.706100000000003,189,2339,217,0.019369967,-1.0188613340258599,-0.021660590026294814,1.9214764323085547,2160,0.2,0.2515057325363159,0.0003,-0.021856307983398438,0.1759765625,,
368.58,446464,16.553700000000003,189,2349,218,0.01988687,-1.0043150324374437,-0.025119490997167305,1.4295471397228539,2170,0.2,0.04255465790629387,0.0003,0.1782342791557312,0.19658203125,,
371.37,448512,16.781399999999998,190,2358,219,0.019683963,-1.0049294872209429,-0.018072071656933985,1.9149117978289723,2180,0.2,0.1541721075773239,0.0003,0.24932849407196045,0.171435546875,,
,450000,,,,,0.026906885,-0.9405883153900504,-0.02174677346192766,1.5377243764232844,2190,0.2,0.07383129745721817,0.0003,0.04006052017211914,0.1990234375,15.752,378.4
373.39,450560,17.1013,189,2375,220,,,,,,,,,,,,
387.91,452608,18.945,189,2385,221,0.019678842,-0.9874831661581993,-0.023174343118444084,2.1821357756853104,2200,0.2,0.12699931859970093,0.0003,0.09200942516326904,0.169189453125,,
395.51,454656,20.319900000000004,189,2394,222,0.021122172,-0.940702805109322,-0.028212253050878645,1.7773089203052224,2210,0.2,0.10179682821035385,0.0003,0.2181110382080078,0.217626953125,,
404.06,456704,21.604199999999995,189,2403,223,0.018768096,-0.9247915968298912,-0.02130900249176193,2.520399432303384,2220,0.2,0.13513866066932678,0.0003,-0.1670459508895874,0.1466796875,,
399.56,458752,20.9598,190,2413,224,0.020387907,-1.0412585627287627,-0.02249893343396252,2.177184865018353,2230,0.2,0.36113065481185913,0.0003,0.22768878936767578,0.180712890625,,
,460000,,,,,0.02246285,-0.9842560483142734,-0.023403029300970955,2.00476068649441,2240,0.2,0.29706382751464844,0.0003,0.15091472864151,0.185205078125,-2.008,200.8
403.82,460800,21.701700000000002,189,2426,225,,,,,,,,,,,,
401.64,462848,21.0807,190,2435,226,0.022224277,-1.0229918725788594,-0.023624529884546063,1.7535813591908664,2250,0.2,0.10313403606414795,0.0003,0.3494417071342468,0.1990234375,,
397.79,464896,20.4428,190,2444,227,0.024923308,-0.9916942531242967,-0.021138096720096654,1.5296873305458576,2260,0.2,0.07161583751440048,0.0003,0.011727511882781982,0.19326171875,,
392.93,466944,19.9944,190,2452,228,0.020119231,-1.028729696944356,-0.02036337192694191,2.413727496098727,2270,0.2,0.21727049350738525,0.0003,0.028645634651184082,0.147119140625,,
404.56,468992,21.109700000000004,190,2462,229,0.027376836,-1.0436832869425416,-0.025125214768922887,1.8142037020763382,2280,0.2,0.06748710572719574,0.0003,0.2359514832496643,0.1990234375,,
,470000,,,,,0.023274215,-0.9509028127416969,-0.02271972124290187,1.8257039308547973,2290,0.2,0.0761437639594078,0.0003,0.203260600566864,0.17900390625,35.434000000000005,548.4
411.21,471040,21.575799999999994,189,2481,230,,,,,,,,,,,,
403.47,473088,20.699199999999998,189,2490,231,0.02099152,-1.0374820921570063,-0.022459393844474106,1.5978021486196667,2300,0.2,0.16182860732078552,0.0003,0.23958617448806763,0.205712890625,,
407.05,475136,20.934599999999996,190,2498,232,0.025737062,-1.0210393603891135,-0.022062552903662436,2.359375335322693,2310,0.2,0.2545447051525116,0.0003,0.0054138898849487305,0.18720703125,,
395.31,477184,19.818199999999997,190,2507,233,0.021270394,-1.0422022562474011,-0.023735538465552965,1.334817907307297,2320,0.2,0.07908003032207489,0.0003,0.5038876533508301,0.181396484375,,
396.7,479232,20.032100000000003,190,2517,234,0.020356549,-1.1132724341005087,-0.020730859047034755,1.7680678515695036,2330,0.2,0.226815328001976,0.0003,0.44625765085220337,0.200390625,,
,480000,,,,,0.020787468,-0.952959181368351,-0.02213284337485675,2.3323369092773647,2340,0.2,0.2733687162399292,0.0003,-0.012909412384033203,0.171728515625,11.21,323.8
405.13,481280,20.815700000000003,189,2533,235,,,,,,,,,,,,
406.65,483328,21.330400000000004,190,2542,236,0.022864781,-1.1765249606221915,-0.019202031698659992,1.0392138240393252,2350,0.2,0.05551973357796669,0.0003,0.4281834363937378,0.21953125,,
406.73,485376,21.331200000000003,190,2552,237,0.020131696,-1.0833644105121494,-0.02507404722418869,1.895348228700459,2360,0.2,0.1108829528093338,0.0003,0.19017833471298218,0.187109375,,
401.38,487424,20.8781,190,2561,238,0.02157163,-1.0186504947021604,-0.027229506001458504,1.7571504585444928,2370,0.2,0.11898592114448547,0.0003,0.3900449872016907,0.184423828125,,
404.71,489472,21.011100000000006,190,2571,239,0.024003409,-1.0087703878059984,-0.02757023049343843,1.5937045688973739,2380,0.2,0.11936026066541672,0.0003,0.46158117055892944,0.19892578125,,
,490000,,,,,0.019779287,-1.061838092468679,-0.02314106527774129,1.5806111438199877,2390,0.2,0.1240399032831192,0.0003,0.5213603973388672,0.17919921875,26.248,429.0
400.0,491520,20.064700000000002,189,2588,240,,,,,,,,,,,,
406.38,493568,21.227400000000003,189,2598,241,0.02200715,-1.1566136930137874,-0.02413051430194173,2.41104327570647,2400,0.2,0.10256292670965195,0.0003,0.47090691328048706,0.19091796875,,
425.47,495616,22.6169,189,2609,242,0.022712786,-1.038456678390503,-0.023795090489147696,1.4349801470525563,2410,0.2,0.12131747603416443,0.0003,0.5120630264282227,0.20146484375,,
418.41,497664,21.4474,190,2619,243,0.021333847,-1.09652614351362,-0.02317279183771461,2.0553582699038087,2420,0.2,0.1751977950334549,0.0003,0.23044252395629883,0.183056640625,,
418.98,499712,21.553,190,2627,244,0.026301637,-1.1943316210061312,-0.019766351344878787,1.6447922293096782,2430,0.2,0.13571451604366302,0.0003,0.3382999300956726,0.200927734375,,
,500000,,,,,0.020912502,-1.143006694316864,-0.023939923304715192,1.5779646150534972,2440,0.2,0.05880388617515564,0.0003,0.49852997064590454,0.176025390625,19.596,363.2
409.58,501760,20.8598,189,2644,245,,,,,,,,,,,,
418.23,503808,21.5455,189,2653,246,0.01713258,-1.0579849036410451,-0.026797098631504923,1.8780594304669649,2450,0.2,0.06388475000858307,0.0003,0.424598753452301,0.184375,,
424.83,505856,22.710600000000003,189,2662,247,0.019841809,-1.09748047683388,-0.029203138602315448,2.04834007024765,2460,0.2,0.27660810947418213,0.0003,0.30195218324661255,0.20126953125,,
424.9,507904,22.5115,190,2671,248,0.02522345,-1.1051121765747667,-0.02392437682574382,1.3382315727416425,2470,0.2,0.20933187007904053,0.0003,0.5869526267051697,0.197216796875,,
432.46,509952,23.486199999999993,190,2681,249,0.016449802,-1.1044478591531515,-0.017008180113043635,1.9297011827118695,2480,0.2,0.08774912357330322,0.0003,0.2691715359687805,0.1583984375,,
,510000,,,,,0.021179173,-1.0998680014163256,-0.023166320237214676,2.536951734824106,2490,0.2,0.07462803274393082,0.0003,0.1983216404914856,0.170947265625,37.222,527.4
417.33,512000,22.63579999999999,189,2701,250,,,,,,,,,,,,
422.33,514048,23.485199999999995,189,2710,251,0.018224638,-1.0903049558401108,-0.023889872460858896,2.6493891765829174,2500,0.2,0.14340437948703766,0.0003,0.19166624546051025,0.161669921875,,
430.3,516096,24.563900000000004,189,2720,252,0.020373736,-1.1868897452950478,-0.02293703637551516,1.965550812613219,2510,0.2,0.07544116675853729,0.0003,0.20841914415359497,0.192041015625,,
434.21,518144,24.902700000000003,189,2731,253,0.018802356,-1.0275326296687126,-0.02105026934441412,1.9832349521573633,2520,0.2,0.04876859486103058,0.0003,0.06842070817947388,0.168017578125,,
,520000,,,,,0.028141381,-1.0071402296423912,-0.026316865952685474,1.508747745398432,2530,0.2,0.09751691669225693,0.0003,0.07456642389297485,0.1955078125,26.203999999999997,424.6
440.59,520192,24.8664,189,2750,254,,,,,,,,,,,,
430.34,522240,23.5649,189,2760,255,0.022196215,-1.0930647097527981,-0.02072391233523376,1.8150317928520963,2540,0.2,0.05233406648039818,0.0003,-0.00206148624420166,0.1908203125,,
441.37,524288,24.873999999999995,189,2771,256,0.023275975,-1.1055938549339772,-0.02591398280055728,1.6118411940056832,2550,0.2,0.0621681809425354,0.0003,0.26044708490371704,0.23486328125,,
445.88,526336,25.518499999999996,189,2782,257,0.022792835,-1.0279588049277664,-0.017208464490249754,1.6865817849524318,2560,0.2,0.18056032061576843,0.0003,0.03638547658920288,0.15947265625,,
439.5,528384,24.855299999999996,189,2792,258,0.020601675,-0.9996883891522884,-0.024640951878973284,2.346305991942063,2570,0.2,0.251430869102478,0.0003,0.294425904750824,0.183837890625,,
,530000,,,,,0.019689813,-1.0493919592350722,-0.02523853579477873,1.6795309480745346,2580,0.2,0.057891421020030975,0.0003,0.2848149538040161,0.175732421875,11.303999999999998,333.2
450.35,530432,26.062899999999996,188,2807,259,,,,,,,,,,,,
432.15,532480,24.282899999999998,188,2818,260,0.02385916,-1.0498766520991922,-0.03540131845511496,1.4456274965312332,2590,0.2,0.04715074598789215,0.0003,0.3179139494895935,0.20458984375,,
439.67,534528,24.857599999999998,188,2828,261,0.021084221,-1.0493465231731534,-0.019959261934855022,1.4579373805201612,2600,0.2,0.12051704525947571,0.0003,0.417377769947052,0.17275390625,,
447.48,536576,25.6352,188,2840,262,0.026380878,-1.0775026539340615,-0.02849633262376301,1.1156532099703327,2610,0.2,-0.009088154882192612,0.0003,0.3851485848426819,0.212255859375,,
455.43,538624,26.1143,188,2850,263,0.024155477,-0.9157749736681581,-0.01918135075538885,0.9112949198810384,2620,0.2,0.15070363879203796,0.0003,0.5828806757926941,0.1775390625,,
,540000,,,,,0.022400998,-0.9671074334532023,-0.02334268249978777,1.2264573423657565,2630,0.2,0.211062490940094,0.0003,0.34219592809677124,0.171923828125,31.99,603.6
429.49,540672,24.256500000000006,188,2871,264,,,,,,,,,,,,
433.97,542720,24.501099999999997,188,2880,265,0.01826968,-1.1030241122469306,-0.022305792232509704,3.4862134609371425,2640,0.2,0.20061993598937988,0.0003,-0.09644341468811035,0.150244140625,,
448.83,544768,26.348000000000003,188,2891,266,0.020007141,-1.0991123862564565,-0.02310514413693454,1.8223025432322175,2650,0.2,0.0853554904460907,0.0003,0.045915424823760986,0.1740234375,,
449.22,546816,25.9521,188,2901,267,0.021721931,-0.9941369043663144,-0.021844415929808746,1.261726276949048,2660,0.2,0.05973909795284271,0.0003,0.4950900077819824,0.194140625,,
439.71,548864,24.857999999999997,188,2910,268,0.020826094,-1.0652348462492227,-0.02627462272066623,1.8970748773543165,2670,0.2,0.23782570660114288,0.0003,0.06217092275619507,0.181298828125,,
,550000,,,,,0.021443788,-0.9954829353839159,-0.024329184112139045,1.4773283876711503,2680,0.2,0.05777892470359802,0.0003,0.2160733938217163,0.17216796875,37.5,555.2
434.16,550912,24.3028,188,2929,269,,,,,,,,,,,,
428.68,552960,23.8484,188,2938,270,0.021670524,-1.1644404880702495,-0.028331956081092357,2.359304872946814,2690,0.2,0.13501760363578796,0.0003,0.046816110610961914,0.1853515625,,
444.9,555008,24.909900000000004,188,2948,271,0.019927144,-1.1154181899502873,-0.019084459450095893,2.0262651005759835,2700,0.2,0.09427665919065475,0.0003,-0.01921522617340088,0.178564453125,,
449.45,557056,25.055099999999996,188,2959,272,0.026375063,-1.0172542734071612,-0.030410702078370377,0.8970210357801989,2710,0.2,0.03524555265903473,0.0003,0.44612032175064087,0.22265625,,
441.42,559104,23.975600000000004,188,2968,273,0.020884912,-1.0730414517223834,-0.02502823037211783,2.082658301782794,2720,0.2,0.20118650794029236,0.0003,0.352328360080719,0.164892578125,,
,560000,,,,,0.02510041,-1.0782203627750278,-0.027141715332982132,1.5169499388895928,2730,0.2,-0.001825336366891861,0.0003,0.12238210439682007,0.18876953125,20.328,436.4
436.46,561152,23.626299999999997,187,2986,274,,,,,,,,,,,,
440.62,563200,24.0675,187,2996,275,0.022521827,-1.141764786094427,-0.026018383573682514,2.0640282173641027,2740,0.2,0.1123042106628418,0.0003,-0.09666836261749268,0.193798828125,,
441.62,565248,24.4771,188,3006,276,0.021815069,-1.0148386424407363,-0.02458849592076149,1.6311177141498774,2750,0.2,0.02585805207490921,0.0003,0.15728658437728882,0.1732421875,,
432.55,567296,23.787,188,3015,277,0.02309343,-1.0740781128406525,-0.024793723356560805,1.2289838479831814,2760,0.2,0.08159284293651581,0.0003,0.4306120276451111,0.2005859375,,
446.77,569344,25.527599999999996,188,3026,278,0.018145397,-0.9790933072566986,-0.025755806529195978,1.30202967338264,2770,0.2,0.08899644017219543,0.0003,0.2937232255935669,0.179736328125,,
,570000,,,,,0.021799298,-0.9923853665590286,-0.023130169269279577,1.6185076594119892,2780,0.2,0.14403249323368073,0.0003,0.27614229917526245,0.175537109375,22.188,422.6
438.71,571392,25.1475,187,3042,279,,,,,,,,,,,,
440.53,573440,25.4654,187,3051,280,0.023465,-1.184416612610221,-0.028128572314744815,1.9844143222551793,2790,0.2,0.05780512094497681,0.0003,0.12776482105255127,0.2005859375,,
442.11,575488,24.9813,188,3060,281,0.018899556,-1.0629330882802606,-0.026871545790345407,2.517416113009676,2800,0.2,0.1615409404039383,0.0003,0.07323318719863892,0.16376953125,,
448.34,577536,25.443,188,3070,282,0.022369482,-1.1427206594496966,-0.02334763379476499,1.8956206999719143,2810,0.2,0.05353719741106033,0.0003,0.04129374027252197,0.1736328125,,
453.89,579584,25.998000000000005,188,3081,283,0.017691769,-0.9187927804887295,-0.02513927292311564,1.5864007433876395,2820,0.2,0.24193379282951355,0.0003,0.27986961603164673,0.1716796875,,
,580000,,,,,0.021158094,-0.9813153263181448,-0.019127288294839673,1.6742752409307287,2830,0.2,0.5144104361534119,0.0003,0.3227870464324951,0.165380859375,32.506,655.2
437.52,581632,24.235699999999998,187,3105,284,,,,,,,,,,,,
445.94,583680,25.1191,187,3115,285,0.02374984,-0.971259037591517,-0.030952304290258324,1.286586627131328,2840,0.2,0.07499373704195023,0.0003,0.25908833742141724,0.208935546875,,
439.8,585728,24.1588,187,3123,286,0.021394398,-1.039221310056746,-0.02677741561201401,1.487269091187045,2850,0.2,0.07522612810134888,0.0003,0.5133167505264282,0.18671875,,
419.26,587776,22.455100000000005,187,3133,287,0.025480786,-1.10573269482702,-0.028029346890980376,2.119624678674154,2860,0.2,0.08955293893814087,0.0003,0.078774094581604,0.192333984375,,
432.32,589824,23.784499999999998,187,3143,288,0.019407786,-1.018926892057061,-0.028515343432081862,1.6171430805232376,2870,0.2,0.06597036123275757,0.0003,0.2061293125152588,0.176416015625,,
,590000,,,,,0.020218767,-1.0002710169181228,-0.02546160003985278,1.468350659054704,2880,0.2,0.04704736918210983,0.0003,0.2370220422744751,0.186962890625,39.906,595.6
428.75,591872,23.449099999999998,187,3164,289,,,,,,,,,,,,
435.49,593920,24.1159,187,3172,290,0.026994627,-1.024685926362872,-0.030759862359263934,1.3821989668998866,2890,0.2,0.10816692560911179,0.0003,0.4953741431236267,0.20693359375,,
435.04,595968,23.811699999999995,187,3182,291,0.022866338,-1.1000644352287055,-0.028440814383793624,1.8212484396295623,2900,0.2,0.0905022919178009,0.0003,0.1672014594078064,0.198876953125,,
451.96,598016,25.5795,187,3192,292,0.024513308,-1.0685754800215364,-0.0266382142319344,2.0067706842673942,2910,0.2,0.23608212172985077,0.0003,0.10693466663360596,0.192236328125,,
,600000,,,,,0.027245503,-1.1240011390298605,-0.027001685195136814,1.20499497205019,2920,0.2,0.014800436794757843,0.0003,0.31529486179351807,0.216259765625,12.588,261.8
444.34,600064,25.3035,187,3206,293,,,,,,,,,,,,
426.29,602112,23.125000000000004,187,3214,294,0.018902704,-1.1374051921069621,-0.022243073376012036,1.5113979399902746,2930,0.2,0.10275068879127502,0.0003,0.26992160081863403,0.17998046875,,
444.02,604160,24.9007,187,3225,295,0.022838227,-1.1766940623521804,-0.02522737387334928,2.503571141092107,2940,0.2,0.18498525023460388,0.0003,-0.1495264768600464,0.187646484375,,
442.53,606208,24.88600000000001,187,3234,296,0.024195168,-1.085193632170558,-0.032654079754138365,1.1713928019627928,2950,0.2,0.05540002882480621,0.0003,0.4047197103500366,0.200830078125,,
432.73,608256,24.188599999999997,187,3244,297,0.02567638,-1.1386802889406682,-0.0282984232500894,1.121592002431862,2960,0.2,0.016528882086277008,0.0003,0.4235830307006836,0.233935546875,,
,610000,,,,,0.01995795,-1.128588043153286,-0.02255445252667414,1.463666702876799,2970,0.2,0.04260547086596489,0.0003,0.42750614881515503,0.185986328125,6.963999999999999,298.8
432.94,610304,24.290599999999998,187,3258,298,,,,,,,,,,,,
414.36,612352,21.207499999999996,187,3268,299,0.016818713,-1.24391725435853,-0.021916679290006867,2.483319045882672,2980,0.2,0.5328744053840637,0.0003,0.16944944858551025,0.146826171875,,
415.76,614400,21.62109999999999,187,3277,300,0.022504754,-1.0963369773700833,-0.026361121295485644,1.6257866307627409,2990,0.2,0.07260486483573914,0.0003,0.2834359407424927,0.179931640625,,
424.92,616448,22.8116,187,3287,301,0.019335581,-1.1742371935397387,-0.029355088225565852,1.8276447469368577,3000,0.2,0.09373660385608673,0.0003,0.21739691495895386,0.17255859375,,
431.94,618496,23.780900000000003,187,3297,302,0.019512128,-1.1477824665606022,-0.025849138443300036,1.7669388103764505,3010,0.2,0.03365428000688553,0.0003,0.3185861110687256,0.1833984375,,
,620000,,,,,0.024157608,-1.0861956994980573,-0.027126687485724686,1.618524479563348,3020,0.2,0.03212091326713562,0.0003,0.17360776662826538,0.196337890625,14.820000000000002,285.2
436.29,620544,24.1241,187,3312,303,,,,,,,,,,,,
415.15,622592,21.8148,187,3322,304,0.018828742,-1.0545591773465275,-0.02301561504427809,2.421101786242798,3030,0.2,0.09603705257177353,0.0003,0.15192121267318726,0.168896484375,,
414.42,624640,22.007299999999997,187,3332,305,0.022116398,-1.1469857957214118,-0.030313428438967095,1.749315270408988,3040,0.2,0.08893481642007828,0.0003,0.2302277684211731,0.2201171875,,
422.23,626688,22.284999999999997,187,3342,306,0.021399647,-1.0876813741400837,-0.020747112344542983,1.182332134130411,3050,0.2,0.09029413759708405,0.0003,0.35567110776901245,0.19287109375,,
422.41,628736,21.886999999999997,187,3351,307,0.019779295,-1.0473125951364637,-0.022205468273023145,2.1432172450236977,3060,0.2,0.1543048620223999,0.0003,0.04535764455795288,0.152880859375,,
,630000,,,,,0.018092204,-1.124524856545031,-0.026753207069123163,1.6227235628059133,3070,0.2,0.3265364468097687,0.0003,0.18430012464523315,0.179736328125,14.514000000000001,454.4
414.44,630784,21.407899999999998,187,3371,308,,,,,,,,,,,,
418.65,632832,21.949499999999997,187,3381,309,0.019512188,-1.1156079122796654,-0.027026496158214286,2.1656302956398576,3080,0.2,0.12655505537986755,0.0003,-0.2379969358444214,0.184521484375,,
423.36,634880,22.296299999999995,187,3390,310,0.019944414,-1.0771588567644357,-0.02532914849725785,1.811944711068645,3090,0.2,0.0966905802488327,0.0003,-0.0399470329284668,0.1662109375,,
421.23,636928,22.1751,187,3399,311,0.022619212,-1.1007248176261784,-0.03194481370737776,1.248455264698714,3100,0.2,0.02701326459646225,0.0003,0.4020846486091614,0.21923828125,,
410.44,638976,21.068,187,3409,312,0.02310187,-1.122522340156138,-0.03119532782875467,1.9895085853524506,3110,0.2,0.07850439846515656,0.0003,-0.06006944179534912,0.189990234375,,
,640000,,,,,0.022927666,-1.0695054648444056,-0.02400275490654167,1.5133118777535857,3120,0.2,0.2825475335121155,0.0003,0.2779529094696045,0.2005859375,7.436000000000002,346.0
411.12,641024,21.074800000000003,187,3425,313,,,,,,,,,,,,
414.36,643072,21.4067,187,3434,314,0.021128837,-1.1343461077660322,-0.022615838330239058,1.1733975015347824,3130,0.2,0.09684017300605774,0.0003,0.3566763997077942,0.19365234375,,
405.44,645120,20.7183,187,3443,315,0.022950603,-1.1103624494746327,-0.030468471310450697,2.268336356244981,3140,0.2,0.09347113966941833,0.0003,0.2684199810028076,0.191064453125,,
404.96,647168,20.4136,187,3453,316,0.021296075,-1.0338652055710553,-0.02566540419938974,1.9775910057127475,3150,0.2,0.2781721353530884,0.0003,0.011460185050964355,0.159814453125,,
416.41,649216,21.527099999999997,187,3463,317,0.021150768,-1.1784026734530926,-0.022238525954890065,1.5424775350606068,3160,0.2,0.06477683782577515,0.0003,0.182009756565094,0.1798828125,,
,650000,,,,,0.022567887,-1.0928038315847517,-0.02279717238561716,1.7755106086842716,3170,0.2,0.3584977388381958,0.0003,0.1758766770362854,0.196826171875,18.988,302.4
420.86,651264,22.2713,187,3479,318,,,,,,,,,,,,
424.27,653312,22.605299999999996,187,3489,319,0.025676955,-1.0650581028312445,-0.029406704477150925,0.9369441963266582,3180,0.2,0.09445754438638687,0.0003,0.39172542095184326,0.21025390625,,
428.78,655360,23.9491,187,3499,320,0.023522697,-1.0158513953909278,-0.027272737011662683,1.089427859405987,3190,0.2,0.049286067485809326,0.0003,0.44348955154418945,0.1884765625,,
418.93,657408,22.751699999999996,187,3508,321,0.016539678,-1.0195543071255089,-0.022563149725465338,2.220820260141045,3200,0.2,0.1408705711364746,0.0003,0.11333000659942627,0.153125,,
411.91,659456,22.6817,187,3519,322,0.019278076,-1.1038095070049168,-0.022518462772131896,2.450901138992049,3210,0.2,0.07863646745681763,0.0003,0.16429877281188965,0.14814453125,,
,660000,,,,,0.024376102,-0.9929560603573918,-0.0250434134301031,1.7018075555097312,3220,0.2,0.06492622196674347,0.0003,0.4087565541267395,0.1943359375,10.574000000000002,460.0
431.45,661504,24.575599999999998,186,3540,323,,,,,,,,,,,,
437.63,663552,25.236800000000002,186,3551,324,0.022978729,-0.9652095232158899,-0.02699151107808575,0.7671284379204735,3230,0.2,0.0124925896525383,0.0003,0.7127337455749512,0.2080078125,,
444.32,665600,25.803199999999997,186,3561,325,0.02244693,-1.080393298715353,-0.02571187366702361,1.3620164600666613,3240,0.2,0.026802722364664078,0.0003,0.5595604181289673,0.1865234375,,
448.09,667648,26.640100000000004,186,3571,326,0.021503054,-1.0390228463336826,-0.025085432798368855,1.3390548238530755,3250,0.2,0.06951278448104858,0.0003,0.44339245557785034,0.19736328125,,
447.08,669696,26.83,187,3581,327,0.02269534,-1.1195159625262021,-0.02223239271552302,1.1256444473750888,3260,0.2,0.09641794860363007,0.0003,0.5286116003990173,0.186865234375,,
,670000,,,,,0.015593549,-1.1011081155389548,-0.023636578238802032,1.9781586283352226,3270,0.2,0.12591350078582764,0.0003,0.35385000705718994,0.1578125,9.33,335.6
449.51,671744,27.453900000000004,186,3597,328,,,,,,,,,,,,
455.58,673792,28.014100000000003,186,3606,329,0.026175726,-1.0686697149649262,-0.031077900747186506,0.968429410783574,3280,0.2,0.006828464567661285,0.0003,0.641420841217041,0.19365234375,,
463.06,675840,28.788200000000003,186,3616,330,0.02015263,-1.0814377756789326,-0.032012342708185315,1.6321628719568253,3290,0.2,0.045404523611068726,0.0003,0.3181565999984741,0.189990234375,,
463.35,677888,28.691200000000002,186,3626,331,0.020061601,-1.0537980629131198,-0.02502291571290698,2.0839262079447507,3300,0.2,0.1431249976158142,0.0003,0.35198044776916504,0.145751953125,,
466.15,679936,29.218699999999995,186,3636,332,0.025562773,-1.0747576419264078,-0.029631231731036677,1.128700265311636,3310,0.2,0.02931448072195053,0.0003,0.45132285356521606,0.218212890625,,
,680000,,,,,0.018658731,-1.1119721483439207,-0.023006717808311806,2.3094586674124002,3320,0.2,0.09884075820446014,0.0003,0.4446747899055481,0.169384765625,28.99,503.4
462.17,681984,28.879400000000004,186,3656,333,,,,,,,,,,,,
466.99,684032,29.3272,186,3667,334,0.022986025,-1.0913471750915051,-0.03273005013761576,0.8453954827971757,3330,0.2,-0.030535731464624405,0.0003,0.5828769207000732,0.229638671875,,
467.91,686080,29.536199999999997,186,3676,335,0.018947478,-1.0663448676466942,-0.02371674823516514,1.2580285117728636,3340,0.2,0.07354940474033356,0.0003,0.20045387744903564,0.189599609375,,
464.05,688128,29.297800000000002,186,3686,336,0.020844128,-0.9968394730240107,-0.027769584453199058,1.8060632752487435,3350,0.2,0.031845059245824814,0.0003,0.4480557441711426,0.191259765625,,
,690000,,,,,0.01938349,-1.076724766008556,-0.022047630164888688,2.901865386683494,3360,0.2,0.11080373078584671,0.0003,-0.005380749702453613,0.15703125,11.378,340.6
472.64,690176,30.083,186,3702,337,,,,,,,,,,,,
479.63,692224,30.952099999999994,186,3711,338,0.020313544,-1.0814933938905598,-0.026111101084097754,1.3925007085548713,3370,0.2,0.020758308470249176,0.0003,0.13945668935775757,0.18125,,
485.01,694272,30.9058,186,3721,339,0.019851442,-1.0930785033851862,-0.0248780468624318,1.356354240886867,3380,0.2,0.06378728151321411,0.0003,0.5217071771621704,0.182373046875,,
473.25,696320,29.7892,186,3730,340,0.020756243,-1.092330989986658,-0.025321477113175207,2.063109382428229,3390,0.2,0.4793544411659241,0.0003,0.23897719383239746,0.20791015625,,
451.38,698368,27.372299999999996,186,3739,341,0.027970063,-1.1043422881513834,-0.028578312721219846,1.5920974011067301,3400,0.2,0.07174699753522873,0.0003,0.14681404829025269,0.200830078125,,
,700000,,,,,0.02182757,-1.1567596405744554,-0.032296664529712873,2.0060740092769267,3410,0.2,0.02794574946165085,0.0003,0.013843834400177002,0.198876953125,20.43,446.6
440.6,700416,25.0667,186,3757,342,,,,,,,,,,,,
451.54,702464,26.275,186,3767,343,0.026722692,-1.1547773886471986,-0.033150006382493304,1.3079975286964327,3420,0.2,0.06349369138479233,0.0003,0.4022505283355713,0.2306640625,,
450.77,704512,25.368,186,3777,344,0.025151629,-1.0348560450598598,-0.023764476235373876,1.7248464896110818,3430,0.2,0.007748022675514221,0.0003,-0.32146215438842773,0.18720703125,,
404.4,706560,20.308899999999998,186,3786,345,0.02673636,-1.0704763893038034,-0.03005972274841042,1.618427318916656,3440,0.2,0.03847664222121239,0.0003,-0.02850484848022461,0.199169921875,,
404.31,708608,20.307999999999996,186,3796,346,0.022537692,-1.142427620664239,-0.0298820341238752,1.093791047774721,3450,0.2,0.051266200840473175,0.0003,0.19694983959197998,0.20078125,,
,710000,,,,,0.020774977,-1.066547441482544,-0.02870433059288189,1.1933238493511453,3460,0.2,0.001907646656036377,0.0003,0.2933623790740967,0.201708984375,22.35,438.8
399.55,710656,19.960299999999997,186,3814,347,,,,,,,,,,,,
406.13,712704,20.925399999999996,186,3824,348,0.01934075,-1.1517787251621485,-0.029264606104698034,1.8000363351311535,3470,0.2,0.09796585887670517,0.0003,0.09721601009368896,0.19052734375,,
400.19,714752,21.266,186,3833,349,0.023627682,-1.049591096304357,-0.027963972816360184,1.1196884713834152,3480,0.2,0.09458564221858978,0.0003,0.46649545431137085,0.21298828125,,
396.23,716800,20.426999999999992,186,3843,350,0.029134464,-1.1498553283512591,-0.031283298807102254,1.4369953376473859,3490,0.2,0.06835955381393433,0.0003,0.30477970838546753,0.211376953125,,
391.91,718848,19.6847,186,3853,351,0.020648815,-1.0002180229872466,-0.023235886372276582,1.7851443757303058,3500,0.2,0.0341377854347229,0.0003,-0.05558919906616211,0.1759765625,,
,720000,,,,,0.0240745,-1.109100965037942,-0.031443114689318465,0.9809383331332355,3510,0.2,0.06272314488887787,0.0003,0.491176962852478,0.215478515625,11.024,305.2
381.12,720896,18.777399999999997,186,3868,352,,,,,,,,,,,,
364.84,722944,17.016199999999998,186,3877,353,0.025024671,-1.1660153307020664,-0.03019972033216618,1.4189049592474476,3520,0.2,0.09466629475355148,0.0003,0.3984742760658264,0.180859375,,
353.47,724992,16.1035,186,3886,354,0.019187246,-1.190729047730565,-0.033522286007064396,1.97479609712027,3530,0.2,0.021917611360549927,0.0003,0.21290826797485352,0.194677734375,,
370.39,727040,17.6713,186,3896,355,0.02348185,-1.2440170291811228,-0.028537510262685827,1.5172349087893964,3540,0.2,0.05103611201047897,0.0003,0.30353260040283203,0.195556640625,,
365.68,729088,16.825,186,3906,356,0.019708961,-1.0058496236801147,-0.023879833619866987,1.2471436253050343,3550,0.2,0.06921768933534622,0.0003,0.40015965700149536,0.17607421875,,
,730000,,,,,0.025134323,-1.2337971825152636,-0.028833497563027777,2.0020634486339985,3560,0.2,0.14385126531124115,0.0003,0.15148824453353882,0.211865234375,35.026,507.6
364.51,731136,17.4127,186,3924,357,,,,,,,,,,,,
368.68,733184,18.153700000000004,186,3934,358,0.020693036,-1.1008142581209541,-0.029742639849428088,2.3741980962455274,3570,0.2,0.25016674399375916,0.0003,0.4025692939758301,0.16875,,
371.16,735232,17.878600000000002,186,3943,359,0.020465044,-1.177123824879527,-0.030467520220554434,1.570123620564118,3580,0.2,0.23095101118087769,0.0003,0.48550570011138916,0.205517578125,,
383.89,737280,19.604300000000002,186,3952,360,0.021285348,-1.2452124990522861,-0.02369029808032792,1.9331154456362127,3590,0.2,0.07254688441753387,0.0003,0.3122329115867615,0.183642578125,,
398.52,739328,20.8495,186,3962,361,0.024832536,-1.1054407689720391,-0.03148317394661717,1.6679777105106042,3600,0.2,0.06499683856964111,0.0003,0.34764355421066284,0.19990234375,,
,740000,,,,,0.025206521,-1.0178332468494773,-0.026464113939437085,1.3464046078035607,3610,0.2,0.14537502825260162,0.0003,0.307334840297699,0.21826171875,38.046,609.8
390.7,741376,20.171900000000004,186,3983,362,,,,,,,,,,,,
388.84,743424,19.953500000000002,186,3993,363,0.023629736,-1.1298039633780719,-0.03013405691308435,1.8356564068701118,3620,0.2,0.08872991800308228,0.0003,0.2991662621498108,0.185546875,,
405.43,745472,21.8175,186,4002,364,0.020115655,-1.1680305823683739,-0.026943028150708415,2.365641868999228,3630,0.2,0.12128778547048569,0.0003,0.4179748296737671,0.176806640625,,
415.62,747520,22.918400000000002,186,4011,365,0.02084696,-1.1697165213525296,-0.02765741866314784,1.6824888264993205,3640,0.2,0.04830693453550339,0.0003,0.39015233516693115,0.202099609375,,
416.99,749568,23.831200000000003,186,4021,366,0.022195145,-1.1389879692345857,-0.032291567912034226,2.1749743768014014,3650,0.2,0.1870710551738739,0.0003,0.49609988927841187,0.18828125,,
,750000,,,,,0.025989242,-1.203934310004115,-0.03767057026270777,1.9902887272648513,3660,0.2,0.11262103915214539,0.0003,0.35587042570114136,0.209521484375,28.688,473.2
422.34,751616,24.0845,186,4039,367,,,,,,,,,,,,
422.91,753664,23.7905,186,4049,368,0.021293812,-1.1956426158547402,-0.02987805962038692,2.2406759223435073,3670,0.2,0.30620652437210083,0.0003,0.5723665952682495,0.20146484375,,
412.62,755712,21.788899999999998,186,4058,369,0.022802569,-1.0566515050828458,-0.023588246658619028,1.9171030891360714,3680,0.2,0.22309403121471405,0.0003,0.5540677309036255,0.1748046875,,
421.22,757760,23.0737,186,4068,370,0.024659589,-1.2388495624065399,-0.029676555830519646,1.8959272562991827,3690,0.2,0.1257622241973877,0.0003,0.48403894901275635,0.22626953125,,
418.92,759808,22.850899999999996,186,4078,371,0.026949674,-1.105070955865085,-0.03362329752417281,1.969795801350847,3700,0.2,0.051045287400484085,0.0003,0.18883705139160156,0.21650390625,,
,760000,,,,,0.022435095,-1.1241587659344077,-0.029676179931266235,1.4821543742204084,3710,0.2,0.0764455795288086,0.0003,0.6273868083953857,0.2095703125,8.906,293.2
424.18,761856,23.403000000000002,186,4092,372,,,,,,,,,,,,
437.25,763904,24.632600000000004,186,4103,373,0.022859495,-1.182159749045968,-0.03006148357235361,1.7067895625950769,3720,0.2,0.13545626401901245,0.0003,0.22850245237350464,0.19521484375,,
444.52,765952,25.104899999999997,186,4112,374,0.025748383,-0.9609729940071702,-0.027905072146677413,1.0849901406327263,3730,0.2,0.025729969143867493,0.0003,0.5500409603118896,0.189306640625,,
452.22,768000,25.881200000000003,186,4121,375,0.023900267,-1.173441895097494,-0.0306068707810482,1.46951549439691,3740,0.2,0.057478733360767365,0.0003,0.6589445471763611,0.202783203125,,
,770000,,,,,0.01907007,-1.2532569982111454,-0.028497684402100276,2.8332648934330793,3750,0.2,0.3272077143192291,0.0003,0.3211926817893982,0.166796875,9.24,326.6
453.8,770048,25.597099999999998,186,4136,376,,,,,,,,,,,,
458.22,772096,26.140999999999995,186,4146,377,0.023589466,-1.1914468267932534,-0.03259913764049997,1.7824323278153316,3760,0.2,0.10057900100946426,0.0003,0.2599392533302307,0.21162109375,,
448.48,774144,25.5441,186,4155,378,0.02181895,-1.0975741881877183,-0.02759858329372946,2.339876090129837,3770,0.2,0.06507381051778793,0.0003,-0.07257211208343506,0.174658203125,,
457.2,776192,25.731199999999994,186,4164,379,0.027295873,-1.0397672343999147,-0.027970965798886027,0.9188995195785538,3780,0.2,0.01792158931493759,0.0003,0.472720205783844,0.2123046875,,
460.48,778240,26.063699999999997,186,4174,380,0.02155383,-1.0743933280929923,-0.03349041082547046,2.101858610380441,3790,0.2,0.34373465180397034,0.0003,0.1857571005821228,0.198876953125,,
,780000,,,,,0.023724686,-1.0566019728779792,-0.028216777177294716,1.4875512899365275,3800,0.2,0.04927784577012062,0.0003,0.4794362187385559,0.189208984375,53.5,756.2
457.96,780288,26.138599999999997,185,4198,381,,,,,,,,,,,,
450.75,782336,25.467100000000002,185,4207,382,0.021409545,-1.1752866934984922,-0.02647835960960947,1.5003786903806031,3810,0.2,0.14137449860572815,0.0003,0.5002771615982056,0.19033203125,,
434.09,784384,24.101899999999997,186,4216,383,0.02531043,-1.2023205757141113,-0.030411271488992496,1.4606043686391785,3820,0.2,0.004418127238750458,0.0003,0.5484219789505005,0.221826171875,,
420.6,786432,22.5686,186,4225,384,0.025573786,-1.1961116392165423,-0.03124454950157087,1.590491943154484,3830,0.2,0.2014724165201187,0.0003,0.3018522262573242,0.2130859375,,
418.05,788480,22.543099999999995,186,4235,385,0.026036166,-1.0819101054221392,-0.03190607718424872,1.1264897829620169,3840,0.2,-0.0011472105979919434,0.0003,0.5190534591674805,0.222607421875,,
,790000,,,,,0.021392582,-1.1898506194353105,-0.03172857581812423,1.9860025900881737,3850,0.2,0.1387488842010498,0.0003,0.05444914102554321,0.1966796875,21.722,376.0
413.83,790528,21.701900000000002,185,4251,386,,,,,,,,,,,,
409.65,792576,21.260499999999997,186,4261,387,0.02320826,-1.1383569633588195,-0.029936344973975793,1.7508085086010396,3860,0.2,0.03682968020439148,0.0003,0.15524959564208984,0.1984375,,
402.9,794624,20.793400000000002,186,4270,388,0.024805754,-1.1327130688354372,-0.03386586199339945,1.7897825532127172,3870,0.2,0.045327454805374146,0.0003,0.15757006406784058,0.213818359375,,
411.94,796672,21.583099999999998,186,4279,389,0.021363016,-1.1679215360432864,-0.029650229090475478,1.969159606588073,3880,0.2,0.1236763447523117,0.0003,0.0629647970199585,0.196728515625,,
400.32,798720,20.567999999999998,186,4288,390,0.021882715,-1.1141856864094735,-0.03117112971958704,1.427490196330473,3890,0.2,0.14267823100090027,0.0003,0.30372393131256104,0.196875,,
,800000,,,,,0.026977092,-1.1125764716416597,-0.03298404262168333,1.7439258873695507,3900,0.2,0.044121094048023224,0.0003,0.31127017736434937,0.18779296875,15.244,327.2
402.23,800768,20.487000000000002,186,4303,391,,,,,,,,,,,,
374.7,802816,17.913999999999998,186,4313,392,0.022720557,-1.1128367740660905,-0.030363713481347077,1.5114091775380074,3910,0.2,0.4081442952156067,0.0003,0.24826699495315552,0.203466796875,,
382.76,804864,18.7938,186,4322,393,0.023149192,-1.0921632293611765,-0.030724376934813336,2.2647573470603675,3920,0.2,0.07389060407876968,0.0003,-0.2498316764831543,0.198388671875,,
382.47,806912,18.891000000000002,186,4332,394,0.019681623,-1.1880763504654168,-0.025655530401854774,2.4537291487678887,3930,0.2,0.07087787985801697,0.0003,-0.046613216400146484,0.187353515625,,
384.23,808960,19.5078,186,4342,395,0.024572192,-1.1743678499013186,-0.035541484283749016,1.450462134857662,3940,0.2,0.16852986812591553,0.0003,0.2902376055717468,0.227197265625,,
,810000,,,,,0.023255661,-1.009242851100862,-0.0327673944120761,1.6549579282756894,3950,0.2,0.11546853929758072,0.0003,0.26873117685317993,0.183544921875,16.48,451.2
383.88,811008,19.2046,186,4359,396,,,,,,,,,,,,
384.46,813056,19.4102,186,4369,397,0.021187995,-1.2316613495349884,-0.029969253006856888,1.7406915169209243,3960,0.2,0.05286215990781784,0.0003,0.2800147533416748,0.182421875,,
364.56,815104,17.113300000000002,186,4378,398,0.024033615,-1.115432111173868,-0.028404885273630498,1.630201587942429,3970,0.2,0.03794223070144653,0.0003,0.17843925952911377,0.195458984375,,
363.42,817152,16.802200000000003,186,4387,399,0.022827365,-1.0765299959108234,-0.03398754255613312,1.8334378137718885,3980,0.2,0.0440886989235878,0.0003,-0.1452641487121582,0.18134765625,,
371.85,819200,17.5858,186,4397,400,0.021967905,-1.2085606150329113,-0.035767869293340485,1.7039959528250619,3990,0.2,0.1090344712138176,0.0003,0.12571114301681519,0.221240234375,,
,820000,,,,,0.023523144,-1.144383155927062,-0.025698099957662635,1.7518645246746019,4000,0.2,0.07410899549722672,0.0003,0.3870205879211426,0.20087890625,51.902,596.4
381.51,821248,18.481400000000004,185,4418,401,,,,,,,,,,,,
376.5,823296,17.9318,185,4427,402,0.021611288,-1.1360145881772041,-0.02947195775632281,1.9262955058133229,4010,0.2,0.10282326489686966,0.0003,0.2038794755935669,0.200537109375,,
375.75,825344,17.7243,186,4436,403,0.019467711,-1.1410955291241407,-0.030119363646372223,1.7650314109632745,4020,0.2,0.07869694381952286,0.0003,0.3639180064201355,0.190478515625,,
369.28,827392,16.7603,186,4445,404,0.020635922,-1.0647075051441788,-0.026681852573528887,1.4827886688755825,4030,0.2,0.05268148332834244,0.0003,0.3220369815826416,0.1912109375,,
359.0,829440,15.958200000000001,186,4455,405,0.024480702,-1.1639654215425252,-0.03491875478066504,1.73201022928115,4040,0.2,0.017979785799980164,0.0003,0.3530651330947876,0.216796875,,
,830000,,,,,0.022753673,-1.188562074676156,-0.03087858512881212,1.5437783241271972,4050,0.2,0.03827444463968277,0.0003,0.20241886377334595,0.205615234375,4.6000000000000005,262.2
366.76,831488,17.134900000000002,186,4469,406,,,,,,,,,,,,
368.27,833536,17.649700000000003,186,4479,407,0.023310252,-1.0658861761912704,-0.027221807425667065,1.7476163943530991,4060,0.2,0.03804532438516617,0.0003,0.0055776238441467285,0.187353515625,,
377.36,835584,18.2399,186,4487,408,0.026669351,-1.114877193979919,-0.029160116548882797,1.4632518122671172,4070,0.2,0.10801871120929718,0.0003,0.1787874698638916,0.201220703125,,
372.58,837632,17.6926,186,4496,409,0.022113575,-1.1137644793838262,-0.02942568172875326,1.8461019572569057,4080,0.2,0.053945884108543396,0.0003,0.32823294401168823,0.179248046875,,
377.5,839680,18.0417,186,4507,410,0.025700353,-1.104424101859331,-0.030334359005792066,1.4190441625658423,4090,0.2,0.11220502108335495,0.0003,0.20867222547531128,0.20595703125,,
,840000,,,,,0.022597976,-0.9746691042557358,-0.03210813053301535,1.0693894790718332,4100,0.2,0.02085237205028534,0.0003,0.3477765917778015,0.192236328125,14.102,413.2
387.14,841728,19.5369,186,4525,411,,,,,,,,,,,,
381.55,843776,19.280999999999995,186,4533,412,0.022816878,-1.0024930177256466,-0.030256995739182457,1.5216379449469968,4110,0.2,0.006245918571949005,0.0003,0.40885722637176514,0.169873046875,,
366.22,845824,17.8292,186,4542,413,0.022483284,-1.1477076936513186,-0.032793963389121925,1.9052694879006595,4120,0.2,-0.004129618406295776,0.0003,0.13491332530975342,0.20537109375,,
362.72,847872,17.7942,186,4552,414,0.022403993,-1.0795196438208223,-0.029787651708466,2.4632567681372164,4130,0.2,0.2125319391489029,0.0003,0.18760555982589722,0.177880859375,,
362.76,849920,18.2941,186,4562,415,0.02393331,-1.085108022019267,-0.029221103884628973,1.583720671478659,4140,0.2,0.018749874085187912,0.0003,0.38305801153182983,0.19853515625,,
,850000,,,,,0.021957941,-1.032146378606558,-0.026534066953172442,1.3467616212787106,4150,0.2,0.08863790333271027,0.0003,0.503304123878479,0.181787109375,38.32,637.2
377.87,851968,20.043599999999998,185,4585,416,,,,,,,,,,,,
388.15,854016,21.445100000000004,185,4595,417,0.021371419,-1.0314299093559385,-0.02799418464419432,1.9817865898832678,4160,0.2,0.13222511112689972,0.0003,0.21678423881530762,0.184423828125,,
385.05,856064,21.613899999999997,185,4604,418,0.023068054,-1.0968923084437847,-0.02750970240740571,1.763927047373727,4170,0.2,0.12785924971103668,0.0003,0.30422234535217285,0.217822265625,,
377.31,858112,20.637600000000003,185,4613,419,0.0222994,-1.0727657839655875,-0.032096616184571755,2.023519108723849,4180,0.2,0.10712665319442749,0.0003,0.2405223250389099,0.194189453125,,
,860000,,,,,0.023053188,-1.074031113088131,-0.03336366921139415,1.233750438527204,4190,0.2,0.03856012225151062,0.0003,0.2777639627456665,0.200341796875,28.686,473.0
371.97,860160,20.0849,185,4631,420,,,,,,,,,,,,
375.42,862208,20.219300000000004,185,4640,421,0.023923755,-1.1645707920193673,-0.030313833989202975,1.0372751190210692,4200,0.2,0.011492796242237091,0.0003,0.5691195130348206,0.22080078125,,
388.83,864256,21.8519,185,4650,422,0.024719357,-1.0902613934129477,-0.03320652635593433,1.4788071369286626,4210,0.2,0.03437822312116623,0.0003,0.4581279754638672,0.194384765625,,
390.46,866304,22.2678,185,4659,423,0.019915465,-1.0690522581338882,-0.026679427790804768,1.6378519491525367,4220,0.2,0.36387449502944946,0.0003,0.15513837337493896,0.180859375,,
400.85,868352,23.570499999999996,185,4670,424,0.025117502,-1.062994417361915,-0.033526463058660735,1.5098267818335445,4230,0.2,0.026983480900526047,0.0003,0.4507927894592285,0.212451171875,,
,870000,,,,,0.022833522,-0.9884764077141881,-0.026385896526335273,1.5345142466481776,4240,0.2,0.07026458531618118,0.0003,0.39420175552368164,0.187109375,34.654,470.4
410.22,870400,24.663200000000003,185,4689,425,,,,,,,,,,,,
413.31,872448,24.893700000000003,185,4698,426,0.024663553,-0.9340917391702532,-0.03282964194950182,1.084986295271665,4250,0.2,0.004720129072666168,0.0003,0.5763723254203796,0.204736328125,,
401.92,874496,23.880699999999997,185,4707,427,0.020661734,-1.1034647470340133,-0.030875210129306652,1.8984817684162407,4260,0.2,0.06337341666221619,0.0003,0.45693254470825195,0.17587890625,,
400.55,876544,23.866999999999997,185,4717,428,0.019377062,-1.075970608741045,-0.02739743137790356,1.861135589890182,4270,0.2,0.05409244820475578,0.0003,0.38572245836257935,0.176318359375,,
415.83,878592,25.7181,185,4728,429,0.02694729,-1.0302398309111596,-0.03169781661854358,1.3840779567835853,4280,0.2,0.08882828056812286,0.0003,0.5919170379638672,0.212744140625,,
,880000,,,,,0.024275994,-0.9856391113251448,-0.028891660267254336,1.0100530085386707,4290,0.2,0.02406247705221176,0.0003,0.46354734897613525,0.20009765625,26.613999999999997,465.6
404.68,880640,24.407600000000002,185,4746,430,,,,,,,,,,,,
403.25,882688,24.093400000000006,185,4755,431,0.018561374,-1.163327256590128,-0.023711946481489575,2.364280137652531,4300,0.2,0.3897745609283447,0.0003,0.07986676692962646,0.16669921875,,
403.76,884736,24.198599999999992,185,4764,432,0.024297176,-1.1376798516139388,-0.030445375668932684,2.239332601055503,4310,0.2,0.056159429252147675,0.0003,0.07933080196380615,0.198046875,,
399.86,886784,22.6609,185,4773,433,0.026418485,-1.0745401104912162,-0.034631872666068375,1.8887588266283273,4320,0.2,0.042930327355861664,0.0003,-0.024604320526123047,0.20751953125,,
393.8,888832,21.701199999999993,185,4782,434,0.026584268,-1.1403097409754992,-0.03398771951906383,1.9171628574607893,4330,0.2,0.0676906481385231,0.0003,0.06767541170120239,0.207763671875,,
,890000,,,,,0.027727034,-1.1517026994377375,-0.0334142779771355,1.7556739408755675,4340,0.2,0.05902582406997681,0.0003,0.07589775323867798,0.232568359375,4.448,247.0
391.61,890880,21.4795,185,4795,435,,,,,,,,,,,,
395.02,892928,21.5134,185,4805,436,0.02514019,-1.1617166800424457,-0.027488829341018574,1.6215718508930876,4350,0.2,0.04403523728251457,0.0003,0.2921968698501587,0.206787109375,,
386.51,894976,19.9298,185,4815,437,0.02601761,-1.1065573193132878,-0.03153822112944908,1.716582380491309,4360,0.2,0.016494281589984894,0.0003,0.18507128953933716,0.201611328125,,
398.26,897024,21.245899999999995,185,4825,438,0.021258265,-1.0689461838454009,-0.030948575219372287,1.9484148212941363,4370,0.2,0.2000218629837036,0.0003,0.3387452960014343,0.184033203125,,
393.39,899072,20.697499999999994,185,4834,439,0.02819315,-1.055518379062414,-0.03748803939379286,1.4734795799478888,4380,0.2,0.06697811186313629,0.0003,0.10472071170806885,0.21806640625,,
,900000,,,,,0.02799091,-1.1361854419112205,-0.03675613396044355,1.6284622938837856,4390,0.2,0.07211737334728241,0.0003,-0.07822823524475098,0.23349609375,26.741999999999997,478.4
371.59,901120,18.0819,185,4852,440,,,,,,,,,,,,
372.19,903168,18.087899999999998,185,4861,441,0.021873126,-1.2163131557404996,-0.028373875853139906,1.6364976755110547,4400,0.2,0.5093227028846741,0.0003,0.2439228892326355,0.201318359375,,
364.17,905216,17.008699999999997,185,4870,442,0.027577821,-1.0734168214723467,-0.03179760165658081,1.3615947636077181,4410,0.2,0.05033295601606369,0.0003,0.29678910970687866,0.201171875,,
362.7,907264,16.7944,185,4881,443,0.022301124,-1.0675350306555629,-0.03335394379682839,1.3369726192438975,4420,0.2,0.048864416778087616,0.0003,0.3202534317970276,0.200244140625,,
354.9,909312,15.817099999999998,185,4890,444,0.021967683,-0.9503927741199731,-0.02853258539689705,1.6898530799895526,4430,0.2,0.1364818513393402,0.0003,-0.03719615936279297,0.178955078125,,
,910000,,,,,0.023650898,-1.0965839909389614,-0.033202916476875545,1.7180527355521917,4440,0.2,0.014170274138450623,0.0003,0.18896061182022095,0.195703125,4.63,264.8
324.94,911360,12.220800000000002,185,4904,445,,,,,,,,,,,,
328.65,913408,12.857299999999995,185,4914,446,0.025710745,-1.189810684323311,-0.0398992973001441,1.6141094849212094,4450,0.2,0.057640597224235535,0.0003,0.35419249534606934,0.232373046875,,
337.12,915456,13.5414,185,4923,447,0.024940126,-0.9957036871463061,-0.027081671092309988,1.696914864727296,4460,0.2,0.003359440714120865,0.0003,0.14813220500946045,0.204833984375,,
331.52,917504,12.885800000000001,185,4933,448,0.025972594,-1.0256556322798134,-0.03257893709524069,1.2624760666396468,4470,0.2,0.017425529658794403,0.0003,0.24620330333709717,0.21591796875,,
342.81,919552,13.8978,186,4943,449,0.022499956,-1.1035737365484237,-0.029161171536543407,1.0912702471367084,4480,0.2,0.04609919339418411,0.0003,0.35715699195861816,0.213525390625,,
,920000,,,,,0.02670447,-1.0855161655694245,-0.03316575291682966,1.450674683181569,4490,0.2,0.03330332040786743,0.0003,0.3353172540664673,0.21162109375,17.878000000000004,391.2
341.27,921600,13.782500000000002,185,4959,450,,,,,,,,,,,,
346.32,923648,14.532299999999998,185,4969,451,0.027619066,-1.1371766723692418,-0.026843352257856168,1.2499217988457532,4500,0.2,0.01683613657951355,0.0003,0.38793134689331055,0.21708984375,,
337.85,925696,13.248799999999996,185,4978,452,0.023168778,-1.0998030057176948,-0.027501910328282975,1.6049960014410316,4510,0.2,0.10612098127603531,0.0003,0.5719369053840637,0.192626953125,,
341.79,927744,13.487999999999998,185,4987,453,0.022319624,-1.1636357044801116,-0.03394626230292488,1.6367472742218525,4520,0.2,-0.0039245933294296265,0.0003,0.4689302444458008,0.2162109375,,
335.56,929792,12.9262,186,4997,454,0.026852187,-1.0562619291245938,-0.03703549818746978,1.3019358056830241,4530,0.2,0.012680649757385254,0.0003,0.20630913972854614,0.215673828125,,
,930000,,,,,0.021470625,-1.0555473685264587,-0.029267468967009335,1.6004424868151546,4540,0.2,0.0726383626461029,0.0003,0.39571577310562134,0.202294921875,14.987999999999996,302.0
333.75,931840,13.5079,185,5012,455,,,,,,,,,,,,
346.86,933888,15.637199999999998,185,5021,456,0.025194442,-1.031019908376038,-0.038663319443003275,1.1574088206747546,4550,0.2,-0.0010817274451255798,0.0003,0.5091352462768555,0.215771484375,,
350.87,935936,16.5764,186,5030,457,0.023573924,-0.9654675809666514,-0.02260614904225804,1.4591654422227294,4560,0.2,0.07309211790561676,0.0003,0.17775177955627441,0.17138671875,,
357.77,937984,17.3447,186,5039,458,0.027611673,-1.071824043057859,-0.033299040794372556,0.9811800335883163,4570,0.2,0.014075160026550293,0.0003,0.5731160640716553,0.21572265625,,
,940000,,,,,0.021275803,-1.101955860480666,-0.028826922504231335,2.01640045135282,4580,0.2,0.141442209482193,0.0003,0.24119287729263306,0.2025390625,29.446000000000005,549.0
364.67,940032,18.313,185,5060,459,,,,,,,,,,,,
363.26,942080,17.799400000000002,185,5069,460,0.025943277,-0.9742972718551755,-0.0362855831917841,1.2970286113908513,4590,0.2,0.07952876389026642,0.0003,0.4056898355484009,0.180419921875,,
356.58,944128,17.0331,185,5078,461,0.026101874,-1.2194067753851414,-0.03578567561053205,1.4155260091181845,4600,0.2,0.006386417895555496,0.0003,0.269062876701355,0.22587890625,,
362.01,946176,17.487000000000002,185,5087,462,0.017763969,-0.9660622559487819,-0.02826375416771043,2.430098109552637,4610,0.2,0.28359755873680115,0.0003,0.21352893114089966,0.168994140625,,
379.9,948224,19.264300000000002,185,5098,463,0.023034163,-1.1015863517299294,-0.032668251515133306,2.0987842868315054,4620,0.2,0.1875671148300171,0.0003,0.13638156652450562,0.20546875,,
,950000,,,,,0.025451953,-0.985489890538156,-0.03588458750164136,1.0705940766260027,4630,0.2,0.013382382690906525,0.0003,0.47389012575149536,0.205810546875,21.759999999999998,379.8
386.29,950272,20.327200000000005,185,5114,464,,,,,,,,,,,,
381.16,952320,19.676700000000004,185,5124,465,0.01982763,-0.9812387796118855,-0.03371466710523237,2.2290408961009236,4640,0.2,0.03520730510354042,0.0003,0.03944838047027588,0.1875,,
379.9,954368,20.0637,185,5134,466,0.024404997,-1.065749827027321,-0.03307566512958147,1.4474662107881158,4650,0.2,0.03273988515138626,0.0003,0.17531681060791016,0.21396484375,,
370.46,956416,19.47,185,5143,467,0.022456245,-1.0543488832190633,-0.035088382742833345,1.499617212242447,4660,0.2,0.06739728897809982,0.0003,0.5751675367355347,0.202490234375,,
364.97,958464,19.015500000000003,186,5152,468,0.024726309,-1.0884887857362628,-0.03200329825194785,1.5857112330850214,4670,0.2,0.16414566338062286,0.0003,0.4971016049385071,0.197998046875,,
,960000,,,,,0.02895126,-1.1915295794606209,-0.037705064643523654,1.7159107805229723,4680,0.2,0.06115134060382843,0.0003,0.38908857107162476,0.2298828125,17.544,357.8
357.21,960512,18.438399999999998,185,5169,469,,,,,,,,,,,,
357.87,962560,18.645,185,5178,470,0.027405873,-1.1097775442525744,-0.03485492622567108,1.334074906934984,4690,0.2,0.02402481809258461,0.0003,0.38605064153671265,0.23388671875,,
355.44,964608,19.120199999999997,185,5186,471,0.02467987,-1.1491679107770323,-0.0293130903999554,1.278036747663282,4700,0.2,0.05302616208791733,0.0003,0.2965940833091736,0.2099609375,,
353.51,966656,18.3013,186,5196,472,0.024296239,-1.140243984013796,-0.032660096697509286,1.6583464888622985,4710,0.2,0.07276593148708344,0.0003,0.31600916385650635,0.194482421875,,
352.55,968704,18.0919,186,5205,473,0.025184471,-1.0200677022337914,-0.030432208176353014,1.4401930992491543,4720,0.2,0.033785488456487656,0.0003,0.23509317636489868,0.20224609375,,
,970000,,,,,0.023385266,-1.0899599747732283,-0.03245088663534261,2.3616565977688877,4730,0.2,0.1454870104789734,0.0003,0.15939640998840332,0.193505859375,13.588,361.8
357.6,970752,18.741799999999998,185,5220,474,,,,,,,,,,,,
363.42,972800,19.5994,185,5230,475,0.026492583,-1.05356641151011,-0.03173985763278324,1.4403798268642276,4740,0.2,0.0846502035856247,0.0003,0.46922004222869873,0.19794921875,,
369.06,974848,20.155299999999997,186,5240,476,0.019065622,-1.0508188117295503,-0.03036766870354768,2.385257334262133,4750,0.2,0.4731350243091583,0.0003,0.24085789918899536,0.168994140625,,
355.96,976896,18.5256,186,5250,477,0.023598969,-1.1075640169903636,-0.03237379488709848,1.3287752918433398,4760,0.2,0.1848161369562149,0.0003,0.45654135942459106,0.2091796875,,
363.79,978944,19.702799999999996,186,5260,478,0.027060725,-1.1086131643503905,-0.03700590824300889,1.0735850765835493,4770,0.2,0.0026233792304992676,0.0003,0.5888644456863403,0.23701171875,,
,980000,,,,,0.026859742,-1.032203377224505,-0.033467711583944036,1.3411366033367813,4780,0.2,0.024104982614517212,0.0003,0.34581685066223145,0.218994140625,8.937999999999999,296.4
351.94,980992,18.2856,185,5275,479,,,,,,,,,,,,
347.17,983040,17.938200000000002,186,5284,480,0.02129698,-1.102490014769137,-0.0353537937393412,1.4411379558267072,4790,0.2,0.05632656067609787,0.0003,0.609627366065979,0.208447265625,,
324.99,985088,15.6185,186,5293,481,0.02331132,-1.1179767977446318,-0.02910491558141075,1.6207247166894376,4800,0.2,0.02029890939593315,0.0003,0.47718000411987305,0.194921875,,
333.25,987136,16.0006,186,5303,482,0.021425322,-1.0961323611438274,-0.03311386357527226,3.1841693058609963,4810,0.2,0.1016746461391449,0.0003,0.30159735679626465,0.173876953125,,
325.79,989184,15.126599999999998,186,5312,483,0.026484627,-1.0762665702030063,-0.03315370683849324,1.7629113782662897,4820,0.2,0.02189694344997406,0.0003,0.3957381844520569,0.21259765625,,
,990000,,,,,0.023509096,-1.036958372220397,-0.03226808393956162,2.346844322094694,4830,0.2,0.29878848791122437,0.0003,0.02478325366973877,0.18525390625,6.139999999999999,216.4
323.9,991232,15.107700000000001,186,5325,484,,,,,,,,,,,,
335.37,993280,16.421200000000002,186,5333,485,0.026283734,-1.0562417009845375,-0.03175317209097557,1.602801587432623,4840,0.2,0.009347565472126007,0.0003,0.45245295763015747,0.20576171875,,
336.55,995328,16.233,186,5343,486,0.020627918,-1.1090088788419963,-0.030684445284714458,2.0173824666533617,4850,0.2,0.16266804933547974,0.0003,0.35242515802383423,0.185986328125,,
337.48,997376,15.9426,186,5351,487,0.022906959,-1.1240337351337075,-0.0284923523577163,1.890348019846715,4860,0.2,0.49133551120758057,0.0003,0.29833847284317017,0.200390625,,
342.39,999424,16.2914,186,5360,488,0.02630356,-1.0883412182331085,-0.030967259893077425,1.4763379614800214,4870,0.2,0.09689334034919739,0.0003,0.03346145153045654,0.200537109375,,
,1000000,,,,,0.02441381,-1.023259186372161,-0.030665740781114437,1.360735329426825,4880,0.2,0.09324755519628525,0.0003,0.2799045443534851,0.208984375,15.868,390.0
345.3,1001472,16.620199999999997,186,5377,489,,,,,,,,,,,,
347.81,1003520,16.545399999999994,186,5388,490,0.022023676,-1.0374139616265894,-0.03330639692139812,2.269639865634963,4890,0.2,0.9163389801979065,0.0003,-0.020353078842163086,0.178515625,,
352.33,1005568,17.0901,186,5396,491,0.027581833,-0.9490503162145615,-0.027633952879114076,1.3194952344056219,4900,0.2,0.016391947865486145,0.0003,0.2739288806915283,0.195703125,,
354.61,1007616,16.9131,186,5405,492,0.024448125,-1.106398419290781,-0.033622481822385454,1.9019573285942897,4910,0.2,0.09354721009731293,0.0003,0.18163859844207764,0.209765625,,
362.76,1009664,18.1934,186,5414,493,0.0243237,-1.1030053146183492,-0.031746297812787816,1.8867914681788533,4920,0.2,0.23397868871688843,0.0003,0.20506536960601807,0.206005859375,,
,1010000,,,,,0.03024595,-1.0687245678156614,-0.0336893665662501,1.2950713772792368,4930,0.2,0.04232797771692276,0.0003,0.3958611488342285,0.23505859375,19.786,382.2
344.61,1011712,16.213699999999996,186,5430,494,,,,,,,,,,,,
335.9,1013760,15.027699999999998,186,5438,495,0.02936675,-1.1215319972485305,-0.03744499790482223,2.1525817543733865,4940,0.2,0.10587672889232635,0.0003,0.26330024003982544,0.20966796875,,
344.87,1015808,16.316200000000002,186,5447,496,0.022196468,-1.1332505099475383,-0.03249639923451468,2.27225107755512,4950,0.2,0.1525716781616211,0.0003,-0.2299816608428955,0.18896484375,,
344.12,1017856,17.2082,186,5456,497,0.02442953,-1.0993919119238853,-0.036326387993176466,2.2503047208767386,4960,0.2,0.05657413601875305,0.0003,0.317365825176239,0.20126953125,,
362.08,1019904,19.086100000000002,186,5466,498,0.0226935,-1.0535618903115391,-0.03043699807894882,1.5723668160382658,4970,0.2,0.08881479501724243,0.0003,0.3102685213088989,0.182275390625,,
,1020000,,,,,0.029141199,-1.054194018431008,-0.030165696932817808,1.5684364456916229,4980,0.2,0.04110404849052429,0.0003,0.22605222463607788,0.242041015625,16.154000000000003,418.6
374.14,1021952,20.305600000000002,186,5483,499,,,,,,,,,,,,
382.27,1024000,21.485799999999998,186,5492,500,0.026314523,-1.0807946808636189,-0.02852437626279425,2.4241459883283825,4990,0.2,0.015249878168106079,0.0003,0.29252922534942627,0.209375,,
383.1,1026048,20.894700000000004,186,5500,501,0.02592996,-1.0953225292265416,-0.03413764826254919,1.7628692427882924,5000,0.2,0.026244953274726868,0.0003,0.18479806184768677,0.207421875,,
392.92,1028096,22.191899999999997,186,5509,502,0.025980826,-1.121300171688199,-0.033110996172763404,1.9976444337517023,5010,0.2,0.08440527319908142,0.0003,0.29635000228881836,0.2181640625,,
,1030000,,,,,0.02328855,-1.00431998539716,-0.03563418390986044,2.04298558277078,5020,0.2,0.03728089481592178,0.0003,0.4116215705871582,0.186572265625,17.246000000000002,328.0
399.64,1030144,23.358,186,5524,503,,,,,,,,,,,,
398.97,1032192,23.151699999999995,186,5533,504,0.030586664,-1.0689884312450886,-0.03195798656233819,1.2066764141432942,5030,0.2,0.08690852671861649,0.0003,0.5572314262390137,0.234033203125,,
414.79,1034240,24.9083,186,5543,505,0.027481318,-1.0558783497661353,-0.032159387733554465,1.1500146001810208,5040,0.2,0.10966779291629791,0.0003,0.43261754512786865,0.224462890625,,
405.92,1036288,24.0204,186,5552,506,0.020299919,-0.9589067464694381,-0.029715934171690606,2.5308862396283076,5050,0.2,0.19877013564109802,0.0003,0.3536102771759033,0.173291015625,,
419.56,1038336,25.455499999999997,186,5562,507,0.023340523,-1.0589117368683219,-0.03071325932687614,2.7423563928343357,5060,0.2,0.05692999064922333,0.0003,0.17145609855651855,0.17802734375,,
,1040000,,,,,0.02570248,-1.0344556847587227,-0.035676655136921906,1.596235109679401,5070,0.2,0.08447474241256714,0.0003,0.23710483312606812,0.216796875,33.224000000000004,527.2
414.8,1040384,25.308000000000007,186,5582,508,,,,,,,,,,,,
428.2,1042432,26.441,186,5591,509,0.024499629,-1.0900902424007655,-0.030556804183288478,1.9514753196854144,5080,0.2,0.09144902229309082,0.0003,0.24903768301010132,0.18984375,,
430.86,1044480,26.467599999999997,186,5601,510,0.028147243,-1.0722842872142793,-0.03835680877309642,1.5101237236522138,5090,0.2,0.0356299951672554,0.0003,0.41989225149154663,0.227294921875,,
438.62,1046528,28.043899999999997,186,5610,511,0.029076496,-1.0640753841027617,-0.03556478883547243,1.4496951615670697,5100,0.2,0.0554051548242569,0.0003,-0.12217891216278076,0.2310546875,,
438.35,1048576,27.741300000000003,186,5620,512,0.01943468,-1.0216273672878742,-0.028085391732747666,2.5146573254838587,5110,0.2,0.10627145320177078,0.0003,0.2600703239440918,0.17548828125,,
,1050000,,,,,0.025982376,-1.0362772656604649,-0.03666519353137119,1.5165796115761623,5120,0.2,0.025430768728256226,0.0003,0.3369905948638916,0.20966796875,15.672,370.4
429.8,1050624,26.3569,186,5635,513,,,,,,,,,,,,
425.54,1052672,26.0146,186,5644,514,0.021872446,-1.1263491531834007,-0.028487890190444887,2.499080283008516,5130,0.2,0.5889556407928467,0.0003,0.1288973093032837,0.189404296875,,
426.6,1054720,25.925300000000007,186,5654,515,0.027198242,-1.0438092900440097,-0.03351197073352523,2.0966645457549022,5140,0.2,0.1683967113494873,0.0003,0.24252820014953613,0.206396484375,,
451.34,1056768,29.069999999999997,186,5663,516,0.030977305,-1.070742490887642,-0.03844598718860652,1.5364578483859077,5150,0.2,0.0907662957906723,0.0003,0.38624244928359985,0.2353515625,,
455.45,1058816,29.710499999999993,186,5673,517,0.023463218,-1.0344481328502297,-0.031212788732955233,1.6943734375527129,5160,0.2,0.05770654231309891,0.0003,0.10115265846252441,0.201806640625,,
,1060000,,,,,0.027072687,-1.0938411757349968,-0.031887749591260214,1.6506529962876813,5170,0.2,0.04954454302787781,0.0003,0.4056432843208313,0.212353515625,17.378,340.8
459.85,1060864,30.553700000000003,186,5688,518,,,,,,,,,,,,
453.44,1062912,29.4904,186,5698,519,0.030386146,-1.0892022516578437,-0.033753659029025586,1.6211253210902214,5180,0.2,0.10355541855096817,0.0003,0.49358445405960083,0.216748046875,,
448.69,1064960,28.5436,186,5707,520,0.028601987,-1.0109599018469453,-0.03242832732212264,1.46023344702553,5190,0.2,0.03839664161205292,0.0003,0.5440434217453003,0.20205078125,,
458.68,1067008,29.742399999999996,186,5716,521,0.020878851,-1.1111751820892095,-0.034929604714852756,2.7707079215440897,5200,0.2,0.03381482511758804,0.0003,0.20089727640151978,0.188037109375,,
451.05,1069056,28.767,186,5726,522,0.022715863,-1.0597314959391952,-0.03248812358069699,1.885466668009758,5210,0.2,0.07074050605297089,0.0003,0.4063163995742798,0.210205078125,,
,1070000,,,,,0.024084777,-1.0091230999678373,-0.03454537508951035,1.9072440890362485,5220,0.2,0.08566159009933472,0.0003,0.33950304985046387,0.205224609375,33.071999999999996,512.0
451.88,1071104,29.1751,186,5745,523,,,,,,,,,,,,
461.59,1073152,30.571099999999998,186,5754,524,0.028353415,-1.0767057910561562,-0.03454194407968316,1.4045939388452098,5230,0.2,0.03469224274158478,0.0003,0.18997609615325928,0.230810546875,,
460.18,1075200,29.957400000000003,186,5764,525,0.027609063,-1.0929133620113134,-0.036812467231357004,1.9086890048813074,5240,0.2,0.11884573101997375,0.0003,0.34267640113830566,0.219775390625,,
464.87,1077248,30.703599999999998,186,5773,526,0.026649378,-1.1178678885102271,-0.03617418385692872,1.7861252387519926,5250,0.2,0.03459109365940094,0.0003,0.3039126992225647,0.232421875,,
449.38,1079296,28.750300000000006,186,5782,527,0.027953483,-1.0512668956071138,-0.034890417629503644,2.262708644778468,5260,0.2,0.09869806468486786,0.0003,-0.01604485511779785,0.197802734375,,
,1080000,,,,,0.028346315,-1.0947349751368165,-0.03389505269005895,2.1598179121967407,5270,0.2,0.17669807374477386,0.0003,0.4111911654472351,0.200341796875,28.670000000000005,471.4
461.48,1081344,30.4699,186,5800,528,,,,,,,,,,,,
451.71,1083392,29.4731,186,5809,529,0.026943011,-1.0369269613176584,-0.02486045898112934,1.5125515841413288,5280,0.2,0.05248956009745598,0.0003,0.44569599628448486,0.2162109375,,
454.15,1085440,29.6973,186,5818,530,0.023533871,-1.0926292398944497,-0.03324119174212683,1.8499685043934733,5290,0.2,0.05523458123207092,0.0003,0.20459586381912231,0.21748046875,,
449.67,1087488,29.4529,186,5828,531,0.022814477,-1.0480190889909864,-0.02931032922351733,2.066230622678995,5300,0.2,0.12614554166793823,0.0003,0.28112876415252686,0.18759765625,,
436.89,1089536,27.726499999999998,186,5838,532,0.02928058,-1.0499518631026148,-0.03279692323994823,1.6375872464384884,5310,0.2,0.05476144701242447,0.0003,0.36642563343048096,0.208154296875,,
,1090000,,,,,0.027230073,-1.0581480866298079,-0.034226882868097164,1.3836352744372562,5320,0.2,0.003963429480791092,0.0003,0.3913334608078003,0.22666015625,15.104,313.2
434.33,1091584,27.601000000000003,186,5853,533,,,,,,,,,,,,
436.06,1093632,27.818100000000005,186,5862,534,0.024807584,-1.09159865565598,-0.03424242849287111,1.8022309373132885,5330,0.2,0.022643327713012695,0.0003,0.41333168745040894,0.192138671875,,
435.07,1095680,27.208800000000007,186,5871,535,0.026099011,-1.0190639639273287,-0.03769756485999096,1.9880234425421803,5340,0.2,0.06422212719917297,0.0003,0.23128199577331543,0.1763671875,,
439.33,1097728,28.0506,186,5881,536,0.031461578,-1.0759219916537404,-0.035296731020207514,1.5486185805639252,5350,0.2,0.1981021761894226,0.0003,0.45825159549713135,0.242431640625,,
428.84,1099776,26.846799999999995,186,5890,537,0.024403032,-1.0373885666951537,-0.03770886658458039,1.4896369742928073,5360,0.2,0.04512876272201538,0.0003,0.06869608163833618,0.22451171875,,
,1100000,,,,,0.02876116,-1.061178658157587,-0.03376307415019255,1.3723590682260691,5370,0.2,0.05221863463521004,0.0003,0.39411425590515137,0.228759765625,26.276000000000003,431.8
424.71,1101824,26.705600000000004,186,5908,538,,,,,,,,,,,,
420.04,1103872,25.460100000000008,186,5918,539,0.021500975,-1.0038243727758527,-0.032861671526916325,2.0219007274135947,5380,0.2,0.1157398372888565,0.0003,0.15274351835250854,0.189501953125,,
421.59,1105920,25.8752,186,5928,540,0.03386724,-1.1466122254729272,-0.0402913082158193,1.0969631147338077,5390,0.2,0.04370616748929024,0.0003,0.46545886993408203,0.247607421875,,
419.75,1107968,25.457200000000004,186,5937,541,0.024538476,-1.0736988941207528,-0.03496294286160264,2.2533385084476323,5400,0.2,0.014286786317825317,0.0003,0.11583858728408813,0.200341796875,,
,1110000,,,,,0.02813027,-1.0586057344451547,-0.03127109750785166,1.6957525772973896,5410,0.2,0.0786672979593277,0.0003,-0.16799843311309814,0.202099609375,22.074,411.2
409.11,1110016,24.052099999999996,186,5953,542,,,,,,,,,,,,
404.83,1112064,23.809500000000003,186,5963,543,0.027668431,-1.1337702898308635,-0.03871173210791312,1.6042705656960607,5420,0.2,-0.002315044403076172,0.0003,0.1663387417793274,0.23955078125,,
412.0,1114112,24.480600000000003,186,5972,544,0.03094703,-1.0735257556661963,-0.030593549890909344,1.4975416513159872,5430,0.2,0.03139404579997063,0.0003,0.36826854944229126,0.232568359375,,
421.4,1116160,25.573800000000006,186,5982,545,0.021024067,-1.0343931213021278,-0.031961662985850126,2.4044022409245374,5440,0.2,0.20760975778102875,0.0003,0.20934545993804932,0.172509765625,,
424.11,1118208,26.300199999999997,186,5991,546,0.031459685,-1.030926894210279,-0.03379978490993381,2.018248251033947,5450,0.2,0.11114154011011124,0.0003,0.19803625345230103,0.2279296875,,
,1120000,,,,,0.027774166,-1.0776634754613041,-0.03454398375470191,1.6778620002791285,5460,0.2,0.06004932522773743,0.0003,0.330935001373291,0.22197265625,19.844,388.0
411.1,1120256,24.3719,186,6009,547,,,,,,,,,,,,
428.37,1122304,26.043099999999995,186,6019,548,0.025718652,-1.0631784703582525,-0.032629028594237754,1.8483572138939053,5470,0.2,0.04869954288005829,0.0003,0.4217560291290283,0.217041015625,,
427.43,1124352,26.1334,186,6028,549,0.024938054,-1.0549639772623778,-0.0346059093833901,1.3944201323203742,5480,0.2,0.0373850055038929,0.0003,0.5820485353469849,0.228466796875,,
428.01,1126400,26.339000000000002,186,6037,550,0.02166244,-1.0795749014243483,-0.03337146517296787,3.2700214667711407,5490,0.2,0.2212306261062622,0.0003,0.25459951162338257,0.17900390625,,
420.63,1128448,25.366100000000003,186,6046,551,0.02922764,-1.034204869158566,-0.03042255705804564,1.843034033407457,5500,0.2,0.07917621731758118,0.0003,0.2946298122406006,0.21513671875,,
,1130000,,,,,0.03161586,-1.063747843913734,-0.03369979016133584,1.774434417579323,5510,0.2,0.0642782524228096,0.0003,0.4884070158004761,0.233837890625,6.85,287.4
417.8,1130496,25.837500000000006,186,6060,552,,,,,,,,,,,,
408.2,1132544,24.8424,186,6070,553,0.031667564,-1.0898211536929012,-0.03251237633521668,1.6171315763611347,5520,0.2,0.09266036748886108,0.0003,0.2756044864654541,0.23359375,,
405.22,1134592,24.3131,186,6079,554,0.02277284,-1.0767728319391607,-0.028227184471325016,2.5665827032877133,5530,0.2,0.16140244901180267,0.0003,-0.07100319862365723,0.16962890625,,
405.07,1136640,24.011900000000004,186,6088,555,0.02297045,-1.1771844290196896,-0.03363765095709823,1.6812714905943722,5540,0.2,-0.013289585709571838,0.0003,0.25891584157943726,0.209033203125,,
406.29,1138688,23.9242,186,6097,556,0.025516052,-1.0595700470730662,-0.0294830490835011,1.6388528742361814,5550,0.2,0.02586110308766365,0.0003,0.4543147683143616,0.197802734375,,
,1140000,,,,,0.031337507,-1.0828668802976609,-0.03503934411710361,1.4011191643076017,5560,0.2,-0.008470945060253143,0.0003,0.22448819875717163,0.237451171875,10.968,299.6
406.3,1140736,24.024200000000004,186,6112,557,,,,,,,,,,,,
384.48,1142784,21.308500000000002,186,6121,558,0.026688468,-1.0196604458615184,-0.03655565495137125,2.5013531582895667,5570,0.2,0.1011575236916542,0.0003,-0.1624387502670288,0.201708984375,,
384.98,1144832,21.113699999999998,186,6130,559,0.022697812,-1.0213870031759142,-0.033507558694691394,1.8288593472214416,5580,0.2,0.05620066449046135,0.0003,0.37542563676834106,0.183837890625,,
384.52,1146880,21.508700000000005,186,6139,560,0.025717974,-1.0634441524744034,-0.03542051665863255,1.9765699071343987,5590,0.2,0.21451233327388763,0.0003,-0.16919636726379395,0.205615234375,,
391.2,1148928,22.2748,186,6148,561,0.025747627,-1.151797459460795,-0.03639948186755646,2.2808046899270265,5600,0.2,0.08945838361978531,0.0003,0.3772483468055725,0.218896484375,,
,1150000,,,,,0.02664173,-1.0550513956695795,-0.03017933589871973,1.8247117125429213,5610,0.2,0.10434865206480026,0.0003,0.19785815477371216,0.220166015625,11.208,323.6
395.33,1150976,22.316099999999995,186,6163,562,,,,,,,,,,,,
386.13,1153024,20.8255,186,6173,563,0.03346175,-1.0267180075868965,-0.037539267682586794,1.3064343491569161,5620,0.2,0.06160810589790344,0.0003,0.5474696159362793,0.24287109375,,
387.83,1155072,21.142,186,6183,564,0.026348323,-1.1088873162865638,-0.03829493830271531,2.0359865145757796,5630,0.2,0.030506908893585205,0.0003,0.01279515027999878,0.225537109375,,
388.71,1157120,20.751199999999997,186,6193,565,0.02374636,-1.0414694076403976,-0.03281036296102684,1.8065133379306644,5640,0.2,0.04214685410261154,0.0003,0.4481792449951172,0.209912109375,,
381.36,1159168,20.6783,186,6201,566,0.028546004,-0.9971160361543298,-0.034272240905556826,1.4453751362278127,5650,0.2,0.004875801503658295,0.0003,0.3392285704612732,0.2125,,
,1160000,,,,,0.027968898,-1.0543197887018323,-0.0405519490595907,1.480320661724545,5660,0.2,0.0821564570069313,0.0003,-0.09361934661865234,0.218017578125,41.334,539.0
369.3,1161216,18.4598,186,6221,567,,,,,,,,,,,,
355.96,1163264,16.8277,186,6230,568,0.027180843,-1.0710890114307403,-0.033873024776403325,2.3755491603631524,5670,0.2,0.1851806342601776,0.0003,0.010313332080841064,0.194140625,,
366.19,1165312,18.128800000000002,186,6239,569,0.031671703,-1.1660639263689518,-0.039046410436276345,1.5990900300908835,5680,0.2,0.012606162577867508,0.0003,0.3705368638038635,0.25380859375,,
358.07,1167360,16.9485,186,6248,570,0.02466717,-1.140657333098352,-0.03283631723897997,1.751117345551029,5690,0.2,0.06050531566143036,0.0003,0.44888633489608765,0.20859375,,
360.21,1169408,17.6692,186,6257,571,0.029329984,-1.0588667200878263,-0.03127945657179225,1.9557690593181178,5700,0.2,0.04761248081922531,0.0003,0.30929601192474365,0.225439453125,,
,1170000,,,,,0.025777029,-1.0392204267904162,-0.03434262892697006,1.9065207875333727,5710,0.2,0.08915124088525772,0.0003,0.381247878074646,0.215234375,20.157999999999998,419.4
365.4,1171456,18.320499999999996,186,6274,572,,,,,,,,,,,,
366.03,1173504,18.326800000000002,186,6284,573,0.027621161,-1.1159184932708741,-0.039098992088111115,1.4687433113111183,5720,0.2,0.11013823747634888,0.0003,0.27807432413101196,0.20986328125,,
362.37,1175552,17.6906,186,6293,574,0.033531763,-1.112580561451614,-0.038242084858939054,1.7077978054294363,5730,0.2,0.05575362965464592,0.0003,0.23336750268936157,0.239453125,,
370.52,1177600,18.171699999999998,186,6303,575,0.02952893,-1.1190270254388452,-0.03565264577628113,1.546730222995393,5740,0.2,0.03698042780160904,0.0003,0.3246620297431946,0.2302734375,,
374.89,1179648,18.6152,186,6313,576,0.027701005,-1.111327857337892,-0.03216105670144316,1.3150605061091483,5750,0.2,0.028793171048164368,0.0003,0.2686964273452759,0.21298828125,,
,1180000,,,,,0.028466076,-1.0172470448538662,-0.036387214771821164,1.432729595922865,5760,0.2,0.03187618404626846,0.0003,0.14289307594299316,0.206494140625,26.348000000000003,439.0
387.01,1181696,19.7354,186,6330,577,,,,,,,,,,,,
389.05,1183744,19.6559,186,6339,578,0.02906081,-1.0337809139862657,-0.03612069076480111,1.848941324604675,5770,0.2,0.036855801939964294,0.0003,0.009949564933776855,0.200732421875,,
379.19,1185792,18.5583,186,6348,579,0.028169854,-1.0724387152120471,-0.03523970914247911,1.743816388817504,5780,0.2,0.02439974993467331,0.0003,0.28553736209869385,0.212060546875,,
372.23,1187840,18.2889,186,6357,580,0.023295127,-1.0226091794669627,-0.03374855608562939,1.5688980189384893,5790,0.2,0.08411837369203568,0.0003,0.26348328590393066,0.2029296875,,
375.22,1189888,18.7184,186,6366,581,0.03232344,-1.0377747366204857,-0.03664068748767022,1.3625884510809556,5800,0.2,0.03872473165392876,0.0003,0.28357404470443726,0.222021484375,,
,1190000,,,,,0.028963698,-1.0993608117103577,-0.03870561172370799,0.8925502170575783,5810,0.2,0.05363505333662033,0.0003,0.6352519989013672,0.255224609375,10.860000000000001,288.8
364.93,1191936,17.216700000000003,186,6380,582,,,,,,,,,,,,
360.31,1193984,16.8708,186,6389,583,0.0250844,-1.1203719988465308,-0.032642983974074016,2.3189728621859103,5820,0.2,0.038532719016075134,0.0003,0.1293373703956604,0.1947265625,,
373.39,1196032,18.3001,186,6398,584,0.027947761,-1.0578941266983748,-0.03831101795367431,1.887609627097845,5830,0.2,0.09249059110879898,0.0003,0.24078369140625,0.207177734375,,
383.3,1198080,19.5978,186,6407,585,0.022073638,-1.0868997164070606,-0.036514952656580134,1.75514972130768,5840,0.2,0.11395802348852158,0.0003,0.20701473951339722,0.19658203125,,
,1200000,,,,,0.027812086,-1.079977397248149,-0.03166398234607186,1.3718654523370788,5850,0.2,0.025647364556789398,0.0003,0.4218026399612427,0.214404296875,24.422,446.2
393.78,1200128,20.8015,186,6423,586,,,,,,,,,,,,
400.71,1202176,22.269600000000004,186,6432,587,0.02475142,-1.075561646744609,-0.032191866214270705,1.1706710737198591,5860,0.2,0.043364234268665314,0.0003,0.479190468788147,0.211572265625,,
393.23,1204224,21.396000000000004,186,6440,588,0.021492032,-0.994575235247612,-0.029692166672612076,2.6523914826102555,5870,0.2,0.04993636906147003,0.0003,-0.07929098606109619,0.1740234375,,
392.14,1206272,21.185299999999998,187,6449,589,0.023938434,-1.0817466482520104,-0.03437864525767509,1.7062606498831883,5880,0.2,0.013119883835315704,0.0003,0.4539070129394531,0.194873046875,,
396.84,1208320,21.0327,187,6458,590,0.027120851,-1.0018625617027284,-0.03514897222048603,1.6864059595158323,5890,0.2,0.10555952787399292,0.0003,0.29063111543655396,0.199755859375,,
,1210000,,,,,0.029867537,-1.079034854285419,-0.028388315011397935,1.6632155420491472,5900,0.2,0.10321085900068283,0.0003,0.3843708038330078,0.22451171875,15.62,365.2
398.89,1210368,21.253199999999996,186,6474,591,,,,,,,,,,,,
399.15,1212416,21.055999999999997,187,6483,592,0.038098797,-1.213058338686824,-0.039500760944793004,0.9773489678977058,5910,0.2,-0.02453293278813362,0.0003,0.5464135408401489,0.289208984375,,
408.11,1214464,22.1446,187,6492,593,0.02409833,-1.0338453406468033,-0.03445249872165732,1.6801010288763791,5920,0.2,0.18290835618972778,0.0003,0.37729430198669434,0.208154296875,,
415.52,1216512,22.918000000000003,187,6501,594,0.025298543,-1.1412929527461528,-0.03691928632033523,1.6581253390992061,5930,0.2,0.2697594165802002,0.0003,0.3395809531211853,0.22666015625,,
414.35,1218560,23.0062,187,6510,595,0.029270153,-1.0666777225211264,-0.03575996414583642,1.4081216792343185,5940,0.2,0.1381002515554428,0.0003,0.44180166721343994,0.224609375,,
,1220000,,,,,0.029195242,-1.1216055823490023,-0.03048312116006855,1.897127424692735,5950,0.2,0.14508165419101715,0.0003,0.4446558952331543,0.228076171875,10.614,264.2
422.17,1220608,23.9835,187,6525,596,,,,,,,,,,,,
419.51,1222656,23.557100000000005,187,6534,597,0.028601933,-0.986755701340735,-0.03697628012159839,1.7128428472904489,5960,0.2,0.02425456792116165,0.0003,0.018829286098480225,0.215771484375,,
417.57,1224704,23.837400000000002,187,6543,598,0.029930048,-1.0255753554403781,-0.036725886461499616,1.7054623363539576,5970,0.2,0.07201065868139267,0.0003,0.2664146423339844,0.207861328125,,
414.92,1226752,23.011699999999998,187,6553,599,0.02629097,-1.0849001519382,-0.03455650220857933,1.8709804211976007,5980,0.2,0.2683628797531128,0.0003,0.0921335220336914,0.209765625,,
422.05,1228800,23.5825,187,6561,600,0.027636029,-1.058173905685544,-0.03888441844028421,1.5141615422442556,5990,0.2,0.04653404653072357,0.0003,0.5031918883323669,0.213720703125,,
,1230000,,,,,0.025388561,-1.031246268376708,-0.034954031978850254,2.2957177474163473,6000,0.2,0.16793979704380035,0.0003,0.41090357303619385,0.1939453125,28.752000000000002,479.6
426.53,1230848,24.526399999999995,187,6578,601,,,,,,,,,,,,
419.05,1232896,23.552299999999995,187,6586,602,0.026043333,-1.0312811564654112,-0.03595870548742823,2.207986724190414,6010,0.2,0.15161877870559692,0.0003,0.11398404836654663,0.19189453125,,
426.86,1234944,24.629399999999997,187,6595,603,0.026565874,-1.0036482172086836,-0.03363572591624688,1.8739745870698243,6020,0.2,0.5442398190498352,0.0003,0.38469284772872925,0.200439453125,,
412.87,1236992,22.691100000000002,187,6604,604,0.02696729,-1.0287356661632656,-0.03238187253300566,2.4772359159309416,6030,0.2,0.16235752403736115,0.0003,-0.0018935203552246094,0.2025390625,,
410.23,1239040,22.265099999999997,187,6614,605,0.032098882,-0.9983655482530593,-0.03283170342328958,2.1252782113850115,6040,0.2,0.07975690811872482,0.0003,0.18839126825332642,0.20224609375,,
,1240000,,,,,0.029862065,-1.0729316459968685,-0.03743423671112396,1.5348035702016205,6050,0.2,0.02428712695837021,0.0003,0.45633721351623535,0.236962890625,23.034,507.2
405.86,1241088,21.322300000000006,187,6632,606,,,,,,,,,,,,
403.75,1243136,21.001299999999997,187,6642,607,0.03058939,-1.0938436292111873,-0.04181704379734583,1.6320980325108394,6060,0.2,-0.013890035450458527,0.0003,0.3272126317024231,0.239990234375,,
401.56,1245184,20.3796,187,6650,608,0.028132286,-0.9977491397410632,-0.03274255178694148,1.3312734832055866,6070,0.2,0.01728825271129608,0.0003,0.4130217432975769,0.20703125,,
414.67,1247232,21.6096,187,6659,609,0.02607977,-1.044131749495864,-0.03764747386594536,1.9241905827075243,6080,0.2,0.10055191069841385,0.0003,0.47146815061569214,0.2208984375,,
423.49,1249280,23.196299999999997,187,6669,610,0.028018638,-0.987533389404416,-0.036715349968289956,2.0199244630057365,6090,0.2,0.10798773914575577,0.0003,0.2725565433502197,0.218701171875,,
,1250000,,,,,0.030582769,-1.004427127726376,-0.036347753996960816,1.2424726764671505,6100,0.2,0.01035965234041214,0.0003,0.38027048110961914,0.227880859375,13.331999999999999,336.2
414.89,1251328,22.4108,187,6685,611,,,,,,,,,,,,
419.98,1253376,23.760600000000004,187,6693,612,0.03064506,-0.9641499076038599,-0.03594691454782151,1.6220302550820633,6110,0.2,0.08357691764831543,0.0003,0.4212989807128906,0.21083984375,,
406.53,1255424,22.327400000000008,187,6703,613,0.025615651,-1.0699454288929702,-0.034734173724427816,2.6620070030912757,6120,0.2,0.15745046734809875,0.0003,0.28131556510925293,0.1953125,,
408.65,1257472,22.548399999999997,187,6712,614,0.02881281,-1.0845885133370756,-0.03959812164539471,1.6714741747826338,6130,0.2,0.011486198753118515,0.0003,0.5557138919830322,0.225830078125,,
399.28,1259520,21.355799999999995,187,6721,615,0.029614793,-1.0726658614352345,-0.03277391042502131,1.6704677120782434,6140,0.2,0.12798500061035156,0.0003,0.36110919713974,0.2142578125,,
,1260000,,,,,0.029787801,-0.98999052811414,-0.03684407072141767,1.0404053979087622,6150,0.2,0.025674879550933838,0.0003,0.5137673616409302,0.23232421875,6.958,298.2
407.45,1261568,21.737199999999998,187,6736,616,,,,,,,,,,,,
413.02,1263616,22.492199999999997,187,6746,617,0.028280856,-1.0357462283223868,-0.03798514757363591,2.0622700299602004,6160,0.2,0.22032548487186432,0.0003,0.054000139236450195,0.21201171875,,
417.37,1265664,22.935299999999998,187,6755,618,0.033364728,-1.1184537390246987,-0.030567561084171756,0.9360129406908527,6170,0.2,0.029491282999515533,0.0003,0.44280797243118286,0.25,,
424.35,1267712,23.4049,187,6765,619,0.025515039,-1.0014203125610948,-0.03639457302633673,2.046615446265787,6180,0.2,0.014770910143852234,0.0003,0.1949886679649353,0.2,,
436.2,1269760,24.4225,187,6776,620,0.029419556,-0.9787883071228862,-0.02810010466782842,1.7406750600086525,6190,0.2,0.030837126076221466,0.0003,0.3425726294517517,0.196533203125,,
,1270000,,,,,0.02680114,-1.0527823692187668,-0.035326225857716054,1.4155944931786508,6200,0.2,0.005125522613525391,0.0003,-0.021053075790405273,0.23330078125,37.682,573.0
447.48,1271808,25.734299999999994,187,6795,621,,,,,,,,,,,,
446.94,1273856,25.329500000000003,187,6804,622,0.028798396,-1.0532635720446706,-0.03574089560424909,1.292542788083665,6210,0.2,0.1252197027206421,0.0003,0.4375354051589966,0.2365234375,,
445.52,1275904,24.715899999999998,187,6813,623,0.027314793,-0.9866229208186269,-0.03326457254297566,1.6278149319114164,6220,0.2,0.1516970545053482,0.0003,0.06359386444091797,0.199755859375,,
456.43,1277952,26.123700000000007,187,6822,624,0.029557765,-1.0874983869493007,-0.034548006605473344,1.9544667201582342,6230,0.2,0.015271268784999847,0.0003,0.2551608085632324,0.215869140625,,
,1280000,,,,,0.027628222,-1.0484135944396258,-0.03008966399647761,1.684575860435143,6240,0.2,0.07434481382369995,0.0003,0.530820369720459,0.21025390625,19.636,367.2
450.03,1280000,25.5602,187,6838,625,,,,,,,,,,,,
452.78,1282048,25.687599999999996,187,6847,626,0.026449924,-0.9818657577037812,-0.03703572725644335,1.5240616486407816,6250,0.2,0.09571497142314911,0.0003,0.23345649242401123,0.20029296875,,
454.72,1284096,25.6071,187,6857,627,0.025793644,-1.0377592930570245,-0.03457369970856235,2.019356743921526,6260,0.2,0.11367443203926086,0.0003,0.23778945207595825,0.190087890625,,
460.25,1286144,26.6616,187,6866,628,0.032360546,-1.068015856295824,-0.03861018276074901,1.1349418001249432,6270,0.2,0.30981165170669556,0.0003,0.2040894627571106,0.261083984375,,
461.65,1288192,26.5757,187,6875,629,0.02888353,-1.0048087699338795,-0.031538937357254326,1.5560976326465608,6280,0.2,-0.008243806660175323,0.0003,0.22179174423217773,0.21083984375,,
,1290000,,,,,0.02303674,-0.9603813322260976,-0.03350710672675632,1.5416161256609484,6290,0.2,0.0685211718082428,0.0003,0.27708345651626587,0.187353515625,34.718,476.8
460.65,1290240,26.565699999999996,187,6892,630,,,,,,,,,,,,
462.27,1292288,26.5819,187,6901,631,0.02838919,-1.0577300917357206,-0.035917241949937305,1.3398269329685717,6300,0.2,0.013001479208469391,0.0003,0.6186535954475403,0.221826171875,,
448.3,1294336,24.743900000000004,187,6910,632,0.021533903,-1.0462075755000115,-0.03472648964379914,2.3882422937080263,6310,0.2,0.07458919286727905,0.0003,0.22744590044021606,0.194775390625,,
451.92,1296384,25.479400000000002,187,6920,633,0.024099838,-0.9995937366038561,-0.03520472264499404,2.5383550864178686,6320,0.2,0.40477612614631653,0.0003,0.28525567054748535,0.192236328125,,
457.41,1298432,25.634,187,6929,634,0.02482333,-0.9829018462449313,-0.03179207780631259,1.8476998590864242,6330,0.2,0.013749096542596817,0.0003,0.4747329354286194,0.206591796875,,
,1300000,,,,,0.030138372,-1.0582950297743081,-0.03557798472756986,1.2327213609358296,6340,0.2,0.02354538068175316,0.0003,0.47851377725601196,0.220556640625,28.835999999999995,488.0
457.86,1300480,25.139,187,6946,635,,,,,,,,,,,,
464.92,1302528,26.308500000000002,187,6956,636,0.02572126,-1.0739782406017184,-0.033302553865360095,1.5841031573479996,6350,0.2,0.10820120573043823,0.0003,0.4455600380897522,0.199267578125,,
450.97,1304576,24.670499999999997,187,6964,637,0.027130343,-0.9842860149219632,-0.029218158710864372,1.9921154622221366,6360,0.2,0.07519625127315521,0.0003,0.30186957120895386,0.219287109375,,
453.66,1306624,25.1969,187,6974,638,0.024387293,-1.0033183744177223,-0.037978426614427005,2.75179702215828,6370,0.2,0.2897487282752991,0.0003,-0.08837473392486572,0.194140625,,
424.99,1308672,23.1122,187,6983,639,0.02813353,-0.9996294178068638,-0.03351245667145122,1.5307433596346527,6380,0.2,0.13169223070144653,0.0003,0.3871423006057739,0.210205078125,,
,1310000,,,,,0.030009894,-1.0454213947057724,-0.03417386618675664,1.6715176922734827,6390,0.2,0.18537580966949463,0.0003,0.2498069405555725,0.221630859375,15.804000000000002,383.6
406.55,1310720,21.0295,187,6998,640,,,,,,,,,,,,
411.23,1312768,21.7754,187,7007,641,0.0295811,-0.9938834292814136,-0.03430193713284098,1.4155175995547324,6400,0.2,0.0480053573846817,0.0003,0.4643983840942383,0.226416015625,,
416.0,1314816,22.422500000000003,187,7016,642,0.03336301,-1.002504093758762,-0.037556899810442704,1.1612597538391127,6410,0.2,0.004946477711200714,0.0003,0.5167333483695984,0.228564453125,,
420.87,1316864,22.770699999999998,187,7025,643,0.028148059,-1.0767283417284488,-0.03632304208585992,2.211187216965482,6420,0.2,0.23524752259254456,0.0003,0.25041306018829346,0.22958984375,,
414.75,1318912,21.8104,187,7034,644,0.035020724,-1.0717896211892366,-0.031000031289295293,1.2717635988723486,6430,0.2,0.0036167316138744354,0.0003,0.4024251699447632,0.22666015625,,
,1320000,,,,,0.028028376,-1.0648423837497831,-0.035198742311331445,1.7713171838317066,6440,0.2,0.10747780650854111,0.0003,0.2708585858345032,0.20478515625,17.753999999999998,378.8
408.18,1320960,21.145300000000002,187,7049,645,,,,,,,,,,,,
398.51,1323008,20.0496,187,7058,646,0.021690885,-0.9786191703751683,-0.025851369652082214,2.7841650158632545,6450,0.2,0.1697728931903839,0.0003,-0.030398249626159668,0.1701171875,,
397.0,1325056,19.8345,187,7066,647,0.023835396,-1.008839138224721,-0.032445235637715085,1.9923922472866251,6460,0.2,0.117159403860569,0.0003,0.13480597734451294,0.206884765625,,
394.97,1327104,19.8142,187,7075,648,0.029188026,-0.9421626755967736,-0.029360696641379035,1.7797302957624197,6470,0.2,0.21311815083026886,0.0003,0.42690497636795044,0.207763671875,,
398.11,1329152,20.1453,187,7084,649,0.026164353,-1.051171138510108,-0.03454222778382245,2.3328093284508213,6480,0.2,0.07287964969873428,0.0003,0.04556453227996826,0.19384765625,,
,1330000,,,,,0.028214922,-0.9638535426929593,-0.03435299756529275,2.087224491406232,6490,0.2,0.03413144499063492,0.0003,0.08885979652404785,0.195947265625,46.022000000000006,607.8
398.25,1331200,20.6462,187,7105,650,,,,,,,,,,,,
393.83,1333248,20.0028,187,7114,651,0.027350925,-0.9669470380991697,-0.03414460787025746,1.596173715405166,6500,0.2,0.017314761877059937,0.0003,0.41288530826568604,0.203662109375,,
393.37,1335296,19.7984,187,7124,652,0.027489029,-1.0357065867632627,-0.03142327488167211,1.7890779439127074,6510,0.2,0.046985603868961334,0.0003,0.2998274564743042,0.207275390625,,
396.78,1337344,20.3322,187,7134,653,0.02935423,-1.0622454918920994,-0.040863819676451384,1.3918152926955372,6520,0.2,0.03482729569077492,0.0003,0.4975835084915161,0.248779296875,,
394.49,1339392,20.0096,187,7143,654,0.025980372,-0.9672162245959044,-0.029663007764611393,1.4661379071185365,6530,0.2,0.048493221402168274,0.0003,0.3670406937599182,0.204833984375,,
,1340000,,,,,0.028471312,-1.0165378712117672,-0.036344592802925034,1.4532128196675331,6540,0.2,0.10366117209196091,0.0003,0.11456811428070068,0.210986328125,8.692,271.8
387.28,1341440,19.7377,187,7156,655,,,,,,,,,,,,
389.97,1343488,19.764599999999998,187,7165,656,0.024079926,-0.979937294125557,-0.03141616539505776,2.35572320856154,6550,0.2,0.09254686534404755,0.0003,0.3898453116416931,0.199755859375,,
391.64,1345536,20.081000000000003,187,7175,657,0.02617718,-0.974317966774106,-0.03710664946993347,1.4199050892610103,6560,0.2,0.013722896575927734,0.0003,0.3468300700187683,0.19921875,,
394.28,1347584,20.107199999999995,187,7184,658,0.03419351,-1.1252369906753301,-0.04361144165450241,1.1534633044619114,6570,0.2,0.06526902318000793,0.0003,0.46157515048980713,0.250439453125,,
410.38,1349632,21.8666,187,7194,659,0.02927622,-1.0808587884530425,-0.030263010042835957,2.1840864455327393,6580,0.2,0.08771784603595734,0.0003,-0.0010727643966674805,0.20224609375,,
,1350000,,,,,0.032677032,-0.9963637912645936,-0.04115437116415706,1.248744201520458,6590,0.2,0.005448430776596069,0.0003,0.5020650625228882,0.241748046875,19.8,383.6
412.36,1351680,22.385899999999996,187,7210,660,,,,,,,,,,,,
418.31,1353728,22.745099999999994,187,7219,661,0.026137877,-0.9168901607394219,-0.026495612523285673,1.5489215183304623,6600,0.2,0.02500249445438385,0.0003,0.2049959897994995,0.19609375,,
410.84,1355776,21.971100000000007,187,7229,662,0.025909008,-0.927202396467328,-0.034003488760208714,1.6289364119060337,6610,0.2,0.05845550447702408,0.0003,0.2154712677001953,0.189501953125,,
395.73,1357824,20.921099999999996,187,7238,663,0.023733512,-0.8861546274274588,-0.03357156573329121,1.9479047926608473,6620,0.2,0.18505436182022095,0.0003,0.3892119526863098,0.183203125,,
394.33,1359872,21.207000000000004,187,7246,664,0.024351481,-0.9414063712581993,-0.03285434867138974,2.2007024005055427,6630,0.2,0.045031238347291946,0.0003,0.1806749701499939,0.191943359375,,
,1360000,,,,,0.02586603,-1.0207804014906288,-0.031570806709351015,2.2246975413290784,6640,0.2,-0.01823693886399269,0.0003,-0.11033976078033447,0.195654296875,17.134,316.8
403.07,1361920,22.093600000000002,187,7262,665,,,,,,,,,,,,
394.74,1363968,21.1112,187,7271,666,0.029332742,-1.0001373961567879,-0.03275998420431279,1.4897983640199528,6650,0.2,0.02408582717180252,0.0003,0.23952412605285645,0.220654296875,,
387.79,1366016,20.242499999999996,187,7280,667,0.025457017,-0.982138036005199,-0.0337155665300088,2.0868973578792067,6660,0.2,0.17839132249355316,0.0003,0.03880983591079712,0.20380859375,,
372.42,1368064,18.390499999999996,187,7289,668,0.025994139,-1.0222536198794843,-0.03144331470830366,1.3118576511740685,6670,0.2,0.13702479004859924,0.0003,0.3595161437988281,0.230078125,,
,1370000,,,,,0.024795622,-1.0331255054101347,-0.03376492683019024,2.1691437358502297,6680,0.2,0.15478366613388062,0.0003,-0.0902479887008667,0.198974609375,41.528,558.4
371.49,1370112,17.9814,187,7309,669,,,,,,,,,,,,
376.11,1372160,18.0274,187,7318,670,0.030150678,-1.0160899532958865,-0.032519920472987,1.609829936362803,6690,0.2,0.05806775391101837,0.0003,0.3446497917175293,0.217529296875,,
368.07,1374208,16.9478,187,7327,671,0.025617233,-1.01407421939075,-0.035973241117608266,2.023046461166814,6700,0.2,0.178725004196167,0.0003,0.0934213399887085,0.20986328125,,
361.92,1376256,16.387,187,7336,672,0.028459288,-1.0030745716765523,-0.03646399081480922,1.6830232900567352,6710,0.2,-0.0009122267365455627,0.0003,0.2922248840332031,0.212841796875,,
369.75,1378304,17.164599999999997,187,7345,673,0.029390149,-1.0296146096661687,-0.03730396294267848,1.7015047881286591,6720,0.2,0.12034433335065842,0.0003,-0.3424891233444214,0.22919921875,,
,1380000,,,,,0.025319025,-0.9706583930179477,-0.03578019474516623,1.8004111188929528,6730,0.2,0.13902604579925537,0.0003,0.04553598165512085,0.198095703125,28.04,408.4
362.6,1380352,16.793400000000002,187,7362,674,,,,,,,,,,,,
364.18,1382400,17.3089,187,7371,675,0.02695135,-0.9612601641565561,-0.028071346643264404,1.414182691439055,6740,0.2,0.14286093413829803,0.0003,0.42781293392181396,0.2091796875,,
353.49,1384448,16.3029,187,7381,676,0.028508414,-0.9646939257159829,-0.03551669400476385,1.2984588932711632,6750,0.2,-1.4513731002807617e-05,0.0003,0.38725996017456055,0.2203125,,
345.15,1386496,15.220500000000001,187,7390,677,0.034770306,-1.0113712718710304,-0.03299857067177072,1.2378500526305287,6760,0.2,0.017076440155506134,0.0003,0.5370169878005981,0.22626953125,,
348.18,1388544,15.7503,187,7399,678,0.019934192,-1.0271438483148814,-0.034523944411193955,2.855180624080822,6770,0.2,0.21783658862113953,0.0003,0.4722697138786316,0.182421875,,
,1390000,,,,,0.023698963,-0.9718100439757109,-0.031775466032559055,2.3702442730544133,6780,0.2,0.172787144780159,0.0003,0.27537280321121216,0.189404296875,8.766000000000002,279.2
350.43,1390592,16.1724,187,7415,679,,,,,,,,,,,,
363.75,1392640,17.604100000000003,187,7424,680,0.029967539,-0.9748919984325767,-0.03823252433212474,1.4409831905271857,6790,0.2,0.02727699652314186,0.0003,0.4014461636543274,0.239599609375,,
366.82,1394688,18.434199999999997,187,7434,681,0.026401935,-0.9905850809067488,-0.030541061447001992,2.116051128786057,6800,0.2,0.21967557072639465,0.0003,0.3829882740974426,0.203369140625,,
365.01,1396736,17.8167,187,7443,682,0.031927727,-0.9932791359722615,-0.03251763896550983,2.4567853261251003,6810,0.2,0.038821253925561905,0.0003,0.10588681697845459,0.21259765625,,
361.51,1398784,17.482,187,7452,683,0.025491292,-1.009886953048408,-0.03291904464131221,2.1161271102726458,6820,0.2,0.22510848939418793,0.0003,0.09528195858001709,0.19287109375,,
,1400000,,,,,0.028583553,-1.0314388997852801,-0.0365882739337394,1.896369380876422,6830,0.2,-0.00972331315279007,0.0003,0.08713436126708984,0.2259765625,15.282,331.4
370.12,1400832,17.9677,187,7467,684,,,,,,,,,,,,
372.88,1402880,18.495,187,7476,685,0.028375782,-1.1018263876438141,-0.03675581087882165,1.648998619383201,6840,0.2,0.016921192407608032,0.0003,0.3984839916229248,0.2162109375,,
382.05,1404928,19.485799999999998,187,7485,686,0.03505168,-1.0038317665457726,-0.04221687429235317,0.740764549956657,6850,0.2,-0.0024265721440315247,0.0003,0.5414034128189087,0.251416015625,,
387.81,1406976,20.542599999999997,187,7494,687,0.02609606,-1.066847399249673,-0.029643089373712427,1.9137689637253061,6860,0.2,0.019258059561252594,0.0003,0.2822595238685608,0.21337890625,,
386.05,1409024,20.4251,187,7503,688,0.030511819,-1.0434410346671938,-0.03578565192874521,1.6686178504722193,6870,0.2,0.10502118617296219,0.0003,0.13452589511871338,0.235986328125,,
,1410000,,,,,0.03024906,-1.0455356635153294,-0.03638878407655284,1.372044016001746,6880,0.2,0.17063182592391968,0.0003,0.31813251972198486,0.22890625,13.642000000000001,367.2
386.98,1411072,20.7341,187,7518,689,,,,,,,,,,,,
390.84,1413120,20.872600000000006,187,7527,690,0.036365394,-1.0332926359027623,-0.03761430059967097,1.4029286636970937,6890,0.2,0.024417176842689514,0.0003,0.26974624395370483,0.24443359375,,
400.11,1415168,21.964100000000002,187,7537,691,0.026941326,-0.9981884492561222,-0.03898561851528939,2.0322198984213173,6900,0.2,0.05716293305158615,0.0003,0.3052409291267395,0.20546875,,
392.97,1417216,20.693900000000003,187,7546,692,0.031066516,-0.9737193284556269,-0.04560692797240336,1.6265861267456785,6910,0.2,0.05593758821487427,0.0003,0.26350337266921997,0.22763671875,,
394.52,1419264,20.909200000000002,187,7556,693,0.026229437,-1.0325588379055262,-0.034761178752523846,2.0722698996774853,6920,0.2,0.048471346497535706,0.0003,0.155473530292511,0.201171875,,
,1420000,,,,,0.02874571,-1.0898034093901514,-0.032276037827250546,2.1743783767800777,6930,0.2,0.05300500988960266,0.0003,-0.12910723686218262,0.22900390625,13.331999999999999,336.2
387.3,1421312,19.7379,187,7570,694,,,,,,,,,,,,
382.5,1423360,19.290300000000002,187,7579,695,0.027768115,-1.0653965357691049,-0.0342197397898417,1.4744035068433732,6940,0.2,0.10031121969223022,0.0003,0.4121052622795105,0.2283203125,,
387.61,1425408,20.3404,187,7588,696,0.024231156,-1.0746429540216922,-0.028929918906942475,3.0070468126796186,6950,0.2,0.13706481456756592,0.0003,0.06743824481964111,0.201123046875,,
380.37,1427456,19.169100000000004,187,7597,697,0.0324805,-0.9977283511310816,-0.03963173886586446,1.1950214739888907,6960,0.2,0.03760816901922226,0.0003,0.40615588426589966,0.22431640625,,
376.36,1429504,18.429699999999997,187,7606,698,0.027972251,-1.0415668392553925,-0.030912234852439723,1.896253325138241,6970,0.2,0.09831973165273666,0.0003,0.3268775939941406,0.2009765625,,
,1430000,,,,,0.03189086,-0.976027792878449,-0.03902234468841925,0.9463803853839636,6980,0.2,-0.04723754897713661,0.0003,0.6998828649520874,0.2314453125,15.378,341.0
369.63,1431552,16.963599999999996,187,7621,699,,,,,,,,,,,,
371.52,1433600,16.6826,187,7630,700,0.029811934,-0.9884533371776343,-0.0311964583263034,1.5724874890060163,6990,0.2,0.07423172891139984,0.0003,0.12301945686340332,0.223974609375,,
381.2,1435648,17.9784,187,7638,701,0.025350068,-1.097298271022737,-0.03704685587435961,2.160884383553639,7000,0.2,0.08434099704027176,0.0003,0.26487457752227783,0.209375,,
381.5,1437696,18.3812,187,7647,702,0.028509885,-1.07807918805629,-0.03733648707566317,1.2604325668187812,7010,0.2,0.08168009668588638,0.0003,0.40132683515548706,0.2380859375,,
385.48,1439744,18.620600000000003,188,7656,703,0.032877274,-1.1468605466187,-0.0442199950106442,1.2892584213754161,7020,0.2,0.0053308866918087006,0.0003,0.5457744598388672,0.23779296875,,
,1440000,,,,,0.027873509,-1.0724521161988378,-0.0332177364587551,1.9755177275743336,7030,0.2,0.10675357282161713,0.0003,0.22930878400802612,0.211572265625,25.8,384.2
381.46,1441792,17.9812,187,7673,704,,,,,,,,,,,,
389.23,1443840,19.4579,187,7683,705,0.02885632,-1.0668385591357947,-0.029321955147315747,1.773735476587899,7040,0.2,0.05701303854584694,0.0003,0.2246183156967163,0.238427734375,,
389.22,1445888,19.258,187,7692,706,0.02770641,-1.0247440312057734,-0.034808290541695895,1.7589880515588447,7050,0.2,0.04128967225551605,0.0003,0.05256110429763794,0.22744140625,,
378.34,1447936,18.150199999999998,188,7701,707,0.027917694,-1.0337250206619502,-0.03464759568450972,1.5879068646579981,7060,0.2,0.021344050765037537,0.0003,0.21584588289260864,0.223876953125,,
385.75,1449984,19.1234,188,7709,708,0.028655114,-1.013395968079567,-0.032670497517392504,1.964298630785197,7070,0.2,0.19571682810783386,0.0003,0.36160796880722046,0.218896484375,,
,1450000,,,,,0.029898923,-0.9888338964432478,-0.04018219528079499,2.1206659086979927,7080,0.2,0.05953122675418854,0.0003,0.03162562847137451,0.2158203125,13.474,350.4
375.63,1452032,17.923299999999998,187,7725,709,,,,,,,,,,,,
370.42,1454080,17.271800000000002,188,7733,710,0.02886526,-1.0371268266811966,-0.03890653807029594,1.613125140615739,7090,0.2,0.12333131581544876,0.0003,0.4029121398925781,0.241015625,,
368.7,1456128,16.7551,188,7742,711,0.030416626,-1.039590293355286,-0.03802169199625496,1.7587320927530528,7100,0.2,-0.004278749227523804,0.0003,-0.10266590118408203,0.2361328125,,
371.84,1458176,16.986299999999996,188,7751,712,0.03460329,-1.0934722241014243,-0.0418185907881707,1.2047090535168536,7110,0.2,-0.018158182501792908,0.0003,0.5090962052345276,0.263916015625,,
,1460000,,,,,0.03141529,-1.079383921995759,-0.03448646235046908,1.3138414629502222,7120,0.2,0.06039290130138397,0.0003,0.3390237092971802,0.24140625,15.966000000000003,399.8
387.83,1460224,18.844499999999996,187,7767,713,,,,,,,,,,,,
388.04,1462272,18.746699999999997,188,7776,714,0.02740678,-0.987871240079403,-0.03191356181923766,1.8413318398408591,7130,0.2,0.021128937602043152,0.0003,0.09379345178604126,0.205712890625,,
399.35,1464320,19.758900000000004,188,7784,715,0.027342387,-1.0513747498393058,-0.035061909575597384,1.4331390434643254,7140,0.2,0.03690246865153313,0.0003,0.4236282706260681,0.217333984375,,
402.07,1466368,20.285800000000002,188,7793,716,0.025557356,-1.005438487790525,-0.03235549252422061,1.676121524046175,7150,0.2,-0.016134902834892273,0.0003,0.40074384212493896,0.1966796875,,
403.35,1468416,20.598500000000005,188,7802,717,0.030465607,-1.0395073652267457,-0.04062330524902791,1.1823490474373102,7160,0.2,-0.010492004454135895,0.0003,0.5435606241226196,0.237890625,,
,1470000,,,,,0.026036918,-1.089719545096159,-0.03845855197578203,1.7213304614881053,7170,0.2,0.03458943963050842,0.0003,0.20953553915023804,0.2197265625,6.458000000000001,248.2
398.86,1470464,20.3538,188,7815,718,,,,,,,,,,,,
401.26,1472512,20.977200000000003,188,7824,719,0.029664567,-1.0070921322330832,-0.03096156358078588,1.9255515924887732,7180,0.2,0.0710839033126831,0.0003,0.29642510414123535,0.193359375,,
394.91,1474560,20.2144,188,7833,720,0.031246813,-1.041915857978165,-0.031330670698662286,1.8881247902056202,7190,0.2,0.04039568454027176,0.0003,0.15674978494644165,0.20751953125,,
387.35,1476608,19.6391,188,7842,721,0.032179933,-1.059315327182412,-0.040294857340632005,1.2546580230351538,7200,0.2,0.014163248240947723,0.0003,0.2613598704338074,0.251806640625,,
386.59,1478656,20.0311,188,7851,722,0.027377892,-1.0988842615857721,-0.040456203249050304,1.5324950151611119,7210,0.2,0.026533737778663635,0.0003,0.2966359257698059,0.23974609375,,
,1480000,,,,,0.028084377,-1.0123549120500683,-0.03595314099220559,1.8407912150258199,7220,0.2,0.014699671417474747,0.0003,0.26527607440948486,0.207080078125,13.596,362.6
389.79,1480704,20.1628,188,7867,723,,,,,,,,,,,,
390.76,1482752,19.472800000000003,188,7875,724,0.025376776,-1.0588272409513593,-0.03309739107498899,2.3825647625140847,7230,0.2,0.2120467722415924,0.0003,-0.017033100128173828,0.21181640625,,
388.58,1484800,19.151099999999996,188,7884,725,0.03253352,-1.1884575016796588,-0.03518478020268958,1.8006480045150965,7240,0.2,0.01813780888915062,0.0003,0.30267447233200073,0.23662109375,,
396.44,1486848,19.8291,188,7893,726,0.027917698,-1.0445488672703505,-0.03839053777628578,2.389042135211639,7250,0.2,0.05340993404388428,0.0003,0.030304670333862305,0.209765625,,
398.11,1488896,19.446200000000005,188,7902,727,0.025215473,-1.0534052124246955,-0.034593915718141945,1.9301636084448546,7260,0.2,0.0344531387090683,0.0003,0.22636467218399048,0.223095703125,,
,1490000,,,,,0.029518507,-1.0297404795885086,-0.039226795837748796,2.0542886350071057,7270,0.2,0.05742264539003372,0.0003,0.2646562457084656,0.21064453125,39.438,548.8
397.27,1490944,19.8374,188,7922,728,,,,,,,,,,,,
405.96,1492992,21.1231,188,7931,729,0.029982802,-1.0179693231359124,-0.03685262539656833,1.7299985963385551,7280,0.2,0.11312568932771683,0.0003,0.3121185302734375,0.221435546875,,
409.45,1495040,21.957200000000004,188,7940,730,0.0281025,-1.0279268261045218,-0.039855042603448965,2.010810601012781,7290,0.2,0.06709829717874527,0.0003,0.3416494131088257,0.22314453125,,
409.23,1497088,22.054900000000004,188,7949,731,0.031086285,-1.0016609448939562,-0.036985295938211496,1.9971929291728885,7300,0.2,0.07067279517650604,0.0003,0.46016180515289307,0.217138671875,,
405.76,1499136,21.5207,188,7957,732,0.025332617,-1.0713534282520414,-0.03787856884591747,2.870036058034748,7310,0.2,0.30155739188194275,0.0003,0.18054670095443726,0.1978515625,,
,1500000,,,,,0.030887067,-1.1450963703915478,-0.03522650196682662,1.5369395419955254,7320,0.2,0.04184572771191597,0.0003,0.4852597713470459,0.254345703125,-1.8939999999999997,212.2
395.7,1501184,20.620899999999995,188,7970,733,,,,,,,,,,,,
379.09,1503232,18.256799999999995,188,7979,734,0.026969023,-0.8706269703805447,-0.03947930294089019,2.251942579820752,7330,0.2,0.0810210257768631,0.0003,0.053083181381225586,0.196484375,,
374.1,1505280,17.906999999999996,188,7988,735,0.030157112,-0.9531531933695078,-0.037624045531265436,1.7951783244963735,7340,0.2,0.05443029850721359,0.0003,0.44457048177719116,0.207421875,,
368.53,1507328,17.251900000000003,188,7997,736,0.030310158,-0.99671763908118,-0.03353617085376755,1.7113270301371812,7350,0.2,0.19604909420013428,0.0003,0.314983606338501,0.218994140625,,
373.85,1509376,17.9045,188,8005,737,0.034744874,-1.0483068386092782,-0.041004417385556734,1.368649100116454,7360,0.2,-0.014382846653461456,0.0003,0.5260567665100098,0.2513671875,,
,1510000,,,,,0.025750466,-1.0435869634151458,-0.03627963622857351,1.67009629777167,7370,0.2,0.3292387127876282,0.0003,0.07823026180267334,0.218115234375,4.712000000000001,273.4
385.63,1511424,19.2211,188,8019,738,,,,,,,,,,,,
378.36,1513472,18.5488,188,8028,739,0.033215716,-0.9393823588266969,-0.034647739864885806,1.6944385909475386,7380,0.2,0.04513499140739441,0.0003,0.27465707063674927,0.21259765625,,
387.18,1515520,19.4362,188,8037,740,0.029059155,-0.9947876742109656,-0.03567075406608637,1.6859769069589674,7390,0.2,0.04263950139284134,0.0003,0.6186144351959229,0.217919921875,,
370.21,1517568,17.3684,188,8045,741,0.027555648,-1.0439762100577354,-0.031943526130635294,2.2398387404624374,7400,0.2,0.028457045555114746,0.0003,0.007534980773925781,0.189697265625,,
372.57,1519616,17.791600000000003,188,8054,742,0.0293011,-1.00184990670532,-0.03707877918786835,1.8135484949685634,7410,0.2,0.2406911700963974,0.0003,0.2251797914505005,0.2201171875,,
,1520000,,,,,0.031088494,-0.9640099387615919,-0.03949112606642302,1.7960219951579348,7420,0.2,0.12559671700000763,0.0003,0.20334291458129883,0.222265625,8.868,289.0
368.05,1521664,17.746600000000004,188,8068,743,,,,,,,,,,,,
365.32,1523712,18.0194,188,8077,744,0.02494331,-0.9200593063607811,-0.03207453492213972,1.6277077018748969,7430,0.2,0.019083723425865173,0.0003,0.40728044509887695,0.203466796875,,
376.75,1525760,19.6322,188,8086,745,0.028481357,-0.9206756472587585,-0.03471041731536388,1.4894612344214693,7440,0.2,0.09898649156093597,0.0003,0.3777024745941162,0.197607421875,,
383.24,1527808,20.3964,188,8095,746,0.027452074,-0.9932258384302258,-0.036180648111621846,2.13325175861828,7450,0.2,0.08970870077610016,0.0003,0.18837475776672363,0.221484375,,
382.73,1529856,20.191699999999997,188,8104,747,0.030640163,-0.9403516832739115,-0.03590172999247443,1.779804744455032,7460,0.2,0.09111747145652771,0.0003,0.12164384126663208,0.219873046875,,
,1530000,,,,,0.03471371,-1.0328516580164433,-0.03776427665143274,1.1842147013172508,7470,0.2,0.02071215957403183,0.0003,0.42976605892181396,0.236767578125,4.424,244.6
380.4,1531904,20.168599999999998,188,8117,748,,,,,,,,,,,,
375.1,1533952,19.815900000000003,188,8126,749,0.0291059,-1.0369981531053782,-0.03592889404972084,2.394271082105115,7480,0.2,0.04072736203670502,0.0003,0.32964468002319336,0.215771484375,,
379.04,1536000,20.654500000000002,188,8136,750,0.028817073,-1.0163283916190267,-0.03671231511689257,2.186678984435275,7490,0.2,0.066062331199646,0.0003,0.3050835132598877,0.20888671875,,
376.02,1538048,20.6243,188,8145,751,0.02858494,-1.0062322638928891,-0.038485935401695315,2.182899006921798,7500,0.2,0.239502415060997,0.0003,0.21293151378631592,0.24189453125,,
,1540000,,,,,0.034867544,-1.0389791756868363,-0.035840648374869485,1.2365962331648916,7510,0.2,0.020945049822330475,0.0003,0.5464219450950623,0.25927734375,32.838,488.6
380.61,1540096,20.6702,188,8163,752,,,,,,,,,,,,
388.71,1542144,21.4505,188,8172,753,0.028131884,-1.0365545427426697,-0.034222122508799656,1.6276126200566068,7520,0.2,0.12581607699394226,0.0003,0.33600014448165894,0.22353515625,,
381.36,1544192,20.377999999999997,188,8181,754,0.02616658,-0.9530712895095348,-0.031359980365959925,2.085814023204148,7530,0.2,0.029723182320594788,0.0003,0.1544092893600464,0.206396484375,,
379.87,1546240,20.9629,188,8190,755,0.031854942,-1.0437465766444802,-0.04034596526180394,1.8078332789242268,7540,0.2,0.049806371331214905,0.0003,0.3384694457054138,0.2388671875,,
380.37,1548288,21.267599999999998,188,8199,756,0.028616212,-0.9825159469619393,-0.03172522655222565,2.0957597595173865,7550,0.2,0.16317220032215118,0.0003,0.10469251871109009,0.21923828125,,
,1550000,,,,,0.030380493,-0.9875747686251998,-0.034457398619269955,1.5299898502416909,7560,0.2,0.1045992374420166,0.0003,0.1914549469947815,0.222021484375,13.425999999999998,345.6
381.66,1550336,21.18060000000001,188,8214,757,,,,,,,,,,,,
388.56,1552384,21.5493,188,8222,758,0.028772227,-1.0614322485402226,-0.03113957638706779,2.099657276039943,7570,0.2,0.07942420244216919,0.0003,0.08893316984176636,0.217919921875,,
386.49,1554432,21.428700000000003,188,8232,759,0.027876657,-1.066847020201385,-0.03727480523375561,1.8372600691858678,7580,0.2,0.04627172648906708,0.0003,0.2159174680709839,0.22431640625,,
397.04,1556480,22.832900000000006,188,8242,760,0.030806733,-1.031551830470562,-0.03485788175021298,1.9551391680724919,7590,0.2,0.010756701231002808,0.0003,0.08916938304901123,0.245263671875,,
399.57,1558528,23.057999999999996,188,8252,761,0.032139994,-1.0035642495378851,-0.032435056954273025,1.4104880550643428,7600,0.2,0.05829937756061554,0.0003,0.2666298747062683,0.23359375,,
,1560000,,,,,0.034036636,-1.0245217332616448,-0.040704287157859655,1.974374881736003,7610,0.2,-0.007418889552354813,0.0003,0.37993961572647095,0.225341796875,11.898,392.6
396.22,1560576,22.4249,188,8268,762,,,,,,,,,,,,
394.16,1562624,22.004700000000003,188,8278,763,0.028227711,-1.050725942850113,-0.03768619233451318,1.7818258829880507,7620,0.2,0.059200964868068695,0.0003,0.20998215675354004,0.207568359375,,
379.88,1564672,19.9636,188,8287,764,0.032224502,-1.053134980238974,-0.03195114803675096,1.6473866215441375,7630,0.2,0.015407823026180267,0.0003,0.20434659719467163,0.2228515625,,
364.98,1566720,17.7165,188,8297,765,0.03210622,-1.0682889569550753,-0.0352881380560575,1.5659006407717242,7640,0.2,0.049665890634059906,0.0003,0.3275429606437683,0.232666015625,,
363.29,1568768,16.8003,188,8306,766,0.034760863,-1.0970928227528929,-0.039404551635379904,1.2420167879899964,7650,0.2,0.02663983777165413,0.0003,0.45897775888442993,0.239111328125,,
,1570000,,,,,0.028692354,-0.9759108001366258,-0.03715159303392283,1.0913438966264948,7660,0.2,0.01452065259218216,0.0003,0.5888656377792358,0.216162109375,13.222,324.8
364.92,1570816,16.5169,188,8322,767,,,,,,,,,,,,
368.28,1572864,16.750299999999996,188,8331,768,0.032802053,-1.0755488809198142,-0.0389415205543628,1.3830400788923725,7670,0.2,0.03174097090959549,0.0003,0.46640634536743164,0.2505859375,,
376.13,1574912,17.7279,188,8340,769,0.027229782,-1.0634618878364563,-0.03679718773928471,1.8845003862399607,7680,0.2,0.2849424183368683,0.0003,0.010910451412200928,0.218701171875,,
366.66,1576960,16.4344,188,8348,770,0.03906889,-1.0115719707682729,-0.035698125045746563,1.11009416107554,7690,0.2,0.026195719838142395,0.0003,0.636918306350708,0.24375,,
360.88,1579008,15.7772,188,8357,771,0.025650196,-1.0295332258567214,-0.028454804330249318,1.7575042752083392,7700,0.2,0.14108848571777344,0.0003,0.18622785806655884,0.2056640625,,
,1580000,,,,,0.029272256,-1.1110280610620975,-0.03571187467314303,1.748165063909255,7710,0.2,0.06246526166796684,0.0003,0.07482302188873291,0.225732421875,24.598000000000003,463.8
367.08,1581056,16.438599999999997,188,8374,772,,,,,,,,,,,,
368.44,1583104,16.052400000000002,188,8383,773,0.029907407,-0.9886101447045803,-0.033685491941287185,1.5121280757710338,7720,0.2,-0.0029891766607761383,0.0003,0.20382922887802124,0.233447265625,,
356.51,1585152,14.734300000000001,188,8392,774,0.031091535,-1.1185610312968493,-0.041054180706851184,1.692912626871839,7730,0.2,-0.006517685949802399,0.0003,-0.18169927597045898,0.239990234375,,
347.56,1587200,14.0458,188,8400,775,0.0274061,-1.0504733990877866,-0.0341247553791618,1.4692622987553476,7740,0.2,0.05950245261192322,0.0003,0.14123988151550293,0.230517578125,,
346.72,1589248,14.237400000000001,188,8409,776,0.038115058,-1.126726134866476,-0.04168978417583276,1.4058448468567804,7750,0.2,0.04280109703540802,0.0003,0.4682502746582031,0.286279296875,,
,1590000,,,,,0.030249555,-1.0724311953410506,-0.03933801272360142,1.9110955613898113,7760,0.2,0.06335695087909698,0.0003,0.23224622011184692,0.228955078125,-2.2440000000000007,177.2
339.38,1591296,13.3648,188,8420,777,,,,,,,,,,,,
343.24,1593344,13.5033,189,8429,778,0.028794162,-1.036359642446041,-0.03703194039408118,1.8680383377708494,7770,0.2,0.037151530385017395,0.0003,0.09567993879318237,0.226171875,,
351.56,1595392,14.485599999999994,189,8437,779,0.028995283,-1.0395959643647075,-0.04003097358800005,1.7989631090778857,7780,0.2,0.08402466773986816,0.0003,0.17176705598831177,0.224853515625,,
354.59,1597440,14.915500000000002,189,8446,780,0.034866154,-1.1183517258614302,-0.046379468814120625,1.5512644855771214,7790,0.2,0.006057210266590118,0.0003,0.3635919690132141,0.262451171875,,
363.27,1599488,15.7016,189,8454,781,0.03157915,-1.0586499681696295,-0.03872697407205124,1.153336579306051,7800,0.2,0.043375276029109955,0.0003,0.5047571659088135,0.237841796875,,
,1600000,,,,,0.033794258,-1.1652752544730902,-0.03831642046861816,1.9621358521748333,7810,0.2,0.037801533937454224,0.0003,0.19110924005508423,0.221044921875,21.862000000000002,390.0
371.4,1601536,16.9817,189,8469,782,,,,,,,,,,,,
373.87,1603584,17.106299999999997,189,8478,783,0.035332475,-1.0734674213454127,-0.037045918786316176,1.2651708899531513,7820,0.2,0.013399258255958557,0.0003,0.33758705854415894,0.223095703125,,
369.86,1605632,17.1661,189,8486,784,0.030053241,-1.0767959466204047,-0.03471367740712594,1.9571804633596912,7830,0.2,0.25892990827560425,0.0003,0.41178566217422485,0.2095703125,,
369.96,1607680,17.1671,189,8495,785,0.022922538,-1.0411040311679245,-0.03360698872129433,3.773152806935832,7840,0.2,0.33864763379096985,0.0003,-0.2709556818008423,0.173583984375,,
369.03,1609728,16.8583,189,8504,786,0.027953498,-1.1014157827943563,-0.0349796578346286,1.7909915677504613,7850,0.2,0.09791611135005951,0.0003,-0.1851288080215454,0.220361328125,,
,1610000,,,,,0.034167174,-1.0818740516901015,-0.039651490398682654,1.2727793445577844,7860,0.2,0.01891331374645233,0.0003,0.39496392011642456,0.2412109375,22.440000000000005,447.8
370.16,1611776,16.6698,189,8520,787,,,,,,,,,,,,
381.77,1613824,18.1845,189,8529,788,0.030480433,-1.0865268530324101,-0.03986738036619499,1.330176162160933,7870,0.2,0.11484643071889877,0.0003,0.39000028371810913,0.234814453125,,
386.68,1615872,19.132899999999996,189,8538,789,0.03221573,-1.0217537514865398,-0.030958529326017014,1.1468226777156816,7880,0.2,0.04920630156993866,0.0003,0.5139590501785278,0.240771484375,,
381.24,1617920,18.679100000000002,189,8547,790,0.032534197,-1.0146598607301711,-0.04141846811689902,1.5609013121807949,7890,0.2,0.03607800975441933,0.0003,0.21462130546569824,0.252099609375,,
385.46,1619968,19.120899999999995,189,8555,791,0.028707795,-1.0971001733094454,-0.035904075382859446,1.4856368012726306,7900,0.2,0.022666364908218384,0.0003,0.10528290271759033,0.2263671875,,
,1620000,,,,,0.031524476,-1.1093169076368212,-0.037822588928975165,2.0411072983872147,7910,0.2,-0.010892733931541443,0.0003,0.11015284061431885,0.230517578125,23.7,373.6
390.06,1622016,19.166699999999995,189,8572,792,,,,,,,,,,,,
393.2,1624064,19.6978,189,8580,793,0.033219226,-1.0679765878245235,-0.03786157305585221,1.3217954997206107,7920,0.2,0.024141281843185425,0.0003,0.432697057723999,0.24775390625,,
406.87,1626112,21.3332,189,8589,794,0.033887014,-1.0437502942979335,-0.04083613225375302,2.125804121000692,7930,0.2,0.09143635630607605,0.0003,-0.04169917106628418,0.229150390625,,
412.77,1628160,21.691499999999998,189,8598,795,0.030559998,-1.0559465555474161,-0.03396752683038358,1.5389412770979107,7940,0.2,0.030898921191692352,0.0003,0.1523379683494568,0.21455078125,,
,1630000,,,,,0.03164425,-0.9936864158138633,-0.03816189292410854,1.5462655981536955,7950,0.2,0.3310960531234741,0.0003,0.4998205304145813,0.215087890625,29.262,530.6
418.22,1630208,22.2453,189,8616,796,,,,,,,,,,,,
405.2,1632256,20.816599999999994,189,8624,797,0.031140171,-1.0384856831282376,-0.035933452515746464,1.5341380779165774,7960,0.2,0.0466231033205986,0.0003,0.296301007270813,0.2248046875,,
404.51,1634304,20.7098,189,8632,798,0.03334966,-1.0483407309278845,-0.04059250916470773,1.3615346348378807,7970,0.2,-0.0010902062058448792,0.0003,0.3164329528808594,0.2498046875,,
409.42,1636352,21.358300000000003,189,8640,799,0.025834238,-0.9652505356818437,-0.035248432014486755,1.9562627632403746,7980,0.2,0.08377788215875626,0.0003,0.3243878483772278,0.197314453125,,
401.48,1638400,20.080099999999998,189,8649,800,0.028857386,-1.0532818019390107,-0.0364281689748168,1.6808778056874871,7990,0.2,0.03577476739883423,0.0003,0.5186575651168823,0.2345703125,,
,1640000,,,,,0.028711803,-1.047856747917831,-0.03647016179747879,1.3368953360710294,8000,0.2,0.04258407652378082,0.0003,0.48403382301330566,0.22685546875,20.4,443.6
390.94,1640448,18.775899999999996,189,8666,801,,,,,,,,,,,,
396.62,1642496,19.1324,189,8677,802,0.03349068,-1.071136972308159,-0.038421711628325285,1.4297472919803114,8010,0.2,0.029729381203651428,0.0003,0.4293792247772217,0.236474609375,,
400.81,1644544,19.4742,189,8686,803,0.03663078,-1.0792926643043756,-0.035283662131405436,1.0015564136672765,8020,0.2,0.06295277178287506,0.0003,0.5413188934326172,0.257275390625,,
403.42,1646592,19.8,189,8695,804,0.03209822,-1.0413331408053637,-0.040634727955330165,0.9904671088559553,8030,0.2,-0.015429474413394928,0.0003,0.48643428087234497,0.247900390625,,
402.72,1648640,20.192600000000002,189,8703,805,0.022915207,-0.9995808895677328,-0.032996230880962686,2.538491032831371,8040,0.2,0.558822512626648,0.0003,0.3213595151901245,0.197802734375,,
,1650000,,,,,0.026188035,-1.0334610503166914,-0.041486837313277646,2.5806465338915587,8050,0.2,0.6570302248001099,0.0003,0.19694173336029053,0.221240234375,13.124,315.0
411.26,1650688,20.877200000000002,189,8719,806,,,,,,,,,,,,
418.25,1652736,21.7463,189,8729,807,0.0363405,-0.9937646703794598,-0.0356879570579622,1.2719592249020935,8060,0.2,0.04512916877865791,0.0003,0.3353251814842224,0.234228515625,,
402.94,1654784,20.394599999999997,189,8737,808,0.025810737,-0.8879624001681805,-0.031258583077578804,2.3936613835394382,8070,0.2,0.34423506259918213,0.0003,0.49740421772003174,0.201416015625,,
407.3,1656832,20.5379,189,8746,809,0.029776037,-1.0425083134323359,-0.03523262198432349,1.4777570336125792,8080,0.2,0.0029080286622047424,0.0003,0.47394120693206787,0.229052734375,,
401.59,1658880,19.581500000000002,189,8755,810,0.03130276,-1.0061288489028812,-0.041365049369051124,1.2697081404505297,8090,0.2,0.044398415833711624,0.0003,0.492060124874115,0.237548828125,,
,1660000,,,,,0.03085726,-1.024300356954336,-0.03921533130924217,1.6014873280888424,8100,0.2,0.05834471434354782,0.0003,0.13369464874267578,0.245556640625,26.326,436.8
391.57,1660928,18.482300000000002,189,8772,811,,,,,,,,,,,,
383.29,1662976,16.9008,189,8782,812,0.036122378,-0.9375501653179527,-0.03375936425291002,1.284077583346516,8110,0.2,-0.012077130377292633,0.0003,0.10723018646240234,0.231982421875,,
372.34,1665024,15.4924,189,8791,813,0.032554142,-1.0595292504876852,-0.03160812432906823,1.7249647102551535,8120,0.2,0.044952135533094406,0.0003,-0.13183879852294922,0.237939453125,,
373.09,1667072,15.4,189,8800,814,0.031199036,-1.0385593581944703,-0.03504782362142578,1.726048387447372,8130,0.2,0.06469673663377762,0.0003,-0.12499392032623291,0.22353515625,,
375.39,1669120,15.4228,189,8809,815,0.031116575,-0.9556276550516486,-0.03222765921091195,1.7835432786261662,8140,0.2,-0.0031786225736141205,0.0003,-0.2519301176071167,0.2234375,,
,1670000,,,,,0.029497366,-0.9667403616011143,-0.038575657023466194,1.3767360566416755,8150,0.2,0.049574654549360275,0.0003,0.34177929162979126,0.233349609375,22.256,429.4
393.03,1671168,17.2977,189,8828,816,,,,,,,,,,,,
391.23,1673216,17.3798,189,8836,817,0.037970256,-1.0853752817958593,-0.03391673390578944,0.7847529361722991,8160,0.2,0.009242609143257141,0.0003,0.4922826886177063,0.294189453125,,
379.26,1675264,15.661699999999998,189,8845,818,0.025109673,-1.0440191216766834,-0.03390297475561965,2.023001730255783,8170,0.2,0.21772372722625732,0.0003,0.33500462770462036,0.212744140625,,
378.67,1677312,16.2552,189,8855,819,0.027701147,-1.0302203318104148,-0.03953687847533729,1.708729357458651,8180,0.2,0.12129433453083038,0.0003,0.2250819206237793,0.22919921875,,
390.58,1679360,17.573099999999997,189,8864,820,0.03409738,-1.0840840952470898,-0.044308636724599636,1.3026487178867683,8190,0.2,0.017158597707748413,0.0003,0.36126524209976196,0.249365234375,,
,1680000,,,,,0.03202244,-1.082203534990549,-0.03205391668016091,1.7291107195662334,8200,0.2,0.232811838388443,0.0003,0.3975902795791626,0.241455078125,4.714,273.6
380.65,1681408,16.774300000000004,189,8877,821,,,,,,,,,,,,
393.08,1683456,18.596899999999998,189,8886,822,0.030605253,-0.9937180045992136,-0.03948243707563961,1.7186601356370375,8210,0.2,0.17499348521232605,0.0003,0.407436728477478,0.23310546875,,
405.3,1685504,19.617999999999995,189,8895,823,0.035136275,-1.018649634718895,-0.03226537463924615,1.3227607891894877,8220,0.2,0.04376928508281708,0.0003,0.5286988615989685,0.248681640625,,
403.14,1687552,19.496499999999997,189,8903,824,0.029547676,-1.0403247958049178,-0.03600099408358801,2.0696253680624066,8230,0.2,0.08102083206176758,0.0003,0.08402150869369507,0.214794921875,,
392.99,1689600,18.396,189,8911,825,0.024181446,-1.0803085254505276,-0.03434602275083307,2.5814095232170073,8240,0.2,0.12149682641029358,0.0003,0.43526577949523926,0.185595703125,,
,1690000,,,,,0.032595515,-1.0587351011112331,-0.0416822446801234,1.7480855966452509,8250,0.2,0.1208786815404892,0.0003,0.40705054998397827,0.240771484375,15.325999999999999,335.8
384.72,1691648,17.713900000000002,189,8925,826,,,,,,,,,,,,
400.85,1693696,19.6734,189,8934,827,0.026846576,-1.033137927763164,-0.033123305373010226,2.429859557840973,8260,0.2,0.16437213122844696,0.0003,0.3218621015548706,0.18876953125,,
401.91,1695744,20.1833,189,8942,828,0.03275543,-1.1136028220877052,-0.036837154842214656,2.3430648701265455,8270,0.2,0.08315648883581161,0.0003,0.41759538650512695,0.24033203125,,
405.81,1697792,20.8217,189,8951,829,0.030524159,-1.044214346446097,-0.037877723861311094,2.7243472863920033,8280,0.2,0.052417974919080734,0.0003,0.1245267391204834,0.219775390625,,
417.57,1699840,22.437800000000003,189,8960,830,0.024119724,-1.0419003698974847,-0.03180288649746217,2.4620239993557336,8290,0.2,0.14332452416419983,0.0003,0.22733408212661743,0.19814453125,,
,1700000,,,,,0.033080064,-1.0474339200183749,-0.03562278892204631,2.2851882436778395,8300,0.2,0.0576210655272007,0.0003,0.2606700658798218,0.238134765625,35.096000000000004,514.6
419.18,1701888,22.653700000000004,189,8978,831,,,,,,,,,,,,
417.96,1703936,22.8415,189,8987,832,0.03566488,-1.030485574156046,-0.03912645739328582,2.1100933310808614,8310,0.2,0.026331909000873566,0.0003,0.27153295278549194,0.23203125,,
427.87,1705984,23.9396,189,8997,833,0.028353017,-0.9961478309705853,-0.03580690582166426,2.394718433963135,8320,0.2,0.13757666945457458,0.0003,0.46356135606765747,0.207275390625,,
435.45,1708032,25.014400000000002,189,9005,834,0.038578738,-1.0518506854772567,-0.037160992785356936,1.5828136919764801,8330,0.2,0.028207555413246155,0.0003,0.18800300359725952,0.2501953125,,
,1710000,,,,,0.034662403,-1.106080293469131,-0.03569429397757631,1.9376885943114757,8340,0.2,-0.004638366401195526,0.0003,0.12667441368103027,0.2314453125,11.373999999999999,340.2
437.89,1710080,25.638399999999997,189,9019,835,,,,,,,,,,,,
433.21,1712128,25.491699999999994,189,9029,836,0.024657084,-1.0806917557492852,-0.03704539249883965,2.174279842386022,8350,0.2,0.4965680241584778,0.0003,0.5504387021064758,0.2224609375,,
431.28,1714176,25.072599999999994,189,9038,837,0.030816782,-0.9924964992329478,-0.038678102658013816,1.8856270806398243,8360,0.2,0.19632001221179962,0.0003,0.25697606801986694,0.239697265625,,
432.66,1716224,25.186500000000002,189,9047,838,0.03445594,-1.0858476165682078,-0.03925357965345029,2.037964886194095,8370,0.2,0.29805436730384827,0.0003,0.40679192543029785,0.252099609375,,
439.13,1718272,25.750500000000002,189,9057,839,0.03427581,-1.1020546225830912,-0.035722347267437726,1.426148750516586,8380,0.2,0.016171202063560486,0.0003,0.2674615979194641,0.23701171875,,
,1720000,,,,,0.032243893,-1.05792270693928,-0.030828697359538637,1.3310356782516464,8390,0.2,0.021715059876441956,0.0003,0.22608870267868042,0.27060546875,36.93599999999999,498.8
442.77,1720320,26.386299999999995,189,9077,840,,,,,,,,,,,,
429.0,1722368,24.550500000000003,189,9086,841,0.02732095,-0.9951324563473463,-0.03134794706274988,1.8026754340389743,8400,0.2,0.12635168433189392,0.0003,0.16231924295425415,0.203076171875,,
441.92,1724416,25.8785,189,9098,842,0.031049943,-1.1124621639028192,-0.04331016853102483,2.0066234013065696,8410,0.2,0.09093881398439407,0.0003,0.28719717264175415,0.236181640625,,
428.39,1726464,23.945000000000004,189,9106,843,0.028358873,-1.0165918355807662,-0.04180364543572068,1.721734975092113,8420,0.2,0.08121024817228317,0.0003,0.0824354887008667,0.231689453125,,
427.67,1728512,24.0377,189,9115,844,0.036986858,-1.0228846518322825,-0.039004337796359326,1.5244021106511354,8430,0.2,0.029552385210990906,0.0003,0.37662971019744873,0.2359375,,
,1730000,,,,,0.032638915,-1.0139069421216846,-0.035029859535279685,2.1977980898693206,8440,0.2,0.09989738464355469,0.0003,0.16660279035568237,0.210693359375,47.33,739.0
420.67,1730560,23.468200000000007,189,9142,845,,,,,,,,,,,,
429.01,1732608,24.2509,189,9152,846,0.037346795,-1.0495063036680221,-0.041334307673969305,1.1762478900607676,8450,0.2,-0.025559868663549423,0.0003,0.5788092613220215,0.25859375,,
413.49,1734656,21.4983,189,9162,847,0.03581424,-1.0610385054722429,-0.037619658703624735,1.0903962631244213,8460,0.2,0.047116927802562714,0.0003,0.45287299156188965,0.25166015625,,
422.49,1736704,22.087799999999998,189,9172,848,0.028838629,-1.0690734021365642,-0.03787050519895274,1.805944866174832,8470,0.2,0.0923132598400116,0.0003,0.2994535565376282,0.2318359375,,
422.65,1738752,21.589899999999997,189,9183,849,0.028758978,-1.02559507843107,-0.035805139248259364,2.308765195054002,8480,0.2,0.2599131762981415,0.0003,-0.04794657230377197,0.206884765625,,
,1740000,,,,,0.035670612,-1.0646902438253165,-0.0382660114672035,1.5949613561853766,8490,0.2,0.021636463701725006,0.0003,0.20878934860229492,0.24453125,22.414,445.2
423.16,1740800,20.8957,189,9202,850,,,,,,,,,,,,
415.31,1742848,20.217799999999997,189,9214,851,0.034205936,-1.0531877176836133,-0.03458057401876431,1.6625845971517266,8500,0.2,0.039991483092308044,0.0003,0.13652890920639038,0.23671875,,
418.51,1744896,19.850199999999997,189,9223,852,0.03224613,-1.0609441263601185,-0.03792700638296083,1.4245231936918572,8510,0.2,0.11834301799535751,0.0003,0.39400267601013184,0.244921875,,
421.56,1746944,19.980399999999996,189,9233,853,0.034367114,-1.0565926926210523,-0.03506319800799247,1.557191032031551,8520,0.2,0.08182123303413391,0.0003,0.3245278000831604,0.24423828125,,
412.98,1748992,19.395300000000006,189,9242,854,0.038570803,-1.059110028669238,-0.03594378329871688,1.39027652151417,8530,0.2,0.07953216135501862,0.0003,0.3199315071105957,0.2404296875,,
,1750000,,,,,0.030871075,-1.0383408023044467,-0.036843846496776675,1.6063580725342035,8540,0.2,0.0984049141407013,0.0003,0.44397908449172974,0.222265625,34.646,469.6
420.92,1751040,20.274100000000004,189,9261,855,,,,,,,,,,,,
418.28,1753088,20.0479,189,9271,856,0.035884175,-1.0493887530639767,-0.034675010151113385,0.9213086215546354,8550,0.2,-0.00033939629793167114,0.0003,0.492357075214386,0.267529296875,,
410.37,1755136,19.5696,189,9280,857,0.026339646,-1.0344102449715138,-0.03645867708255537,2.082288235845044,8560,0.2,0.06667004525661469,0.0003,0.48242127895355225,0.212158203125,,
405.98,1757184,18.726300000000002,189,9288,858,0.028946709,-1.060455427505076,-0.040847104354179466,1.718273610342294,8570,0.2,0.1491054743528366,0.0003,0.48634523153305054,0.239208984375,,
390.57,1759232,16.9738,189,9297,859,0.033573244,-1.0532718267291785,-0.03846791191026568,1.4152513530803845,8580,0.2,0.03793872147798538,0.0003,0.2474766969680786,0.2376953125,,
,1760000,,,,,0.028901588,-1.066115254536271,-0.04276007102016592,1.5762716664467007,8590,0.2,0.06783707439899445,0.0003,0.4870898127555847,0.242138671875,11.106,313.4
394.02,1761280,17.507800000000003,189,9310,860,,,,,,,,,,,,
387.6,1763328,16.9439,189,9319,861,0.031816304,-1.0591397719457745,-0.03971643808763474,1.4937420082045718,8600,0.2,0.15467843413352966,0.0003,0.5263051986694336,0.238525390625,,
382.49,1765376,16.692999999999998,189,9327,862,0.030499205,-1.0957147814333439,-0.03901694244705141,1.7315787830157205,8610,0.2,0.03601974993944168,0.0003,0.3412620425224304,0.2337890625,,
377.79,1767424,16.0466,189,9336,863,0.030732147,-0.9743193345144391,-0.038637738037505184,1.6995491978013888,8620,0.2,0.10820343345403671,0.0003,0.5203714966773987,0.223291015625,,
383.41,1769472,16.6023,189,9344,864,0.029976357,-1.0610849095508457,-0.038388137207948606,1.44357926256489,8630,0.2,0.016996346414089203,0.0003,0.44025516510009766,0.2384765625,,
,1770000,,,,,0.02980117,-1.0829127129167317,-0.04207459134922829,2.2829941627569497,8640,0.2,0.031342655420303345,0.0003,0.20350706577301025,0.229638671875,26.137999999999998,418.0
385.67,1771520,16.8247,189,9360,865,,,,,,,,,,,,
387.0,1773568,17.6374,189,9369,866,0.034503736,-1.0056912831962108,-0.041069982066983354,1.4632883537560701,8650,0.2,-0.01934901624917984,0.0003,0.4444364905357361,0.22890625,,
384.96,1775616,17.317299999999996,189,9377,867,0.035003208,-1.0341173758730293,-0.04084469014487695,2.0254333444871007,8660,0.2,-0.0019120648503303528,0.0003,0.3754355311393738,0.240869140625,,
368.22,1777664,16.3509,189,9387,868,0.028611008,-1.0672097839415073,-0.034407036285847424,2.5255019333679227,8670,0.2,0.055443279445171356,0.0003,0.20782560110092163,0.208154296875,,
373.49,1779712,16.7033,189,9396,869,0.028444458,-0.9617322862148285,-0.037467487216053995,1.7679135880665853,8680,0.2,0.09867511689662933,0.0003,-0.1308659315109253,0.21669921875,,
,1780000,,,,,0.033772394,-0.9771428488194942,-0.034656762194936165,1.68487815822009,8690,0.2,0.11102396994829178,0.0003,0.50965416431427,0.221533203125,15.906,393.8
372.63,1781760,16.9944,189,9413,870,,,,,,,,,,,,
379.67,1783808,17.664200000000005,189,9421,871,0.039037164,-1.0190449329093099,-0.04651855593838263,1.5633422544458881,8700,0.2,0.023170672357082367,0.0003,0.341575562953949,0.252197265625,,
368.59,1785856,15.754999999999997,189,9429,872,0.034781657,-1.0197907285764813,-0.041716970334528015,1.5828244209755211,8710,0.2,-0.0065696462988853455,0.0003,0.395141065120697,0.246630859375,,
352.3,1787904,13.593700000000002,189,9438,873,0.035889648,-1.0949926277622581,-0.034935603610938414,1.70232130701188,8720,0.2,0.3449464440345764,0.0003,0.17142492532730103,0.258837890625,,
343.65,1789952,12.5078,189,9446,874,0.031368405,-0.9411196669563651,-0.035957587005395905,1.4464334531105123,8730,0.2,0.1056118756532669,0.0003,0.5944387316703796,0.243603515625,,
,1790000,,,,,0.038990278,-1.097996981628239,-0.04447587497706991,1.1287130042910576,8740,0.2,0.0388612300157547,0.0003,0.38177740573883057,0.29482421875,26.718,476.0
344.99,1792000,12.8209,189,9462,875,,,,,,,,,,,,
352.56,1794048,13.895800000000003,189,9471,876,0.033760063,-1.0282439794391394,-0.0416450110351434,2.288829817669466,8750,0.2,0.06726286560297012,0.0003,-0.09548211097717285,0.242236328125,,
360.77,1796096,14.877,189,9480,877,0.028205853,-0.9672898022457957,-0.03398618508654181,1.4510331721277907,8760,0.2,0.03774657100439072,0.0003,0.19313758611679077,0.207421875,,
368.56,1798144,15.854,189,9489,878,0.036619034,-1.0244873786345123,-0.0440020084992284,1.137209771410562,8770,0.2,0.005745925009250641,0.0003,0.26507413387298584,0.24462890625,,
,1800000,,,,,0.025181249,-1.0011786660179496,-0.03129349344526418,2.1259471111930908,8780,0.2,0.18197621405124664,0.0003,0.3762984871864319,0.18857421875,2.5899999999999994,261.0
368.47,1800192,15.5534,189,9502,879,,,,,,,,,,,,
368.4,1802240,15.7525,189,9511,880,0.028221209,-0.9676225597038866,-0.034661951492307705,1.5034540260443463,8790,0.2,0.043231092393398285,0.0003,0.21994322538375854,0.2203125,,
373.79,1804288,16.1061,189,9519,881,0.025542846,-1.0474326867610215,-0.03796903580951039,2.8048932989127935,8800,0.2,0.7982354760169983,0.0003,0.2704731225967407,0.207177734375,,
377.33,1806336,16.840799999999998,189,9528,882,0.035345532,-0.9871077688410879,-0.042811160045675936,1.1791301446733997,8810,0.2,0.08219068497419357,0.0003,0.49505293369293213,0.255908203125,,
379.49,1808384,16.9625,189,9537,883,0.030216215,-0.9614928994327784,-0.035914144397247584,1.472642511734739,8820,0.2,0.1342768669128418,0.0003,0.45032167434692383,0.221240234375,,
,1810000,,,,,0.025711764,-0.9822641829028725,-0.034576381233637224,2.1198723338078707,8830,0.2,0.10547342896461487,0.0003,0.361203670501709,0.20009765625,2.248,226.8
365.11,1810432,15.7196,189,9550,884,,,,,,,,,,,,
363.3,1812480,15.601600000000001,189,9559,885,0.03033893,-1.0181581035256386,-0.03522017001232598,2.21454685209319,8840,0.2,0.049943193793296814,0.0003,-0.08491241931915283,0.221533203125,,
371.9,1814528,16.7867,189,9569,886,0.035713766,-0.9828028565272688,-0.034581545245600864,1.5512556415982544,8850,0.2,0.030148465186357498,0.0003,0.441501259803772,0.236083984375,,
371.58,1816576,16.483599999999996,189,9577,887,0.031265795,-1.0481721902266146,-0.04220815699663945,1.6078060341766105,8860,0.2,0.08748883754014969,0.0003,0.1076512336730957,0.229541015625,,
366.26,1818624,16.031,189,9586,888,0.032829728,-0.9469116523861885,-0.0373120169097092,1.355760764842853,8870,0.2,0.016901258379220963,0.0003,0.4218685030937195,0.214697265625,,
,1820000,,,,,0.034267105,-1.0329564068466426,-0.04020860617165454,1.3828013334888964,8880,0.2,-0.008129879832267761,0.0003,0.21134072542190552,0.25751953125,4.572,259.0
362.3,1820672,16.0913,189,9599,889,,,,,,,,,,,,
370.77,1822720,17.274900000000002,189,9608,890,0.03032409,-0.9821640329435468,-0.03443597145960666,1.8591012524440884,8890,0.2,0.13290800154209137,0.0003,0.16972297430038452,0.213623046875,,
385.1,1824768,19.316300000000002,189,9617,891,0.027183855,-0.8820500291883946,-0.034966420779528565,1.4588442929787562,8900,0.2,0.03767937049269676,0.0003,0.46258771419525146,0.199658203125,,
387.28,1826816,19.7379,189,9625,892,0.028890781,-0.9665546104311943,-0.0361674279498402,2.4359253217931838,8910,0.2,0.0722329244017601,0.0003,0.13376867771148682,0.18291015625,,
397.81,1828864,20.8422,189,9634,893,0.03679496,-0.9789605377241969,-0.040135932655539365,1.4019642723491414,8920,0.2,0.09291978180408478,0.0003,0.44882696866989136,0.24306640625,,
,1830000,,,,,0.02824617,-0.9835585702210665,-0.03869963922479656,2.1380846046376973,8930,0.2,0.020295731723308563,0.0003,0.128553569316864,0.20810546875,13.939999999999998,397.0
407.36,1830912,21.836800000000004,189,9649,894,,,,,,,,,,,,
408.64,1832960,21.949499999999997,189,9658,895,0.029261898,-1.0290979409590364,-0.03246497906220611,2.2995519259478896,8940,0.2,0.20704734325408936,0.0003,0.0802379846572876,0.21884765625,,
403.29,1835008,21.496400000000005,189,9667,896,0.032420464,-1.0920118417590856,-0.03713064465264324,1.8858868920477108,8950,0.2,0.04190831631422043,0.0003,0.17812103033065796,0.23408203125,,
384.24,1837056,19.507700000000003,189,9675,897,0.03591868,-1.0278945161029696,-0.038538471458014104,1.6152298002503813,8960,0.2,0.08707073330879211,0.0003,0.29485493898391724,0.233642578125,,
385.35,1839104,19.518800000000002,189,9683,898,0.03090511,-0.9693451803177595,-0.0382507249538321,2.3247421781765296,8970,0.2,0.05971894785761833,0.0003,0.10863387584686279,0.22294921875,,
,1840000,,,,,0.029704113,-0.9713009057566524,-0.03439445550902746,2.3286826462717727,8980,0.2,0.12882450222969055,0.0003,-0.06196856498718262,0.201513671875,39.513999999999996,556.8
394.09,1841152,20.005799999999997,189,9702,899,,,,,,,,,,,,
393.1,1843200,19.9961,189,9711,900,0.031559378,-0.9438057290390134,-0.034352941042743626,1.803826156607829,8990,0.2,0.08766049146652222,0.0003,0.3649628162384033,0.204931640625,,
380.99,1845248,18.5763,189,9719,901,0.03224454,-1.014835979603231,-0.04080843145493418,1.507635096111335,9000,0.2,0.03732157498598099,0.0003,0.43870532512664795,0.239404296875,,
387.39,1847296,19.1396,189,9727,902,0.026877526,-0.9634652746841311,-0.03633424036379438,2.2455953458789737,9010,0.2,0.17151793837547302,0.0003,0.3358585238456726,0.229150390625,,
395.69,1849344,20.221799999999998,189,9735,903,0.040079467,-0.9642616778612136,-0.03791006728861248,1.2157611171714962,9020,0.2,0.047250572592020035,0.0003,0.4692190885543823,0.249853515625,,
,1850000,,,,,0.035200737,-0.985396184399724,-0.03734933046507649,2.0408920019399375,9030,0.2,0.023928239941596985,0.0003,0.1873987317085266,0.220654296875,4.938000000000001,296.0
389.3,1851392,19.458799999999997,189,9749,904,,,,,,,,,,,,
391.48,1853440,19.7801,189,9758,905,0.03165607,-0.9403952460736036,-0.03777057050610892,1.4812766549643128,9040,0.2,0.040469687432050705,0.0003,0.25954294204711914,0.227880859375,,
396.15,1855488,20.5261,189,9767,906,0.028973088,-0.858160899206996,-0.03483464242890477,2.334380989195779,9050,0.2,0.07597208023071289,0.0003,0.11940872669219971,0.18671875,,
397.11,1857536,20.8352,190,9775,907,0.034721665,-1.027242230065167,-0.040220631618285554,2.3787555987713858,9060,0.2,0.21741172671318054,0.0003,-0.15046489238739014,0.226708984375,,
404.27,1859584,21.805900000000005,190,9784,908,0.028589997,-0.9311446679756046,-0.03352619448851328,2.2831530202645807,9070,0.2,0.1463455855846405,0.0003,0.26968079805374146,0.195751953125,,
,1860000,,,,,0.034358732,-0.9427573891356588,-0.03288624047127087,1.6107418784871697,9080,0.2,-0.003063201904296875,0.0003,0.4441447854042053,0.23271484375,26.171999999999997,421.0
396.81,1861632,20.832400000000003,189,9800,909,,,,,,,,,,,,
394.72,1863680,20.2121,189,9809,910,0.03293813,-1.0569093281403183,-0.035541410639416425,2.2665575506631286,9090,0.2,0.01827821135520935,0.0003,0.4688815474510193,0.2359375,,
401.28,1865728,21.3766,190,9817,911,0.032529313,-1.0006114084273576,-0.03645997913263273,1.369366465555504,9100,0.2,0.04132457822561264,0.0003,0.28240758180618286,0.235009765625,,
395.88,1867776,20.4233,190,9826,912,0.036347605,-1.002621939405799,-0.03726557107584085,1.8753141596913339,9110,0.2,0.2757183313369751,0.0003,0.4993067979812622,0.23037109375,,
393.18,1869824,20.3963,190,9835,913,0.03545777,-1.0449777629226447,-0.04645521937636658,1.7819114955607802,9120,0.2,0.11678750067949295,0.0003,0.08092159032821655,0.256884765625,,
,1870000,,,,,0.029594982,-1.0280890168622137,-0.030671326760784722,2.4063179060816764,9130,0.2,0.1871599555015564,0.0003,0.07207703590393066,0.214990234375,37.618,567.0
398.49,1871872,21.0488,189,9853,914,,,,,,,,,,,,
402.28,1873920,21.586399999999998,190,9862,915,0.03770804,-1.0498506298288703,-0.03770840428769588,2.2065724881133066,9140,0.2,0.02708686888217926,0.0003,0.27557671070098877,0.24052734375,,
402.26,1875968,21.186400000000003,190,9870,916,0.03948398,-1.0290741838514805,-0.044228760511032306,1.5029807278653606,9150,0.2,0.028242744505405426,0.0003,0.10349780321121216,0.26318359375,,
405.32,1878016,21.2172,190,9879,917,0.037104543,-1.095816696062684,-0.039300305378856135,1.7812790111871437,9160,0.2,0.01819763332605362,0.0003,0.23753517866134644,0.25341796875,,
,1880000,,,,,0.036283087,-1.0196029793471098,-0.03891061952163,1.2532002504449338,9170,0.2,0.016482383012771606,0.0003,0.3518313765525818,0.25634765625,1.4120000000000001,343.0
407.66,1880064,21.839999999999996,190,9894,918,,,,,,,,,,,,
408.47,1882112,22.347600000000003,190,9902,919,0.03183525,-0.9399791557341814,-0.03864801037125289,1.7919942137086764,9180,0.2,0.040598995983600616,0.0003,0.46229708194732666,0.228662109375,,
405.26,1884160,22.0156,190,9911,920,0.028596839,-1.0193461569026112,-0.03527864314673934,2.252245304686949,9190,0.2,0.09541922807693481,0.0003,0.4344116449356079,0.21796875,,
414.99,1886208,23.111900000000002,190,9919,921,0.033488706,-1.1173727564513682,-0.03621305394044612,2.1067539497162215,9200,0.2,0.07148879021406174,0.0003,0.20555323362350464,0.231884765625,,
407.69,1888256,21.940000000000005,190,9928,922,0.031026684,-1.0484507815912365,-0.03549774189305026,1.8430870237294585,9210,0.2,0.009137745946645737,0.0003,0.36040258407592773,0.224365234375,,
,1890000,,,,,0.03226064,-1.0350456468760967,-0.03871938819938805,1.686753307050094,9220,0.2,0.03946368396282196,0.0003,0.344135582447052,0.231005859375,13.944000000000003,397.4
412.48,1890304,22.787100000000006,190,9944,923,,,,,,,,,,,,
416.56,1892352,23.2275,190,9952,924,0.032513596,-1.022135451808572,-0.03939578693243675,1.41719506168738,9230,0.2,0.00923164188861847,0.0003,0.5750101804733276,0.23681640625,,
415.11,1894400,22.313699999999994,190,9962,925,0.025859784,-1.0586509466171266,-0.033201237057801335,2.8301851036958396,9240,0.2,0.21730390191078186,0.0003,0.14713960886001587,0.20244140625,,
416.93,1896448,22.232000000000003,190,9971,926,0.030595066,-1.0309144474565983,-0.038799850596114994,2.8623596650548278,9250,0.2,0.5672125816345215,0.0003,0.13063162565231323,0.199658203125,,
413.17,1898496,21.794999999999995,190,9979,927,0.02979531,-1.0247788716107606,-0.03743625294009689,2.6502810209058225,9260,0.2,0.11296068876981735,0.0003,0.2529674768447876,0.2333984375,,
,1900000,,,,,0.035521388,-1.039007000438869,-0.034921829155064185,2.1094743148889394,9270,0.2,0.012626845389604568,0.0003,0.43845134973526,0.251904296875,15.814000000000002,384.6
413.27,1900544,21.49629999999999,190,9997,928,,,,,,,,,,,,
421.31,1902592,22.276,190,10006,929,0.032821797,-1.0788484318181872,-0.03713218462653458,2.036314338259399,9280,0.2,0.0032695457339286804,0.0003,0.397538423538208,0.22705078125,,
417.37,1904640,21.837000000000003,190,10014,930,0.03474518,-1.0131364880129694,-0.036467653184081426,1.752276168158278,9290,0.2,0.035515643656253815,0.0003,0.29775822162628174,0.2232421875,,
413.15,1906688,20.995600000000003,190,10023,931,0.028453885,-1.0035819482058286,-0.03814547444635537,2.628452907456085,9300,0.2,0.030171334743499756,0.0003,0.2124173641204834,0.215283203125,,
410.34,1908736,20.567900000000005,190,10031,932,0.033268973,-1.0288348803296685,-0.036790473680594,1.5535962769761682,9310,0.2,0.028309881687164307,0.0003,0.38824623823165894,0.234912109375,,
,1910000,,,,,0.03527341,-1.048497931100428,-0.03904855678265449,1.8380441333167254,9320,0.2,0.003994211554527283,0.0003,0.2201911211013794,0.261767578125,26.578000000000003,462.0
414.6,1910784,21.3098,190,10046,933,,,,,,,,,,,,
399.4,1912832,19.4593,190,10055,934,0.03530792,-1.0241221768781543,-0.03709226536448114,1.9495384460315108,9330,0.2,0.034050218760967255,0.0003,0.38458162546157837,0.229931640625,,
403.37,1914880,19.9987,190,10065,935,0.026894735,-1.0025582864880562,-0.03711251516069751,2.1681476710364223,9340,0.2,0.4373868405818939,0.0003,0.2636704444885254,0.214111328125,,
403.21,1916928,19.797300000000003,190,10074,936,0.0393475,-1.0237983219325542,-0.03908755412558094,1.206455082865432,9350,0.2,-0.011957108974456787,0.0003,0.5090668797492981,0.24951171875,,
410.2,1918976,20.6664,190,10083,937,0.03621889,-1.0139175206422806,-0.0395685449388111,1.372600609716028,9360,0.2,0.057560451328754425,0.0003,0.3528224229812622,0.244384765625,,
,1920000,,,,,0.033690933,-1.0240596488118172,-0.03594986238749698,1.8022861051140353,9370,0.2,0.0353270098567009,0.0003,0.05860835313796997,0.2255859375,15.576000000000002,360.8
411.84,1921024,20.882599999999996,190,10098,938,,,,,,,,,,,,
403.99,1923072,19.905,190,10107,939,0.029695086,-1.0342384269461036,-0.039390959148295226,2.248430003458634,9380,0.2,0.3805263638496399,0.0003,0.13625794649124146,0.20751953125,,
411.48,1925120,20.7791,190,10115,940,0.041329794,-0.9845001224428416,-0.0423618542321492,0.9211817556759343,9390,0.2,-0.014776572585105896,0.0003,0.48226869106292725,0.260205078125,,
417.87,1927168,21.242600000000003,190,10125,941,0.035013504,-0.9375353578478098,-0.038862154018715955,1.4453466701786966,9400,0.2,0.03712068870663643,0.0003,0.49201667308807373,0.24423828125,,
415.51,1929216,20.9193,190,10133,942,0.031989858,-0.9884012771770359,-0.034091138700023296,1.92432683322113,9410,0.2,0.05784517899155617,0.0003,0.23056501150131226,0.211669921875,,
,1930000,,,,,0.033334725,-0.9664434015750885,-0.04037719500774983,1.4516755011631175,9420,0.2,0.049215108156204224,0.0003,0.33006036281585693,0.23251953125,33.007999999999996,505.6
420.09,1931264,21.5645,190,10151,943,,,,,,,,,,,,
418.17,1933312,21.046000000000003,190,10160,944,0.030613165,-0.9727527357637882,-0.04106335629476234,2.806526121078059,9430,0.2,0.07071961462497711,0.0003,0.24762922525405884,0.2169921875,,
425.89,1935360,22.221899999999994,190,10169,945,0.0331784,-0.9684253016486764,-0.03580165077582933,1.5643851761240513,9440,0.2,0.01177099347114563,0.0003,0.4170796275138855,0.234716796875,,
416.55,1937408,21.029600000000006,190,10177,946,0.032855008,-1.0357217283919453,-0.04494998465524987,2.0476727644680066,9450,0.2,0.21152275800704956,0.0003,0.48858797550201416,0.2482421875,,
420.24,1939456,21.066300000000002,190,10186,947,0.03196591,-0.955909869633615,-0.04211664225149434,1.5675184244289995,9460,0.2,0.05359494686126709,0.0003,0.3732367753982544,0.233935546875,,
,1940000,,,,,0.029121922,-1.0121077755466104,-0.03736199483973905,2.7230007795616986,9470,0.2,0.927995502948761,0.0003,0.30068933963775635,0.21455078125,28.836000000000002,488.0
418.24,1941504,20.4469,190,10203,948,,,,,,,,,,,,
416.78,1943552,20.2323,190,10212,949,0.030583613,-0.9543573293834925,-0.03824639695812948,2.2460793026257306,9480,0.2,0.16258227825164795,0.0003,0.27972573041915894,0.227880859375,,
420.94,1945600,20.973200000000002,190,10221,950,0.03310679,-0.9497117886319757,-0.03411091782036237,1.4358725921949371,9490,0.2,0.007126905024051666,0.0003,0.10242938995361328,0.21767578125,,
427.29,1947648,21.536200000000004,190,10229,951,0.035780355,-1.0102461628615855,-0.033332051784964276,1.609239396126941,9500,0.2,0.04455536603927612,0.0003,0.2801150679588318,0.229296875,,
414.88,1949696,20.513000000000005,190,10238,952,0.042234585,-1.029638748243451,-0.04046478098898661,1.5487006684765219,9510,0.2,0.11024593561887741,0.0003,-0.31777381896972656,0.272216796875,,
,1950000,,,,,0.03434666,-1.0146858194842934,-0.03776308410451747,1.9670698719099164,9520,0.2,0.2779303789138794,0.0003,-0.20203280448913574,0.22734375,18.321999999999996,435.6
411.68,1951744,19.9817,190,10253,953,,,,,,,,,,,,
419.47,1953792,20.559099999999997,190,10264,954,0.032705873,-0.9988697094842791,-0.04149485307862051,2.348376619629562,9530,0.2,0.2019643634557724,0.0003,0.36194461584091187,0.227783203125,,
424.81,1955840,21.611699999999995,190,10273,955,0.036120452,-1.0099743854254484,-0.03777532150270417,1.4589087979868054,9540,0.2,0.08013765513896942,0.0003,0.4052644371986389,0.25009765625,,
420.52,1957888,21.269099999999995,190,10281,956,0.03516,-1.020143149420619,-0.0394261018227553,1.7332474131369964,9550,0.2,-0.02246309071779251,0.0003,0.29914212226867676,0.248486328125,,
416.3,1959936,21.426699999999997,190,10290,957,0.030767,-1.0340135496109724,-0.03078817453351803,2.708024864131585,9560,0.2,0.7100442051887512,0.0003,0.4250260591506958,0.216357421875,,
,1960000,,,,,0.033650003,-1.0184870082885027,-0.04058767489623279,1.4839798597386107,9570,0.2,0.06456884741783142,0.0003,0.37207144498825073,0.256591796875,2.708,272.8
404.58,1961984,20.1109,190,10304,958,,,,,,,,,,,,
391.6,1964032,18.782300000000003,190,10312,959,0.028236784,-0.9048858467489481,-0.03745064325485146,1.8976469673682004,9580,0.2,0.07056806981563568,0.0003,0.216599702835083,0.204833984375,,
373.68,1966080,16.804900000000004,190,10322,960,0.027514582,-0.9693569345399737,-0.04174318682053126,2.056263682898134,9590,0.2,0.06144411116838455,0.0003,0.4836903214454651,0.21533203125,,
365.25,1968128,15.8215,190,10331,961,0.03399095,-0.9977289339527488,-0.04022704631643137,1.6202088284306229,9600,0.2,0.10124053061008453,0.0003,0.3616374731063843,0.231640625,,
,1970000,,,,,0.03430155,-1.05194653570652,-0.041123152599902825,1.4901889581000431,9610,0.2,0.09024110436439514,0.0003,0.17330259084701538,0.25087890625,47.912,597.4
352.8,1970176,13.998500000000002,190,10351,962,,,,,,,,,,,,
353.5,1972224,14.4051,190,10360,963,0.03405416,-1.035009067505598,-0.03733903716201894,1.337122108694166,9620,0.2,0.08700963109731674,0.0003,0.42484933137893677,0.256591796875,,
363.65,1974272,15.9054,190,10369,964,0.031222928,-1.0750537220388652,-0.040102133879554455,1.6346492202486842,9630,0.2,0.09596626460552216,0.0003,0.21448105573654175,0.240966796875,,
361.24,1976320,15.781400000000001,190,10378,965,0.038372125,-1.0021483834832907,-0.04323512417613529,1.4601070128846914,9640,0.2,0.062394432723522186,0.0003,0.4621540307998657,0.247265625,,
363.96,1978368,16.4082,190,10387,966,0.03424366,-0.9996463334187865,-0.04030945878475904,1.5884248179150746,9650,0.2,0.048907242715358734,0.0003,0.2772935628890991,0.24736328125,,
,1980000,,,,,0.032034867,-1.0895574644207955,-0.03880574885406531,1.545404154714197,9660,0.2,0.08327814936637878,0.0003,0.48531562089920044,0.242626953125,6.8,282.4
357.32,1980416,15.8423,190,10402,967,,,,,,,,,,,,
343.54,1982464,14.805599999999997,190,10412,968,0.03153869,-1.0485916582867503,-0.031541577496682294,2.106156049994752,9670,0.2,0.10257219523191452,0.0003,-0.2794663906097412,0.219970703125,,
352.34,1984512,15.992700000000003,190,10421,969,0.033293825,-1.0573459707200528,-0.04044624324887991,2.594016662379727,9680,0.2,0.11548022925853729,0.0003,0.2421247363090515,0.224853515625,,
359.11,1986560,16.359899999999996,190,10430,970,0.032603905,-1.1285530114546418,-0.03803149417217355,1.6627884714398533,9690,0.2,0.06767837703227997,0.0003,0.3944505453109741,0.262060546875,,
350.44,1988608,15.9737,190,10439,971,0.032114994,-1.1123654309660196,-0.042115184740396217,2.0214110516943036,9700,0.2,0.18398723006248474,0.0003,0.11947423219680786,0.25234375,,
,1990000,,,,,0.030675612,-1.0419261673465372,-0.039396345359273256,1.9181953250896187,9710,0.2,0.044836096465587616,0.0003,0.2438439130783081,0.252490234375,-1.7280000000000002,228.8
348.0,1990656,15.749299999999998,190,10452,972,,,,,,,,,,,,
346.92,1992704,15.238800000000001,190,10462,973,0.038214512,-1.0230217264965176,-0.036840283597121014,1.4316690976731479,9720,0.2,0.04138248413801193,0.0003,0.3051011562347412,0.2640625,,
347.15,1994752,15.0413,190,10471,974,0.038866024,-1.0413225691765546,-0.040971690649166705,1.6631015859078615,9730,0.2,-0.007254257798194885,0.0003,0.1502707600593567,0.259716796875,,
344.33,1996800,14.713199999999999,190,10480,975,0.0318141,-1.0572629923000931,-0.03880743469053414,2.2626637779176235,9740,0.2,0.09564266353845596,0.0003,0.2756592035293579,0.2080078125,,
357.23,1998848,16.140900000000002,190,10489,976,0.03167457,-1.0976060919463635,-0.040669278940185905,2.2791697467211636,9750,0.2,0.07151343673467636,0.0003,-0.19929242134094238,0.21943359375,,
,2000000,,,,,0.037691064,-1.0790070571005344,-0.03992476004641503,1.4651217604521662,9760,0.2,0.03927597030997276,0.0003,0.43031954765319824,0.24912109375,19.733999999999998,376.6
366.55,2000896,17.0333,190,10504,977,,,,,,,,,,,,
