time/iterations,time/time_elapsed,time/total_timesteps,time/fps,rollout/ep_len_mean,rollout/ep_rew_mean,train/clip_fraction,train/value_loss,train/n_updates,train/clip_range,train/policy_gradient_loss,train/loss,train/approx_kl,train/entropy_loss,train/explained_variance,train/learning_rate,eval/mean_reward,eval/mean_ep_length
1,2,2048,1019,63.107142857142854,-10.671249999999999,,,,,,,,,,,,
2,5,4096,815,68.79661016949153,-10.51508474576271,0.13642578125,4.830750133097172,10,0.2,-0.01468000722816214,1.5232714414596558,0.010779556,-1.0889465793967248,0.029733240604400635,0.0003,,
3,7,6144,769,68.86516853932584,-10.145730337078652,0.089404296875,5.412293013185263,20,0.2,-0.011458355403738097,2.1889636516571045,0.0103488,-1.0821395732462407,0.1970471739768982,0.0003,,
4,10,8192,758,72.37,-9.75335,0.09208984375,5.020447686314583,30,0.2,-0.009562722605187446,2.4139323234558105,0.009808432,-1.0768271923065185,0.3143284320831299,0.0003,,
,,10000,,,,0.086376953125,4.0713327374309305,40,0.2,-0.008489330494194291,2.0093934535980225,0.007950459,-1.0710050027817488,0.3103211522102356,0.0003,-10.863999999999999,29.8
5,13,10240,753,73.89,-9.802,,,,,,,,,,,,
6,16,12288,756,76.98,-9.63035,0.141650390625,2.6075415179133414,50,0.2,-0.01388934038404841,1.1967108249664307,0.012880687,-1.0620798956602813,0.22102850675582886,0.0003,,
7,18,14336,759,83.49,-9.6459,0.174169921875,3.6107131633907557,60,0.2,-0.01519695071328897,1.1175079345703125,0.011714639,-1.0509344425052405,0.21198230981826782,0.0003,,
8,21,16384,758,88.32,-9.810099999999998,0.12265625,1.7790098335593938,70,0.2,-0.011013976545655169,1.34511399269104,0.00807836,-1.0347102647647262,0.3795384168624878,0.0003,,
9,24,18432,756,91.85,-9.60865,0.13837890625,2.735365194454789,80,0.2,-0.016125972667941822,1.4889379739761353,0.011895267,-1.0198212929069996,0.26918214559555054,0.0003,,
,,20000,,,,0.066455078125,2.9829497661441566,90,0.2,-0.006563304270093795,1.6238436698913574,0.00751656,-0.9919286226853729,0.12823796272277832,0.0003,-11.5,301.0
10,28,20480,730,101.59,-9.65535,,,,,,,,,,,,
11,30,22528,729,106.94,-9.411000000000001,0.211962890625,1.559580929391086,100,0.2,-0.016776688885875045,0.7120030522346497,0.012795905,-0.9612914495170116,0.27877652645111084,0.0003,,
12,33,24576,730,115.99,-9.5803,0.1458984375,3.2864749908447264,110,0.2,-0.013442138995742425,1.503010869026184,0.008594238,-0.9910453651100397,-0.009866595268249512,0.0003,,
13,36,26624,730,126.22,-9.533400000000002,0.15830078125,2.426688555255532,120,0.2,-0.014228600032220129,0.9963579177856445,0.010587191,-0.9381079411134123,0.25091367959976196,0.0003,,
14,39,28672,730,141.62,-9.354300000000002,0.09189453125,1.761952392011881,130,0.2,-0.005806025807396508,1.1350613832473755,0.008839192,-0.9488217541947961,0.11567366123199463,0.0003,,
,,30000,,,,0.1060546875,1.8571956829167902,140,0.2,-0.009362988547945861,0.5211406350135803,0.007815325,-0.8943581227213144,0.12898260354995728,0.0003,-11.540000000000001,301.0
15,42,30720,718,151.03,-9.19825,,,,,,,,,,,,
16,45,32768,719,164.42,-9.210200000000002,0.1259765625,2.3645460087805987,150,0.2,-0.012083644175436347,1.5817407369613647,0.010574972,-0.8699139075353741,0.07992476224899292,0.0003,,
17,48,34816,720,177.55,-9.1958,0.10244140625,1.6143679405562579,160,0.2,-0.006572451663669199,0.4057457745075226,0.009710591,-0.9279696935787797,0.30023956298828125,0.0003,,
18,51,36864,721,183.03,-9.52835,0.14296875,1.8183361295610667,170,0.2,-0.006701785398763605,0.8288122415542603,0.014457117,-0.9370500404387713,0.13749080896377563,0.0003,,
19,53,38912,723,195.91,-9.39265,0.10107421875,2.686270966567099,180,0.2,-0.011688039204454981,1.742908239364624,0.009077048,-0.9275572335347533,-0.14054608345031738,0.0003,,
,,40000,,,,0.13798828125,1.741789075685665,190,0.2,-0.00909052222414175,0.5986961126327515,0.010734661,-0.9541691040620208,0.06944465637207031,0.0003,-7.425999999999999,342.6
20,57,40960,712,207.34,-8.91155,,,,,,,,,,,,
21,60,43008,714,214.8,-8.730750000000002,0.103466796875,3.1726101161912084,200,0.2,-0.005981866325601004,1.1623448133468628,0.010019299,-0.950766054354608,0.03269696235656738,0.0003,,
22,62,45056,716,228.41,-8.48865,0.143017578125,3.221005383320153,210,0.2,-0.00980281491065398,1.0398660898208618,0.009112656,-0.9428852515295147,0.21673548221588135,0.0003,,
23,65,47104,717,241.45,-8.620899999999999,0.11513671875,3.185123279131949,220,0.2,-0.009547342121368273,0.8771209120750427,0.0112568755,-0.9473982732743025,0.22024816274642944,0.0003,,
24,68,49152,718,253.96,-7.97815,0.14091796875,2.2221704583615063,230,0.2,-0.00951165065926034,1.468994379043579,0.011476497,-0.939915693923831,0.10093533992767334,0.0003,,
,,50000,,,,0.16923828125,3.1733273146674037,240,0.2,-0.011716006952337921,0.7579928040504456,0.009438021,-0.9014917021617294,0.0191652774810791,0.0003,-11.540000000000001,301.0
25,72,51200,711,254.21,-7.63125,,,,,,,,,,,,
26,74,53248,711,254.78,-7.802149999999999,0.11923828125,3.7861963901668787,250,0.2,-0.0084265295881778,2.657902479171753,0.0067424644,-0.9634934654459357,-0.07169640064239502,0.0003,,
27,77,55296,713,263.3,-7.2715000000000005,0.14169921875,2.5368181629106403,260,0.2,-0.007839374151080847,1.321718454360962,0.011135064,-0.9637676713988185,0.11931830644607544,0.0003,,
28,80,57344,714,271.21,-6.9449000000000005,0.167138671875,2.7455162616446613,270,0.2,-0.008468591142445803,1.2615735530853271,0.012409278,-0.9846096351742745,0.11702597141265869,0.0003,,
29,82,59392,716,270.77,-6.732599999999999,0.13798828125,3.435057983919978,280,0.2,-0.005231145760626532,2.0003082752227783,0.008636322,-0.9743275489658118,0.11538970470428467,0.0003,,
,,60000,,,,0.136767578125,3.9506474969908596,290,0.2,-0.005340976441220846,2.146184206008911,0.010900052,-0.9506930748000741,-0.02953338623046875,0.0003,-9.229000000000001,323.0
30,86,61440,709,270.61,-6.12455,,,,,,,,,,,,
31,89,63488,709,273.72,-5.845949999999999,0.146630859375,2.637629777379334,300,0.2,-0.0090393896040041,2.0917458534240723,0.00971967,-0.8817425603047013,0.1408115029335022,0.0003,,
32,92,65536,710,284.98,-5.406049999999999,0.1234375,3.4343717923387884,310,0.2,-0.005498268015799113,1.4920860528945923,0.009927815,-0.9547341052442789,0.06715679168701172,0.0003,,
33,94,67584,711,283.72,-5.20765,0.12568359375,3.7053130138665438,320,0.2,-0.008060167811345309,2.856210470199585,0.013472309,-0.9606835849583149,0.08866614103317261,0.0003,,
34,97,69632,711,284.09,-5.3355500000000005,0.123828125,3.3829512232914567,330,0.2,-0.007822416994895321,1.405910611152649,0.0092141535,-0.9763951413333416,-0.02901625633239746,0.0003,,
,,70000,,,,0.101123046875,3.8285233661532403,340,0.2,-0.013344367904937825,1.631333351135254,0.010605086,-0.9744294200092554,0.20099812746047974,0.0003,-12.38,301.0
35,101,71680,706,289.68,-4.803249999999999,,,,,,,,,,,,
36,104,73728,707,286.45,-4.214849999999999,0.091943359375,5.295866160839796,350,0.2,-0.007820737041765825,3.1783061027526855,0.007734865,-0.9709842989221216,0.17531639337539673,0.0003,,
37,106,75776,708,286.46,-4.009799999999999,0.086767578125,5.111332462355494,360,0.2,-0.008930071153736207,2.1315395832061768,0.00802453,-0.9684557180851698,0.07676583528518677,0.0003,,
38,109,77824,708,279.23,-3.98065,0.15673828125,3.6405715055763723,370,0.2,-0.010537585959536955,1.0665000677108765,0.012905073,-0.9706128170713783,-0.11775124073028564,0.0003,,
39,112,79872,709,284.25,-4.00975,0.131787109375,4.435095864906907,380,0.2,-0.009752694083726966,2.408949375152588,0.009303019,-0.9655551332980394,0.03568464517593384,0.0003,,
,,80000,,,,0.1537109375,4.138525133766234,390,0.2,-0.008200700799352489,1.9214993715286255,0.01046035,-0.9508839346468448,0.03357267379760742,0.0003,-5.6129999999999995,376.2
40,116,81920,704,277.46,-3.716699999999999,,,,,,,,,,,,
41,119,83968,704,277.06,-3.85775,0.134130859375,4.100584264099598,400,0.2,-0.00560552159731742,1.9499402046203613,0.009593498,-0.9863471144810319,0.06424087285995483,0.0003,,
42,121,86016,705,280.16,-4.283449999999999,0.14970703125,3.3114084606990217,410,0.2,-0.008473568042973056,1.061267614364624,0.010667326,-0.9881647948175669,0.15204352140426636,0.0003,,
43,124,88064,706,280.98,-4.1645,0.13427734375,4.428155052289367,420,0.2,-0.0062827712914440784,2.2565155029296875,0.01259391,-0.9656186303123832,0.06882888078689575,0.0003,,
,,90000,,,,0.107861328125,3.2678327798843383,430,0.2,-0.0049948010564548895,0.3413603603839874,0.008616975,-0.973291271738708,0.1359565258026123,0.0003,-10.075,332.2
44,128,90112,701,284.73,-3.954149999999999,,,,,,,,,,,,
45,131,92160,702,276.09,-3.90095,0.084765625,5.252718026563525,440,0.2,-0.006448734935838729,2.474154233932495,0.009361802,-0.9619156444445253,0.09364205598831177,0.0003,,
46,134,94208,702,274.44,-3.61055,0.128173828125,2.96507313195616,450,0.2,-0.004286154932924546,1.167595386505127,0.008324594,-0.965456610545516,0.17116135358810425,0.0003,,
47,136,96256,702,277.9,-3.7819500000000006,0.19609375,6.075309863500297,460,0.2,-0.016448189568473028,0.7544716596603394,0.013178521,-0.9814235685393214,0.16848689317703247,0.0003,,
48,139,98304,703,275.21,-3.4783500000000003,0.129833984375,3.481493468955159,470,0.2,-0.006409960766904988,1.1649010181427002,0.010127974,-0.954438978806138,-0.14592373371124268,0.0003,,
,,100000,,,,0.192041015625,3.6796121850609778,480,0.2,-0.01209976579848444,0.8841363191604614,0.01415649,-0.9619864769279957,0.012400388717651367,0.0003,-11.42,301.0
49,143,100352,700,286.7,-3.6238500000000005,,,,,,,,,,,,
50,146,102400,701,289.05,-3.97175,0.18515625,3.001468195952475,490,0.2,-0.008670383748540188,1.5703917741775513,0.011879319,-0.960619643330574,0.02884054183959961,0.0003,,
51,148,104448,701,288.44,-3.4404500000000007,0.1048828125,4.895518488436937,500,0.2,-0.009296335939143318,1.385817289352417,0.012236048,-0.9495868286117911,0.07932895421981812,0.0003,,
52,151,106496,703,291.73,-3.678,0.13876953125,4.313338956236839,510,0.2,-0.008048194058937952,2.998924970626831,0.008804152,-0.944034174643457,0.13348662853240967,0.0003,,
53,154,108544,704,297.43,-4.02965,0.13466796875,3.3819370081648232,520,0.2,-0.0070284403089317495,1.8130006790161133,0.013302036,-0.9575490994378925,0.04765588045120239,0.0003,,
,,110000,,,,0.16474609375,2.5639819693751633,530,0.2,-0.006030729584745131,0.5007166862487793,0.011677249,-0.9771381763741374,0.015927672386169434,0.0003,6.652000000000001,128.2
54,157,110592,703,301.08,-3.72375,,,,,,,,,,,,
55,159,112640,704,297.21,-3.7133999999999996,0.118994140625,3.4439691312611105,540,0.2,-0.009124391540535726,1.7833704948425293,0.010578593,-0.97379453741014,0.1136314868927002,0.0003,,
56,162,114688,704,288.92,-3.8140000000000005,0.14755859375,4.502210948430002,550,0.2,-0.011465096956817434,3.3630800247192383,0.010676606,-0.9613889150321484,0.08309400081634521,0.0003,,
57,165,116736,705,293.62,-3.8315,0.155224609375,3.9230140171945096,560,0.2,-0.015025369002250955,0.9299139380455017,0.013946993,-0.9496499637141824,0.12130945920944214,0.0003,,
58,168,118784,706,297.48,-3.32355,0.117333984375,4.2560961345210675,570,0.2,-0.0037578814502921888,2.1799378395080566,0.009393852,-0.9692695207893849,-0.01727616786956787,0.0003,,
,,120000,,,,0.151123046875,4.177708284929395,580,0.2,-0.010252108788699843,3.3270881175994873,0.0136248395,-0.9690500400960446,0.13937044143676758,0.0003,0.671,456.0
59,172,120832,700,306.82,-3.5173,,,,,,,,,,,,
60,175,122880,700,309.84,-2.9811499999999995,0.15732421875,3.831587013695389,590,0.2,-0.008983055379940198,3.1667301654815674,0.010729449,-0.9632580244913698,0.08101952075958252,0.0003,,
61,178,124928,701,308.44,-3.0471999999999997,0.210986328125,3.1672841660678386,600,0.2,-0.010492611116205808,0.23653247952461243,0.018418346,-0.9502463044598699,0.11922222375869751,0.0003,,
62,181,126976,701,315.82,-2.6258999999999992,0.11650390625,5.277150804921985,610,0.2,-0.00817136055266019,2.1879475116729736,0.0116916625,-0.9457290910184384,0.15301793813705444,0.0003,,
63,184,129024,701,312.83,-2.3598500000000002,0.168212890625,4.98002498075366,620,0.2,-0.00897663880168693,1.5957633256912231,0.011361683,-0.9659304562956095,0.11432260274887085,0.0003,,
,,130000,,,,0.139013671875,4.6142387263476845,630,0.2,-0.010856913751922548,0.9334463477134705,0.011405136,-0.9416087705641984,0.10084187984466553,0.0003,-4.588,271.2
64,187,131072,698,311.85,-2.5390499999999996,,,,,,,,,,,,
65,190,133120,698,317.6,-2.6658500000000003,0.1916015625,2.864756148867309,640,0.2,-0.00913528107048478,1.4691429138183594,0.010388812,-0.9357342466711998,-0.10949456691741943,0.0003,,
66,193,135168,698,320.14,-2.7895999999999996,0.1443359375,3.7895626394078135,650,0.2,-0.006246501949499361,1.6244457960128784,0.009249664,-0.9512104930356144,0.04100757837295532,0.0003,,
67,196,137216,699,313.87,-3.0924,0.2205078125,3.7266553017310797,660,0.2,-0.012478804955026134,1.2229301929473877,0.013169931,-0.9434471258893609,0.06051671504974365,0.0003,,
68,198,139264,700,318.13,-2.3163500000000004,0.15263671875,4.122022546827793,670,0.2,-0.008735601072839928,0.8358892202377319,0.010983,-0.9111953470855951,0.15598547458648682,0.0003,,
,,140000,,,,0.1115234375,4.687183776125312,680,0.2,-0.006543386922567151,1.9464017152786255,0.008980777,-0.9209151938557625,0.25208020210266113,0.0003,13.287,470.0
69,202,141312,696,317.63,-1.7846000000000004,,,,,,,,,,,,
70,205,143360,697,319.76,-1.8613,0.1388671875,4.856453125551343,690,0.2,-0.006482852462795563,1.5657979249954224,0.012811706,-0.9450200755149126,0.2161431908607483,0.0003,,
71,208,145408,697,314.0,-0.9381,0.161328125,4.996946469135582,700,0.2,-0.007924442531657406,3.1289920806884766,0.013418365,-0.9250202015042305,0.1397685408592224,0.0003,,
72,211,147456,698,308.12,0.16579999999999978,0.10966796875,5.296856708452106,710,0.2,-0.005363705242052675,3.0949954986572266,0.008397026,-0.9105668706819415,0.1772211194038391,0.0003,,
73,213,149504,698,306.62,0.7125499999999999,0.14580078125,7.108432926237583,720,0.2,-0.010839074579416774,3.1965184211730957,0.0096589085,-0.8894469190388918,0.20058441162109375,0.0003,,
,,150000,,,,0.1548828125,7.39811414629221,730,0.2,-0.007291968449135311,1.9556480646133423,0.010521618,-0.8867031421512366,0.20809656381607056,0.0003,-5.458,381.2
74,217,151552,696,287.1,0.3899499999999999,,,,,,,,,,,,
75,220,153600,696,281.24,1.1986,0.127587890625,7.529666879400611,740,0.2,-0.005034368811175227,3.6312978267669678,0.010921985,-0.884464767947793,0.07357293367385864,0.0003,,
76,223,155648,697,269.54,1.1440500000000002,0.157373046875,6.831195141375065,750,0.2,-0.007219746691407636,5.167333602905273,0.015752103,-0.8475825242698193,0.16743850708007812,0.0003,,
77,226,157696,696,273.67,1.5546,0.129443359375,6.753947151452303,760,0.2,-0.006645107376971282,4.149181842803955,0.012340959,-0.8582561617717147,0.10125744342803955,0.0003,,
78,229,159744,695,256.89,2.5448999999999997,0.192724609375,4.2717543946579095,770,0.2,-0.007978367395116948,1.903594970703125,0.018800192,-0.8328361080959439,0.19679862260818481,0.0003,,
,,160000,,,,0.0951171875,8.376688194274902,780,0.2,-0.006195714291243349,2.179473876953125,0.00994682,-0.815072089061141,0.11951369047164917,0.0003,21.264000000000003,359.2
79,233,161792,692,260.91,2.965,,,,,,,,,,,,
80,236,163840,692,257.49,3.0560999999999994,0.135107421875,6.33181209154427,790,0.2,-0.005114864598726854,4.816205978393555,0.009710786,-0.8584323039278388,0.1566130518913269,0.0003,,
81,239,165888,692,253.26,2.7411000000000003,0.16240234375,4.28187402151525,800,0.2,-0.006868650215619709,1.331168293952942,0.013813094,-0.8840707112103701,-0.07212650775909424,0.0003,,
82,242,167936,692,261.44,3.0473500000000002,0.1529296875,6.551539532281458,810,0.2,-0.007242113856045762,1.1848063468933105,0.009787664,-0.903942652978003,0.11706382036209106,0.0003,,
83,245,169984,691,259.8,3.65785,0.142919921875,6.225298736989498,820,0.2,-0.008730145578738302,1.6909116506576538,0.012968367,-0.9075516209006309,0.12390726804733276,0.0003,,
,,170000,,,,0.1326171875,8.873807735741138,830,0.2,-0.007104741406510584,3.0529963970184326,0.009493606,-0.8950142920017242,0.04771697521209717,0.0003,22.947,458.8
84,250,172032,687,264.76,3.43895,,,,,,,,,,,,
85,253,174080,687,266.77,3.6699999999999995,0.191357421875,6.451136704906821,840,0.2,-0.007892231445293874,0.44221073389053345,0.014706501,-0.9055042138323188,0.1200186014175415,0.0003,,
86,256,176128,687,263.4,3.00155,0.118359375,10.643201429396868,850,0.2,-0.007305851523415186,7.508813858032227,0.009359209,-0.9158132432028652,0.20182710886001587,0.0003,,
87,258,178176,688,270.84,3.7337000000000002,0.142333984375,6.828929361328482,860,0.2,-0.010820459277601913,3.1707701683044434,0.009893216,-0.9115395268425346,0.1428859829902649,0.0003,,
,,180000,,,,0.095947265625,7.177345721051097,870,0.2,-0.008343341981526465,2.282731771469116,0.008016932,-0.8819715529680252,0.1038549542427063,0.0003,-1.703,418.6
88,262,180224,685,279.26,4.458949999999999,,,,,,,,,,,,
89,265,182272,686,281.35,4.78465,0.142041015625,8.93943341448903,880,0.2,-0.010297699403599836,5.481236934661865,0.010192464,-0.8959445802494883,0.23378580808639526,0.0003,,
90,268,184320,686,293.79,5.61085,0.115625,10.904942308366298,890,0.2,-0.00898025457863696,6.07874870300293,0.012050739,-0.888475003093481,0.15298372507095337,0.0003,,
91,271,186368,687,282.63,6.824200000000001,0.11640625,8.855590210109948,900,0.2,-0.005801494148909114,1.7042213678359985,0.008916264,-0.8991495363414288,0.1704552173614502,0.0003,,
92,273,188416,687,293.96,6.9075999999999995,0.09140625,14.437535969913005,910,0.2,-0.008369110309286044,5.415435314178467,0.008909669,-0.8712944179773331,0.16636121273040771,0.0003,,
,,190000,,,,0.177587890625,8.936961597204208,920,0.2,-0.010639064878341742,5.030398368835449,0.012189456,-0.868023525364697,0.10775148868560791,0.0003,43.234,679.4
93,278,190464,683,293.83,8.4169,,,,,,,,,,,,
94,281,192512,684,289.76,9.26465,0.116650390625,12.545428965985774,930,0.2,-0.008666500917752274,3.8234920501708984,0.0084015075,-0.8584030499681831,0.14305198192596436,0.0003,,
95,284,194560,684,298.18,11.040399999999998,0.124853515625,12.050388322770596,940,0.2,-0.0098754221748095,5.123167037963867,0.009144983,-0.8458938268944621,0.19909250736236572,0.0003,,
96,286,196608,685,294.52,11.333850000000002,0.116455078125,11.577579589933157,950,0.2,-0.0067506900522857904,4.642998695373535,0.008652087,-0.8423951430246234,0.15194088220596313,0.0003,,
97,289,198656,686,291.42,12.209750000000001,0.14423828125,10.34895200431347,960,0.2,-0.008620891712780576,5.059804439544678,0.011026672,-0.8452224554494023,0.2227209210395813,0.0003,,
,,200000,,,,0.105908203125,11.175592482835054,970,0.2,-0.008600218867650255,4.759965419769287,0.0075824503,-0.8115526607260108,0.18737787008285522,0.0003,14.788999999999998,649.8
98,294,200704,682,289.23,12.166650000000002,,,,,,,,,,,,
99,296,202752,682,298.77,12.319049999999999,0.178076171875,7.9015163883566855,980,0.2,-0.01060211742296815,4.462900638580322,0.015139211,-0.8240033097565174,0.12706124782562256,0.0003,,
100,299,204800,683,307.1,13.0627,0.191455078125,4.912568876519799,990,0.2,-0.009053292295720893,2.1503052711486816,0.015231399,-0.8242537431418896,0.11398196220397949,0.0003,,
101,302,206848,683,313.72,13.65885,0.11943359375,9.31216920465231,1000,0.2,-0.009618410821713042,4.196227550506592,0.010183152,-0.8394288824871182,0.12607550621032715,0.0003,,
102,305,208896,684,318.76,15.380449999999998,0.17373046875,7.0031787469983104,1010,0.2,-0.01117815618927125,2.462923526763916,0.016285881,-0.8473817832767964,0.06585484743118286,0.0003,,
,,210000,,,,0.100634765625,14.221532087028027,1020,0.2,-0.009273933098302222,6.404720306396484,0.0067651235,-0.8133661359548569,0.21511155366897583,0.0003,76.455,842.2
103,310,210944,678,318.46,14.905749999999998,,,,,,,,,,,,
104,313,212992,679,321.5,14.480349999999996,0.124560546875,8.960035675019025,1030,0.2,-0.006650927313603461,5.4947686195373535,0.01198144,-0.8084717512130737,0.19684898853302002,0.0003,,
105,316,215040,679,316.5,16.01205,0.1265625,7.8848365195095536,1040,0.2,-0.006674832612043246,2.914620876312256,0.012822939,-0.8280991047620774,0.19901341199874878,0.0003,,
106,319,217088,679,321.46,15.659050000000002,0.11396484375,15.556764812767506,1050,0.2,-0.013596006836451124,9.103827476501465,0.010418564,-0.8118551986292004,0.030424773693084717,0.0003,,
107,322,219136,680,324.66,17.9431,0.10908203125,10.01610176190734,1060,0.2,-0.009963782737031579,2.4863927364349365,0.00929238,-0.8029149318113923,0.1252034306526184,0.0003,,
,,220000,,,,0.06591796875,19.64483036696911,1070,0.2,-0.007472117470751982,9.881122589111328,0.007797943,-0.8113677728921175,0.19620656967163086,0.0003,24.497,661.0
108,327,221184,676,333.12,19.53055,,,,,,,,,,,,
109,329,223232,676,334.14,19.310399999999998,0.114453125,12.30123450011015,1080,0.2,-0.00726498952426482,5.695550441741943,0.010215448,-0.8110087890177965,0.2030755877494812,0.0003,,
110,332,225280,677,339.13,20.9102,0.11630859375,13.535001392662526,1090,0.2,-0.011313351614080602,6.313297748565674,0.0137288235,-0.814522715844214,0.2334073781967163,0.0003,,
111,335,227328,677,331.33,21.962650000000004,0.1560546875,19.163687160611154,1100,0.2,-0.014334118417173159,10.873997688293457,0.01032391,-0.7738606913015247,0.2988288402557373,0.0003,,
112,338,229376,677,331.3,22.857149999999997,0.125537109375,18.418034535646438,1110,0.2,-0.009229818661697208,10.47945499420166,0.010666085,-0.7959600266069173,0.19767671823501587,0.0003,,
,,230000,,,,0.11611328125,16.76573823839426,1120,0.2,-0.00835783462098334,6.4059906005859375,0.009680886,-0.7901698656380176,0.09718888998031616,0.0003,67.96000000000001,496.2
113,342,231424,675,334.05,23.73375,,,,,,,,,,,,
114,345,233472,676,327.46,25.389449999999997,0.0916015625,19.220487786829473,1130,0.2,-0.007340426824521273,14.471579551696777,0.008103532,-0.7679607465863227,0.21981829404830933,0.0003,,
115,348,235520,676,322.84,26.969250000000006,0.13046875,20.98729177415371,1140,0.2,-0.011154294619336725,11.121967315673828,0.012068339,-0.7578453052788973,0.051951706409454346,0.0003,,
116,350,237568,677,324.36,28.26425,0.135595703125,18.224755549430846,1150,0.2,-0.01048317619424779,6.9639692306518555,0.0114919925,-0.7683343915268779,0.139801025390625,0.0003,,
117,353,239616,677,316.54,29.712999999999997,0.112109375,19.17922621667385,1160,0.2,-0.008980432225507684,4.710052967071533,0.011444377,-0.7778977829962969,0.13916003704071045,0.0003,,
,,240000,,,,0.1345703125,15.60519857108593,1170,0.2,-0.007395845562859904,8.123723983764648,0.011876207,-0.8092324743047357,0.1508394479751587,0.0003,97.97,1289.4
118,359,241664,671,316.21,30.52195,,,,,,,,,,,,
119,362,243712,672,315.72,32.565349999999995,0.125439453125,24.345058563351632,1180,0.2,-0.012202086113393306,9.349477767944336,0.010684775,-0.7797428667545319,0.15468841791152954,0.0003,,
120,365,245760,672,309.86,33.76915,0.14423828125,18.788263922929765,1190,0.2,-0.009576934503274969,5.179734230041504,0.010763279,-0.7971092097461223,0.17242741584777832,0.0003,,
121,368,247808,672,305.03,34.98185,0.11689453125,28.252512902021408,1200,0.2,-0.011768076012958772,15.20405387878418,0.010244024,-0.777899874560535,0.1747913360595703,0.0003,,
122,371,249856,672,311.97,35.881550000000004,0.125390625,14.995941910147668,1210,0.2,-0.00845873101206962,11.617410659790039,0.011094927,-0.7550135837867856,0.21019357442855835,0.0003,,
,,250000,,,,0.118017578125,20.413232408463955,1220,0.2,-0.010060305285151117,6.112778663635254,0.010604415,-0.7613367957994341,0.10183459520339966,0.0003,174.73399999999998,2095.8
123,379,251904,662,305.33,36.968199999999996,,,,,,,,,,,,
124,382,253952,663,298.71,39.2883,0.1076171875,20.220527145266534,1230,0.2,-0.008296434345538728,8.821114540100098,0.008222463,-0.7275023378431797,0.23689478635787964,0.0003,,
125,385,256000,664,301.28,40.3779,0.1111328125,22.906030541658403,1240,0.2,-0.011163284367648884,17.444849014282227,0.011328777,-0.7353756938129663,0.04066002368927002,0.0003,,
126,388,258048,664,310.5,41.03810000000001,0.128857421875,26.03248522281647,1250,0.2,-0.014469091343926266,12.795660972595215,0.013367605,-0.7307071538642049,0.08891326189041138,0.0003,,
,,260000,,,,0.121484375,17.309261360764502,1260,0.2,-0.00933441959496122,6.22857666015625,0.010210387,-0.7321590652689338,0.1681632399559021,0.0003,86.137,1467.0
127,395,260096,657,308.39,43.64885,,,,,,,,,,,,
128,398,262144,658,314.46,43.448449999999994,0.101171875,33.84998343586922,1270,0.2,-0.009530372588778846,18.96144676208496,0.008651111,-0.7139747770503163,0.20895534753799438,0.0003,,
129,401,264192,658,322.02,45.70269999999999,0.14208984375,16.838754223287104,1280,0.2,-0.008019481741939671,8.60403060913086,0.013072601,-0.7388147808611393,0.13867396116256714,0.0003,,
130,404,266240,658,334.38,49.45660000000001,0.107763671875,23.717383599281312,1290,0.2,-0.007253509380097967,5.18643045425415,0.009960979,-0.7177954303100705,0.12927985191345215,0.0003,,
131,407,268288,658,337.82,53.29014999999998,0.111083984375,24.27678354382515,1300,0.2,-0.01014349978941027,10.736043930053711,0.012202272,-0.6496928544715047,0.20077264308929443,0.0003,,
,,270000,,,,0.106201171875,22.78975491821766,1310,0.2,-0.008530669775791467,8.173452377319336,0.008900601,-0.6646467508748174,0.19178003072738647,0.0003,16.973,653.2
132,411,270336,656,341.16,53.1324,,,,,,,,,,,,
133,414,272384,657,348.53,55.21450000000001,0.1224609375,15.66967648267746,1320,0.2,-0.0024783223896520214,5.772380352020264,0.0092312405,-0.6837096478790045,0.22442126274108887,0.0003,,
134,417,274432,657,363.11,55.764849999999996,0.097900390625,26.838453206419945,1330,0.2,-0.009530471706239042,13.882869720458984,0.008654712,-0.6577974444255232,0.2684354782104492,0.0003,,
135,420,276480,658,377.77,57.57139999999998,0.1146484375,15.394887219369412,1340,0.2,-0.00790874263329897,3.202873945236206,0.009067593,-0.6955099649727344,0.2543773651123047,0.0003,,
136,422,278528,658,392.04,61.02864999999999,0.09736328125,12.994103789329529,1350,0.2,-0.004469867722946219,7.2187018394470215,0.010841946,-0.640579104796052,0.22995883226394653,0.0003,,
,,280000,,,,0.09306640625,20.895322966575623,1360,0.2,-0.007074645365355537,9.629781723022461,0.009064504,-0.632705495506525,0.20859521627426147,0.0003,82.62699999999998,1432.6
137,429,280576,652,392.87,64.0969,,,,,,,,,,,,
138,432,282624,653,398.14,64.96195,0.079296875,28.59234760403633,1370,0.2,-0.004855265704100021,12.334755897521973,0.007592514,-0.6175004113465548,0.17672628164291382,0.0003,,
139,435,284672,653,410.68,67.44435,0.1244140625,22.613172295689584,1380,0.2,-0.009795862906321418,11.892127990722656,0.008716874,-0.6705306669697165,0.17805659770965576,0.0003,,
140,438,286720,654,421.1,70.30954999999999,0.104296875,27.238853281736375,1390,0.2,-0.005800035811262205,14.437155723571777,0.00920042,-0.6529375256970524,0.15146321058273315,0.0003,,
141,441,288768,654,427.78,72.06895,0.07978515625,27.40092940926552,1400,0.2,-0.006565129330556374,10.443095207214355,0.007523572,-0.6326972842216492,0.13800400495529175,0.0003,,
,,290000,,,,0.10810546875,26.041346663236617,1410,0.2,-0.008337028353707865,13.552631378173828,0.0074462253,-0.5999000992625951,0.23286879062652588,0.0003,96.291,1573.0
142,448,290816,648,438.35,75.76984999999999,,,,,,,,,,,,
143,451,292864,649,439.02,78.35869999999998,0.109228515625,24.482615131139756,1420,0.2,-0.008028373555862344,9.763814926147461,0.010617147,-0.5873462751507759,0.22431308031082153,0.0003,,
144,453,294912,649,445.06,81.57295,0.10927734375,22.831562787294388,1430,0.2,-0.008910494280280545,9.136337280273438,0.009988036,-0.5785254331305623,0.23629099130630493,0.0003,,
145,456,296960,650,446.43,80.82375,0.113037109375,21.933630576729776,1440,0.2,-0.00923544576507993,10.885547637939453,0.009733992,-0.5869864717125892,0.21655315160751343,0.0003,,
146,459,299008,650,455.2,82.95885,0.123193359375,23.63372869491577,1450,0.2,-0.008422830246854574,10.308478355407715,0.0121760685,-0.6549163138493895,0.10543817281723022,0.0003,,
,,300000,,,,0.1025390625,23.28192776441574,1460,0.2,-0.010244384934776463,7.844089508056641,0.008550474,-0.5832533875480295,0.054367125034332275,0.0003,166.627,1960.4
147,467,301056,643,463.7,84.10589999999998,,,,,,,,,,,,
148,470,303104,643,455.8,82.84279999999998,0.090673828125,26.190855684876443,1470,0.2,-0.005773112265160307,4.73940372467041,0.006666368,-0.6089829539880156,0.18732768297195435,0.0003,,
149,473,305152,644,454.72,82.78715,0.1259765625,26.635965380072594,1480,0.2,-0.008139901947288308,13.270803451538086,0.00991101,-0.6268202178180218,0.20793282985687256,0.0003,,
150,476,307200,644,460.99,83.57215000000001,0.116015625,33.749303713440895,1490,0.2,-0.009915024902147707,14.462949752807617,0.010232333,-0.5943444702774286,0.17907553911209106,0.0003,,
151,479,309248,644,458.52,84.12570000000001,0.112890625,17.43217947781086,1500,0.2,-0.00501104858412873,10.276032447814941,0.00801962,-0.5947153080254793,0.16338127851486206,0.0003,,
,,310000,,,,0.105224609375,25.506485080718996,1510,0.2,-0.007467902204371058,11.601228713989258,0.008000339,-0.5453041645698249,0.18470197916030884,0.0003,111.151,1762.6
152,487,311296,638,458.09,86.60994999999998,,,,,,,,,,,,
153,490,313344,638,469.93,89.87424999999999,0.07939453125,24.73820594251156,1520,0.2,-0.008532691453001461,18.34979820251465,0.006240245,-0.5418194329366088,0.09956574440002441,0.0003,,
154,493,315392,638,483.24,93.49335,0.093359375,19.167294931411742,1530,0.2,-0.0024101637362036856,9.60056209564209,0.008718657,-0.5692787899635732,0.2572440505027771,0.0003,,
155,496,317440,638,483.02,94.63295000000004,0.100927734375,17.036815087497235,1540,0.2,-0.0052107639450696295,8.431401252746582,0.009236105,-0.5634840119630098,0.23844373226165771,0.0003,,
156,499,319488,639,479.56,96.05990000000001,0.122802734375,22.721016824245453,1550,0.2,-0.008811893814709038,10.9840726852417,0.01428558,-0.589761888794601,0.1634160876274109,0.0003,,
,,320000,,,,0.1078125,26.20160734653473,1560,0.2,-0.008537716697901487,8.776999473571777,0.009301534,-0.593281706981361,0.2694309949874878,0.0003,166.428,1500.0
157,506,321536,634,470.47,97.14884999999998,,,,,,,,,,,,
158,509,323584,634,459.21,98.36164999999997,0.096875,23.298318248987197,1570,0.2,-0.008643568612751552,10.037755966186523,0.009812995,-0.60130236428231,0.24292230606079102,0.0003,,
159,512,325632,635,455.21,96.94294999999998,0.107275390625,28.207702815532684,1580,0.2,-0.006946128352137748,23.29370880126953,0.007450975,-0.5904797044582665,0.16140466928482056,0.0003,,
160,515,327680,635,464.53,98.72619999999998,0.094189453125,24.8148099899292,1590,0.2,-0.005182334949495271,9.326066970825195,0.008778427,-0.5892765956930817,0.2550150156021118,0.0003,,
161,517,329728,636,470.63,101.48594999999999,0.11357421875,27.44318494796753,1600,0.2,-0.0074443025281652805,12.779351234436035,0.008700417,-0.5551717705093324,0.23813146352767944,0.0003,,
,,330000,,,,0.103515625,22.945781105756758,1610,0.2,-0.008675891724124085,5.408120155334473,0.010509082,-0.5731795220635831,0.1561192274093628,0.0003,51.215999999999994,1059.8
162,523,331776,633,475.89,105.36640000000001,,,,,,,,,,,,
163,526,333824,634,495.6,110.51420000000002,0.085107421875,23.806062564253807,1620,0.2,-0.005510964099084958,14.204133033752441,0.0061428337,-0.5655367388390005,0.28335708379745483,0.0003,,
164,529,335872,634,514.3,112.33655000000003,0.08994140625,17.97982076704502,1630,0.2,-0.00390998404182028,6.755276679992676,0.007122871,-0.6138644974678755,0.2540355324745178,0.0003,,
165,532,337920,635,510.9,112.6107,0.101318359375,16.480884806811808,1640,0.2,-0.004216010853997432,8.300844192504883,0.010095943,-0.6247044693678617,0.2711430788040161,0.0003,,
166,534,339968,635,520.78,118.01875,0.095751953125,24.82847661972046,1650,0.2,-0.006997841486008838,16.248811721801758,0.008724682,-0.6000374432653188,0.13483858108520508,0.0003,,
,,340000,,,,0.104833984375,28.215186482667924,1660,0.2,-0.007983032414631452,7.201983451843262,0.011744138,-0.5549293673597276,0.27721017599105835,0.0003,208.40299999999996,1440.8
167,541,342016,631,529.45,121.50495000000002,,,,,,,,,,,,
168,544,344064,631,519.7,120.98745000000001,0.092138671875,22.70318415760994,1670,0.2,-0.00732825593004236,10.931450843811035,0.008446589,-0.5496352110989392,0.1927412748336792,0.0003,,
169,547,346112,632,529.45,124.45730000000002,0.08994140625,42.89289599061012,1680,0.2,-0.007927011622814461,26.589786529541016,0.010441224,-0.5706689064390957,0.11969655752182007,0.0003,,
170,550,348160,632,547.09,127.67660000000002,0.098681640625,22.560947954654694,1690,0.2,-0.003698269493179396,5.213565826416016,0.008639064,-0.5609305087476969,0.2462565302848816,0.0003,,
,,350000,,,,0.117626953125,23.37874881327152,1700,0.2,-0.005235924095904921,9.595770835876465,0.010427536,-0.6208292400464416,0.2338363528251648,0.0003,219.82999999999998,1080.4
171,555,350208,630,541.61,126.02425,,,,,,,,,,,,
172,558,352256,630,540.48,126.76025,0.0830078125,30.403799402713776,1710,0.2,-0.007829193941142875,11.680832862854004,0.0074537685,-0.610497561097145,0.23800599575042725,0.0003,,
173,561,354304,631,541.84,128.021,0.102978515625,31.806089758872986,1720,0.2,-0.008037135124322959,20.276748657226562,0.0075620925,-0.6051114436239005,0.18553876876831055,0.0003,,
174,564,356352,631,545.46,129.81969999999998,0.095263671875,26.733927857875823,1730,0.2,-0.005104471772210672,11.955327033996582,0.007909968,-0.608918375056237,0.2893756031990051,0.0003,,
175,566,358400,632,563.37,136.49919999999997,0.098779296875,23.98148479163647,1740,0.2,-0.005712103363475762,9.119431495666504,0.007382881,-0.5935340408235789,0.31390559673309326,0.0003,,
,,360000,,,,0.075341796875,32.77543456554413,1750,0.2,-0.005732241971418262,16.527469635009766,0.009348959,-0.5956852125003934,0.21874266862869263,0.0003,274.81499999999994,1556.2
176,573,360448,628,561.45,136.7009,,,,,,,,,,,,
177,576,362496,628,576.37,141.08429999999998,0.11123046875,32.17644843459129,1760,0.2,-0.009294322910136543,9.446697235107422,0.008128932,-0.6099454618990421,0.20322632789611816,0.0003,,
178,579,364544,629,589.3,147.03029999999998,0.1091796875,34.60755136013031,1770,0.2,-0.009573902559350245,19.76243782043457,0.010987487,-0.5613760132342577,0.16073638200759888,0.0003,,
179,582,366592,629,592.18,149.61804999999998,0.11416015625,29.69496436715126,1780,0.2,-0.008919989137211815,16.863967895507812,0.008051956,-0.5759642126038671,0.26903074979782104,0.0003,,
180,584,368640,630,586.01,149.53390000000002,0.10703125,31.652739253640174,1790,0.2,-0.007851688413938972,18.15951919555664,0.008798915,-0.6244762729853391,0.26466333866119385,0.0003,,
,,370000,,,,0.10234375,39.31062481105327,1800,0.2,-0.007614578407083172,23.207088470458984,0.007098989,-0.5925589110702276,0.13873183727264404,0.0003,254.512,1771.2
181,592,370688,625,590.99,151.90105,,,,,,,,,,,,
182,595,372736,625,569.97,147.87234999999998,0.11513671875,35.421784260869025,1810,0.2,-0.011554505085223354,16.77797508239746,0.010158928,-0.5870358563959599,0.21732020378112793,0.0003,,
183,598,374784,626,568.12,147.4084,0.0884765625,41.6707657456398,1820,0.2,-0.008162012658431195,22.514198303222656,0.009289881,-0.5470279157161713,0.1789611577987671,0.0003,,
184,601,376832,626,583.4,151.85095,0.126171875,28.093805596232414,1830,0.2,-0.008024528858368286,8.607234954833984,0.010887901,-0.6122409431263804,0.19326412677764893,0.0003,,
185,604,378880,627,583.79,151.1857,0.10166015625,26.95840598642826,1840,0.2,-0.009052110303309746,14.494647979736328,0.008437165,-0.5481064501218498,0.21970510482788086,0.0003,,
,,380000,,,,0.110205078125,26.156781327724456,1850,0.2,-0.00534698419214692,16.793800354003906,0.012467552,-0.6125829176977277,0.10203182697296143,0.0003,92.62800000000001,1333.0
186,610,380928,623,604.84,152.7652,,,,,,,,,,,,
187,613,382976,624,614.2,154.8133,0.139208984375,8.022926449403167,1860,0.2,-0.004303591228381265,8.291261672973633,0.014191573,-0.6359922809526324,0.2795509696006775,0.0003,,
188,616,385024,624,615.44,156.25674999999998,0.0916015625,20.272456580400465,1870,0.2,-0.004856089441454969,10.563725471496582,0.00842652,-0.6186496153473854,0.17510569095611572,0.0003,,
189,619,387072,625,598.79,153.82084999999998,0.09091796875,29.80714308619499,1880,0.2,-0.009544785050093197,10.60941219329834,0.0092795435,-0.5769525850191712,0.15835857391357422,0.0003,,
190,621,389120,625,583.81,149.78394999999998,0.083203125,39.782553285360336,1890,0.2,-0.006822552561061457,17.045856475830078,0.008207714,-0.5842302406206727,0.11661207675933838,0.0003,,
,,390000,,,,0.105224609375,28.754692560434343,1900,0.2,-0.009109938351321034,18.31846046447754,0.008719565,-0.5988440555520356,0.14516347646713257,0.0003,405.51599999999996,1192.2
191,628,391168,622,544.89,142.098,,,,,,,,,,,,
192,630,393216,623,537.9,139.60580000000002,0.110498046875,32.17298970222473,1910,0.2,-0.008064671311876737,13.148978233337402,0.0085474625,-0.5795322879217565,0.21637499332427979,0.0003,,
193,633,395264,623,543.35,141.48835000000003,0.101611328125,26.108901688456534,1920,0.2,-0.007975640850781928,12.19630241394043,0.01096463,-0.5451103414408862,0.23400390148162842,0.0003,,
194,636,397312,624,544.16,141.84950000000003,0.098828125,25.167336985468864,1930,0.2,-0.006650199359864928,7.982160568237305,0.010090905,-0.5451992560178042,0.23096418380737305,0.0003,,
195,639,399360,624,556.42,145.27475,0.09189453125,31.18199108839035,1940,0.2,-0.006725532616837881,13.980378150939941,0.009170873,-0.5787395634688437,0.19367146492004395,0.0003,,
,,400000,,,,0.10673828125,31.56647098958492,1950,0.2,-0.00805110865912866,12.366920471191406,0.01022251,-0.572904794011265,0.22414368391036987,0.0003,142.592,1136.8
196,644,401408,622,558.16,144.11955,,,,,,,,,,,,
197,647,403456,622,549.44,144.5283,0.0873046875,34.3014075756073,1960,0.2,-0.007602440140908584,12.786431312561035,0.0073543126,-0.5855731902644038,0.276416540145874,0.0003,,
198,650,405504,623,537.6,143.76320000000004,0.089013671875,29.221577659249306,1970,0.2,-0.005288508915691636,15.098265647888184,0.008689755,-0.5863922759890556,0.322909414768219,0.0003,,
199,653,407552,623,544.2,148.48935,0.09619140625,43.0503282725811,1980,0.2,-0.010879195856978186,13.968846321105957,0.011304103,-0.5881286147981882,0.20154881477355957,0.0003,,
200,656,409600,624,537.3,145.99675000000002,0.10302734375,30.049584111571313,1990,0.2,-0.007915333651180845,14.491025924682617,0.011925873,-0.550560063496232,0.27235060930252075,0.0003,,
,,410000,,,,0.1224609375,28.03305616378784,2000,0.2,-0.006695948430569842,7.450021266937256,0.010012133,-0.5688786081969738,0.14230602979660034,0.0003,346.02200000000005,861.0
201,661,411648,622,553.82,151.24455,,,,,,,,,,,,
202,664,413696,622,566.82,156.43290000000002,0.1525390625,15.288321435451508,2010,0.2,-0.00856937447679229,4.549727439880371,0.011558761,-0.5481887705624103,0.28627926111221313,0.0003,,
203,667,415744,622,569.75,157.68480000000002,0.110546875,17.779742980003356,2020,0.2,-0.005765284050721675,6.865426540374756,0.010370242,-0.5472572054713964,0.3970840573310852,0.0003,,
204,670,417792,623,574.13,159.31865,0.096484375,35.3412677526474,2030,0.2,-0.009034818960935808,26.35146141052246,0.007870427,-0.53147096876055,0.2161109447479248,0.0003,,
205,673,419840,623,567.82,157.3303,0.095068359375,27.736689314246178,2040,0.2,-0.005336458265082911,13.613616943359375,0.008589964,-0.5515134675428272,0.23456937074661255,0.0003,,
,,420000,,,,0.10361328125,43.785588735342024,2050,0.2,-0.006808356184046715,32.98511505126953,0.009563791,-0.5581116683781147,0.13797909021377563,0.0003,161.15,1603.2
206,680,421888,619,570.95,158.68130000000002,,,,,,,,,,,,
207,683,423936,619,565.52,157.4839,0.126123046875,22.45707428753376,2060,0.2,-0.009902518425951712,13.372928619384766,0.013924042,-0.5525138691067696,0.21418976783752441,0.0003,,
208,686,425984,620,576.53,162.74625,0.097021484375,39.926001915335654,2070,0.2,-0.008662467615795321,19.023391723632812,0.00902465,-0.5443693769164384,0.25868576765060425,0.0003,,
209,689,428032,620,592.97,167.6713,0.1158203125,37.201259928941724,2080,0.2,-0.007474730128888041,13.613883018493652,0.012284299,-0.5498658894561231,0.19326114654541016,0.0003,,
,,430000,,,,0.09111328125,22.27429883480072,2090,0.2,-0.0035634541913168506,7.067509174346924,0.009806031,-0.5515887542627752,0.26364433765411377,0.0003,216.64299999999997,1345.4
210,696,430080,617,596.76,169.6653,,,,,,,,,,,,
211,698,432128,618,594.08,166.2171,0.101318359375,27.737955924868583,2100,0.2,-0.004599397517449688,11.872629165649414,0.009211954,-0.6084968378767371,0.17315709590911865,0.0003,,
212,701,434176,618,601.76,168.6798,0.128466796875,34.99642975926399,2110,0.2,-0.013094089180231094,10.840998649597168,0.010408111,-0.5922779105603695,0.1485077142715454,0.0003,,
213,704,436224,619,613.78,172.34940000000003,0.1005859375,25.787450343370438,2120,0.2,-0.006647011084714905,8.697199821472168,0.010300675,-0.5707750661298633,0.22852802276611328,0.0003,,
214,707,438272,619,609.56,170.23760000000001,0.137353515625,28.40897226333618,2130,0.2,-0.0068816438171779735,13.604161262512207,0.011951513,-0.6254556162282825,0.2674172520637512,0.0003,,
,,440000,,,,0.105029296875,33.00591851472855,2140,0.2,-0.008387306207441724,12.082453727722168,0.007893756,-0.6043336529284715,0.13272523880004883,0.0003,125.876,694.4
215,711,440320,618,612.44,171.8419,,,,,,,,,,,,
216,714,442368,619,573.72,167.6636,0.09853515625,33.08900238871574,2150,0.2,-0.005405243308632635,13.616352081298828,0.009427847,-0.558467221725732,0.15548944473266602,0.0003,,
217,717,444416,619,575.81,168.60559999999998,0.10439453125,32.25757433772087,2160,0.2,-0.005716729405685328,6.279858112335205,0.00964064,-0.5647741446271539,0.12464094161987305,0.0003,,
218,720,446464,620,584.59,170.37649999999994,0.080615234375,44.05024219751358,2170,0.2,-0.008980679226806388,22.32770538330078,0.009533841,-0.5749376482330263,0.12618374824523926,0.0003,,
219,722,448512,620,594.42,174.21804999999998,0.138623046875,29.309847056865692,2180,0.2,-0.009006941600819118,8.962177276611328,0.013582833,-0.6028153323568404,0.17770260572433472,0.0003,,
,,450000,,,,0.10419921875,23.682261455059052,2190,0.2,-0.005034718592651188,7.534698963165283,0.0085012745,-0.5775969730690121,0.25112229585647583,0.0003,198.18900000000002,1850.6
220,730,450560,616,605.39,177.49970000000002,,,,,,,,,,,,
221,733,452608,617,609.0,178.30105000000003,0.101513671875,29.53150542676449,2200,0.2,-0.005802661235793494,15.6978120803833,0.010271797,-0.5913172306492924,0.29960834980010986,0.0003,,
222,736,454656,617,602.44,177.4485,0.082861328125,30.03744961321354,2210,0.2,-0.006683872640132904,10.155730247497559,0.007056196,-0.5575318812392652,0.18536311388015747,0.0003,,
223,739,456704,617,604.24,176.89624999999995,0.09609375,32.67396144270897,2220,0.2,-0.010094494142686017,18.640275955200195,0.009182751,-0.5525432463735342,0.20272737741470337,0.0003,,
224,741,458752,618,611.34,180.62645000000003,0.11689453125,23.537107142806054,2230,0.2,-0.005122780334204435,10.527530670166016,0.01102438,-0.5525199343450368,0.1987418532371521,0.0003,,
,,460000,,,,0.11494140625,29.58899238705635,2240,0.2,-0.007428737558075227,17.312833786010742,0.010075588,-0.5371624235995114,0.1944187879562378,0.0003,179.456,1311.2
225,748,460800,615,601.52,178.78770000000003,,,,,,,,,,,,
226,750,462848,616,613.4,181.88569999999996,0.09296875,29.375996777415274,2250,0.2,-0.008308018752723,17.639911651611328,0.01065384,-0.5308595365844667,0.17149215936660767,0.0003,,
227,753,464896,616,606.25,180.03259999999997,0.102734375,28.99532881975174,2260,0.2,-0.007254099717829377,9.366341590881348,0.010110389,-0.5701867861673235,0.26006364822387695,0.0003,,
228,756,466944,617,613.7,181.13285000000005,0.09658203125,50.76895353794098,2270,0.2,-0.010704824404092506,23.318056106567383,0.007945284,-0.5115747065283358,0.15967464447021484,0.0003,,
229,759,468992,617,618.6,182.25685000000004,0.093798828125,24.359462931752205,2280,0.2,-0.006060164791415445,11.015141487121582,0.011140512,-0.5549220835790039,0.2923262119293213,0.0003,,
,,470000,,,,0.08876953125,25.41930498480797,2290,0.2,-0.00500056035380112,9.289200782775879,0.007978286,-0.49838345851749183,0.20033705234527588,0.0003,164.185,1224.2
230,765,471040,615,631.07,186.21129999999997,,,,,,,,,,,,
231,768,473088,615,625.04,186.2355,0.073388671875,24.677318355441095,2300,0.2,-0.007105200915248133,13.83652400970459,0.007503709,-0.5093996874056756,0.18316805362701416,0.0003,,
232,771,475136,616,601.92,179.08685000000003,0.071044921875,36.203239715099336,2310,0.2,-0.005757576579344459,22.566659927368164,0.00847847,-0.4885755280032754,0.2677571177482605,0.0003,,
233,773,477184,616,599.4,181.64065000000002,0.09404296875,45.23182128667831,2320,0.2,-0.008939368510618806,21.663373947143555,0.008857919,-0.5036281602457165,0.23380547761917114,0.0003,,
234,776,479232,617,604.75,185.18450000000004,0.06708984375,46.045136070251466,2330,0.2,-0.006430616334546358,17.584692001342773,0.0062409956,-0.4688141955062747,0.21307307481765747,0.0003,,
,,480000,,,,0.07216796875,35.80860669314861,2340,0.2,-0.0054279941134154795,26.690282821655273,0.005923575,-0.4802582360804081,0.22130167484283447,0.0003,191.907,906.2
235,781,481280,615,609.94,188.30094999999997,,,,,,,,,,,,
236,784,483328,615,608.68,188.59440000000006,0.0802734375,39.31108747720718,2350,0.2,-0.006812267284840345,23.81039047241211,0.0077529955,-0.4542401611804962,0.16872930526733398,0.0003,,
237,787,485376,616,612.18,190.0636,0.0955078125,33.62367078363896,2360,0.2,-0.008771328584407457,13.310169219970703,0.0070754783,-0.4785452885553241,0.2648732662200928,0.0003,,
238,790,487424,616,585.07,181.19415,0.08447265625,42.93642776608467,2370,0.2,-0.007571687361632939,20.908554077148438,0.008877248,-0.47862785439938305,0.1337328553199768,0.0003,,
239,793,489472,616,577.34,181.69600000000003,0.084521484375,49.18849962055683,2380,0.2,-0.006074175835237838,28.7508602142334,0.009451948,-0.46384702241048215,0.20642554759979248,0.0003,,
,,490000,,,,0.086279296875,40.102197939157485,2390,0.2,-0.00684195380890742,19.330087661743164,0.008543142,-0.4871000649407506,0.1788419485092163,0.0003,275.109,1025.2
240,799,491520,614,559.36,178.3463,,,,,,,,,,,,
241,802,493568,615,561.38,180.31805000000003,0.090283203125,35.45276044905186,2400,0.2,-0.004478541182470508,21.862607955932617,0.008945696,-0.46297761937603354,0.14101570844650269,0.0003,,
242,805,495616,615,568.92,183.41774999999996,0.09931640625,30.373714271187783,2410,0.2,-0.005818852974334732,8.606476783752441,0.007301368,-0.4662838391959667,0.22448134422302246,0.0003,,
243,807,497664,615,579.73,186.24904999999998,0.121337890625,26.347821837663652,2420,0.2,-0.008088974430575036,8.438762664794922,0.013279151,-0.5023591806180775,0.2030411958694458,0.0003,,
244,810,499712,616,584.8,189.75525000000002,0.0818359375,32.77840370237827,2430,0.2,-0.007737562191323377,19.060855865478516,0.008383149,-0.5304627011530101,0.18778884410858154,0.0003,,
,,500000,,,,0.08857421875,35.860811558365825,2440,0.2,-0.005580974830081686,13.343481063842773,0.0076074824,-0.470209832675755,0.22373449802398682,0.0003,314.14700000000005,1005.2
245,816,501760,614,585.61,191.67805,,,,,,,,,,,,
246,819,503808,614,600.68,197.0961,0.101171875,23.969231310486794,2450,0.2,-0.008822515222709626,18.362051010131836,0.00997036,-0.4789838901720941,0.2827242612838745,0.0003,,
247,822,505856,615,604.54,198.0172,0.10556640625,44.6301893055439,2460,0.2,-0.006851606932468712,41.3937873840332,0.011218444,-0.5051167733967304,0.14446645975112915,0.0003,,
248,825,507904,615,615.32,202.53035,0.11259765625,27.002606636285783,2470,0.2,-0.008277231940883211,15.24632740020752,0.007849762,-0.4871371414512396,0.17649239301681519,0.0003,,
249,828,509952,615,614.87,202.83275,0.094287109375,28.577167680859567,2480,0.2,-0.006430924771120772,8.394635200500488,0.011110945,-0.5083023593761027,0.16735553741455078,0.0003,,
,,510000,,,,0.0978515625,26.617953258752824,2490,0.2,-0.0037599937961203976,8.907937049865723,0.010743436,-0.4979195878840983,0.2642672061920166,0.0003,261.93999999999994,1006.0
250,833,512000,614,613.24,205.03490000000002,,,,,,,,,,,,
251,836,514048,614,622.85,209.40480000000002,0.10390625,25.908961072564125,2500,0.2,-0.008386746846372261,10.009224891662598,0.009308281,-0.5231379995122551,0.3521754741668701,0.0003,,
252,839,516096,614,617.3,207.75779999999995,0.08037109375,39.147027567029,2510,0.2,-0.004715951337129809,13.054730415344238,0.008968775,-0.4943191954866052,0.27692562341690063,0.0003,,
253,842,518144,614,616.38,204.735,0.10771484375,35.33772970736027,2520,0.2,-0.009209675058082211,11.746844291687012,0.010694049,-0.567838348262012,0.09463590383529663,0.0003,,
,,520000,,,,0.1134765625,26.170720863342286,2530,0.2,-0.01075315514317481,12.498025894165039,0.011406824,-0.5714786000549793,0.1423540711402893,0.0003,407.592,1320.4
254,849,520192,612,603.52,200.17919999999998,,,,,,,,,,,,
255,852,522240,612,599.25,199.23504999999997,0.097509765625,44.28265291452408,2540,0.2,-0.00714999565097969,20.185989379882812,0.00951778,-0.5453413252718746,0.1838846206665039,0.0003,,
256,855,524288,613,608.06,203.09875,0.106689453125,28.52934511601925,2550,0.2,-0.008835813657788094,9.681122779846191,0.00946725,-0.530438550375402,0.23068106174468994,0.0003,,
257,857,526336,613,613.42,204.90874999999994,0.109619140625,27.20704440921545,2560,0.2,-0.005147371429484337,7.1506757736206055,0.013290463,-0.5486490555107594,0.27774399518966675,0.0003,,
258,860,528384,613,612.85,205.39175,0.115625,26.651198813319205,2570,0.2,-0.009577010941575282,14.775124549865723,0.012495633,-0.5462754359468818,0.24539607763290405,0.0003,,
,,530000,,,,0.1142578125,28.721673715114594,2580,0.2,-0.007960264457506128,12.607757568359375,0.0079617025,-0.547586492728442,0.2083529829978943,0.0003,248.305,1655.8
259,867,530432,611,614.82,207.13569999999999,,,,,,,,,,,,
260,870,532480,611,616.82,207.97304999999997,0.1171875,27.36982070207596,2590,0.2,-0.008245847359648905,15.210066795349121,0.008996689,-0.5361240111291409,0.30762332677841187,0.0003,,
261,873,534528,611,626.23,210.23,0.092333984375,28.80449074804783,2600,0.2,-0.005564124227385036,12.192124366760254,0.0067526847,-0.5552194888703526,0.30433398485183716,0.0003,,
262,876,536576,612,626.91,210.24554999999998,0.090283203125,22.529594619572162,2610,0.2,-0.004012302300543525,17.16020393371582,0.008965954,-0.5677732864394784,0.25531643629074097,0.0003,,
263,879,538624,612,620.08,207.4334,0.091015625,29.8985216319561,2620,0.2,-0.005549702700227499,16.632617950439453,0.00866033,-0.5576479916460813,0.28872668743133545,0.0003,,
,,540000,,,,0.07451171875,50.5076024711132,2630,0.2,-0.007088707326329313,26.751956939697266,0.0059723407,-0.5899828691035509,0.1955624222755432,0.0003,272.505,1898.4
264,887,540672,609,619.9,205.54045000000005,,,,,,,,,,,,
265,890,542720,609,624.26,205.17455,0.116064453125,34.23976206481457,2640,0.2,-0.007471430001896806,17.6900577545166,0.010569859,-0.5938482662662864,0.12037456035614014,0.0003,,
266,892,544768,610,613.14,199.81775000000002,0.093017578125,39.27121221423149,2650,0.2,-0.006357827079773415,8.274164199829102,0.008447076,-0.5603351415134966,0.24437183141708374,0.0003,,
267,895,546816,610,617.88,198.77849999999998,0.12587890625,23.361544862389565,2660,0.2,-0.009507341467542573,17.17330551147461,0.012753511,-0.6179881492629647,0.20222628116607666,0.0003,,
268,898,548864,610,624.61,201.35105,0.10087890625,38.28029361367226,2670,0.2,-0.009882831023423933,23.4356632232666,0.008555038,-0.5973066704347729,0.252977192401886,0.0003,,
,,550000,,,,0.081298828125,31.522350519895554,2680,0.2,-0.00478540601907298,15.312468528747559,0.008148215,-0.551541058998555,0.2361891269683838,0.0003,112.665,1427.6
269,905,550912,608,635.0,202.70069999999996,,,,,,,,,,,,
270,908,552960,608,633.99,203.47914999999998,0.093310546875,39.24755789935589,2690,0.2,-0.00598496846796479,15.059341430664062,0.009353658,-0.5855036516673863,0.26494717597961426,0.0003,,
271,911,555008,609,648.81,206.83855,0.10361328125,31.814796900749208,2700,0.2,-0.004322047608729918,22.4804744720459,0.009121193,-0.5801390981301665,0.2833167314529419,0.0003,,
272,913,557056,609,653.37,208.46149999999997,0.097021484375,35.237885284423825,2710,0.2,-0.007312104778247885,22.760330200195312,0.009107116,-0.5683505886234343,0.15780162811279297,0.0003,,
273,916,559104,610,651.12,207.60640000000004,0.100537109375,18.279795417189597,2720,0.2,-0.0034493131563067434,17.3332576751709,0.008940248,-0.5531596223823726,0.2863772511482239,0.0003,,
,,560000,,,,0.076513671875,42.77271658778191,2730,0.2,-0.008271482728014234,24.283138275146484,0.0063738315,-0.5405017105862499,0.23378276824951172,0.0003,279.977,1236.4
274,922,561152,608,650.31,209.86855,,,,,,,,,,,,
275,925,563200,608,650.19,208.79664999999997,0.06708984375,34.76118801236153,2740,0.2,-0.005843645805725828,13.723823547363281,0.0064858273,-0.5412586256861687,0.26455819606781006,0.0003,,
276,928,565248,608,657.18,209.64509999999999,0.0923828125,35.06702514886856,2750,0.2,-0.006014697292994242,9.565536499023438,0.007744437,-0.5516407904215157,0.24153345823287964,0.0003,,
277,931,567296,609,652.79,206.29055,0.093798828125,28.723518684506416,2760,0.2,-0.006042967611574568,16.077714920043945,0.00760922,-0.5660994906909764,0.331043541431427,0.0003,,
278,934,569344,609,650.29,206.10694999999996,0.102685546875,28.53778814971447,2770,0.2,-0.005844635656103492,19.44856071472168,0.009399269,-0.5358117205090821,0.27036088705062866,0.0003,,
,,570000,,,,0.08369140625,35.427646681666374,2780,0.2,-0.007769355259370059,27.261795043945312,0.009236833,-0.513723568432033,0.21874737739562988,0.0003,199.375,645.0
279,938,571392,608,660.1,205.68974999999998,,,,,,,,,,,,
280,941,573440,608,640.81,199.7005,0.133203125,17.48206979036331,2790,0.2,-0.004214001260697842,3.4050793647766113,0.011361827,-0.6036846006289125,0.20664727687835693,0.0003,,
281,944,575488,609,622.93,190.4937,0.0828125,42.83281165957451,2800,0.2,-0.008056164014851675,11.253639221191406,0.008181183,-0.5059220305643976,0.21265923976898193,0.0003,,
282,947,577536,609,627.77,193.11469999999997,0.099072265625,41.251898461580275,2810,0.2,-0.006484385550720617,38.9752197265625,0.007950546,-0.5465065798722207,0.14131003618240356,0.0003,,
283,950,579584,609,637.54,198.13609999999997,0.079296875,34.9063977599144,2820,0.2,-0.005128601612523198,13.698847770690918,0.007636442,-0.48450978836044667,0.2940794825553894,0.0003,,
,,580000,,,,0.094970703125,21.982009413838387,2830,0.2,-0.007272848435968626,13.37143325805664,0.010886537,-0.45511180330067874,0.3169647455215454,0.0003,345.457,801.8
284,955,581632,608,630.3,197.57209999999998,,,,,,,,,,,,
285,958,583680,608,635.16,199.1085,0.09033203125,50.40185660123825,2840,0.2,-0.008631918038008734,19.45157241821289,0.009874559,-0.5257878954522311,0.15717971324920654,0.0003,,
286,961,585728,609,625.27,195.51735,0.1041015625,34.12991560697556,2850,0.2,-0.0062650124746141955,17.75011444091797,0.013765853,-0.5546287908218801,0.19265717267990112,0.0003,,
287,964,587776,609,615.99,193.02264999999997,0.108251953125,34.58884842097759,2860,0.2,-0.009303488064324484,19.19887924194336,0.008620812,-0.5489984171465039,0.16324210166931152,0.0003,,
288,967,589824,609,604.16,190.47865,0.086376953125,39.206055372953415,2870,0.2,-0.006437136617023498,26.799699783325195,0.009984678,-0.4934669856913388,0.21889972686767578,0.0003,,
,,590000,,,,0.083251953125,36.304828786849974,2880,0.2,-0.00712500129302498,12.73299789428711,0.009247852,-0.5232137002050876,0.21082842350006104,0.0003,290.588,1823.0
289,975,591872,606,604.49,189.5316,,,,,,,,,,,,
290,978,593920,607,585.09,184.76850000000002,0.105419921875,29.934742987155914,2890,0.2,-0.008913038516766392,19.815858840942383,0.0070519876,-0.5530211867764592,0.21156346797943115,0.0003,,
291,981,595968,607,573.23,181.9565,0.083984375,39.52718570232391,2900,0.2,-0.008286014117766171,15.907692909240723,0.0065,-0.5061031550168991,0.230288565158844,0.0003,,
292,984,598016,607,594.7,190.22395,0.087451171875,36.10322916507721,2910,0.2,-0.008177549397805706,24.105876922607422,0.008221939,-0.5001245154999197,0.2636653780937195,0.0003,,
,,600000,,,,0.084521484375,40.640787625312804,2920,0.2,-0.006040350618422963,22.124101638793945,0.006918162,-0.47843380738049746,0.21661347150802612,0.0003,186.871,1713.2
293,991,600064,605,606.6,193.5249,,,,,,,,,,,,
294,994,602112,605,605.1,192.84704999999997,0.109716796875,36.78050749599934,2930,0.2,-0.008977344701997935,18.909299850463867,0.01260715,-0.5531650206074119,0.25411176681518555,0.0003,,
295,997,604160,605,599.94,190.58480000000003,0.091259765625,36.161669820547104,2940,0.2,-0.00479759964364348,21.384380340576172,0.01027288,-0.5636902812868356,0.1759905219078064,0.0003,,
296,1000,606208,606,614.56,196.13620000000003,0.09619140625,37.822967916727066,2950,0.2,-0.0059196683258051054,16.221189498901367,0.008076742,-0.5557966272346675,0.2142433524131775,0.0003,,
297,1002,608256,606,618.1,201.43289999999996,0.114892578125,28.837119889259338,2960,0.2,-0.008241269395512063,8.44227409362793,0.011658969,-0.5145096030086279,0.20375925302505493,0.0003,,
,,610000,,,,0.079345703125,26.252285954356193,2970,0.2,-0.006100026253261603,11.596989631652832,0.00800482,-0.5097188645042479,0.23660236597061157,0.0003,185.469,729.0
298,1007,610304,605,618.1,200.39945000000003,,,,,,,,,,,,
299,1010,612352,605,606.84,196.61394999999996,0.09013671875,39.55703998208046,2980,0.2,-0.006388629440334625,30.84991455078125,0.011018762,-0.5289841876365244,0.19805872440338135,0.0003,,
300,1013,614400,606,597.07,193.85154999999997,0.0974609375,54.317663240432736,2990,0.2,-0.0081991601473419,33.81201934814453,0.01145301,-0.5649901359342039,0.15219330787658691,0.0003,,
301,1016,616448,606,586.32,189.12419999999997,0.10302734375,30.250256982445716,3000,0.2,-0.007059291737095919,11.524713516235352,0.010444209,-0.5394486183300614,0.20554757118225098,0.0003,,
302,1019,618496,606,583.4,186.42055,0.097021484375,38.720292723178865,3010,0.2,-0.007185811671661213,15.765389442443848,0.010529468,-0.5910790367051959,0.1765120029449463,0.0003,,
,,620000,,,,0.10830078125,46.23556636273861,3020,0.2,-0.012749083462404087,13.902030944824219,0.008894728,-0.5281560245901347,0.20119553804397583,0.0003,312.453,2056.4
303,1028,620544,603,576.68,184.48620000000003,,,,,,,,,,,,
304,1031,622592,603,562.28,180.25125000000008,0.105810546875,29.977330365777014,3030,0.2,-0.012291274400195108,10.150409698486328,0.010324546,-0.5215412712655961,0.28583502769470215,0.0003,,
305,1034,624640,603,561.97,179.1893,0.10029296875,29.252807450294494,3040,0.2,-0.007720845539006404,18.704490661621094,0.01160768,-0.5429243013262749,0.19743412733078003,0.0003,,
306,1037,626688,604,548.62,173.39445,0.11650390625,22.86349985599518,3050,0.2,-0.009269687812775373,6.321126461029053,0.010719314,-0.5758671081624925,0.2934960126876831,0.0003,,
307,1040,628736,604,552.13,173.49895,0.109130859375,43.94386280179024,3060,0.2,-0.008247004984878004,17.150911331176758,0.009058643,-0.6281330678611994,0.17523419857025146,0.0003,,
,,630000,,,,0.113134765625,27.72447871863842,3070,0.2,-0.009100432625564281,10.959851264953613,0.0110356705,-0.5551345313899219,0.268770694732666,0.0003,192.668,1014.2
308,1046,630784,602,560.68,178.50644999999997,,,,,,,,,,,,
309,1049,632832,603,564.3,177.4109,0.1109375,29.901918017864226,3080,0.2,-0.00826140454155393,14.611512184143066,0.012573138,-0.5473998166620732,0.2560426592826843,0.0003,,
310,1052,634880,603,547.5,168.53985,0.1251953125,20.746552217006684,3090,0.2,-0.005810314981499687,11.148945808410645,0.00944521,-0.6208163856528699,0.29243332147598267,0.0003,,
311,1055,636928,603,556.96,172.61939999999998,0.09658203125,36.49894085824489,3100,0.2,-0.009479905068292282,20.126726150512695,0.008969329,-0.5722951326519251,0.1312665343284607,0.0003,,
312,1057,638976,603,545.85,170.59600000000003,0.10224609375,28.637173649668693,3110,0.2,-0.0072483651980292056,10.958245277404785,0.010163322,-0.5599886205047369,0.21009421348571777,0.0003,,
,,640000,,,,0.07939453125,45.09122075736523,3120,0.2,-0.008380731349461712,25.538753509521484,0.0077027217,-0.573268308211118,0.23497480154037476,0.0003,219.462,1866.0
313,1066,641024,601,550.25,173.83055000000002,,,,,,,,,,,,
314,1068,643072,601,562.81,176.82104999999999,0.09921875,40.34081286787987,3130,0.2,-0.009089438221417367,16.343055725097656,0.010304904,-0.5962244427762926,0.1621759533882141,0.0003,,
315,1071,645120,602,557.98,173.44365000000005,0.123583984375,20.235182318091393,3140,0.2,-0.006021062008221634,11.113630294799805,0.009278841,-0.5667326058261096,0.2937052845954895,0.0003,,
316,1074,647168,602,555.43,172.82510000000002,0.087353515625,30.966666892170906,3150,0.2,-0.008038434444461017,10.077574729919434,0.008067695,-0.5525470884516835,0.25649452209472656,0.0003,,
317,1077,649216,602,560.04,173.74439999999998,0.092041015625,38.13549182415009,3160,0.2,-0.006019285143702291,10.131575584411621,0.009352424,-0.5138207309879362,0.24646997451782227,0.0003,,
,,650000,,,,0.11201171875,15.54312092512846,3170,0.2,-0.00423103484645253,7.187417984008789,0.010887871,-0.5485247577540576,0.20008212327957153,0.0003,285.894,1473.0
318,1084,651264,600,571.93,175.88189999999997,,,,,,,,,,,,
319,1087,653312,600,580.39,178.18365000000003,0.0947265625,26.68996595740318,3180,0.2,-0.005962061646278017,5.798375606536865,0.008603992,-0.5533084497787059,0.19367146492004395,0.0003,,
320,1090,655360,601,598.65,185.2505,0.091015625,23.83466220498085,3190,0.2,-0.006755354965571314,7.290139198303223,0.0074933292,-0.5259828596375883,0.2942400574684143,0.0003,,
321,1093,657408,601,585.76,180.67785,0.11328125,24.008733129501344,3200,0.2,-0.009544910142722074,15.30825424194336,0.014561715,-0.5174214919097722,0.23198950290679932,0.0003,,
322,1096,659456,601,601.92,187.08594999999997,0.089111328125,23.518565303087236,3210,0.2,-0.006753901278716512,13.044044494628906,0.007911434,-0.5272298223339021,0.3016105890274048,0.0003,,
,,660000,,,,0.073291015625,34.31444114148617,3220,0.2,-0.008371900898055173,11.222586631774902,0.007578203,-0.5172165305353701,0.33056747913360596,0.0003,436.08500000000004,908.4
323,1101,661504,600,585.18,182.94574999999998,,,,,,,,,,,,
324,1104,663552,600,580.68,181.68164999999996,0.0744140625,47.87000772058964,3230,0.2,-0.009298306528944523,20.25771713256836,0.008948924,-0.5293436459265649,0.16718775033950806,0.0003,,
325,1107,665600,601,565.09,175.1156,0.154248046875,29.97560090124607,3240,0.2,-0.014013610969414003,14.99733829498291,0.012402404,-0.5130841848440468,0.18622350692749023,0.0003,,
326,1110,667648,601,572.62,175.18400000000003,0.10810546875,36.74941022992134,3250,0.2,-0.009357559090130963,29.363067626953125,0.010100171,-0.5607486211694777,0.28881746530532837,0.0003,,
327,1113,669696,601,577.75,176.65100000000007,0.115478515625,35.01430017650127,3260,0.2,-0.010743883255054243,10.236223220825195,0.010679032,-0.560713751334697,0.2466191053390503,0.0003,,
,,670000,,,,0.10390625,32.07291501164436,3270,0.2,-0.00800400587322656,12.121630668640137,0.008448429,-0.5472663620486855,0.2883257269859314,0.0003,233.16,1607.6
328,1120,671744,599,592.05,180.81740000000002,,,,,,,,,,,,
329,1123,673792,599,584.87,180.08195000000003,0.102783203125,33.69366100132466,3280,0.2,-0.0075063909927848725,11.252639770507812,0.008245135,-0.6042656623758376,0.23418152332305908,0.0003,,
330,1126,675840,600,581.31,178.98219999999998,0.095166015625,38.60410579442978,3290,0.2,-0.007893906408571637,16.116729736328125,0.008180138,-0.5295415936037898,0.2456226348876953,0.0003,,
331,1129,677888,600,595.4,183.59485,0.100390625,31.103913775086404,3300,0.2,-0.005650704956497066,20.890439987182617,0.010117494,-0.612678659055382,0.13670092821121216,0.0003,,
332,1131,679936,600,587.85,181.65175000000002,0.10810546875,23.542622101306915,3310,0.2,-0.008652823755983263,11.312837600708008,0.011218511,-0.5471166872419417,0.2815043330192566,0.0003,,
,,680000,,,,0.106103515625,29.088934329152107,3320,0.2,-0.008092312775261234,7.896683692932129,0.0089216,-0.585575140826404,0.23384422063827515,0.0003,263.325,2709.8
333,1142,681984,597,595.82,182.37425000000002,,,,,,,,,,,,
334,1145,684032,597,619.65,182.28915,0.0955078125,22.58068349957466,3330,0.2,-0.0038072247232776137,9.399962425231934,0.007860543,-0.6146278144791723,0.3116261959075928,0.0003,,
335,1148,686080,597,623.4,183.09380000000002,0.146435546875,7.1319239269942045,3340,0.2,-0.004451369249727577,2.6674630641937256,0.016912606,-0.6726675717160105,0.3326341509819031,0.0003,,
336,1150,688128,597,616.02,185.32370000000003,0.05673828125,29.60755054652691,3350,0.2,-0.005856851514545269,17.896360397338867,0.0053646555,-0.6022621234878898,0.33290690183639526,0.0003,,
,,690000,,,,0.096044921875,45.30978962779045,3360,0.2,-0.009986370141268708,15.337618827819824,0.009041274,-0.5385617332533001,0.1318453550338745,0.0003,494.01800000000003,1923.2
337,1159,690176,595,599.09,180.73829999999998,,,,,,,,,,,,
338,1161,692224,595,588.07,179.2227,0.08544921875,42.91698344349861,3370,0.2,-0.008563309993769508,13.349128723144531,0.007895322,-0.53538280390203,0.2963457703590393,0.0003,,
339,1164,694272,596,594.62,183.57495,0.093505859375,36.890452495217325,3380,0.2,-0.007880487816873939,14.374542236328125,0.008858246,-0.5494607307948172,0.0885394811630249,0.0003,,
340,1167,696320,596,611.08,189.62440000000004,0.09208984375,34.77725475728512,3390,0.2,-0.006945298032951542,14.55553150177002,0.010262176,-0.5405831156298518,0.23175925016403198,0.0003,,
341,1170,698368,596,611.31,188.59375000000003,0.10107421875,23.76680487394333,3400,0.2,-0.009769167317426764,14.630779266357422,0.009123569,-0.5309654301032424,0.2174152135848999,0.0003,,
,,700000,,,,0.0822265625,27.101725071668625,3410,0.2,-0.006516172448755242,19.576904296875,0.008760272,-0.5507483018562198,0.18939191102981567,0.0003,312.883,921.6
342,1175,700416,595,619.89,189.63735000000005,,,,,,,,,,,,
343,1178,702464,596,630.44,189.06435000000002,0.138916015625,14.097030609846115,3420,0.2,-0.004719366016797721,4.175240516662598,0.010414362,-0.651325443573296,0.1817036271095276,0.0003,,
344,1180,704512,596,616.99,186.0772,0.092724609375,38.79672098457813,3430,0.2,-0.007200144034868572,14.798904418945312,0.00871205,-0.5344270688481629,0.17055487632751465,0.0003,,
345,1183,706560,596,612.22,184.01115,0.07587890625,40.42521241903305,3440,0.2,-0.009644246540847234,20.211040496826172,0.0063896338,-0.5061218410730361,0.1730603575706482,0.0003,,
346,1186,708608,597,624.96,188.46945,0.10341796875,31.695146653056145,3450,0.2,-0.0106316480319947,11.547529220581055,0.0138995005,-0.5480262824334204,0.15997320413589478,0.0003,,
,,710000,,,,0.10498046875,30.412545052170753,3460,0.2,-0.008097290954901836,10.415199279785156,0.009575356,-0.5312821972183883,0.28727293014526367,0.0003,410.32700000000006,1193.8
347,1192,710656,595,617.43,186.70329999999998,,,,,,,,,,,,
348,1195,712704,596,612.48,186.49894999999998,0.119970703125,27.187460026144983,3470,0.2,-0.008429229070316069,11.250226974487305,0.012855896,-0.5224313935264945,0.22268569469451904,0.0003,,
349,1197,714752,596,613.26,184.9774,0.0927734375,23.981680351495744,3480,0.2,-0.007060749939410016,9.75381851196289,0.015359221,-0.4851220871321857,0.2851061224937439,0.0003,,
350,1200,716800,597,588.93,176.50424999999998,0.1091796875,33.26688728034496,3490,0.2,-0.006777303310809657,24.661203384399414,0.007972313,-0.5348355855792761,0.18139934539794922,0.0003,,
351,1203,718848,597,591.23,176.81589999999997,0.081884765625,34.34157247543335,3500,0.2,-0.00734199307335075,15.018082618713379,0.0065462333,-0.4884176434017718,0.24312007427215576,0.0003,,
,,720000,,,,0.112255859375,35.75813787579536,3510,0.2,-0.011353296181187033,15.86324405670166,0.01272857,-0.5013471620157361,0.15570831298828125,0.0003,283.313,1649.4
352,1210,720896,595,597.65,179.98625,,,,,,,,,,,,
353,1213,722944,595,589.83,177.71635000000003,0.0966796875,36.947416454553604,3520,0.2,-0.008822383964434266,14.89753246307373,0.009905747,-0.4688350006006658,0.19786715507507324,0.0003,,
354,1215,724992,596,604.22,183.63514999999998,0.0818359375,43.84848043322563,3530,0.2,-0.006942030368372798,22.348861694335938,0.0076115187,-0.5001013439148665,0.20273369550704956,0.0003,,
355,1218,727040,596,601.98,185.3901,0.05908203125,32.59463401734829,3540,0.2,-0.005017558349936735,15.900921821594238,0.0060183126,-0.4098214691504836,0.25877898931503296,0.0003,,
356,1221,729088,597,607.89,185.57364999999993,0.087060546875,28.374116143584253,3550,0.2,-0.006650503246055451,12.277920722961426,0.009037472,-0.45419249227270486,0.1789414882659912,0.0003,,
,,730000,,,,0.11875,24.081841412186623,3560,0.2,-0.009471429412951694,6.772376537322998,0.019119926,-0.47269492195919155,0.2654319405555725,0.0003,123.77799999999999,1074.0
357,1226,731136,595,620.44,190.98440000000002,,,,,,,,,,,,
358,1229,733184,596,627.62,195.42354999999995,0.097412109375,24.114779287576674,3570,0.2,-0.010108066894463263,10.302532196044922,0.007845644,-0.43976600244641306,0.4117705225944519,0.0003,,
359,1232,735232,596,628.1,197.4791,0.072265625,32.69903640151024,3580,0.2,-0.004424677931820042,17.5911922454834,0.0055411034,-0.4794501271098852,0.26303619146347046,0.0003,,
360,1234,737280,597,633.8,199.07835000000003,0.08642578125,43.11795154213905,3590,0.2,-0.0072667926491703835,28.81610679626465,0.011042638,-0.4672801262699068,0.1757768988609314,0.0003,,
361,1237,739328,597,640.01,203.71545000000006,0.104931640625,25.878445798158644,3600,0.2,-0.010559451312292367,20.88297462463379,0.010920281,-0.4558055272325873,0.1846710443496704,0.0003,,
,,740000,,,,0.095947265625,25.890665078163146,3610,0.2,-0.008216697300667875,13.648750305175781,0.011212103,-0.43865692168474196,0.3103809356689453,0.0003,348.115,814.6
362,1242,741376,596,649.87,209.10160000000005,,,,,,,,,,,,
363,1245,743424,596,652.59,210.95080000000004,0.092333984375,26.95015427172184,3620,0.2,-0.005846805504552322,15.195568084716797,0.0095188795,-0.42919133277609944,0.23586112260818481,0.0003,,
364,1248,745472,597,612.63,207.96215,0.099755859375,24.481008312106134,3630,0.2,-0.008068458436173386,10.550054550170898,0.011015236,-0.47499352768063546,0.2354816198348999,0.0003,,
365,1250,747520,597,608.09,208.30599999999998,0.101611328125,48.055516225099566,3640,0.2,-0.011128210340393708,14.06896686553955,0.009983171,-0.4756128441542387,0.11822229623794556,0.0003,,
366,1253,749568,597,624.1,213.69039999999998,0.097900390625,34.805330687761305,3650,0.2,-0.009772409705328755,12.878829002380371,0.00947633,-0.5154234405606986,0.2639193534851074,0.0003,,
,,750000,,,,0.09609375,30.324061810970306,3660,0.2,-0.007933529245201498,10.125429153442383,0.010438444,-0.48444615863263607,0.2195059061050415,0.0003,323.72,1968.0
367,1261,751616,595,640.1,217.93829999999997,,,,,,,,,,,,
368,1264,753664,596,640.01,217.62860000000003,0.099365234375,26.590583670139313,3670,0.2,-0.00846348778286483,8.729305267333984,0.010031721,-0.49439491238445044,0.28670889139175415,0.0003,,
369,1267,755712,596,641.41,217.81865000000002,0.09052734375,29.182238322496413,3680,0.2,-0.006557875848375261,9.604860305786133,0.010388272,-0.502799813542515,0.11698514223098755,0.0003,,
370,1269,757760,596,642.43,219.6234,0.1126953125,38.38807284832001,3690,0.2,-0.00927069415920414,29.68718719482422,0.012483292,-0.5164530359208583,0.1985008716583252,0.0003,,
371,1272,759808,597,655.26,221.8983,0.081103515625,41.58809848427772,3700,0.2,-0.007305204719887115,15.517354965209961,0.008089313,-0.5497577046044171,0.22121542692184448,0.0003,,
,,760000,,,,0.10263671875,37.7377911567688,3710,0.2,-0.008490542907384224,12.423646926879883,0.012229575,-0.5036046316847205,0.18533265590667725,0.0003,501.95500000000004,1156.4
372,1278,761856,595,636.74,215.33790000000002,,,,,,,,,,,,
373,1281,763904,596,619.23,216.19979999999998,0.12373046875,39.97785693407059,3720,0.2,-0.011842456765589305,23.62118148803711,0.012030581,-0.5099917563609779,0.141562819480896,0.0003,,
374,1284,765952,596,630.78,220.02075000000002,0.101416015625,38.4565345287323,3730,0.2,-0.0066636254166951405,23.48973846435547,0.009876874,-0.49501548120751976,0.15586799383163452,0.0003,,
375,1287,768000,596,641.59,224.61579999999998,0.0908203125,32.06430435478687,3740,0.2,-0.009015791528509,10.421514511108398,0.007933704,-0.4892842620611191,0.3010862469673157,0.0003,,
,,770000,,,,0.082470703125,23.673276418447493,3750,0.2,-0.008648377933423036,11.502717971801758,0.006499484,-0.47235175417736175,0.3333142399787903,0.0003,435.79799999999994,961.6
376,1292,770048,595,651.38,227.92135,,,,,,,,,,,,
377,1295,772096,595,662.62,232.21810000000002,0.10185546875,30.138874918222427,3760,0.2,-0.0070569208211963995,17.503131866455078,0.010524677,-0.4577441263012588,0.18370425701141357,0.0003,,
378,1298,774144,596,676.38,238.59914999999998,0.1052734375,25.27229658961296,3770,0.2,-0.008926492193131708,9.898111343383789,0.012507603,-0.4863131522201002,0.2780689597129822,0.0003,,
379,1301,776192,596,680.47,239.71724999999998,0.07763671875,42.424747604131696,3780,0.2,-0.005567886948119849,22.34975814819336,0.0063469578,-0.4744625357910991,0.20890891551971436,0.0003,,
380,1304,778240,596,689.5,244.54035,0.107568359375,22.071601474285124,3790,0.2,-0.008485949036548845,10.441229820251465,0.011849921,-0.48893587477505207,0.2948336601257324,0.0003,,
,,780000,,,,0.074658203125,28.45512563288212,3800,0.2,-0.009179139311891049,10.043092727661133,0.008135516,-0.4428844547830522,0.3781697154045105,0.0003,443.4820000000001,977.6
381,1309,780288,595,686.53,244.15200000000004,,,,,,,,,,,,
382,1312,782336,596,690.67,245.03875,0.089306640625,33.10681600570679,3810,0.2,-0.008843302214518189,10.374185562133789,0.007982615,-0.4710055530071259,0.18104112148284912,0.0003,,
383,1315,784384,596,678.15,240.83944999999997,0.0943359375,23.81739600300789,3820,0.2,-0.0062901370620238595,8.137730598449707,0.014611719,-0.47413017982617023,0.25191473960876465,0.0003,,
384,1317,786432,596,672.83,239.64355,0.095166015625,58.447953009605406,3830,0.2,-0.010301439918112009,25.897672653198242,0.012806631,-0.48700167825445534,0.18887287378311157,0.0003,,
385,1320,788480,597,684.51,243.98515000000003,0.115966796875,38.38341283798218,3840,0.2,-0.013309458749426994,17.25121307373047,0.010920975,-0.5052720041945576,0.36519718170166016,0.0003,,
,,790000,,,,0.075146484375,28.249691995978356,3850,0.2,-0.007044489949475974,9.610448837280273,0.006791481,-0.47863506656140087,0.2602168917655945,0.0003,543.217,1163.6
386,1326,790528,595,691.38,247.15529999999998,,,,,,,,,,,,
387,1329,792576,596,705.95,252.77300000000002,0.0990234375,27.632955983281136,3860,0.2,-0.007355008399463259,10.74866008758545,0.007997633,-0.5107237257994711,0.2863174080848694,0.0003,,
388,1332,794624,596,691.19,247.8925,0.07802734375,40.17443062663078,3870,0.2,-0.007067689821997192,13.468865394592285,0.008207744,-0.4906788227148354,0.17433983087539673,0.0003,,
389,1334,796672,596,701.86,252.50425000000004,0.072314453125,43.55674868822098,3880,0.2,-0.007109101524110884,23.566835403442383,0.0067539606,-0.46863754484802483,0.05644291639328003,0.0003,,
390,1337,798720,597,706.01,251.99724999999998,0.103857421875,24.65726106464863,3890,0.2,-0.007306351729494054,5.501260280609131,0.009963926,-0.5059691871516406,0.34268873929977417,0.0003,,
,,800000,,,,0.08544921875,24.744423046708107,3900,0.2,-0.01131301417190116,8.44992733001709,0.010801772,-0.5020620360970497,0.25732409954071045,0.0003,413.51000000000005,1817.6
391,1345,800768,595,679.53,239.93814999999995,,,,,,,,,,,,
392,1348,802816,595,682.21,240.73505,0.1048828125,32.986151680350304,3910,0.2,-0.008411245155730284,10.967035293579102,0.008910725,-0.5502191062085331,0.24120837450027466,0.0003,,
393,1351,804864,595,700.03,247.1338,0.107080078125,28.285170418024062,3920,0.2,-0.010081369652471039,11.411375045776367,0.011576733,-0.46009724559262394,0.2802743911743164,0.0003,,
394,1353,806912,595,669.58,234.13705000000002,0.0875,24.498127725720405,3930,0.2,-0.009353301668306812,13.044713973999023,0.008073721,-0.4806035742163658,0.24256765842437744,0.0003,,
395,1356,808960,596,652.32,227.37235000000004,0.09521484375,44.539707970619205,3940,0.2,-0.007835825700021814,18.025779724121094,0.012449481,-0.5138935918919743,0.16658884286880493,0.0003,,
,,810000,,,,0.105322265625,43.23184224963188,3950,0.2,-0.009603044440154918,21.634511947631836,0.009950006,-0.5451486399397254,0.1589260697364807,0.0003,213.29300000000003,1022.8
396,1362,811008,595,668.38,233.54085000000003,,,,,,,,,,,,
397,1365,813056,595,676.05,235.38334999999998,0.081396484375,23.714161229133605,3960,0.2,-0.008533329743659123,8.278919219970703,0.009737944,-0.4858353681862354,0.20088469982147217,0.0003,,
398,1367,815104,595,668.65,233.49745000000001,0.10556640625,32.87639354765415,3970,0.2,-0.00860300938365981,15.773484230041504,0.0108298315,-0.480047260876745,0.19193965196609497,0.0003,,
399,1370,817152,596,652.74,227.95750000000004,0.08076171875,47.40264863967896,3980,0.2,-0.006933900569856632,29.250225067138672,0.008090088,-0.4775328286923468,0.15293216705322266,0.0003,,
400,1373,819200,596,667.52,232.65180000000004,0.088720703125,31.6811511695385,3990,0.2,-0.0066727703626384026,16.69975471496582,0.009057745,-0.4946307620964944,0.24779736995697021,0.0003,,
,,820000,,,,0.1056640625,30.713987162709238,4000,0.2,-0.008711850564577617,22.94961929321289,0.008770225,-0.4816152391955256,0.2876579761505127,0.0003,429.861,937.0
401,1378,821248,595,670.93,234.67864999999998,,,,,,,,,,,,
402,1381,823296,595,681.53,240.81044999999997,0.07568359375,30.932888624072074,4010,0.2,-0.006837446959980298,11.418959617614746,0.0065390402,-0.45377340614795686,0.19935256242752075,0.0003,,
403,1384,825344,596,689.74,242.35805,0.09248046875,23.636565098166464,4020,0.2,-0.007049273495795205,9.462409019470215,0.009720434,-0.44960292438045146,0.43734997510910034,0.0003,,
404,1387,827392,596,700.62,246.39849999999998,0.082666015625,29.88701758980751,4030,0.2,-0.0057586376133258455,16.36528968811035,0.008130844,-0.4733692259527743,0.26864737272262573,0.0003,,
405,1389,829440,596,703.46,248.7933,0.112646484375,18.1921323210001,4040,0.2,-0.008882205607369542,7.128979682922363,0.015651435,-0.47695432491600515,0.2053769826889038,0.0003,,
,,830000,,,,0.078759765625,45.256814473867415,4050,0.2,-0.008272943424526603,19.82205581665039,0.011863459,-0.5465969816781581,0.1681509017944336,0.0003,444.4719999999999,1708.2
406,1397,831488,594,697.06,247.56079999999997,,,,,,,,,,,,
407,1400,833536,595,703.7,251.21825000000004,0.082763671875,35.65993808507919,4060,0.2,-0.0052908587269484995,22.603647232055664,0.0050676623,-0.5367833129130304,0.2798420786857605,0.0003,,
408,1403,835584,595,678.92,238.89255000000006,0.101318359375,26.838705298304557,4070,0.2,-0.008912634136504494,10.1699857711792,0.012382075,-0.5833667434751988,0.1459534764289856,0.0003,,
409,1405,837632,595,642.28,226.54614999999998,0.1228515625,46.90465499162674,4080,0.2,-0.010823046012956184,15.310210227966309,0.010924885,-0.5476597945205868,0.20429527759552002,0.0003,,
410,1408,839680,596,625.83,220.25944999999996,0.09990234375,53.165001440048215,4090,0.2,-0.010636648692889139,30.238306045532227,0.012022668,-0.5431619022041559,0.07036304473876953,0.0003,,
,,840000,,,,0.119091796875,28.629461738467217,4100,0.2,-0.009584038480534218,14.191627502441406,0.012375621,-0.5314265073277056,0.1832837462425232,0.0003,228.56300000000002,682.2
411,1413,841728,595,579.01,204.17425000000003,,,,,,,,,,,,
412,1415,843776,595,558.13,196.03085000000002,0.067919921875,70.92687801718712,4110,0.2,-0.010430386773077772,42.79595184326172,0.007975316,-0.521101288869977,0.11205941438674927,0.0003,,
413,1418,845824,596,561.29,196.01305,0.087548828125,60.1655076444149,4120,0.2,-0.008140282303793355,34.243003845214844,0.009963758,-0.5320350478403271,0.11034715175628662,0.0003,,
414,1421,847872,596,560.01,196.37059999999997,0.132666015625,22.993995463848115,4130,0.2,-0.009680779432528652,8.066922187805176,0.013490081,-0.57048204774037,0.25519073009490967,0.0003,,
415,1424,849920,596,561.08,195.44984999999994,0.0923828125,23.41702786386013,4140,0.2,-0.007267921304446645,8.380200386047363,0.010968216,-0.5157921527512371,0.2946227788925171,0.0003,,
,,850000,,,,0.106640625,40.94739550948143,4150,0.2,-0.012038052949355916,9.488718032836914,0.008707762,-0.5517696850001812,0.16997551918029785,0.0003,349.535,802.6
416,1429,851968,596,536.38,185.25275000000002,,,,,,,,,,,,
417,1432,854016,596,533.81,187.18045000000006,0.112353515625,43.02315242290497,4160,0.2,-0.010112317046150565,16.52326011657715,0.0097629335,-0.5954049964435398,0.14128518104553223,0.0003,,
418,1435,856064,596,530.58,184.13525,0.12138671875,38.94865679144859,4170,0.2,-0.01030956351023633,19.95964241027832,0.014275586,-0.5727323436178267,0.11867320537567139,0.0003,,
419,1437,858112,596,522.18,180.6347,0.1052734375,36.71143878996372,4180,0.2,-0.008527415915159509,12.234249114990234,0.010830514,-0.585543023608625,0.19077670574188232,0.0003,,
,,860000,,,,0.109423828125,37.76268485486507,4190,0.2,-0.008660456331563182,17.796611785888672,0.008630581,-0.5430737773887813,0.18525874614715576,0.0003,327.006,694.6
420,1442,860160,596,528.58,184.21925000000002,,,,,,,,,,,,
421,1445,862208,596,531.08,183.76655,0.115283203125,44.72867718636989,4200,0.2,-0.009729871325544082,18.822242736816406,0.013603677,-0.5777069252915681,0.10488790273666382,0.0003,,
422,1447,864256,596,532.93,184.0865,0.1572265625,20.7733333081007,4210,0.2,-0.012601350594195537,9.151578903198242,0.013045985,-0.5874988369643688,0.25573164224624634,0.0003,,
423,1450,866304,597,529.38,183.50800000000004,0.102001953125,24.877299338579178,4220,0.2,-0.00749995322257746,21.028217315673828,0.011929469,-0.5452294033952058,0.15422075986862183,0.0003,,
424,1453,868352,597,543.27,187.74050000000005,0.099169921875,33.09013349413872,4230,0.2,-0.005625323997810483,11.242081642150879,0.009184861,-0.5747035043314099,0.223954975605011,0.0003,,
,,870000,,,,0.101708984375,36.131864729523656,4240,0.2,-0.007546999980695546,17.514936447143555,0.009965177,-0.5786529202014208,0.1518825888633728,0.0003,307.562,829.4
425,1458,870400,596,520.03,179.0347,,,,,,,,,,,,
426,1460,872448,597,513.5,175.59179999999998,0.1099609375,44.0307408452034,4250,0.2,-0.010845767099817749,15.857142448425293,0.010963936,-0.6061757918447256,0.11391276121139526,0.0003,,
427,1463,874496,597,501.24,168.4959,0.111328125,33.63988674283028,4260,0.2,-0.01008781923155766,11.93461799621582,0.007757754,-0.6398734664544463,0.2376847267150879,0.0003,,
428,1466,876544,597,494.09,165.91850000000002,0.111083984375,31.0398876786232,4270,0.2,-0.010030921315774322,17.790420532226562,0.014948267,-0.5948256649076938,0.30599117279052734,0.0003,,
429,1469,878592,598,491.36,164.56455000000003,0.12099609375,23.335427659749985,4280,0.2,-0.009243063774192706,15.102434158325195,0.011894174,-0.5699140621349216,0.08837217092514038,0.0003,,
,,880000,,,,0.0958984375,43.39053032696247,4290,0.2,-0.009995912096928804,13.339780807495117,0.008716213,-0.5548819869756698,0.1712309718132019,0.0003,386.381,1084.8
430,1474,880640,597,490.66,163.68460000000002,,,,,,,,,,,,
431,1477,882688,597,477.86,159.3907,0.114111328125,36.7843506783247,4300,0.2,-0.01246244253270561,25.696104049682617,0.0137286335,-0.5748751729726791,0.23100203275680542,0.0003,,
432,1480,884736,597,470.53,154.96635000000003,0.1095703125,46.46841881275177,4310,0.2,-0.013216798526991624,17.441099166870117,0.011479991,-0.5318792357109488,0.1260884404182434,0.0003,,
433,1482,886784,598,473.55,155.70165,0.098095703125,50.00687869787216,4320,0.2,-0.012386908079497517,21.838788986206055,0.009077386,-0.5750489613041282,0.11823153495788574,0.0003,,
434,1485,888832,598,479.24,156.9708,0.094580078125,44.01129807233811,4330,0.2,-0.007506050943629816,21.347213745117188,0.0097926445,-0.5548755817115307,0.13865125179290771,0.0003,,
,,890000,,,,0.10361328125,34.48012871444225,4340,0.2,-0.008667696098564192,18.749055862426758,0.011104484,-0.5702789820730686,0.2136685848236084,0.0003,304.664,944.6
435,1490,890880,597,488.94,160.52190000000002,,,,,,,,,,,,
436,1493,892928,597,515.12,167.69830000000002,0.13037109375,26.88910414874554,4350,0.2,-0.00876761318941135,7.010758876800537,0.011974772,-0.5875979331322014,0.20728600025177002,0.0003,,
437,1496,894976,598,517.12,169.49614999999997,0.09130859375,31.17531446814537,4360,0.2,-0.004930565805989317,16.855518341064453,0.007350266,-0.5576052996329963,0.2746487855911255,0.0003,,
438,1499,897024,598,530.48,173.51515,0.113671875,33.74259392917156,4370,0.2,-0.01117760305351112,16.753232955932617,0.010163161,-0.5327581522986293,0.19424360990524292,0.0003,,
439,1501,899072,598,520.37,170.2372,0.109716796875,27.942253485322,4380,0.2,-0.011212262418121099,6.568490982055664,0.00914986,-0.5132624519057571,0.13520574569702148,0.0003,,
,,900000,,,,0.120849609375,34.29223893582821,4390,0.2,-0.009852995703113265,14.170061111450195,0.009612102,-0.5577264069579542,0.24535638093948364,0.0003,275.28000000000003,987.0
440,1507,901120,597,519.45,170.09874999999997,,,,,,,,,,,,
441,1510,903168,598,531.2,171.17149999999998,0.132275390625,18.82758338153362,4400,0.2,-0.008838949486380443,3.7826664447784424,0.012384096,-0.6005082159303129,0.17693257331848145,0.0003,,
442,1512,905216,598,530.93,172.74455,0.094091796875,54.30798733830452,4410,0.2,-0.00818476778222248,32.54242706298828,0.007440042,-0.6204517180100083,0.18313801288604736,0.0003,,
443,1515,907264,598,545.71,177.3197,0.102294921875,28.38185123503208,4420,0.2,-0.009198450995609165,9.101200103759766,0.008540548,-0.5293683780357241,0.2909472584724426,0.0003,,
444,1518,909312,598,548.83,177.43314999999998,0.09619140625,32.89929474890232,4430,0.2,-0.0068725243472727016,6.842161178588867,0.010106494,-0.5491230905055999,0.21654200553894043,0.0003,,
,,910000,,,,0.119873046875,26.713216015696524,4440,0.2,-0.010466014823759907,9.465127944946289,0.011345413,-0.554120431561023,0.2613680362701416,0.0003,298.119,889.4
445,1523,911360,598,541.9,177.96710000000002,,,,,,,,,,,,
446,1526,913408,598,540.16,176.47015,0.09814453125,37.832631370425226,4450,0.2,-0.011219829088076949,38.72097396850586,0.0076903887,-0.5113154797814786,0.1912369728088379,0.0003,,
447,1528,915456,598,554.38,181.58440000000002,0.101708984375,29.242795723676682,4460,0.2,-0.00882168256212026,10.83040714263916,0.010122251,-0.53356306059286,0.1603829264640808,0.0003,,
448,1531,917504,598,540.63,178.65380000000005,0.102490234375,35.02414646744728,4470,0.2,-0.007877005921909586,9.400039672851562,0.00895817,-0.5160192485898734,0.2942577600479126,0.0003,,
449,1534,919552,599,543.5,179.79,0.13701171875,33.528868314623836,4480,0.2,-0.010876748105511069,8.86023235321045,0.013165153,-0.5199378644116223,0.16658830642700195,0.0003,,
,,920000,,,,0.089208984375,31.712954750657083,4490,0.2,-0.005646493287349586,9.133989334106445,0.008877352,-0.5159121599048376,0.23767143487930298,0.0003,354.86,766.2
450,1539,921600,598,546.15,180.73320000000004,,,,,,,,,,,,
451,1542,923648,598,551.59,184.99,0.10458984375,53.50793907046318,4500,0.2,-0.010404449139605277,33.94709777832031,0.010422466,-0.5549046184867621,0.15803426504135132,0.0003,,
452,1545,925696,599,557.6,188.01930000000002,0.104345703125,40.636877650022505,4510,0.2,-0.008643472334370017,16.506488800048828,0.0124520585,-0.5365050453692675,0.17558306455612183,0.0003,,
453,1547,927744,599,552.39,187.35604999999998,0.105126953125,26.264706683158874,4520,0.2,-0.0079006246975041,14.08206558227539,0.009408902,-0.5568978772498667,0.14847731590270996,0.0003,,
454,1550,929792,599,548.05,186.8725,0.103466796875,53.026038026809694,4530,0.2,-0.010733024429646321,40.23536682128906,0.008764116,-0.549569996073842,0.11901742219924927,0.0003,,
,,930000,,,,0.108154296875,23.19439536333084,4540,0.2,-0.010637887817574665,8.394421577453613,0.01094328,-0.5199023011140526,0.23602718114852905,0.0003,427.668,922.8
455,1556,931840,598,544.89,187.33450000000002,,,,,,,,,,,,
456,1559,933888,599,550.13,189.2892,0.137939453125,33.61689205467701,4550,0.2,-0.013722469200729392,17.163013458251953,0.014371552,-0.5194314885884523,0.2827523946762085,0.0003,,
457,1561,935936,599,561.66,193.31939999999997,0.098046875,41.88930552601814,4560,0.2,-0.007189055770868436,20.933578491210938,0.009067973,-0.5348849811591208,0.15996474027633667,0.0003,,
458,1564,937984,599,561.24,191.88079999999994,0.087548828125,35.634800523519516,4570,0.2,-0.006346393504645676,20.0797061920166,0.007884835,-0.5745392540469766,0.1814855933189392,0.0003,,
,,940000,,,,0.126953125,25.099752470850945,4580,0.2,-0.009512142711901105,12.195307731628418,0.011087543,-0.5797543741762639,0.22369837760925293,0.0003,235.84,1271.6
459,1570,940032,598,571.48,196.6157,,,,,,,,,,,,
460,1573,942080,598,581.83,199.2191,0.0927734375,35.40623515844345,4590,0.2,-0.00955879972607363,13.63014030456543,0.0097244335,-0.5328077808022499,0.24901098012924194,0.0003,,
461,1576,944128,598,577.92,196.30929999999992,0.109326171875,38.382450425624846,4600,0.2,-0.00943951878871303,17.14339256286621,0.011857936,-0.5794753608293831,0.17139577865600586,0.0003,,
462,1579,946176,599,592.92,202.30499999999995,0.115478515625,26.668895024061204,4610,0.2,-0.009991972928401083,10.238116264343262,0.013944847,-0.5840467505156994,0.22795462608337402,0.0003,,
463,1581,948224,599,603.71,206.04375000000005,0.13154296875,20.646306443214417,4620,0.2,-0.006035572127439081,7.393779277801514,0.009982282,-0.5592016561888158,0.19248157739639282,0.0003,,
,,950000,,,,0.122900390625,30.354771500825883,4630,0.2,-0.011092484509572387,18.208343505859375,0.011775965,-0.5488493034616113,0.21660488843917847,0.0003,379.35900000000004,856.4
464,1587,950272,598,603.42,205.94010000000003,,,,,,,,,,,,
465,1589,952320,598,588.78,202.69979999999998,0.08583984375,36.623955419659616,4640,0.2,-0.007239856728119776,9.142041206359863,0.008808049,-0.5427226977422833,0.23292845487594604,0.0003,,
466,1592,954368,599,590.77,202.4217,0.11181640625,25.96096289753914,4650,0.2,-0.010330668579263147,7.327980041503906,0.010857539,-0.5650401615537703,0.1556803584098816,0.0003,,
467,1595,956416,599,579.77,199.09109999999998,0.12177734375,48.74488866329193,4660,0.2,-0.010956708656158299,9.4271879196167,0.011858519,-0.5786147242411971,0.14289075136184692,0.0003,,
468,1598,958464,599,558.86,191.5082,0.12099609375,32.54340094774962,4670,0.2,-0.010716310536372476,19.334754943847656,0.010699626,-0.5291476015001535,0.22368168830871582,0.0003,,
,,960000,,,,0.106787109375,40.91548081040382,4680,0.2,-0.010478100652107969,16.88178062438965,0.00881757,-0.585735569242388,0.20093709230422974,0.0003,104.60500000000002,406.4
469,1602,960512,599,559.02,192.96904999999995,,,,,,,,,,,,
470,1605,962560,599,563.0,194.68994999999998,0.120068359375,34.48731091320515,4690,0.2,-0.01033698437095154,17.20838737487793,0.011523156,-0.577649870608002,0.2064685821533203,0.0003,,
471,1607,964608,599,534.34,185.07190000000003,0.080078125,30.436119747161865,4700,0.2,-0.006551276947720908,7.903937339782715,0.008243307,-0.49127155272290113,0.22263777256011963,0.0003,,
472,1610,966656,600,544.1,187.57725,0.097119140625,65.16387934684754,4710,0.2,-0.013526260133949109,25.56061553955078,0.010334166,-0.53897011494264,0.13624781370162964,0.0003,,
473,1613,968704,600,518.49,179.40059999999994,0.11640625,25.63378023803234,4720,0.2,-0.009895948550547474,9.738504409790039,0.010873543,-0.5425323053263128,0.24723464250564575,0.0003,,
,,970000,,,,0.08876953125,33.322159013152124,4730,0.2,-0.007943535246886313,10.855188369750977,0.007995692,-0.5021757804788649,0.2387993335723877,0.0003,357.01599999999996,759.0
474,1618,970752,599,537.81,186.22804999999997,,,,,,,,,,,,
475,1620,972800,600,524.91,180.35879999999997,0.11513671875,29.894592556357384,4740,0.2,-0.008845331543125213,19.214839935302734,0.009948431,-0.5660497164353728,0.21034425497055054,0.0003,,
476,1623,974848,600,532.54,182.20645000000002,0.10966796875,45.444729349017145,4750,0.2,-0.008414821939368267,23.69265365600586,0.012758967,-0.5561071145348251,0.18608665466308594,0.0003,,
477,1626,976896,600,530.46,177.7257,0.11357421875,25.39148465394974,4760,0.2,-0.006714887279667891,6.572881698608398,0.014232779,-0.5320628150366247,0.2596375346183777,0.0003,,
478,1629,978944,600,518.43,173.40390000000002,0.094775390625,41.53789063692093,4770,0.2,-0.009887909144163131,6.7927141189575195,0.0076140566,-0.5490643038414419,0.21190154552459717,0.0003,,
,,980000,,,,0.109765625,34.565911293029785,4780,0.2,-0.010061435951502062,9.09254264831543,0.008788699,-0.5443268926814199,0.09985733032226562,0.0003,406.332,860.2
479,1634,980992,600,536.86,178.67010000000002,,,,,,,,,,,,
480,1637,983040,600,555.01,185.27734999999996,0.122021484375,24.25951575934887,4790,0.2,-0.010626719504944048,7.378439426422119,0.010246474,-0.5002174409106374,0.31348973512649536,0.0003,,
481,1639,985088,600,561.23,187.3502,0.11103515625,31.390243461728097,4800,0.2,-0.009820793922699522,13.318860054016113,0.01059614,-0.5403204637579619,0.23918110132217407,0.0003,,
482,1642,987136,601,551.99,182.75429999999997,0.099560546875,29.271431466937067,4810,0.2,-0.01017748008016497,8.650836944580078,0.011152562,-0.5254282667301595,0.2381635308265686,0.0003,,
483,1645,989184,601,558.26,184.36074999999997,0.119287109375,26.25317316651344,4820,0.2,-0.01022636670677457,11.261689186096191,0.011990001,-0.5273734984919429,0.13396674394607544,0.0003,,
,,990000,,,,0.1013671875,41.01328235864639,4830,0.2,-0.007928345463005826,20.95970344543457,0.008875748,-0.5505762285552919,0.1540372371673584,0.0003,523.9590000000001,1117.6
484,1651,991232,600,555.81,185.21744999999999,,,,,,,,,,,,
485,1653,993280,600,571.02,190.54185,0.0951171875,40.11363637149334,4840,0.2,-0.011699467827565969,30.662147521972656,0.0101129385,-0.4996045196428895,0.1754741072654724,0.0003,,
486,1656,995328,600,575.82,194.81385000000003,0.090234375,26.20463285148144,4850,0.2,-0.008026232353586238,6.810798168182373,0.009178524,-0.4970924101769924,0.19731414318084717,0.0003,,
487,1659,997376,601,574.25,194.34555000000003,0.1009765625,22.575390800833702,4860,0.2,-0.007446586174773983,8.53917407989502,0.0120284185,-0.48247508322820065,0.23842233419418335,0.0003,,
488,1662,999424,601,574.78,196.04070000000004,0.108642578125,34.23433592617512,4870,0.2,-0.009673687850590796,10.867063522338867,0.0110987825,-0.5291396014392376,0.2235863208770752,0.0003,,
,,1000000,,,,0.091455078125,30.331098064780235,4880,0.2,-0.00815377377148252,15.974621772766113,0.008722978,-0.5256089569069445,0.3266811966896057,0.0003,378.37399999999997,913.2
489,1667,1001472,600,590.43,199.88715,,,,,,,,,,,,
490,1670,1003520,600,605.8,206.93650000000002,0.10478515625,29.254299598932267,4890,0.2,-0.00764230931235943,8.306159973144531,0.011540216,-0.5816483058035373,0.2653065323829651,0.0003,,
491,1672,1005568,601,586.96,200.27769999999998,0.098291015625,30.12833053469658,4900,0.2,-0.0068222496222006155,16.589202880859375,0.008137019,-0.5428280952386558,0.23611748218536377,0.0003,,
492,1675,1007616,601,575.13,196.2931,0.10517578125,30.72089418172836,4910,0.2,-0.009427165592205711,10.479632377624512,0.010839982,-0.5913837245665491,0.2012423276901245,0.0003,,
493,1678,1009664,601,561.26,192.09659999999997,0.08984375,64.29843309521675,4920,0.2,-0.009818327752873302,26.937047958374023,0.008051397,-0.5728861738927662,0.18751025199890137,0.0003,,
,,1010000,,,,0.098046875,45.25368982553482,4930,0.2,-0.011305968731176109,16.60560417175293,0.009995546,-0.5864330362528563,0.14396518468856812,0.0003,488.25699999999995,1030.8
494,1683,1011712,600,575.9,197.31874999999997,,,,,,,,,,,,
495,1686,1013760,601,585.34,199.45254999999997,0.1025390625,25.77774031162262,4940,0.2,-0.009664045213139617,9.475273132324219,0.010989504,-0.5299790928140282,0.2444431185722351,0.0003,,
496,1689,1015808,601,603.56,203.55134999999999,0.10078125,26.402991271018983,4950,0.2,-0.008854961601900867,11.588624000549316,0.009300534,-0.5831596105359494,0.2464693784713745,0.0003,,
497,1692,1017856,601,601.61,202.27254999999997,0.110009765625,24.13628104031086,4960,0.2,-0.008594354713568463,16.272275924682617,0.011327864,-0.6068984569050372,0.2580050230026245,0.0003,,
498,1694,1019904,601,609.71,205.77165000000002,0.07119140625,31.479675710201263,4970,0.2,-0.007303470859187655,17.361515045166016,0.006547616,-0.5803168453276157,0.2244352102279663,0.0003,,
,,1020000,,,,0.09228515625,32.414727970957756,4980,0.2,-0.009268727744347416,12.805373191833496,0.009941912,-0.5310248209163546,0.2097088098526001,0.0003,316.28499999999997,1394.0
499,1701,1021952,600,613.26,206.7013,,,,,,,,,,,,
500,1704,1024000,600,606.62,202.44449999999998,0.09755859375,23.442599150538445,4990,0.2,-0.006066398878465407,8.263306617736816,0.009493297,-0.5445480111986398,0.22681289911270142,0.0003,,
501,1707,1026048,601,621.83,208.01194999999998,0.1259765625,41.04964064955711,5000,0.2,-0.009453784581273795,19.653697967529297,0.010495169,-0.6077393320389092,0.21261024475097656,0.0003,,
502,1709,1028096,601,629.46,209.98569999999995,0.085009765625,31.271895027160646,5010,0.2,-0.00581552202347666,13.51356029510498,0.0076680235,-0.5274114984087646,0.24305689334869385,0.0003,,
,,1030000,,,,0.102001953125,28.322858044505118,5020,0.2,-0.008275829956983217,11.095698356628418,0.009595374,-0.5867296230047941,0.18692255020141602,0.0003,96.623,1562.8
503,1717,1030144,599,632.9,210.30765000000002,,,,,,,,,,,,
504,1719,1032192,600,644.85,212.96209999999996,0.09296875,35.0683497607708,5030,0.2,-0.009575416092411615,12.797883033752441,0.008610875,-0.5417410707101226,0.25762939453125,0.0003,,
505,1722,1034240,600,639.93,212.58554999999996,0.11591796875,34.09382161796093,5040,0.2,-0.011038079611898866,9.072278022766113,0.0108974455,-0.5929809306748212,0.13241249322891235,0.0003,,
506,1725,1036288,600,641.95,213.27880000000002,0.11689453125,31.82981308400631,5050,0.2,-0.008663319310289807,14.667779922485352,0.011239165,-0.6089483854360879,0.28717297315597534,0.0003,,
507,1728,1038336,600,653.49,217.57205,0.09384765625,30.492082414031028,5060,0.2,-0.008597746344457846,6.431572914123535,0.008639698,-0.5406537062488497,0.2664666771888733,0.0003,,
,,1040000,,,,0.115576171875,30.31082295179367,5070,0.2,-0.009269313141703605,10.765141487121582,0.008452965,-0.5585889493115246,0.20481270551681519,0.0003,174.773,1427.6
508,1734,1040384,599,650.95,218.2341,,,,,,,,,,,,
509,1737,1042432,599,650.89,219.7331,0.080029296875,39.31806157231331,5080,0.2,-0.010611287076608278,23.957138061523438,0.008803444,-0.5880053019151091,0.07388275861740112,0.0003,,
510,1740,1044480,600,661.43,223.65220000000002,0.11162109375,32.07905189990997,5090,0.2,-0.0078115701675415036,24.546001434326172,0.01003311,-0.5643750769086182,0.22980427742004395,0.0003,,
511,1743,1046528,600,650.57,220.08690000000007,0.118505859375,31.56716094017029,5100,0.2,-0.008582162467064336,10.747331619262695,0.011333109,-0.6049761606380344,0.2549588084220886,0.0003,,
512,1745,1048576,600,666.85,224.36350000000002,0.08818359375,33.626954939961436,5110,0.2,-0.008274990122299642,12.988601684570312,0.010119759,-0.525078216008842,0.14519208669662476,0.0003,,
,,1050000,,,,0.11640625,21.31418182849884,5120,0.2,-0.009276783811219502,9.980594635009766,0.011622992,-0.563219590112567,0.31680822372436523,0.0003,370.71,2198.2
513,1754,1050624,598,664.82,225.89735000000002,,,,,,,,,,,,
514,1757,1052672,598,649.88,219.41409999999996,0.100244140625,29.884728610515594,5130,0.2,-0.01110922776570078,28.927433013916016,0.0097280275,-0.5200778502970934,0.17543989419937134,0.0003,,
515,1760,1054720,599,652.62,220.19670000000002,0.079345703125,42.53594391942024,5140,0.2,-0.010220613553246948,20.404890060424805,0.0114117805,-0.5686521316878498,0.14071351289749146,0.0003,,
516,1763,1056768,599,649.65,219.59224999999998,0.108642578125,41.75210148692131,5150,0.2,-0.010357456415658817,21.70121192932129,0.009339746,-0.5161050075665117,0.09373509883880615,0.0003,,
517,1765,1058816,599,656.92,218.37735,0.074853515625,37.3298316180706,5160,0.2,-0.007420550225651823,7.335508346557617,0.008426081,-0.5428053131327033,0.23974281549453735,0.0003,,
,,1060000,,,,0.112646484375,28.91352026462555,5170,0.2,-0.01150106334243901,16.81717300415039,0.010546,-0.6070455214008689,0.23080945014953613,0.0003,381.63700000000006,2530.0
518,1775,1060864,597,653.57,215.88495000000003,,,,,,,,,,,,
519,1778,1062912,597,653.99,216.0059,0.100146484375,24.934824472665788,5180,0.2,-0.008351926872273907,9.940972328186035,0.009704654,-0.5322726308368146,0.2775963544845581,0.0003,,
520,1781,1064960,597,660.86,217.83335,0.10966796875,25.049661642313005,5190,0.2,-0.0075156797916861254,12.550664901733398,0.007907698,-0.5454809007234871,0.25439125299453735,0.0003,,
521,1783,1067008,598,650.85,216.83999999999997,0.074462890625,41.34865999817848,5200,0.2,-0.010560192906996235,30.27437973022461,0.007895706,-0.5185557438991963,0.28301119804382324,0.0003,,
522,1786,1069056,598,652.63,217.01225,0.08046875,38.97309340834617,5210,0.2,-0.00869103450095281,8.842073440551758,0.007747834,-0.5479314705356956,0.23461449146270752,0.0003,,
,,1070000,,,,0.10703125,28.221589231491087,5220,0.2,-0.01077156528190244,11.200889587402344,0.011382865,-0.529615729674697,0.2574102282524109,0.0003,199.26,1712.6
523,1793,1071104,597,652.71,218.0153,,,,,,,,,,,,
524,1796,1073152,597,665.0,222.4219,0.081396484375,30.998750931024553,5230,0.2,-0.006542989220179152,16.8870849609375,0.009292752,-0.5347959216684103,0.29049909114837646,0.0003,,
525,1799,1075200,597,676.0,224.5859,0.107080078125,22.97517047524452,5240,0.2,-0.006695776806736831,8.928410530090332,0.012269547,-0.5243118695914746,0.20856821537017822,0.0003,,
526,1802,1077248,597,683.32,228.44005,0.10283203125,38.844870042800906,5250,0.2,-0.008928107327665202,9.98840618133545,0.010282565,-0.5594873967580497,0.17628836631774902,0.0003,,
527,1805,1079296,597,698.69,234.56394999999998,0.1041015625,26.949768137931823,5260,0.2,-0.011510333366459236,14.06870174407959,0.008408526,-0.5053197481669486,0.24861758947372437,0.0003,,
,,1080000,,,,0.098095703125,37.608788922429085,5270,0.2,-0.01223873301059939,18.119369506835938,0.009147866,-0.4830580298788846,0.19587987661361694,0.0003,287.33,1514.4
528,1811,1081344,596,703.79,237.97699999999998,,,,,,,,,,,,
529,1814,1083392,597,706.55,240.18724999999995,0.119384765625,43.819695222377774,5280,0.2,-0.01173561834730208,10.627265930175781,0.010849573,-0.5083567447960377,0.14467763900756836,0.0003,,
530,1817,1085440,597,687.56,236.4875,0.097509765625,30.080683341622354,5290,0.2,-0.009313172721886077,11.667085647583008,0.013161739,-0.5554749688133598,0.20685654878616333,0.0003,,
531,1820,1087488,597,674.38,232.83475,0.111474609375,49.00125924050808,5300,0.2,-0.012385166710009799,17.761537551879883,0.009070326,-0.5230170589871704,0.105843186378479,0.0003,,
532,1822,1089536,597,665.89,231.7617,0.1126953125,38.24175966084003,5310,0.2,-0.009813024316099473,15.574847221374512,0.0105008185,-0.552628125809133,0.12492108345031738,0.0003,,
,,1090000,,,,0.12158203125,45.22431709766388,5320,0.2,-0.01303811356483493,12.376683235168457,0.011523605,-0.5463709622621536,0.11703157424926758,0.0003,165.245,740.2
533,1827,1091584,597,650.35,226.35395,,,,,,,,,,,,
534,1830,1093632,597,641.17,224.42094999999998,0.127490234375,51.665434300899506,5330,0.2,-0.01344355140463449,19.64569664001465,0.014102031,-0.5756143309175968,0.16486871242523193,0.0003,,
535,1833,1095680,597,631.46,220.72584999999998,0.11318359375,39.12649835050106,5340,0.2,-0.00852202445967123,13.804253578186035,0.0099408645,-0.5835518618114293,0.025505125522613525,0.0003,,
536,1835,1097728,597,626.76,220.64430000000002,0.104150390625,41.17803708314896,5350,0.2,-0.009687902507721446,30.59201431274414,0.010118047,-0.5975069580599666,0.17870676517486572,0.0003,,
537,1838,1099776,598,616.15,215.61405,0.110693359375,30.78161398768425,5360,0.2,-0.010637909889919684,16.02175521850586,0.0119747855,-0.5451520071364939,0.2566952705383301,0.0003,,
,,1100000,,,,0.099560546875,35.64468951523304,5370,0.2,-0.007892046787310392,11.862736701965332,0.01083912,-0.5166218246333301,0.16527724266052246,0.0003,177.099,1154.6
538,1844,1101824,597,613.71,217.14095000000006,,,,,,,,,,,,
539,1847,1103872,597,620.24,219.16925,0.120263671875,37.18867116868496,5380,0.2,-0.011694081927998923,7.321771144866943,0.011647754,-0.5335569548420608,0.21054238080978394,0.0003,,
540,1850,1105920,597,616.33,217.19385,0.080810546875,32.36403360068798,5390,0.2,-0.00918024908460211,17.860431671142578,0.00892348,-0.5236380114220083,0.29781442880630493,0.0003,,
541,1853,1107968,597,622.57,220.6212,0.097900390625,29.06091815531254,5400,0.2,-0.010907591554860119,10.077498435974121,0.0073496485,-0.5348143109120429,0.2371247410774231,0.0003,,
,,1110000,,,,0.09248046875,27.243348547816275,5410,0.2,-0.0051696271693799645,8.799267768859863,0.00797878,-0.5163478840142488,0.2622365951538086,0.0003,330.356,720.6
542,1858,1110016,597,612.83,217.43735,,,,,,,,,,,,
543,1860,1112064,597,601.97,212.85954999999998,0.1009765625,30.81848773062229,5420,0.2,-0.009549320541555061,10.082114219665527,0.008904649,-0.5310746863484382,0.1940922737121582,0.0003,,
544,1863,1114112,597,606.09,216.40949999999998,0.125390625,30.49780743718147,5430,0.2,-0.010250954164075666,6.975734710693359,0.015829902,-0.5298478417098522,0.24777424335479736,0.0003,,
545,1866,1116160,598,566.98,203.22099999999998,0.09716796875,43.40856546163559,5440,0.2,-0.01111031217587879,23.56683349609375,0.012941472,-0.5157942065037787,0.09318679571151733,0.0003,,
546,1868,1118208,598,528.33,189.50905,0.115234375,48.48243125081062,5450,0.2,-0.013354279726627283,21.925474166870117,0.008906096,-0.5557384787127375,0.13502728939056396,0.0003,,
,,1120000,,,,0.10927734375,43.55474137663841,5460,0.2,-0.013143045127799268,17.313125610351562,0.009603507,-0.549479984305799,0.1523970365524292,0.0003,415.85299999999995,945.0
547,1874,1120256,597,537.92,191.2649,,,,,,,,,,,,
548,1877,1122304,597,533.48,189.6223,0.104150390625,36.039428463578226,5470,0.2,-0.009895060036797076,12.75458812713623,0.010699219,-0.5466981213539839,0.18874883651733398,0.0003,,
549,1879,1124352,598,528.52,188.31050000000002,0.08935546875,27.244779777526855,5480,0.2,-0.009496034399489872,9.91400146484375,0.009070914,-0.5260899472050369,0.12865853309631348,0.0003,,
550,1882,1126400,598,537.81,190.34395,0.103564453125,19.43223754018545,5490,0.2,-0.007633145636646077,7.019703388214111,0.0084231915,-0.5101874985732138,0.2512260675430298,0.0003,,
551,1885,1128448,598,532.89,190.03234999999998,0.09384765625,21.226739391684532,5500,0.2,-0.005407972921966575,14.809554100036621,0.009422157,-0.5465298771858216,0.24725550413131714,0.0003,,
,,1130000,,,,0.08994140625,28.582778745889662,5510,0.2,-0.008973201730987057,15.994643211364746,0.010029197,-0.5239762007258832,0.3218711018562317,0.0003,190.922,699.0
552,1889,1130496,598,520.3,183.5894,,,,,,,,,,,,
553,1892,1132544,598,509.68,178.86630000000002,0.114404296875,41.64115881323814,5520,0.2,-0.012375183899712284,16.719629287719727,0.010267399,-0.5415295373648406,0.14576518535614014,0.0003,,
554,1895,1134592,598,503.8,174.84685000000002,0.085205078125,45.39705668091774,5530,0.2,-0.010058845748426392,29.308744430541992,0.008546211,-0.5199516075663269,0.13614743947982788,0.0003,,
555,1898,1136640,598,512.86,177.50875,0.103955078125,31.891817477345466,5540,0.2,-0.011818403829238378,18.519384384155273,0.009240499,-0.5912984045222401,0.07961171865463257,0.0003,,
556,1900,1138688,599,528.58,183.85104999999996,0.12509765625,19.4052293241024,5550,0.2,-0.012129237491171807,8.230535507202148,0.015431238,-0.5367380822077393,0.18169063329696655,0.0003,,
,,1140000,,,,0.105908203125,32.85973160266876,5560,0.2,-0.010569505709281658,11.792681694030762,0.010957291,-0.5384893181733788,0.14824193716049194,0.0003,199.63299999999998,985.8
557,1906,1140736,598,535.58,185.21169999999998,,,,,,,,,,,,
558,1909,1142784,598,525.62,181.9841,0.104833984375,30.48202813565731,5570,0.2,-0.011469952671905047,8.916512489318848,0.010715201,-0.5676324979402125,0.15045630931854248,0.0003,,
559,1911,1144832,598,540.39,188.03500000000003,0.0873046875,51.936043256521224,5580,0.2,-0.011295540907303803,21.69729995727539,0.008194944,-0.5484722340479493,0.10081362724304199,0.0003,,
560,1914,1146880,598,540.39,188.03500000000003,0.09873046875,27.04045825302601,5590,0.2,-0.008630334931513061,9.218256950378418,0.009506602,-0.5328183313831687,0.2327905297279358,0.0003,,
561,1917,1148928,599,555.74,189.0007,0.152197265625,14.699210774898528,5600,0.2,-0.013078621175372973,5.100285530090332,0.0124035375,-0.6104986472986639,0.2845299243927002,0.0003,,
,,1150000,,,,0.08583984375,28.103828886151312,5610,0.2,-0.008723323611775413,9.471538543701172,0.0095367925,-0.5505735277198255,0.234003484249115,0.0003,449.131,844.6
562,1922,1150976,598,568.21,194.4468,,,,,,,,,,,,
563,1925,1153024,598,573.81,197.84134999999998,0.10888671875,33.9082339912653,5620,0.2,-0.013552051951410248,13.931570053100586,0.010911166,-0.5218548034317791,0.2744753360748291,0.0003,,
564,1927,1155072,599,585.05,202.30715,0.099462890625,29.46128311753273,5630,0.2,-0.009063237652298994,18.634946823120117,0.011074973,-0.5427468590438366,0.15238380432128906,0.0003,,
565,1930,1157120,599,576.94,199.21130000000002,0.104150390625,27.577128687500952,5640,0.2,-0.011995263426797464,14.939336776733398,0.010247303,-0.5498688210733235,0.23051691055297852,0.0003,,
566,1933,1159168,599,579.89,197.60580000000002,0.086572265625,49.37886315584183,5650,0.2,-0.01100768273608992,21.411008834838867,0.00809936,-0.5538432654924691,0.1688557267189026,0.0003,,
,,1160000,,,,0.116796875,27.200085082650183,5660,0.2,-0.012162071466445924,19.63129425048828,0.014292916,-0.589054305292666,0.2782401442527771,0.0003,420.19899999999996,939.8
567,1938,1161216,598,590.94,200.0077,,,,,,,,,,,,
568,1941,1163264,599,577.58,193.77465000000004,0.107666015625,28.69766785502434,5670,0.2,-0.009510744790895842,7.792076587677002,0.0090434635,-0.5685493542812765,0.24812662601470947,0.0003,,
569,1944,1165312,599,553.46,183.79275,0.1244140625,49.193186247348784,5680,0.2,-0.012909651445806958,31.758647918701172,0.011216287,-0.590073630400002,0.18539589643478394,0.0003,,
570,1947,1167360,599,549.89,182.0168,0.109228515625,31.974905571341516,5690,0.2,-0.011628396887681447,7.0113749504089355,0.01242441,-0.5731495526619256,0.15778875350952148,0.0003,,
571,1949,1169408,599,569.35,189.1428,0.105810546875,25.291085529327393,5700,0.2,-0.008956784900510684,10.1763277053833,0.010697905,-0.5380446899682283,0.1605580449104309,0.0003,,
,,1170000,,,,0.10302734375,27.63156265616417,5710,0.2,-0.00926050370617304,11.637011528015137,0.009210543,-0.5510907082818448,0.3027040362358093,0.0003,320.746,1089.8
572,1955,1171456,599,579.54,190.72259999999994,,,,,,,,,,,,
573,1957,1173504,599,589.27,194.58969999999997,0.10576171875,31.620859077572824,5720,0.2,-0.009604138825670816,7.82523775100708,0.010568414,-0.5703192353248596,0.1729331612586975,0.0003,,
574,1960,1175552,599,604.03,201.76414999999997,0.1212890625,34.91920389831066,5730,0.2,-0.0108770847087726,15.096932411193848,0.009650795,-0.5213367665186525,0.14347440004348755,0.0003,,
575,1963,1177600,599,602.69,201.80885000000006,0.103125,26.794887512922287,5740,0.2,-0.009734894582652486,10.212812423706055,0.010425402,-0.4963342166505754,0.25938230752944946,0.0003,,
576,1966,1179648,599,614.18,205.89325,0.122998046875,27.811103776097298,5750,0.2,-0.010735103706247173,12.860098838806152,0.010666905,-0.5323755279183388,0.21043282747268677,0.0003,,
,,1180000,,,,0.113134765625,21.348504561185838,5760,0.2,-0.012530848957248963,7.347827434539795,0.0116911065,-0.5111141693778336,0.29372072219848633,0.0003,360.984,910.0
577,1971,1181696,599,637.95,214.90749999999997,,,,,,,,,,,,
578,1974,1183744,599,639.79,216.64909999999998,0.099853515625,28.0417141854763,5770,0.2,-0.012122872400505002,11.769686698913574,0.012001058,-0.48965016230940817,0.4060460329055786,0.0003,,
579,1977,1185792,599,618.77,210.0632,0.123095703125,35.57825891673565,5780,0.2,-0.012434790132101626,7.998770236968994,0.014048338,-0.5578227108344436,0.206523597240448,0.0003,,
580,1980,1187840,599,627.76,212.49635,0.10419921875,39.388728687167166,5790,0.2,-0.009532067166583147,20.357250213623047,0.00740316,-0.5433287686668337,0.21512937545776367,0.0003,,
581,1982,1189888,600,620.35,210.17835000000005,0.1076171875,24.86369883418083,5800,0.2,-0.009642730624182149,16.796463012695312,0.009191878,-0.5652481672354043,0.34545475244522095,0.0003,,
,,1190000,,,,0.128271484375,20.19322760999203,5810,0.2,-0.012025326266302728,4.348331928253174,0.012247983,-0.5214160458184779,0.2655094861984253,0.0003,231.90800000000004,1177.6
582,1988,1191936,599,628.55,212.10719999999998,,,,,,,,,,,,
583,1991,1193984,599,629.56,213.12964999999997,0.090771484375,40.026917073130605,5820,0.2,-0.010966280251159333,12.42944049835205,0.009391264,-0.5140300306491554,0.05543488264083862,0.0003,,
584,1994,1196032,599,639.45,216.55175,0.110546875,38.74422000348568,5830,0.2,-0.012650764855789021,20.7888240814209,0.008416184,-0.49939899556338785,0.24637103080749512,0.0003,,
585,1997,1198080,599,660.69,224.15399999999997,0.104345703125,18.386212864518164,5840,0.2,-0.010401068950886837,8.619993209838867,0.010750885,-0.4882322922348976,0.32640886306762695,0.0003,,
,,1200000,,,,0.09814453125,28.033300507068635,5850,0.2,-0.01013573049713159,18.260013580322266,0.010262229,-0.5089427758939564,0.11783277988433838,0.0003,271.608,1353.4
586,2004,1200128,598,663.17,223.40624999999997,,,,,,,,,,,,
587,2007,1202176,598,639.28,216.27044999999998,0.11796875,24.553888911008833,5860,0.2,-0.007766165226348676,8.289840698242188,0.010582669,-0.5606749799102545,0.25729262828826904,0.0003,,
588,2010,1204224,598,641.86,218.13835,0.11396484375,48.74242092370987,5870,0.2,-0.013912035166868009,25.786710739135742,0.0108292755,-0.5019243107177317,0.16604971885681152,0.0003,,
589,2013,1206272,599,655.22,222.75965,0.102685546875,32.28015884459019,5880,0.2,-0.01081908929918427,8.84266471862793,0.0102373045,-0.5320600958541035,0.0657842755317688,0.0003,,
590,2016,1208320,599,659.38,225.34404999999998,0.1017578125,29.65573006272316,5890,0.2,-0.009939299215329812,14.249346733093262,0.01042425,-0.5219625134021044,0.24340784549713135,0.0003,,
,,1210000,,,,0.10869140625,29.81273358166218,5900,0.2,-0.011714186283643357,11.301668167114258,0.011655176,-0.561325549799949,0.10749977827072144,0.0003,229.754,2456.8
591,2025,1210368,597,685.12,232.78875000000005,,,,,,,,,,,,
592,2028,1212416,597,680.9,230.39675,0.109130859375,33.335671067237854,5910,0.2,-0.010472056697471999,19.824726104736328,0.008937399,-0.5213834572583437,0.21441984176635742,0.0003,,
593,2031,1214464,597,663.85,226.26615,0.1083984375,31.015428885817528,5920,0.2,-0.010945413046283648,15.57055377960205,0.010410424,-0.511472100391984,0.2409626841545105,0.0003,,
594,2034,1216512,598,663.63,225.8621,0.093505859375,35.05243324041366,5930,0.2,-0.011582017873297445,13.805785179138184,0.010052808,-0.5736356125213206,0.2853779196739197,0.0003,,
595,2037,1218560,598,667.24,225.56189999999998,0.109765625,25.385977944731714,5940,0.2,-0.010988926133722998,14.093138694763184,0.011018082,-0.5363015066832304,0.29386335611343384,0.0003,,
,,1220000,,,,0.10244140625,33.99513970613479,5950,0.2,-0.010914128416334278,18.552465438842773,0.009197498,-0.5208840793929994,0.16533035039901733,0.0003,390.41700000000003,1630.2
596,2044,1220608,597,662.01,221.42714999999995,,,,,,,,,,,,
597,2047,1222656,597,662.5,221.65779999999995,0.12109375,25.584710627794266,5960,0.2,-0.010703938484220998,26.257644653320312,0.010081164,-0.5786807334050537,0.14270001649856567,0.0003,,
598,2049,1224704,597,680.59,226.51054999999997,0.084765625,26.731622126698493,5970,0.2,-0.009387709363363684,14.9586820602417,0.01004456,-0.516333694010973,0.29538071155548096,0.0003,,
599,2052,1226752,597,680.59,226.51054999999997,0.10732421875,29.437642201781273,5980,0.2,-0.01055934417527169,9.93809986114502,0.01243813,-0.5569576020352542,0.21303409337997437,0.0003,,
600,2055,1228800,597,671.3,220.01309999999995,0.137109375,18.821447896957398,5990,0.2,-0.011769750187522732,5.532089710235596,0.013826851,-0.605021134391427,0.26694607734680176,0.0003,,
,,1230000,,,,0.1203125,41.5672490298748,6000,0.2,-0.013228597608394921,33.4185905456543,0.0117307445,-0.5838063836097718,0.18958085775375366,0.0003,145.60999999999999,1173.6
601,2061,1230848,597,667.68,217.79125000000005,,,,,,,,,,,,
602,2064,1232896,597,638.22,207.76194999999998,0.1224609375,39.71653420925141,6010,0.2,-0.014105321861279663,12.866981506347656,0.010818349,-0.5613284583203495,0.2712342143058777,0.0003,,
603,2067,1234944,597,624.49,204.19095000000004,0.1076171875,37.06754443049431,6020,0.2,-0.012454397129477001,14.518890380859375,0.009230572,-0.5223253289237618,0.1818864345550537,0.0003,,
604,2070,1236992,597,604.69,196.08225000000002,0.11376953125,39.567351734638216,6030,0.2,-0.011392778321169316,18.728574752807617,0.011862986,-0.516559203621,0.16500884294509888,0.0003,,
605,2072,1239040,597,575.82,184.64145,0.13251953125,44.75073736310005,6040,0.2,-0.01593879500578623,9.743339538574219,0.015369153,-0.5426817778497934,0.11185753345489502,0.0003,,
,,1240000,,,,0.11318359375,32.19013054668903,6050,0.2,-0.010923498134070541,25.5445613861084,0.010048643,-0.5809120387770236,0.16219234466552734,0.0003,402.442,1117.8
606,2079,1241088,596,565.41,180.04039999999998,,,,,,,,,,,,
607,2082,1243136,597,549.17,174.94530000000003,0.1072265625,41.15216796994209,6060,0.2,-0.012552020799193996,21.529348373413086,0.009545991,-0.5554907097481191,0.17761659622192383,0.0003,,
608,2084,1245184,597,536.3,170.83675000000002,0.113623046875,34.68082318902016,6070,0.2,-0.012336602367577143,15.691539764404297,0.00879986,-0.5440373850986362,0.1464431881904602,0.0003,,
609,2087,1247232,597,555.18,178.03964999999997,0.1087890625,29.293629080057144,6080,0.2,-0.013379018806153909,14.644758224487305,0.009996586,-0.5071456423029304,0.2109929323196411,0.0003,,
610,2090,1249280,597,559.52,179.38055,0.1296875,23.43832685351372,6090,0.2,-0.011269958229968324,9.8299560546875,0.012660218,-0.5706327753141522,0.29779523611068726,0.0003,,
,,1250000,,,,0.1306640625,29.048789024353027,6100,0.2,-0.013095225053257309,10.705828666687012,0.011271227,-0.5754798579029738,0.2936120629310608,0.0003,456.808,1442.2
611,2097,1251328,596,535.35,169.08475,,,,,,,,,,,,
612,2100,1253376,596,534.46,169.43134999999998,0.115478515625,36.80493840873241,6110,0.2,-0.013459040989982896,15.351142883300781,0.013737535,-0.5557036975398659,0.1876930594444275,0.0003,,
613,2102,1255424,596,529.65,166.55110000000002,0.105078125,36.3424720197916,6120,0.2,-0.012222633496276104,10.752663612365723,0.011194895,-0.49145656153559686,0.26450616121292114,0.0003,,
614,2105,1257472,597,545.64,171.27329999999998,0.09345703125,37.256405621767044,6130,0.2,-0.00824717861833051,17.883724212646484,0.011575928,-0.5522435581311583,0.16724538803100586,0.0003,,
615,2108,1259520,597,560.89,176.1453,0.115380859375,24.12671531140804,6140,0.2,-0.010472821476287208,12.491576194763184,0.010177024,-0.5354262431152165,0.2722629904747009,0.0003,,
,,1260000,,,,0.09921875,23.426293683052062,6150,0.2,-0.008765938514261506,10.836520195007324,0.008816486,-0.49940685741603374,0.35052621364593506,0.0003,514.066,1043.6
616,2114,1261568,596,560.62,176.32574999999997,,,,,,,,,,,,
617,2116,1263616,596,566.2,178.842,0.0931640625,28.806840112805368,6160,0.2,-0.010369002039078623,19.577693939208984,0.00894103,-0.5193631858564913,0.28901970386505127,0.0003,,
618,2119,1265664,597,545.73,173.74095,0.09072265625,38.16687167584896,6170,0.2,-0.010477380000520498,22.387855529785156,0.010615311,-0.49651865996420386,0.2469438910484314,0.0003,,
619,2122,1267712,597,547.58,174.2989,0.091455078125,49.27692616581917,6180,0.2,-0.011142398620722815,20.29520606994629,0.009924108,-0.48846846260130405,0.21344566345214844,0.0003,,
620,2125,1269760,597,526.69,169.82025000000002,0.12548828125,25.04346762597561,6190,0.2,-0.012745139797334559,14.947281837463379,0.014545276,-0.5216166549362242,0.28759849071502686,0.0003,,
,,1270000,,,,0.104248046875,55.18310342431069,6200,0.2,-0.013187013429705985,29.582971572875977,0.010715356,-0.5163916151970624,0.11373019218444824,0.0003,444.296,1006.8
621,2130,1271808,596,533.15,174.35004999999998,,,,,,,,,,,,
622,2133,1273856,596,533.97,176.60799999999995,0.111669921875,30.555656698346137,6210,0.2,-0.012432420617551542,12.302213668823242,0.00953459,-0.4919961652718484,0.4155576825141907,0.0003,,
623,2136,1275904,597,512.68,169.74635,0.1314453125,27.670318987965583,6220,0.2,-0.01311657457263209,12.821972846984863,0.012736879,-0.525789245404303,0.2424863576889038,0.0003,,
624,2139,1277952,597,498.45,165.63459999999998,0.131787109375,36.5696298956871,6230,0.2,-0.010971279063960537,17.594581604003906,0.012011042,-0.5374609806574882,0.23843348026275635,0.0003,,
,,1280000,,,,0.118505859375,19.56255672723055,6240,0.2,-0.008747412085358518,6.432130813598633,0.011813683,-0.6236611956730485,0.24546301364898682,0.0003,275.11199999999997,580.4
625,2143,1280000,597,518.38,170.29205000000002,,,,,,,,,,,,
626,2146,1282048,597,528.07,175.7011,0.12890625,33.11425745785236,6250,0.2,-0.011176496694679372,12.90610408782959,0.011745455,-0.587423662096262,0.2926488518714905,0.0003,,
627,2149,1284096,597,533.11,178.03195,0.11533203125,37.453556299209595,6260,0.2,-0.010360549311735667,18.752111434936523,0.010030581,-0.5689604613929987,0.30956900119781494,0.0003,,
628,2152,1286144,597,546.2,181.94625000000005,0.09892578125,31.262446120381355,6270,0.2,-0.00810540422098711,15.76803207397461,0.008150423,-0.5882095593959094,0.2681501507759094,0.0003,,
629,2155,1288192,597,555.21,183.82805,0.12451171875,28.282493844628334,6280,0.2,-0.012241441881633364,13.472020149230957,0.011594189,-0.5942866045981645,0.2083907127380371,0.0003,,
,,1290000,,,,0.12421875,29.59650548994541,6290,0.2,-0.011745974085351918,10.449026107788086,0.009492233,-0.5967072430998087,0.10792243480682373,0.0003,274.613,1116.4
630,2160,1290240,597,571.1,185.27925,,,,,,,,,,,,
631,2163,1292288,597,585.65,191.07809999999998,0.126708984375,23.622268742322923,6300,0.2,-0.010753829643363133,17.574981689453125,0.013734946,-0.5932135378010571,0.18652212619781494,0.0003,,
632,2166,1294336,597,576.76,186.40345000000002,0.087841796875,27.459936103224756,6310,0.2,-0.009911303306580521,13.587409973144531,0.013858366,-0.5354241611436009,0.1896888017654419,0.0003,,
633,2169,1296384,597,592.99,192.39905,0.13017578125,32.622894272208214,6320,0.2,-0.014190407606656663,11.615954399108887,0.010766663,-0.5483379485085607,0.15464740991592407,0.0003,,
634,2172,1298432,597,608.55,199.12130000000002,0.099072265625,43.33339501619339,6330,0.2,-0.012168243085034192,23.30893898010254,0.009373095,-0.5310526311397552,0.25211405754089355,0.0003,,
,,1300000,,,,0.131005859375,23.806856873631478,6340,0.2,-0.011960084133897908,10.695249557495117,0.014079388,-0.5356152700260282,0.13717865943908691,0.0003,422.287,1058.8
635,2178,1300480,597,604.25,197.6421,,,,,,,,,,,,
636,2180,1302528,597,620.16,203.9474,0.106787109375,30.410825496912004,6350,0.2,-0.010191031801514327,18.536487579345703,0.009723687,-0.5133031578734517,0.20776325464248657,0.0003,,
637,2183,1304576,597,631.31,209.21305,0.118896484375,33.23603622019291,6360,0.2,-0.011070867438684217,26.667070388793945,0.012217183,-0.5235540832392871,0.19831997156143188,0.0003,,
638,2186,1306624,597,629.79,206.65850000000003,0.102490234375,21.994749388098718,6370,0.2,-0.008665498284972272,9.317124366760254,0.011063923,-0.5165512735024095,0.257244348526001,0.0003,,
639,2189,1308672,597,613.95,199.6625,0.09423828125,37.727401787042616,6380,0.2,-0.008256206855003256,32.206459045410156,0.010534021,-0.5897051762789488,0.11112582683563232,0.0003,,
,,1310000,,,,0.1208984375,29.601318767666818,6390,0.2,-0.01068066127190832,7.593970775604248,0.010513583,-0.5833754383958876,0.17364925146102905,0.0003,384.39500000000004,1322.0
640,2195,1310720,597,610.39,198.3657,,,,,,,,,,,,
641,2198,1312768,597,615.1,199.3766,0.112353515625,34.34137414693832,6400,0.2,-0.009867657494032756,22.901552200317383,0.0079860315,-0.5774890785105526,0.07851260900497437,0.0003,,
642,2200,1314816,597,620.91,200.43105,0.142431640625,20.910825458168983,6410,0.2,-0.012559187412261964,10.180380821228027,0.014922325,-0.6056865035556257,0.3182922601699829,0.0003,,
643,2203,1316864,597,615.44,197.0639,0.11640625,39.15802240371704,6420,0.2,-0.01363913387467619,24.618511199951172,0.011965025,-0.5807195515371859,0.22114717960357666,0.0003,,
644,2206,1318912,597,632.09,203.0954,0.116259765625,27.95710875093937,6430,0.2,-0.013181569791049697,32.33527755737305,0.011405567,-0.5906269668601454,0.28251683712005615,0.0003,,
,,1320000,,,,0.109130859375,23.62206448316574,6440,0.2,-0.011930913696414792,11.798802375793457,0.010831129,-0.5258840978145599,0.32902491092681885,0.0003,477.01899999999995,1053.6
645,2212,1320960,597,615.22,198.96790000000004,,,,,,,,,,,,
646,2215,1323008,597,602.68,194.20840000000004,0.107177734375,35.0885138720274,6450,0.2,-0.013523395234369674,14.82614803314209,0.010340174,-0.5730835940688849,0.2553666830062866,0.0003,,
647,2217,1325056,597,612.71,198.05095,0.1236328125,26.74541557729244,6460,0.2,-0.012269947247114032,8.821532249450684,0.011171255,-0.5248284744098782,0.27430373430252075,0.0003,,
648,2220,1327104,597,610.57,196.44200000000004,0.12431640625,40.307367992401126,6470,0.2,-0.013015265428111888,12.200627326965332,0.012065288,-0.5386706164106727,0.16239690780639648,0.0003,,
649,2223,1329152,597,617.84,200.53855000000004,0.10283203125,39.96947624385357,6480,0.2,-0.011603793146787212,15.902170181274414,0.01147978,-0.5250131175853312,0.12236452102661133,0.0003,,
,,1330000,,,,0.10595703125,31.183516120910646,6490,0.2,-0.013754535128828137,10.35530948638916,0.008384217,-0.5112742212601006,0.32581132650375366,0.0003,348.418,1669.8
650,2230,1331200,596,619.75,200.2399,,,,,,,,,,,,
651,2233,1333248,596,629.09,201.6239,0.107373046875,35.31005199253559,6500,0.2,-0.010256350750569253,18.423608779907227,0.009405457,-0.5355557261966168,0.25966447591781616,0.0003,,
652,2236,1335296,597,643.75,205.37429999999998,0.111181640625,39.898240733146665,6510,0.2,-0.013066930579952896,20.249364852905273,0.0109601915,-0.5540045203641057,0.2391800880432129,0.0003,,
653,2239,1337344,597,642.55,204.13569999999999,0.111767578125,23.728829485177993,6520,0.2,-0.0137986617279239,7.136462211608887,0.009361061,-0.558715270459652,0.2408158779144287,0.0003,,
654,2242,1339392,597,641.58,203.2121,0.097802734375,32.862097072601316,6530,0.2,-0.009339962824014947,19.930858612060547,0.009579234,-0.5318867160938681,0.18807458877563477,0.0003,,
,,1340000,,,,0.112744140625,25.102539333701134,6540,0.2,-0.011280731714214199,8.80079174041748,0.010940306,-0.586245821416378,0.18722879886627197,0.0003,152.237,524.2
655,2246,1341440,597,665.39,212.59234999999998,,,,,,,,,,,,
656,2249,1343488,597,677.06,215.9485,0.11416015625,27.96343125998974,6550,0.2,-0.01086811464629136,20.390256881713867,0.01077104,-0.5158229324035346,0.13831782341003418,0.0003,,
657,2252,1345536,597,649.96,211.3639,0.106494140625,22.92920423746109,6560,0.2,-0.009411499359703156,11.020944595336914,0.011510759,-0.5244753708131611,0.18754976987838745,0.0003,,
658,2255,1347584,597,654.3,208.2888,0.105615234375,50.55921588242054,6570,0.2,-0.011996118354727515,26.789695739746094,0.011061063,-0.4962470057420433,0.14218664169311523,0.0003,,
659,2258,1349632,597,645.22,207.37685000000002,0.113818359375,25.816346076130866,6580,0.2,-0.008616025344235823,6.4344096183776855,0.010049737,-0.5887837825343013,0.20237243175506592,0.0003,,
,,1350000,,,,0.09306640625,41.78449645638466,6590,0.2,-0.01337939933873713,12.295112609863281,0.009071956,-0.5093319276347756,0.17650729417800903,0.0003,257.727,1084.4
660,2263,1351680,597,625.48,204.25415,,,,,,,,,,,,
661,2266,1353728,597,631.72,206.3409,0.112158203125,35.78739466369152,6600,0.2,-0.013282658773823642,13.026031494140625,0.011565002,-0.5065877492539584,0.13920706510543823,0.0003,,
662,2269,1355776,597,624.99,203.7214,0.10615234375,18.925330764055253,6610,0.2,-0.009849180214223452,7.0466461181640625,0.012491213,-0.5265256912447512,0.21719789505004883,0.0003,,
663,2272,1357824,597,642.56,210.38555000000005,0.089990234375,33.051976409554484,6620,0.2,-0.012940477233496495,18.773334503173828,0.008375338,-0.49803329147398473,0.15041625499725342,0.0003,,
664,2275,1359872,597,641.52,211.19315000000003,0.095458984375,44.55240585207939,6630,0.2,-0.011824523145332933,18.86787223815918,0.009591974,-0.5028745780698956,0.20517832040786743,0.0003,,
,,1360000,,,,0.1021484375,27.490472894906997,6640,0.2,-0.013091208707191982,9.495234489440918,0.011054748,-0.4725618428550661,0.13088911771774292,0.0003,265.775,819.0
665,2280,1361920,597,634.17,209.70619999999997,,,,,,,,,,,,
666,2283,1363968,597,632.51,209.82154999999995,0.09677734375,45.32016300559044,6650,0.2,-0.009775020333472639,29.199384689331055,0.010525353,-0.47229910707101225,0.19163304567337036,0.0003,,
667,2285,1366016,597,603.09,200.49539999999996,0.109619140625,28.33406826853752,6660,0.2,-0.011005345267767553,13.644304275512695,0.009359156,-0.49318124251440165,0.1990811824798584,0.0003,,
668,2288,1368064,597,606.64,201.45105,0.081298828125,54.378651437163356,6670,0.2,-0.01003781850449741,14.95425796508789,0.008208927,-0.4979562470689416,0.07350665330886841,0.0003,,
,,1370000,,,,0.1216796875,32.54835952073336,6680,0.2,-0.011523774664965458,14.259533882141113,0.01240099,-0.5135631894692778,0.06396889686584473,0.0003,482.6789999999999,1274.0
669,2295,1370112,596,611.75,204.90105,,,,,,,,,,,,
670,2298,1372160,597,628.43,212.98135,0.101025390625,28.96868191957474,6690,0.2,-0.010535775075550192,9.522774696350098,0.011156254,-0.4784405518323183,0.13637250661849976,0.0003,,
671,2301,1374208,597,632.74,214.3614,0.095166015625,23.596109747886658,6700,0.2,-0.010262358209001832,8.417529106140137,0.0089366995,-0.48967691585421563,0.29125910997390747,0.0003,,
672,2304,1376256,597,631.47,216.05449999999996,0.108984375,29.055460986495017,6710,0.2,-0.009063871257239953,13.358025550842285,0.012142029,-0.5015474793501198,0.19795876741409302,0.0003,,
673,2306,1378304,597,621.89,214.12550000000002,0.093212890625,29.311763089895248,6720,0.2,-0.009273254395520781,26.744346618652344,0.012433031,-0.4916678792797029,0.13986515998840332,0.0003,,
,,1380000,,,,0.09677734375,37.39469739496708,6730,0.2,-0.012298559641931207,13.18993854522705,0.009847729,-0.5096342966891825,0.19775623083114624,0.0003,537.093,1188.0
674,2313,1380352,596,601.67,208.33190000000002,,,,,,,,,,,,
675,2316,1382400,596,590.7,205.09435000000002,0.11083984375,29.969428625702857,6740,0.2,-0.012651060949428939,6.071387767791748,0.011754497,-0.5087996609508991,0.10721778869628906,0.0003,,
676,2318,1384448,597,574.39,199.2042,0.0962890625,44.8763068318367,6750,0.2,-0.013020670064724982,17.5913143157959,0.008684153,-0.5014068407006562,0.16285806894302368,0.0003,,
677,2321,1386496,597,557.9,193.356,0.101513671875,45.375198781490326,6760,0.2,-0.011725127673707902,13.597926139831543,0.010177141,-0.5093766550533474,0.1770343780517578,0.0003,,
678,2324,1388544,597,551.92,194.40229999999997,0.107958984375,42.13806985020638,6770,0.2,-0.010541183900204486,27.36830711364746,0.014141796,-0.5180195471271872,0.16257184743881226,0.0003,,
,,1390000,,,,0.099609375,35.85438824594021,6780,0.2,-0.009556722491106484,26.5369930267334,0.009921679,-0.5751010787673294,0.1428270936012268,0.0003,124.28500000000001,1008.6
679,2330,1390592,596,567.08,199.56385000000003,,,,,,,,,,,,
680,2333,1392640,596,545.4,190.29805,0.135595703125,22.16572972238064,6790,0.2,-0.00970628962968476,6.573302268981934,0.011902105,-0.5838797587901354,0.15113794803619385,0.0003,,
681,2336,1394688,596,522.19,182.43150000000003,0.100537109375,48.061072281003,6800,0.2,-0.012050331426144112,27.732749938964844,0.0101817455,-0.5761062372475863,0.18376576900482178,0.0003,,
682,2339,1396736,597,509.71,178.10694999999998,0.104638671875,42.426328444480895,6810,0.2,-0.01282286930945702,22.485858917236328,0.009166722,-0.5225061404518783,0.19356656074523926,0.0003,,
683,2342,1398784,597,505.66,180.6713,0.12119140625,38.155499836802484,6820,0.2,-0.015504829984274692,17.400753021240234,0.014430525,-0.5415603530593216,0.23827558755874634,0.0003,,
,,1400000,,,,0.096630859375,37.254069197177884,6830,0.2,-0.009216884555644355,15.635872840881348,0.009757094,-0.5108237345702946,0.16862016916275024,0.0003,224.60499999999996,721.2
684,2347,1400832,596,508.83,182.46125,,,,,,,,,,,,
685,2350,1402880,596,507.07,181.31955,0.122607421875,28.26246281564236,6840,0.2,-0.013803649152396246,8.573465347290039,0.011591707,-0.5121130698360503,0.20012938976287842,0.0003,,
686,2353,1404928,596,516.62,185.4867,0.106689453125,42.67500933408737,6850,0.2,-0.012015120276191737,30.061138153076172,0.010022819,-0.5303094339556992,0.19199657440185547,0.0003,,
687,2356,1406976,597,523.35,190.76845,0.105078125,25.889490228891372,6860,0.2,-0.013245340084540657,21.587705612182617,0.009576481,-0.5004046782851219,0.2959480285644531,0.0003,,
688,2359,1409024,597,523.34,191.4519,0.098095703125,20.27980090379715,6870,0.2,-0.013678393365989906,7.851171970367432,0.00992934,-0.4578017396852374,0.37037086486816406,0.0003,,
,,1410000,,,,0.077978515625,27.43090644478798,6880,0.2,-0.009033249187632464,17.58187484741211,0.007933874,-0.49976263996213677,0.18595761060714722,0.0003,352.65099999999995,1588.2
689,2366,1411072,596,519.12,187.58120000000002,,,,,,,,,,,,
690,2369,1413120,596,520.09,184.8591,0.09287109375,43.317700046300885,6890,0.2,-0.012017530150478706,13.216279983520508,0.009793919,-0.5157825302332639,0.05810356140136719,0.0003,,
691,2372,1415168,596,526.01,182.57449999999997,0.1025390625,27.355274707078934,6900,0.2,-0.013404865635675379,11.758768081665039,0.015378028,-0.510594121273607,0.2394809126853943,0.0003,,
692,2374,1417216,596,523.63,182.02114999999995,0.103662109375,29.659802150726318,6910,0.2,-0.011957326624542474,19.532440185546875,0.010651432,-0.5379129981622099,0.2533087730407715,0.0003,,
693,2377,1419264,596,538.34,186.43660000000008,0.11337890625,17.83647322654724,6920,0.2,-0.011599438689881936,7.012869834899902,0.012137097,-0.5160010353662073,0.14051008224487305,0.0003,,
,,1420000,,,,0.109375,35.38949893116951,6930,0.2,-0.013360702889622189,11.895678520202637,0.011222914,-0.5619479196146131,0.25014007091522217,0.0003,408.025,1070.0
694,2384,1421312,596,525.58,180.79789999999997,,,,,,,,,,,,
695,2387,1423360,596,517.72,176.34825,0.097265625,59.51875978708267,6940,0.2,-0.014202466976712458,25.360023498535156,0.008053357,-0.5179616211913526,0.17139506340026855,0.0003,,
696,2390,1425408,596,518.4,175.94769999999997,0.129296875,27.039739248156547,6950,0.2,-0.014260968667804264,12.81549072265625,0.01592007,-0.5651228214614094,0.19847702980041504,0.0003,,
697,2392,1427456,596,506.37,171.4158,0.100439453125,30.16985161602497,6960,0.2,-0.015335382262128406,11.655845642089844,0.010684988,-0.5062306869775057,0.21094679832458496,0.0003,,
698,2395,1429504,596,512.09,172.85084999999998,0.100927734375,37.38868469595909,6970,0.2,-0.011895121936686338,18.781631469726562,0.009965801,-0.5814143761992454,0.22020190954208374,0.0003,,
,,1430000,,,,0.10634765625,27.4435930788517,6980,0.2,-0.01148028049065033,11.131714820861816,0.0092239035,-0.5571549124084413,0.24381691217422485,0.0003,456.98,2159.8
699,2404,1431552,595,504.78,168.26335000000003,,,,,,,,,,,,
700,2407,1433600,595,507.85,167.33355,0.122216796875,40.442463892698285,6990,0.2,-0.01526529120747,14.23018741607666,0.009733507,-0.5616201271302999,0.19520258903503418,0.0003,,
701,2410,1435648,595,523.69,170.65784999999997,0.1236328125,28.662108144164087,7000,0.2,-0.00912435598729644,13.431621551513672,0.014873302,-0.5724748183973134,0.22917920351028442,0.0003,,
702,2413,1437696,595,520.95,167.31805,0.1115234375,33.76021752357483,7010,0.2,-0.010766724267159588,13.295757293701172,0.009567343,-0.5470353972166777,0.21110183000564575,0.0003,,
703,2416,1439744,595,533.09,172.38965000000005,0.109619140625,47.13520041704178,7020,0.2,-0.015009635288151912,14.586143493652344,0.01090014,-0.5604590017348527,0.15324050188064575,0.0003,,
,,1440000,,,,0.1162109375,35.75825712382793,7030,0.2,-0.013229186192620545,13.807470321655273,0.009481598,-0.5152098697610199,0.26526546478271484,0.0003,197.132,865.8
704,2421,1441792,595,533.57,171.5319000000001,,,,,,,,,,,,
705,2424,1443840,595,514.57,165.22705000000002,0.10107421875,36.29927919209003,7040,0.2,-0.01252077180542983,13.848247528076172,0.0110597005,-0.5449737863615155,0.1629611849784851,0.0003,,
706,2426,1445888,595,518.11,167.2333,0.13359375,33.84053745567799,7050,0.2,-0.01442486516025383,13.220808982849121,0.009699946,-0.5776339774020016,0.17172539234161377,0.0003,,
707,2429,1447936,595,518.14,165.70544999999998,0.1080078125,43.457628291845324,7060,0.2,-0.01472709605586715,11.844974517822266,0.008895723,-0.523329380620271,0.2206345796585083,0.0003,,
708,2432,1449984,596,528.47,168.5501,0.120556640625,25.61969292163849,7070,0.2,-0.008875836202059872,12.037530899047852,0.015778203,-0.5819343660958112,0.24629366397857666,0.0003,,
,,1450000,,,,0.143017578125,30.53580061197281,7080,0.2,-0.018341573732323015,14.669475555419922,0.0153416265,-0.5374781259335577,0.08527553081512451,0.0003,303.391,1251.4
709,2439,1452032,595,507.23,161.34699999999998,,,,,,,,,,,,
710,2442,1454080,595,517.7,164.38705000000002,0.12744140625,56.62301847934723,7090,0.2,-0.012654514273162932,18.34850311279297,0.015201682,-0.5505451769568026,0.1367555856704712,0.0003,,
711,2445,1456128,595,490.06,152.899,0.0919921875,35.424992349743846,7100,0.2,-0.009762258507544174,10.7665433883667,0.008391086,-0.5724951015785337,0.1103026270866394,0.0003,,
712,2448,1458176,595,488.48,150.5038,0.099267578125,39.36214810013771,7110,0.2,-0.011533778347074985,11.956448554992676,0.009729235,-0.5398431318812072,0.08350837230682373,0.0003,,
,,1460000,,,,0.121240234375,26.10179103910923,7120,0.2,-0.009547398502763826,12.388906478881836,0.011974782,-0.5803310260176658,0.22441494464874268,0.0003,355.81800000000004,2103.4
713,2456,1460224,594,486.77,150.34924999999998,,,,,,,,,,,,
714,2459,1462272,594,473.59,150.14704999999998,0.095361328125,37.13370677232742,7130,0.2,-0.009617871695081704,18.859230041503906,0.010016511,-0.5977522353641689,0.2023027539253235,0.0003,,
715,2462,1464320,594,466.12,146.68484999999998,0.1142578125,49.36721056699753,7140,0.2,-0.01513139564631274,29.97042465209961,0.009112613,-0.5508092679083347,0.14958173036575317,0.0003,,
716,2465,1466368,594,463.92,146.3147,0.109375,27.29945325255394,7150,0.2,-0.012650623329682276,14.453685760498047,0.01145065,-0.585352874174714,0.3001086711883545,0.0003,,
717,2468,1468416,594,476.01,150.6502,0.10859375,34.959138828516004,7160,0.2,-0.010571879951748997,19.88531494140625,0.010359539,-0.5862078968435526,0.1292022466659546,0.0003,,
,,1470000,,,,0.10712890625,50.395202088356015,7170,0.2,-0.011537727160612122,24.55503273010254,0.010169069,-0.5554669780656696,0.22165405750274658,0.0003,74.62,1309.2
718,2474,1470464,594,493.93,155.53185000000002,,,,,,,,,,,,
719,2477,1472512,594,490.68,152.6718,0.12822265625,33.9017629802227,7180,0.2,-0.01165772071108222,10.204009056091309,0.009571696,-0.5681818274781107,0.2568645477294922,0.0003,,
720,2480,1474560,594,485.71,152.15945,0.109228515625,38.0323782324791,7190,0.2,-0.010096552512550261,15.138927459716797,0.009513043,-0.6230847343802453,0.19691389799118042,0.0003,,
721,2483,1476608,594,475.13,149.18200000000002,0.11689453125,47.99083805680275,7200,0.2,-0.014436185132944956,16.399768829345703,0.009528142,-0.5468591453507543,0.20537370443344116,0.0003,,
722,2485,1478656,594,482.79,151.28365000000002,0.1197265625,41.859660995006564,7210,0.2,-0.013956306743784808,20.74521827697754,0.010967903,-0.5988341819494962,0.17201179265975952,0.0003,,
,,1480000,,,,0.115576171875,25.555564066767694,7220,0.2,-0.01090639062167611,14.145613670349121,0.009550758,-0.6084985303692519,0.25534409284591675,0.0003,59.90599999999999,858.4
723,2491,1480704,594,503.38,159.12225,,,,,,,,,,,,
724,2493,1482752,594,503.38,159.12225,0.128515625,27.794518229365348,7230,0.2,-0.01433033125649672,7.932016849517822,0.010592382,-0.606297095771879,0.21504169702529907,0.0003,,
725,2496,1484800,594,503.38,159.12225,0.137109375,15.368336580693722,7240,0.2,-0.009346255406853743,7.079445838928223,0.010898901,-0.6819228403270244,0.3010300397872925,0.0003,,
726,2499,1486848,594,550.84,164.59744999999998,0.181494140625,9.109505115449428,7250,0.2,-0.00988283043843694,4.064939975738525,0.017199717,-0.6957848135381937,0.2695654630661011,0.0003,,
727,2502,1488896,594,537.73,162.55509999999998,0.1369140625,33.45020162761212,7260,0.2,-0.01681746191752609,16.577348709106445,0.011068959,-0.6437053542584181,0.17279958724975586,0.0003,,
,,1490000,,,,0.09677734375,27.360799750685693,7270,0.2,-0.014158961035718676,13.717647552490234,0.010232249,-0.5953976968303323,0.2080317735671997,0.0003,93.165,1510.0
728,2509,1490944,594,535.84,161.31695,,,,,,,,,,,,
729,2512,1492992,594,547.37,162.95605,0.132373046875,24.971839249134064,7280,0.2,-0.014402691743453034,7.160079002380371,0.009980846,-0.6400910889729857,0.17640727758407593,0.0003,,
730,2514,1495040,594,568.81,168.24820000000003,0.1236328125,22.489035421609877,7290,0.2,-0.015121336928859818,14.20238971710205,0.011115825,-0.5977549718692898,0.10690748691558838,0.0003,,
731,2517,1497088,594,576.97,167.6351,0.1201171875,22.12264052629471,7300,0.2,-0.013543802106869406,9.810649871826172,0.013563291,-0.6227400350384414,0.11808985471725464,0.0003,,
732,2520,1499136,594,582.63,166.6564,0.12822265625,28.382590821385385,7310,0.2,-0.01245716229896061,7.341311454772949,0.009350019,-0.638537335768342,0.1398463249206543,0.0003,,
,,1500000,,,,0.1208984375,24.55527122616768,7320,0.2,-0.011386925666010938,10.168901443481445,0.010513727,-0.6783546306192875,0.27621299028396606,0.0003,148.04299999999998,1379.4
733,2526,1501184,594,585.65,167.38065000000003,,,,,,,,,,,,
734,2529,1503232,594,584.1,167.36035,0.126513671875,30.902990636229514,7330,0.2,-0.011970004247268662,8.881905555725098,0.009495155,-0.6215818459168077,0.2172357439994812,0.0003,,
735,2532,1505280,594,602.61,173.53360000000004,0.126220703125,24.320235353708267,7340,0.2,-0.01521550853503868,11.777957916259766,0.010464501,-0.583328836876899,0.2934999465942383,0.0003,,
736,2534,1507328,594,615.53,174.91359999999997,0.12421875,26.173903623223303,7350,0.2,-0.01204385515593458,12.1083402633667,0.015011337,-0.5894537439569831,0.16741257905960083,0.0003,,
737,2537,1509376,594,623.37,180.83109999999994,0.1275390625,33.1985749155283,7360,0.2,-0.01806069904996548,9.368240356445312,0.010860131,-0.5856495649553836,0.17697733640670776,0.0003,,
,,1510000,,,,0.086328125,32.693650481104854,7370,0.2,-0.011716545456147287,12.125269889831543,0.00785372,-0.5364045323804021,0.1923561692237854,0.0003,325.07,2154.4
738,2546,1511424,593,631.09,183.10750000000004,,,,,,,,,,,,
739,2549,1513472,593,632.59,184.07745,0.12158203125,23.404154554009438,7380,0.2,-0.012797117463196627,20.609521865844727,0.013333042,-0.5400979504920542,0.23541641235351562,0.0003,,
740,2551,1515520,593,648.74,190.22355,0.13291015625,31.37943077683449,7390,0.2,-0.014743928660755046,8.264312744140625,0.012282775,-0.5357624218799174,0.18508177995681763,0.0003,,
741,2554,1517568,594,657.83,193.7647,0.121337890625,32.78570492267609,7400,0.2,-0.012941908949869685,6.731454849243164,0.011017367,-0.5310235504992307,0.2470541000366211,0.0003,,
742,2557,1519616,594,667.21,195.99880000000002,0.111572265625,28.180618399381636,7410,0.2,-0.011931818359880709,6.690656661987305,0.009353134,-0.5723400559276343,0.2720046043395996,0.0003,,
,,1520000,,,,0.131689453125,40.38004927039147,7420,0.2,-0.01353051895275712,14.667786598205566,0.016641622,-0.5398968927562237,0.21009111404418945,0.0003,265.416,967.0
743,2563,1521664,593,661.75,195.75400000000005,,,,,,,,,,,,
744,2566,1523712,593,668.82,198.60389999999998,0.095556640625,41.320208102464676,7430,0.2,-0.013539508715621196,14.01168441772461,0.009669764,-0.5090172120369971,0.21277958154678345,0.0003,,
745,2568,1525760,593,666.69,199.50394999999997,0.1123046875,39.87582640051842,7440,0.2,-0.012794118514284492,13.268370628356934,0.011573229,-0.5290693826973438,0.20894718170166016,0.0003,,
746,2571,1527808,594,668.81,200.83005,0.13095703125,21.357335537672043,7450,0.2,-0.011221427176496945,6.017392158508301,0.01130408,-0.5349219324998558,0.29731327295303345,0.0003,,
747,2574,1529856,594,658.08,196.3987,0.111279296875,59.258021873235705,7460,0.2,-0.014807239994115661,42.78331756591797,0.011972683,-0.537355659622699,0.16735994815826416,0.0003,,
,,1530000,,,,0.1193359375,35.68242804408074,7470,0.2,-0.011865412295446732,18.243803024291992,0.017572958,-0.5174446074292064,0.1886143684387207,0.0003,354.469,1192.4
748,2580,1531904,593,662.25,200.5277,,,,,,,,,,,,
749,2583,1533952,593,667.09,202.45334999999994,0.083251953125,31.98414865732193,7480,0.2,-0.008072753140004352,13.825817108154297,0.007727262,-0.5217947387136519,0.2526659369468689,0.0003,,
750,2586,1536000,593,679.1,207.75869999999995,0.108203125,48.62495232820511,7490,0.2,-0.012327376136090607,16.659685134887695,0.008493087,-0.5451619524508715,0.1886606216430664,0.0003,,
751,2589,1538048,593,679.45,208.10109999999997,0.109716796875,32.33302897810936,7500,0.2,-0.0106338010285981,15.86975383758545,0.010582136,-0.5506283867172896,0.15349161624908447,0.0003,,
,,1540000,,,,0.1185546875,25.09624409377575,7510,0.2,-0.011295873983181081,8.389348983764648,0.009788761,-0.539267226587981,0.24208420515060425,0.0003,108.547,810.6
752,2594,1540096,593,689.09,213.18120000000002,,,,,,,,,,,,
753,2597,1542144,593,690.74,216.25935,0.117724609375,44.14645558595657,7520,0.2,-0.013441091080312616,16.326459884643555,0.012304406,-0.5857967989519238,0.22535288333892822,0.0003,,
754,2600,1544192,593,695.48,216.12154999999996,0.11083984375,38.064585626125336,7530,0.2,-0.012192498682998121,27.585052490234375,0.010712542,-0.5672907788306475,0.2044331431388855,0.0003,,
755,2602,1546240,594,706.75,219.48475000000002,0.113916015625,30.47502647638321,7540,0.2,-0.011175132407515775,12.94944953918457,0.010972481,-0.581213318463415,0.20038634538650513,0.0003,,
756,2605,1548288,594,675.6,209.97215,0.12666015625,36.56898711025715,7550,0.2,-0.01427022650896106,10.997428894042969,0.010489266,-0.5819273390807211,0.18885159492492676,0.0003,,
,,1550000,,,,0.118115234375,45.446310985088346,7560,0.2,-0.013522904043202288,17.583444595336914,0.011049578,-0.6089600468985736,0.1418851613998413,0.0003,413.48400000000004,934.6
757,2611,1550336,593,633.65,204.48239999999998,,,,,,,,,,,,
758,2614,1552384,593,629.38,204.52075000000002,0.128466796875,33.572217780351636,7570,0.2,-0.013370760914403946,14.294021606445312,0.013675873,-0.6295270411297679,0.2211577296257019,0.0003,,
759,2616,1554432,593,602.0,199.67745000000002,0.109619140625,56.72510278820992,7580,0.2,-0.01401231978670694,18.63522720336914,0.013026695,-0.5805457112379372,0.12535303831100464,0.0003,,
760,2619,1556480,594,593.68,196.02345000000003,0.12021484375,39.271566078066826,7590,0.2,-0.016304740466875956,25.626178741455078,0.011277474,-0.586793367844075,0.17295265197753906,0.0003,,
761,2622,1558528,594,591.61,196.659,0.120068359375,25.138655531406403,7600,0.2,-0.008915829712350387,12.43251895904541,0.01187891,-0.6402495821937919,0.20594388246536255,0.0003,,
,,1560000,,,,0.121142578125,28.16122662127018,7610,0.2,-0.01407532451703446,8.35534954071045,0.012052241,-0.6049549579620361,0.21952170133590698,0.0003,368.08299999999997,870.8
762,2628,1560576,593,589.38,194.65224999999998,,,,,,,,,,,,
763,2631,1562624,593,579.74,188.19955,0.152978515625,24.42261666059494,7620,0.2,-0.01540574082173407,11.250994682312012,0.017928228,-0.6602978181093931,0.18669277429580688,0.0003,,
764,2633,1564672,594,575.03,188.20115,0.1275390625,22.929465302824973,7630,0.2,-0.011731763486750424,11.053279876708984,0.010382383,-0.6063551779836416,0.2881190776824951,0.0003,,
765,2637,1566720,594,578.21,187.33180000000004,0.109326171875,36.73086239695549,7640,0.2,-0.015879609002149665,25.07854652404785,0.011355059,-0.5798573159612715,0.31659412384033203,0.0003,,
766,2639,1568768,594,564.5,182.61125,0.110595703125,24.484475380182268,7650,0.2,-0.014610495982924476,8.282622337341309,0.009977814,-0.5717153529636562,0.23888731002807617,0.0003,,
,,1570000,,,,0.133837890625,27.78845964372158,7660,0.2,-0.013958930101944133,10.37172794342041,0.012070437,-0.606952850986272,0.24867254495620728,0.0003,432.29299999999995,1658.8
767,2647,1570816,593,566.21,183.19695,,,,,,,,,,,,
768,2649,1572864,593,538.18,175.31755,0.111181640625,29.695824021100997,7670,0.2,-0.015606115735135973,8.868167877197266,0.010409065,-0.5608088240027428,0.20936399698257446,0.0003,,
769,2652,1574912,593,490.8,158.1457,0.113037109375,49.97471157312393,7680,0.2,-0.017265840113395825,28.461767196655273,0.014703814,-0.5307036289013922,0.18088561296463013,0.0003,,
770,2655,1576960,593,488.61,156.60989999999998,0.1123046875,54.95921804308891,7690,0.2,-0.017054485736298374,14.31088638305664,0.008204447,-0.5739171834662556,0.1533556580543518,0.0003,,
771,2658,1579008,594,475.88,150.52479999999997,0.14921875,49.38496372699738,7700,0.2,-0.015948206192115323,31.21358871459961,0.010522348,-0.6009009026922285,0.28446388244628906,0.0003,,
,,1580000,,,,0.1095703125,42.59571000933647,7710,0.2,-0.015267619230144192,23.24001121520996,0.01025063,-0.5603503069840372,0.23526543378829956,0.0003,385.091,1735.2
772,2665,1581056,593,478.01,150.6102,,,,,,,,,,,,
773,2668,1583104,593,488.99,155.44845,0.108251953125,25.684891414642333,7720,0.2,-0.008934584066446405,8.723773956298828,0.010228962,-0.5485944600775838,0.21520882844924927,0.0003,,
774,2671,1585152,593,494.25,156.2275,0.139111328125,32.789299088716504,7730,0.2,-0.015615722796064801,15.768084526062012,0.0155134555,-0.5496852385811508,0.14939498901367188,0.0003,,
775,2674,1587200,593,480.75,150.56345,0.106494140625,30.402552819252016,7740,0.2,-0.012155003909720108,12.689935684204102,0.009399366,-0.5738107892684639,0.18110167980194092,0.0003,,
776,2677,1589248,593,464.15,144.25755,0.113134765625,23.39544789493084,7750,0.2,-0.013255042734090238,9.688072204589844,0.0107399095,-0.5613410262390971,0.287220299243927,0.0003,,
,,1590000,,,,0.086767578125,45.29291942119598,7760,0.2,-0.01211285272584064,15.23547649383545,0.010546842,-0.53784368224442,0.15212559700012207,0.0003,426.851,1010.6
777,2682,1591296,593,457.42,142.55244999999996,,,,,,,,,,,,
778,2685,1593344,593,470.05,147.52355,0.12646484375,29.906384113430978,7770,0.2,-0.01327779340208508,20.89405059814453,0.012720447,-0.5641193888150156,0.24007511138916016,0.0003,,
779,2688,1595392,593,464.3,145.88955,0.139990234375,39.0740501254797,7780,0.2,-0.016700002385186964,24.6700439453125,0.012320307,-0.5701993373222649,0.13390833139419556,0.0003,,
780,2691,1597440,593,467.21,148.11900000000003,0.1201171875,55.62957217097282,7790,0.2,-0.015887739424942992,20.84584617614746,0.01336195,-0.5658477194607258,0.10989499092102051,0.0003,,
781,2694,1599488,593,472.85,150.9841,0.13046875,33.37698922157288,7800,0.2,-0.015487773410859518,14.102131843566895,0.015950106,-0.591668174508959,0.16177326440811157,0.0003,,
,,1600000,,,,0.107763671875,33.90377327501774,7810,0.2,-0.012847157014766708,8.931862831115723,0.010071538,-0.5777659885585308,0.12403291463851929,0.0003,425.838,1513.4
782,2701,1601536,592,478.34,150.9747,,,,,,,,,,,,
783,2704,1603584,592,492.23,157.3042,0.1013671875,40.22986152768135,7820,0.2,-0.012294692065916024,16.981168746948242,0.008621573,-0.550861410330981,0.17559963464736938,0.0003,,
784,2707,1605632,593,506.17,163.59635,0.10458984375,26.12039816081524,7830,0.2,-0.011948258741176688,11.8681001663208,0.010993267,-0.5513195361942053,0.32751786708831787,0.0003,,
785,2709,1607680,593,505.39,166.34945000000005,0.1201171875,27.201003298163414,7840,0.2,-0.01365873166359961,17.218393325805664,0.011879997,-0.5477981179021298,0.240431547164917,0.0003,,
786,2712,1609728,593,501.66,166.49215,0.111181640625,25.82014490365982,7850,0.2,-0.011021089970017783,9.869427680969238,0.011261957,-0.5129345789551735,0.25877660512924194,0.0003,,
,,1610000,,,,0.106787109375,25.416025465726854,7860,0.2,-0.011746510901139118,7.899348735809326,0.011976863,-0.5673526717349887,0.21626287698745728,0.0003,440.8790000000001,1958.4
787,2721,1611776,592,492.97,167.40594999999996,,,,,,,,,,,,
788,2724,1613824,592,475.23,163.87400000000002,0.0865234375,38.67909190654755,7870,0.2,-0.010859214400989003,17.863567352294922,0.009659126,-0.5329609632492065,0.1260300874710083,0.0003,,
789,2726,1615872,592,474.73,164.3127,0.11162109375,42.90896266102791,7880,0.2,-0.011929884484561625,15.63349437713623,0.009445872,-0.5418198127299547,0.18549507856369019,0.0003,,
790,2729,1617920,592,460.65,157.50600000000003,0.10322265625,41.793239432573316,7890,0.2,-0.009752663713879884,15.550207138061523,0.009931096,-0.5705513307824731,0.17460834980010986,0.0003,,
791,2732,1619968,592,471.03,159.96215000000004,0.130712890625,32.99359718263149,7900,0.2,-0.012751748083974234,18.686992645263672,0.012466453,-0.5747632629238069,0.21620500087738037,0.0003,,
,,1620000,,,,0.13037109375,39.05242693722248,7910,0.2,-0.013763796634157189,14.752951622009277,0.010446032,-0.576577944867313,0.13501644134521484,0.0003,375.52299999999997,1423.4
792,2739,1622016,592,488.38,164.13430000000005,,,,,,,,,,,,
793,2742,1624064,592,505.13,168.62460000000002,0.1126953125,23.186915636062622,7920,0.2,-0.011926460720133036,8.203306198120117,0.009164818,-0.5598296501673758,0.22706091403961182,0.0003,,
794,2745,1626112,592,518.45,171.03709999999998,0.15166015625,34.55886650383472,7930,0.2,-0.017936830065445976,18.205583572387695,0.013260575,-0.6189562162384391,0.24352020025253296,0.0003,,
795,2748,1628160,592,536.1,177.24664999999996,0.102880859375,33.347061935067174,7940,0.2,-0.011195762851275503,18.934450149536133,0.010853972,-0.5713511725887657,0.11533981561660767,0.0003,,
,,1630000,,,,0.10556640625,20.52944745719433,7950,0.2,-0.012616282681119629,6.306699752807617,0.013066857,-0.5344930464401841,0.3308289647102356,0.0003,248.946,1155.8
796,2754,1630208,591,546.86,181.29675,,,,,,,,,,,,
797,2757,1632256,592,563.64,186.86935000000003,0.100830078125,31.695285692811012,7960,0.2,-0.013712234422564506,13.03424072265625,0.009836459,-0.5993952278979122,0.22866493463516235,0.0003,,
798,2760,1634304,592,560.58,184.52954999999997,0.10068359375,28.430223926901817,7970,0.2,-0.01319074948260095,15.536479949951172,0.008265593,-0.53816581023857,0.198225200176239,0.0003,,
799,2762,1636352,592,575.75,190.99665000000002,0.08837890625,43.029562532901764,7980,0.2,-0.011668084675329737,25.55492401123047,0.009938569,-0.5666178049519658,0.11056727170944214,0.0003,,
800,2765,1638400,592,576.43,190.64010000000002,0.113525390625,26.411328375339508,7990,0.2,-0.013020269671687856,11.380892753601074,0.012634348,-0.5214883215725422,0.20280462503433228,0.0003,,
,,1640000,,,,0.109765625,38.72390482723713,8000,0.2,-0.011948918606503867,11.686576843261719,0.008520151,-0.5526299998164177,0.24904823303222656,0.0003,502.526,1118.4
801,2771,1640448,591,580.87,192.28870000000003,,,,,,,,,,,,
802,2774,1642496,591,592.71,194.66755,0.12353515625,24.357895669341087,8010,0.2,-0.013103586726356298,10.586885452270508,0.014077705,-0.5364295098930597,0.19705969095230103,0.0003,,
803,2777,1644544,592,581.22,191.46354999999997,0.1068359375,28.82720571756363,8020,0.2,-0.0111222154868301,14.432703971862793,0.008845574,-0.5241779966279865,0.22330421209335327,0.0003,,
804,2780,1646592,592,566.55,186.02844999999996,0.094189453125,26.050289645791054,8030,0.2,-0.010122071598016192,7.4607253074646,0.013290303,-0.53426973214373,0.14841228723526,0.0003,,
805,2782,1648640,592,557.77,183.17104999999995,0.0974609375,58.70789013504982,8040,0.2,-0.01342187680711504,24.6624813079834,0.009119358,-0.5441727909259498,0.12782812118530273,0.0003,,
,,1650000,,,,0.123583984375,26.519946485757828,8050,0.2,-0.013966026954585686,6.999680519104004,0.011785943,-0.5620404946617782,0.14101064205169678,0.0003,396.018,2210.4
806,2792,1650688,591,563.07,184.73324999999997,,,,,,,,,,,,
807,2794,1652736,591,568.93,187.31009999999998,0.092529296875,41.157630988955496,8060,0.2,-0.013229884684551507,16.424283981323242,0.009981024,-0.5166855729185045,0.15246832370758057,0.0003,,
808,2797,1654784,591,572.06,187.3985,0.0923828125,22.92092256844044,8070,0.2,-0.011186401301529258,15.258935928344727,0.0101721035,-0.5293291903100907,0.18030673265457153,0.0003,,
809,2800,1656832,591,582.52,189.109,0.117822265625,24.919985502958298,8080,0.2,-0.012363880660268478,5.886444091796875,0.01377646,-0.5786437585018576,0.2422458529472351,0.0003,,
810,2804,1658880,591,576.87,188.15480000000002,0.116650390625,35.18476012051106,8090,0.2,-0.012533645395888016,17.69208335876465,0.009595451,-0.5812146458774805,0.054798245429992676,0.0003,,
,,1660000,,,,0.134375,35.57049538195133,8100,0.2,-0.017917114560259507,19.928401947021484,0.012358551,-0.5777406364679336,0.21319329738616943,0.0003,288.48100000000005,2128.4
811,2814,1660928,590,558.21,179.02390000000003,,,,,,,,,,,,
812,2818,1662976,589,530.69,168.49785,0.117041015625,34.72189455628395,8110,0.2,-0.01582463740487583,12.82254695892334,0.012033237,-0.6080298175103962,0.13620954751968384,0.0003,,
813,2821,1665024,590,527.49,164.44805000000005,0.114794921875,50.29299004077912,8120,0.2,-0.015400636056438089,24.834823608398438,0.012188423,-0.626186896674335,0.15120679140090942,0.0003,,
814,2824,1667072,590,536.12,167.74940000000004,0.117529296875,40.21515081822872,8130,0.2,-0.015147097989392932,15.652039527893066,0.012485713,-0.5856636630371213,0.21103638410568237,0.0003,,
815,2828,1669120,590,535.29,166.28384999999997,0.12626953125,33.11605185866356,8140,0.2,-0.017448911181418225,10.238659858703613,0.011611062,-0.5743686739355326,0.21597951650619507,0.0003,,
,,1670000,,,,0.124560546875,33.760427829623225,8150,0.2,-0.014515930498600938,21.22015380859375,0.011313272,-0.6044419156387448,0.21203386783599854,0.0003,490.054,1043.8
816,2834,1671168,589,521.12,164.31185000000002,,,,,,,,,,,,
817,2838,1673216,589,532.03,167.69379999999998,0.11142578125,50.30921579003334,8160,0.2,-0.014237975241849199,35.38452911376953,0.010508586,-0.5649001011624932,0.15337562561035156,0.0003,,
818,2841,1675264,589,521.86,166.24895,0.128125,28.01795950829983,8170,0.2,-0.016020841831050348,14.837221145629883,0.016979165,-0.5526437747292221,0.1585821509361267,0.0003,,
819,2844,1677312,589,530.2,168.93245000000002,0.132177734375,23.12355146855116,8180,0.2,-0.013153991143917665,9.962248802185059,0.012847322,-0.5678108007647097,0.11239409446716309,0.0003,,
820,2847,1679360,589,533.79,170.98745000000002,0.143994140625,13.59811853915453,8190,0.2,-0.016786567066446878,4.782169342041016,0.01327135,-0.5638502838090063,0.2937577962875366,0.0003,,
,,1680000,,,,0.09931640625,26.243430414795874,8200,0.2,-0.01409331161994487,12.95640754699707,0.012308579,-0.5090304262936115,0.24692845344543457,0.0003,472.5690000000001,1023.0
821,2853,1681408,589,541.92,174.06320000000002,,,,,,,,,,,,
822,2855,1683456,589,554.47,177.39295,0.1046875,20.88570592403412,8210,0.2,-0.011753687192685902,5.415807723999023,0.011879662,-0.5201864566653966,0.26456981897354126,0.0003,,
823,2858,1685504,589,565.37,180.63490000000002,0.103857421875,31.806493040919303,8220,0.2,-0.013193464887444861,23.344852447509766,0.011216281,-0.5936651092022658,0.20938968658447266,0.0003,,
824,2861,1687552,589,545.86,173.71025,0.107568359375,27.830030435323714,8230,0.2,-0.01295243986241985,12.736889839172363,0.0132433195,-0.5471370492130518,0.15518885850906372,0.0003,,
825,2864,1689600,589,557.66,178.53545000000003,0.101513671875,39.91349349319935,8240,0.2,-0.014350578458106611,12.910910606384277,0.010237525,-0.576634540874511,0.18176805973052979,0.0003,,
,,1690000,,,,0.097021484375,41.5918948829174,8250,0.2,-0.013663963935687206,14.180503845214844,0.010020689,-0.5620340060442686,0.1649637222290039,0.0003,427.68600000000004,887.0
826,2869,1691648,589,531.5,169.14995,,,,,,,,,,,,
827,2872,1693696,589,529.75,169.71294999999998,0.1353515625,42.566224390268324,8260,0.2,-0.015029958452214488,12.307967185974121,0.012976535,-0.5679615952074528,0.10130774974822998,0.0003,,
828,2875,1695744,589,524.27,168.48680000000002,0.119482421875,30.06215141415596,8270,0.2,-0.014600419557245914,6.279128551483154,0.012119142,-0.5314447787590325,0.18857979774475098,0.0003,,
829,2878,1697792,589,525.12,167.83229999999995,0.096044921875,32.57484867870808,8280,0.2,-0.012219159453525207,23.86553192138672,0.011545718,-0.536802267190069,0.2245129942893982,0.0003,,
830,2881,1699840,589,545.51,175.10465000000005,0.106298828125,37.4078959017992,8290,0.2,-0.01433661911287345,19.14504623413086,0.013569831,-0.5687500948086381,0.16352564096450806,0.0003,,
,,1700000,,,,0.123583984375,32.1013940691948,8300,0.2,-0.013987747268402018,12.906545639038086,0.010778223,-0.5526008781976998,0.13807272911071777,0.0003,438.16900000000004,908.0
831,2886,1701888,589,544.49,176.06815000000003,,,,,,,,,,,,
832,2889,1703936,589,543.02,176.78385000000003,0.091162109375,41.57921364605427,8310,0.2,-0.012123384857841302,10.214676856994629,0.009778788,-0.4981481692753732,0.15651404857635498,0.0003,,
833,2892,1705984,589,530.24,172.19070000000002,0.11962890625,42.83071522712707,8320,0.2,-0.01518091195030138,17.18425941467285,0.014099902,-0.5356579167768359,0.138374924659729,0.0003,,
834,2895,1708032,589,508.77,168.2743,0.103759765625,48.53355302214622,8330,0.2,-0.013412422413239256,27.453765869140625,0.010803095,-0.5432590605691076,0.19415998458862305,0.0003,,
,,1710000,,,,0.098974609375,52.77173284888268,8340,0.2,-0.013481995691836345,22.277944564819336,0.00914329,-0.5169429467990995,0.12333142757415771,0.0003,253.579,1113.4
835,2901,1710080,589,514.6,168.33014999999995,,,,,,,,,,,,
836,2903,1712128,589,516.62,169.6156,0.122509765625,33.775665590167044,8350,0.2,-0.013175729734939523,7.768006324768066,0.012910855,-0.5783608420751989,0.12686079740524292,0.0003,,
837,2906,1714176,589,526.05,173.80934999999997,0.132421875,32.83540281057358,8360,0.2,-0.017448505220818332,10.071474075317383,0.011698216,-0.5828121666796505,0.16985005140304565,0.0003,,
838,2909,1716224,589,538.0,180.2155,0.11181640625,31.300340709090232,8370,0.2,-0.01388919322489528,13.075054168701172,0.011136683,-0.5513030068948865,0.2807086110115051,0.0003,,
839,2912,1718272,589,548.26,181.7809,0.0921875,31.195445811748506,8380,0.2,-0.012136567666311748,15.862832069396973,0.009068941,-0.5055996822193265,0.14915770292282104,0.0003,,
,,1720000,,,,0.125341796875,34.62790184020996,8390,0.2,-0.014115018263692037,27.240497589111328,0.01008147,-0.625631689839065,0.2171226143836975,0.0003,429.7299999999999,998.6
840,2918,1720320,589,553.01,184.33630000000002,,,,,,,,,,,,
841,2920,1722368,589,570.23,189.49649999999997,0.102294921875,31.99382064640522,8400,0.2,-0.0130430304503534,13.644012451171875,0.012562035,-0.5513591689057649,0.24701142311096191,0.0003,,
842,2923,1724416,589,571.34,187.59914999999998,0.12734375,18.258380079269408,8410,0.2,-0.014152247252059168,5.171485424041748,0.014302408,-0.5568263006396592,0.2767731547355652,0.0003,,
843,2926,1726464,589,557.19,182.29250000000005,0.113623046875,43.4367225497961,8420,0.2,-0.012499504203151445,19.03723907470703,0.009755622,-0.6051992306485772,0.21469247341156006,0.0003,,
844,2929,1728512,589,573.19,188.12720000000002,0.12275390625,41.569042804837224,8430,0.2,-0.016712148612714372,19.5777645111084,0.011629804,-0.5466696640476585,0.13133025169372559,0.0003,,
,,1730000,,,,0.15390625,17.713302531838416,8440,0.2,-0.017656589619582518,4.083181858062744,0.013987491,-0.5542735441587865,0.3284335136413574,0.0003,276.964,802.6
845,2935,1730560,589,595.44,194.4768,,,,,,,,,,,,
846,2937,1732608,589,577.49,189.94554999999997,0.103076171875,21.54080314338207,8450,0.2,-0.013458573674142826,10.064330101013184,0.012131024,-0.527712591085583,0.2133747935295105,0.0003,,
847,2940,1734656,589,558.32,185.10019999999997,0.09404296875,53.556287217140195,8460,0.2,-0.010768899446702562,26.53722381591797,0.010259322,-0.5730927282012999,0.1276983618736267,0.0003,,
848,2943,1736704,589,551.11,179.52674999999996,0.105322265625,33.437451648712155,8470,0.2,-0.011821978696389124,15.55299186706543,0.013143157,-0.5703994080424308,0.22701996564865112,0.0003,,
849,2946,1738752,590,539.16,175.40264999999997,0.119775390625,32.61595112979412,8480,0.2,-0.012795399775495753,16.550527572631836,0.011166536,-0.6123040010221302,0.26441800594329834,0.0003,,
,,1740000,,,,0.13095703125,41.160711073875426,8490,0.2,-0.012736113570281305,40.81633758544922,0.013025468,-0.598673184029758,0.1191146969795227,0.0003,109.44900000000003,470.2
850,2950,1740800,589,539.14,174.81855000000004,,,,,,,,,,,,
851,2953,1742848,590,552.04,179.10604999999998,0.093505859375,33.02499014437198,8500,0.2,-0.011612905759830029,11.080692291259766,0.008182695,-0.5738496907055378,0.19843924045562744,0.0003,,
852,2956,1744896,590,544.9,175.33204999999998,0.110009765625,34.64688281416893,8510,0.2,-0.014334343079826794,9.343021392822266,0.011485226,-0.5688017743639648,0.2234669327735901,0.0003,,
853,2959,1746944,590,556.39,177.8608,0.10986328125,39.439675983786586,8520,0.2,-0.015138266258873045,10.713458061218262,0.013236444,-0.5550928833894432,0.1704058051109314,0.0003,,
854,2962,1748992,590,536.8,169.9432,0.125048828125,32.60943059027195,8530,0.2,-0.012256325542693958,8.646183967590332,0.013994969,-0.6022685449570417,0.23219823837280273,0.0003,,
,,1750000,,,,0.134375,47.89108834862709,8540,0.2,-0.014754264225484804,12.284053802490234,0.012322912,-0.5870313743129373,0.142072856426239,0.0003,591.26,1235.4
855,2968,1751040,589,539.94,171.19,,,,,,,,,,,,
856,2970,1753088,590,539.97,169.5991,0.11591796875,27.431272998452187,8550,0.2,-0.015871530267759226,6.865167140960693,0.0103483265,-0.5467712819576264,0.25451189279556274,0.0003,,
857,2973,1755136,590,542.26,169.09445,0.12548828125,27.980861061811446,8560,0.2,-0.014238276731339284,11.897829055786133,0.012072289,-0.5899655527435244,0.08175188302993774,0.0003,,
858,2976,1757184,590,552.29,171.61544999999998,0.114111328125,22.769507533311845,8570,0.2,-0.012713959178654477,9.181717872619629,0.01120377,-0.5606643282808363,0.1285582184791565,0.0003,,
859,2979,1759232,590,552.47,171.1273,0.1267578125,35.595618507266046,8580,0.2,-0.013362527804565616,18.184295654296875,0.013594004,-0.5823534169234336,0.19372165203094482,0.0003,,
,,1760000,,,,0.111572265625,23.62023597359657,8590,0.2,-0.01212786290270742,6.914874076843262,0.0123411575,-0.5718682080507278,0.23493587970733643,0.0003,588.7099999999999,1305.0
860,2985,1761280,589,563.1,173.8714,,,,,,,,,,,,
861,2988,1763328,590,559.46,170.29695000000004,0.121875,40.99929602444172,8600,0.2,-0.014871868857881054,12.500619888305664,0.0118942,-0.5749482014216483,0.20039576292037964,0.0003,,
862,2991,1765376,590,556.22,168.87854999999996,0.117822265625,34.17053643763065,8610,0.2,-0.012858346529537813,23.116243362426758,0.011285607,-0.5683841492980719,0.10253119468688965,0.0003,,
863,2994,1767424,590,552.88,166.91539999999998,0.1107421875,50.584899282455446,8620,0.2,-0.0171404582739342,18.170345306396484,0.012070822,-0.605942452698946,0.20634675025939941,0.0003,,
864,2996,1769472,590,528.36,156.77635,0.15615234375,24.887874540686607,8630,0.2,-0.01818302785686683,13.131708145141602,0.017492034,-0.6308756079524755,0.15321046113967896,0.0003,,
,,1770000,,,,0.123193359375,50.55745298564434,8640,0.2,-0.015120362222660333,23.8828067779541,0.011202394,-0.5698519353754818,0.03776097297668457,0.0003,325.32699999999994,690.0
865,3001,1771520,590,534.77,160.03879999999998,,,,,,,,,,,,
866,3004,1773568,590,510.95,152.83669999999998,0.144775390625,21.423184701800345,8650,0.2,-0.01676587427355116,9.781646728515625,0.015757453,-0.569512746669352,0.23217546939849854,0.0003,,
867,3007,1775616,590,511.4,156.55010000000001,0.123486328125,38.915768426656726,8660,0.2,-0.01688436823169468,7.519412517547607,0.013451424,-0.5555899324826896,0.180355966091156,0.0003,,
868,3010,1777664,590,518.69,158.99375,0.115478515625,40.19000495970249,8670,0.2,-0.014807406268664636,16.017005920410156,0.012396213,-0.5149706583470106,0.20381712913513184,0.0003,,
869,3013,1779712,590,543.72,169.71545000000003,0.118798828125,19.282799512147903,8680,0.2,-0.011615278199315071,9.058161735534668,0.012032329,-0.5318138646893203,0.18255555629730225,0.0003,,
,,1780000,,,,0.117138671875,34.63444499969482,8690,0.2,-0.015700823572115042,21.37564468383789,0.011511035,-0.5484738558530807,0.18346244096755981,0.0003,375.768,834.6
870,3018,1781760,590,513.49,158.60754999999997,,,,,,,,,,,,
871,3021,1783808,590,520.98,160.60000000000002,0.1140625,36.189536708593366,8700,0.2,-0.014148692626622505,19.303112030029297,0.012945494,-0.5907194626517593,0.22212857007980347,0.0003,,
872,3024,1785856,590,527.61,163.25105000000002,0.124169921875,42.49874392747879,8710,0.2,-0.01864182412973605,13.568081855773926,0.01464722,-0.5597594043239951,0.09989374876022339,0.0003,,
873,3026,1787904,590,531.11,164.68520000000004,0.11650390625,31.04879663288593,8720,0.2,-0.013244614709401503,7.053281784057617,0.01280185,-0.5367750681005419,0.1884278655052185,0.0003,,
874,3031,1789952,590,522.77,164.15155,0.11767578125,22.24218369871378,8730,0.2,-0.0118533123168163,15.110325813293457,0.0108900005,-0.5340466947294772,0.13235622644424438,0.0003,,
,,1790000,,,,0.1408203125,33.47474799752236,8740,0.2,-0.019389152879011818,19.545351028442383,0.0143037345,-0.5118441079743207,0.16845488548278809,0.0003,300.939,997.4
875,3037,1792000,589,517.4,163.62509999999997,,,,,,,,,,,,
876,3041,1794048,589,512.57,161.69135,0.11611328125,37.89108979403973,8750,0.2,-0.016854129513376392,19.73114776611328,0.012564727,-0.5496466610580683,0.21298807859420776,0.0003,,
877,3044,1796096,590,525.53,166.82285,0.111328125,31.532043024897575,8760,0.2,-0.01276202411390841,13.204509735107422,0.011424882,-0.5425904614850878,0.05120724439620972,0.0003,,
878,3046,1798144,590,539.66,171.65340000000003,0.12998046875,24.14647726714611,8770,0.2,-0.015746804921946023,8.92174243927002,0.013811862,-0.546685770060867,0.20425260066986084,0.0003,,
,,1800000,,,,0.115478515625,34.910560864210126,8780,0.2,-0.01370695179211907,25.38510513305664,0.011686793,-0.5638887849636376,0.2367658019065857,0.0003,243.36800000000002,958.6
879,3052,1800192,589,528.03,169.01430000000008,,,,,,,,,,,,
880,3055,1802240,589,540.79,173.02630000000008,0.112451171875,31.52049669623375,8790,0.2,-0.011769041192019358,10.333510398864746,0.009694718,-0.5590507902204991,0.18898439407348633,0.0003,,
881,3057,1804288,590,538.67,171.47220000000007,0.108642578125,23.26506304144859,8800,0.2,-0.012297766259871423,13.147538185119629,0.009777943,-0.5565763107500971,0.15001845359802246,0.0003,,
882,3060,1806336,590,545.73,173.20865000000006,0.10625,43.36690616607666,8810,0.2,-0.01563295386149548,19.0859432220459,0.0110339,-0.5425446229055524,0.22694897651672363,0.0003,,
883,3063,1808384,590,529.13,169.27785000000003,0.1138671875,32.062417417764664,8820,0.2,-0.015731604222673924,12.588977813720703,0.013690082,-0.570129690784961,0.20681273937225342,0.0003,,
,,1810000,,,,0.11611328125,32.584830415248874,8830,0.2,-0.011640937734046019,26.42525291442871,0.0128931925,-0.5803652346134186,0.21053743362426758,0.0003,262.06100000000004,1497.8
884,3071,1810432,589,518.55,164.73570000000004,,,,,,,,,,,,
885,3075,1812480,589,543.57,171.91885000000002,0.146484375,40.7782024204731,8840,0.2,-0.0184243556286674,12.078991889953613,0.017333897,-0.6125110473483801,0.18889784812927246,0.0003,,
886,3078,1814528,589,544.46,171.43510000000003,0.154248046875,17.578938786685466,8850,0.2,-0.017235602869186552,4.258025169372559,0.015104525,-0.5511271248571574,0.185957133769989,0.0003,,
887,3082,1816576,589,530.44,166.75404999999998,0.13447265625,27.066351425647735,8860,0.2,-0.016055770925595424,15.210625648498535,0.012191255,-0.580550418049097,0.12384140491485596,0.0003,,
888,3085,1818624,589,520.46,166.05764999999997,0.10498046875,42.852989262342454,8870,0.2,-0.016461504437029362,19.045188903808594,0.01116056,-0.5948452826589345,0.1376727819442749,0.0003,,
,,1820000,,,,0.147509765625,43.97900193929672,8880,0.2,-0.018220925753121266,21.44466209411621,0.015895966,-0.6068841809406876,0.1838027834892273,0.0003,236.913,636.8
889,3090,1820672,589,525.99,169.80469999999997,,,,,,,,,,,,
890,3094,1822720,589,510.46,165.01715000000002,0.13759765625,36.16487807631493,8890,0.2,-0.019857998602674343,15.63100814819336,0.011060714,-0.5807714577764272,0.22329843044281006,0.0003,,
891,3100,1824768,588,516.96,165.40580000000003,0.12919921875,45.41137545108795,8900,0.2,-0.016258019086671995,28.829710006713867,0.011254114,-0.608044755551964,0.16788554191589355,0.0003,,
892,3104,1826816,588,515.97,161.59499999999997,0.15703125,25.096507060527802,8910,0.2,-0.014892581428284757,18.205751419067383,0.014199942,-0.6246131345629692,0.09983491897583008,0.0003,,
893,3107,1828864,588,532.67,165.16604999999998,0.1072265625,35.438554748892784,8920,0.2,-0.012925900018308312,16.49144172668457,0.009607516,-0.608845878019929,0.14793193340301514,0.0003,,
,,1830000,,,,0.131201171875,28.21267524063587,8930,0.2,-0.015395851258654147,17.981807708740234,0.012874418,-0.5735162146389484,0.20720821619033813,0.0003,430.46900000000005,1951.8
894,3118,1830912,587,522.86,159.87369999999999,,,,,,,,,,,,
895,3120,1832960,587,517.74,157.27715,0.144775390625,28.659971362352373,8940,0.2,-0.016948774005868472,10.20180892944336,0.016533148,-0.5856839480809868,0.18233180046081543,0.0003,,
896,3123,1835008,587,521.38,159.2468,0.133935546875,26.14162015914917,8950,0.2,-0.017731098056538032,13.538521766662598,0.013505083,-0.5631471077911556,0.22860592603683472,0.0003,,
897,3126,1837056,587,514.9,156.15285,0.105517578125,27.786085176467896,8960,0.2,-0.013344878298812545,7.910562038421631,0.013157864,-0.5489944322034717,0.24190038442611694,0.0003,,
898,3129,1839104,587,490.0,143.4266,0.111572265625,41.86260023713112,8970,0.2,-0.015943770154262894,16.09601593017578,0.009985566,-0.5897623085416853,0.15599608421325684,0.0003,,
,,1840000,,,,0.120068359375,42.672471076250076,8980,0.2,-0.015359332846128382,11.209883689880371,0.013102794,-0.6511225281283259,0.15664726495742798,0.0003,311.395,643.2
899,3133,1841152,587,454.9,130.90555,,,,,,,,,,,,
900,3136,1843200,587,447.93,129.84395,0.123095703125,54.10111600756645,8990,0.2,-0.013388449558988214,21.570213317871094,0.011560014,-0.6158933883532882,0.1828199028968811,0.0003,,
901,3139,1845248,587,437.97,122.9876,0.13974609375,29.403769499063493,9000,0.2,-0.016129110002657397,10.943607330322266,0.015205211,-0.6017959547229111,0.22977060079574585,0.0003,,
902,3142,1847296,587,447.27,126.27154999999999,0.135595703125,34.43780307769775,9010,0.2,-0.017108903609914704,17.438554763793945,0.011644406,-0.6172846514731646,0.239155113697052,0.0003,,
903,3144,1849344,588,436.8,122.35815000000001,0.11416015625,33.23887518644333,9020,0.2,-0.015534737904090434,17.85795021057129,0.010373043,-0.5826335429213941,0.14095067977905273,0.0003,,
,,1850000,,,,0.126416015625,27.88194523155689,9030,0.2,-0.013980130717391149,6.696491241455078,0.012885414,-0.5650303250178694,0.14163047075271606,0.0003,223.18099999999998,846.0
904,3149,1851392,587,433.94,121.7632,,,,,,,,,,,,
905,3152,1853440,587,433.41,121.3997,0.116552734375,25.469919911026956,9040,0.2,-0.017137570028717165,13.533546447753906,0.013106516,-0.5624853265471756,0.2936881184577942,0.0003,,
906,3156,1855488,587,402.69,113.68495000000001,0.110498046875,29.982882073521615,9050,0.2,-0.016291139624081553,15.690313339233398,0.010786562,-0.5808059952221811,0.23513948917388916,0.0003,,
907,3161,1857536,587,411.29,116.56524999999999,0.156298828125,37.448938098549846,9060,0.2,-0.018613938949420115,11.939582824707031,0.0152716935,-0.5979814916849137,0.11763209104537964,0.0003,,
908,3164,1859584,587,414.03,116.95164999999999,0.1255859375,37.16343651711941,9070,0.2,-0.016206788367708214,18.80288314819336,0.0110099595,-0.6317999806255102,0.05543375015258789,0.0003,,
,,1860000,,,,0.124658203125,37.62226176559925,9080,0.2,-0.01458030405046884,10.567350387573242,0.010679532,-0.6405033059418201,0.13725286722183228,0.0003,333.263,1343.8
909,3172,1861632,586,416.7,116.71920000000001,,,,,,,,,,,,
910,3175,1863680,586,423.23,118.55235,0.127197265625,27.840817701816558,9090,0.2,-0.014765861770138144,9.158062934875488,0.012252109,-0.603299340698868,0.11270630359649658,0.0003,,
911,3178,1865728,587,413.96,116.2967,0.1173828125,31.55285961329937,9100,0.2,-0.01327418914588634,10.83211612701416,0.011783863,-0.609362268075347,0.16113770008087158,0.0003,,
912,3181,1867776,587,415.36,119.58425,0.11337890625,31.292237573862074,9110,0.2,-0.016854199337831232,13.320571899414062,0.011343053,-0.5666321239434182,0.14256185293197632,0.0003,,
913,3183,1869824,587,411.47,116.45730000000002,0.128857421875,39.971304887533186,9120,0.2,-0.01811519328621216,16.368635177612305,0.012885748,-0.6214575892314315,0.12783724069595337,0.0003,,
,,1870000,,,,0.1529296875,27.956111815571784,9130,0.2,-0.015718161419499665,15.74398136138916,0.014330689,-0.6539941232651472,0.26111018657684326,0.0003,125.923,1201.2
914,3190,1871872,586,407.18,116.32974999999999,,,,,,,,,,,,
915,3192,1873920,586,392.14,111.77494999999999,0.14345703125,39.916710036993024,9140,0.2,-0.016417018096399262,11.675841331481934,0.012051371,-0.611435411311686,0.22364872694015503,0.0003,,
916,3195,1875968,587,401.05,113.52115000000002,0.129443359375,31.72079619169235,9150,0.2,-0.01583663121564314,14.841339111328125,0.0129275285,-0.6150323633104563,0.20301908254623413,0.0003,,
917,3198,1878016,587,394.74,113.91885,0.1103515625,32.51924665570259,9160,0.2,-0.015763124020304532,12.726573944091797,0.011670228,-0.5936460237950086,0.10007286071777344,0.0003,,
,,1880000,,,,0.129150390625,32.0036847949028,9170,0.2,-0.020246995848719963,15.394796371459961,0.012460407,-0.5930715271271765,0.1612796187400818,0.0003,240.52400000000003,1687.4
918,3207,1880064,586,402.84,118.40235000000003,,,,,,,,,,,,
919,3209,1882112,586,417.03,122.98944999999999,0.10537109375,36.14148983061314,9180,0.2,-0.014614792945212684,28.25973129272461,0.010335085,-0.5771468837745488,0.2032671570777893,0.0003,,
920,3213,1884160,586,426.61,125.79979999999999,0.120458984375,30.15739538669586,9190,0.2,-0.014454761949309614,7.240390300750732,0.011545841,-0.599324160348624,0.22993212938308716,0.0003,,
921,3216,1886208,586,415.22,122.68634999999999,0.1384765625,24.607675236463546,9200,0.2,-0.014527660462772474,9.359513282775879,0.011070982,-0.6101324970833957,0.16973555088043213,0.0003,,
922,3219,1888256,586,433.16,128.08315000000002,0.109228515625,36.58186314702034,9210,0.2,-0.015316768805496395,11.846771240234375,0.012021918,-0.656109095364809,0.19066405296325684,0.0003,,
,,1890000,,,,0.114794921875,27.423373785614967,9220,0.2,-0.01235563429654576,11.61698055267334,0.011301003,-0.5831456685438752,0.3472483158111572,0.0003,288.495,1413.6
923,3226,1890304,585,438.27,128.62985,,,,,,,,,,,,
924,3229,1892352,586,452.71,130.0093,0.1392578125,33.50372511446476,9230,0.2,-0.01858827108226251,16.800973892211914,0.014174815,-0.6339186910539866,0.2655860185623169,0.0003,,
925,3231,1894400,586,446.1,129.12695,0.1314453125,24.31963270306587,9240,0.2,-0.014494154608109966,13.86304759979248,0.011379476,-0.6381393259391188,0.2560819387435913,0.0003,,
926,3234,1896448,586,440.49,126.54279999999999,0.0943359375,47.279329764842984,9250,0.2,-0.01543365839170292,21.637577056884766,0.009873511,-0.5778213592246175,0.1843104362487793,0.0003,,
927,3237,1898496,586,443.88,128.4887,0.11044921875,33.928096905350685,9260,0.2,-0.01367325575556606,10.948735237121582,0.01082097,-0.6025240662507713,0.21826279163360596,0.0003,,
,,1900000,,,,0.11171875,33.00772547125816,9270,0.2,-0.015962257770297583,12.272403717041016,0.010581452,-0.5796011445112527,0.0828809142112732,0.0003,345.04800000000006,2056.4
928,3246,1900544,585,435.56,126.44140000000003,,,,,,,,,,,,
929,3251,1902592,585,451.66,131.88435,0.1501953125,38.43294732570648,9280,0.2,-0.019847499043680727,12.877452850341797,0.015043234,-0.617009615059942,0.16941988468170166,0.0003,,
930,3255,1904640,585,459.45,134.99779999999998,0.1458984375,19.38951981663704,9290,0.2,-0.017675397734274158,8.027345657348633,0.015060672,-0.6005687644705177,0.22867810726165771,0.0003,,
931,3259,1906688,585,469.94,137.0883,0.1193359375,40.03901205658913,9300,0.2,-0.014780170281301252,20.48395538330078,0.012197893,-0.6038668176159263,0.09385186433792114,0.0003,,
932,3262,1908736,585,477.57,140.2756,0.117333984375,26.51943220794201,9310,0.2,-0.013676743593532593,9.738399505615234,0.013534415,-0.5750215200707316,0.26375728845596313,0.0003,,
,,1910000,,,,0.1326171875,21.690110889077186,9320,0.2,-0.017111577797913925,8.318455696105957,0.016941175,-0.5504981162957847,0.26988136768341064,0.0003,246.881,916.2
933,3268,1910784,584,481.6,141.70515,,,,,,,,,,,,
934,3271,1912832,584,476.25,139.01865,0.112841796875,47.01373776197433,9330,0.2,-0.016195098738535307,23.735063552856445,0.009772291,-0.5543398451991379,0.17076176404953003,0.0003,,
935,3274,1914880,584,477.85,137.14185,0.125634765625,33.21793048381805,9340,0.2,-0.013227523665409534,12.080009460449219,0.011021842,-0.6386819973587989,0.13298195600509644,0.0003,,
936,3277,1916928,584,484.44,140.8676,0.15673828125,28.091578340530397,9350,0.2,-0.01789541310427012,7.030384063720703,0.015275755,-0.6522783236578107,0.1619378924369812,0.0003,,
937,3280,1918976,585,485.66,142.7083,0.107958984375,35.77900827527046,9360,0.2,-0.014600765524664893,11.509153366088867,0.009692442,-0.6043641245923936,0.22776401042938232,0.0003,,
,,1920000,,,,0.1291015625,19.34229772090912,9370,0.2,-0.015143277749302797,7.730679988861084,0.013319877,-0.6347004383802414,0.18958842754364014,0.0003,374.63800000000003,1796.8
938,3287,1921024,584,493.21,143.56394999999998,,,,,,,,,,,,
939,3290,1923072,584,494.97,143.9143,0.155126953125,39.14685313701629,9380,0.2,-0.01607864885299932,15.064873695373535,0.0125694405,-0.671454843133688,0.2102060317993164,0.0003,,
940,3295,1925120,584,491.65,144.11795,0.121875,29.035181146860122,9390,0.2,-0.015883933470468035,10.713844299316406,0.0105084255,-0.6181882619857788,0.24838638305664062,0.0003,,
941,3299,1927168,584,501.93,148.1834,0.14755859375,47.838091081380846,9400,0.2,-0.02148774255765602,20.657691955566406,0.014065527,-0.6307175751775503,0.16424256563186646,0.0003,,
942,3303,1929216,584,513.75,153.20860000000002,0.117333984375,31.505530506372452,9410,0.2,-0.01770518003613688,12.508291244506836,0.012531426,-0.5686221502721309,0.23283690214157104,0.0003,,
,,1930000,,,,0.1083984375,23.97891876399517,9420,0.2,-0.011766312835970894,10.647077560424805,0.013438832,-0.577837890200317,0.3949275612831116,0.0003,209.19300000000004,978.4
943,3308,1931264,583,517.62,153.60245,,,,,,,,,,,,
944,3311,1933312,583,521.3,153.01975,0.140380859375,23.55418752729893,9430,0.2,-0.014408713870216161,16.847490310668945,0.011345778,-0.5907230995595455,0.25113528966903687,0.0003,,
945,3313,1935360,584,529.09,155.581,0.12529296875,27.78906512260437,9440,0.2,-0.014612249404308386,10.93972110748291,0.010250745,-0.5967872077599168,0.11410766839981079,0.0003,,
946,3316,1937408,584,522.91,153.84509999999997,0.1306640625,28.78815503716469,9450,0.2,-0.013563214786699973,23.814950942993164,0.011269737,-0.5910190016031265,0.11646169424057007,0.0003,,
947,3319,1939456,584,513.68,152.80270000000002,0.13701171875,26.350232750177383,9460,0.2,-0.014359455186058767,18.109827041625977,0.013972931,-0.5794102295301855,0.24041253328323364,0.0003,,
,,1940000,,,,0.14150390625,30.365294542908668,9470,0.2,-0.015307045279769227,7.518239974975586,0.014374088,-0.5750782473944127,0.23914551734924316,0.0003,329.80699999999996,690.6
948,3324,1941504,584,529.06,158.16925,,,,,,,,,,,,
949,3326,1943552,584,538.33,159.83364999999998,0.144091796875,20.949449577927588,9480,0.2,-0.014425572589971125,7.598016738891602,0.018811911,-0.5667553204111755,0.16673040390014648,0.0003,,
950,3329,1945600,584,543.8,161.48305,0.136474609375,22.065256436169147,9490,0.2,-0.015043480705935508,6.285542964935303,0.012338337,-0.645316750369966,0.2418110966682434,0.0003,,
951,3332,1947648,584,535.47,161.0716,0.1109375,20.634412175416948,9500,0.2,-0.012161807395750656,8.33603572845459,0.0107036205,-0.5865246151573956,0.3446120023727417,0.0003,,
952,3335,1949696,584,538.54,164.49885000000003,0.1,60.852967274189,9510,0.2,-0.015305738043389283,24.014135360717773,0.009576888,-0.587464627623558,0.17432934045791626,0.0003,,
,,1950000,,,,0.110009765625,34.51014797091484,9520,0.2,-0.014646167508908547,18.7866153717041,0.010751147,-0.5790396963246167,0.26191264390945435,0.0003,418.4200000000001,939.8
953,3340,1951744,584,546.92,166.1727,,,,,,,,,,,,
954,3343,1953792,584,541.47,162.27020000000002,0.109912109375,42.63476839959621,9530,0.2,-0.016210044952458702,13.607406616210938,0.008995853,-0.5943804819136858,0.19244080781936646,0.0003,,
955,3346,1955840,584,535.25,158.38455,0.125634765625,28.992204865813257,9540,0.2,-0.013822297489969059,9.963127136230469,0.012125909,-0.6398632074706256,0.198560893535614,0.0003,,
956,3348,1957888,584,531.1,154.57659999999998,0.118603515625,37.31627094447613,9550,0.2,-0.013563803542638198,11.063854217529297,0.013132228,-0.629739998653531,0.1642724871635437,0.0003,,
957,3351,1959936,584,506.53,148.75975,0.121044921875,35.195386844873426,9560,0.2,-0.013591095097945071,11.622458457946777,0.012461757,-0.6176016366109252,0.2681828737258911,0.0003,,
,,1960000,,,,0.120166015625,27.449977344274522,9570,0.2,-0.015747380960965528,10.696263313293457,0.012172671,-0.5625269617885351,0.23112154006958008,0.0003,83.643,405.0
958,3355,1961984,584,510.11,150.86780000000002,,,,,,,,,,,,
959,3358,1964032,584,520.58,154.06995,0.1171875,35.007220429182055,9580,0.2,-0.015206831460818648,21.7612361907959,0.011127707,-0.560317917354405,0.22009199857711792,0.0003,,
960,3361,1966080,584,533.81,157.8285,0.13076171875,30.245936211943626,9590,0.2,-0.016829203216184398,12.97271728515625,0.010396471,-0.587062229309231,0.21913361549377441,0.0003,,
961,3364,1968128,585,514.87,152.52375,0.120263671875,30.73804166018963,9600,0.2,-0.012417771709442605,9.522159576416016,0.01469413,-0.5789879442192614,0.19909965991973877,0.0003,,
,,1970000,,,,0.08310546875,40.989733731746675,9610,0.2,-0.011745203856844456,29.039840698242188,0.0076780883,-0.5650872394442559,0.2508777976036072,0.0003,96.872,1605.0
962,3372,1970176,584,512.46,151.33525,,,,,,,,,,,,
963,3375,1972224,584,501.45,149.7105,0.11416015625,25.57504085600376,9620,0.2,-0.013044099597027525,7.008695125579834,0.012464306,-0.5750738900154829,0.2905263900756836,0.0003,,
964,3378,1974272,584,517.61,154.92305,0.103076171875,29.584042283892632,9630,0.2,-0.010864744408172556,16.37217140197754,0.010299437,-0.5487957688979804,0.15899598598480225,0.0003,,
965,3382,1976320,584,517.51,154.62145,0.1236328125,20.5673278093338,9640,0.2,-0.0133329936361406,7.3661208152771,0.01360166,-0.5409839920699596,0.27183008193969727,0.0003,,
966,3385,1978368,584,523.06,154.46765,0.08466796875,36.76823068261147,9650,0.2,-0.011411600111750885,13.652806282043457,0.009488953,-0.5570663671940566,0.21581482887268066,0.0003,,
,,1980000,,,,0.112841796875,29.140201133489608,9660,0.2,-0.016600190827739426,9.530830383300781,0.009733345,-0.580848170351237,0.3069993257522583,0.0003,297.695,1006.2
967,3390,1980416,584,511.25,149.3194,,,,,,,,,,,,
968,3393,1982464,584,505.35,148.12335,0.134375,38.98075035512447,9670,0.2,-0.019826076622121037,13.236987113952637,0.01560575,-0.5749782520346344,0.1897851824760437,0.0003,,
969,3396,1984512,584,517.03,151.4775,0.132080078125,25.794618579745293,9680,0.2,-0.011709251669526567,10.158710479736328,0.012728635,-0.5470681543461978,0.23500216007232666,0.0003,,
970,3399,1986560,584,488.16,142.968,0.1181640625,31.76670616865158,9690,0.2,-0.015405829586961772,10.851611137390137,0.015031977,-0.5874945886433125,0.1638035774230957,0.0003,,
971,3401,1988608,584,481.62,137.7644,0.127880859375,42.16584175825119,9700,0.2,-0.01664533642178867,15.243590354919434,0.011230493,-0.58856131574139,0.08944857120513916,0.0003,,
,,1990000,,,,0.143505859375,34.03666869401932,9710,0.2,-0.01830405919754412,13.954553604125977,0.014221262,-0.5804735465906561,0.18513715267181396,0.0003,258.79799999999994,986.0
972,3407,1990656,584,465.13,134.3453,,,,,,,,,,,,
973,3410,1992704,584,465.62,134.95815000000002,0.134716796875,35.60162556767464,9720,0.2,-0.01648164592916146,10.191390037536621,0.015180439,-0.5476116677746177,0.21787333488464355,0.0003,,
974,3412,1994752,584,480.57,137.19645,0.137451171875,25.336497259140014,9730,0.2,-0.01712560895830393,18.85468292236328,0.014901731,-0.5618924835696817,0.1830170750617981,0.0003,,
975,3415,1996800,584,484.37,138.56405,0.13017578125,22.460309882462024,9740,0.2,-0.013708653225330636,7.89481782913208,0.0143708745,-0.6155856411904097,0.18953567743301392,0.0003,,
976,3418,1998848,584,458.54,130.76364999999998,0.113720703125,38.99758023917675,9750,0.2,-0.015887841978110374,21.491146087646484,0.010371726,-0.5619200087152422,0.19316750764846802,0.0003,,
,,2000000,,,,0.11533203125,58.411702865362166,9760,0.2,-0.01772572452609893,20.161182403564453,0.009322806,-0.5913267135620117,0.0963059663772583,0.0003,315.11,2025.0
977,3426,2000896,583,462.1,133.63809999999998,,,,,,,,,,,,
