rollout/ep_rew_mean,time/fps,time/total_timesteps,time/time_elapsed,rollout/ep_len_mean,time/iterations,train/n_updates,train/approx_kl,train/entropy_loss,train/clip_range,train/clip_fraction,train/policy_gradient_loss,train/explained_variance,train/value_loss,train/learning_rate,train/loss,eval/mean_ep_length,eval/mean_reward
-9.99230769230769,1000,2048,2,77.34615384615384,1,,,,,,,,,,,,
-9.887037037037036,841,4096,4,75.77777777777777,2,10,0.007862929,-1.0932747501879931,0.2,0.050341796875,-0.007549072857364081,-0.04241180419921875,6.739826509356499,0.0003,2.6484782695770264,,
-9.368831168831168,789,6144,7,78.84415584415585,3,20,0.00842661,-1.0813692696392536,0.2,0.072412109375,-0.010411267883318942,0.22732871770858765,4.956170452386141,0.0003,1.9199966192245483,,
-9.07142857142857,772,8192,10,83.4795918367347,4,30,0.010783996,-1.0535846412181855,0.2,0.1056640625,-0.011849056281789672,0.23014146089553833,5.5924824655056,0.0003,1.8636746406555176,,
,,10000,,,,40,0.014033125,-1.0365810681134462,0.2,0.194189453125,-0.01862501996656647,0.3454684615135193,4.75165441185236,0.0003,1.4085606336593628,301.0,-10.0
-9.109,721,10240,14,85.49,5,,,,,,,,,,,,
-8.964999999999998,722,12288,17,89.7,6,50,0.01122872,-1.0179915705695748,0.2,0.090380859375,-0.012043187295785174,0.22408783435821533,4.079103615880013,0.0003,2.0338118076324463,,
-8.556,726,14336,19,98.79,7,60,0.011096983,-0.9681796200573445,0.2,0.117431640625,-0.016175291818217374,0.2674635052680969,3.0720962900668383,0.0003,2.1269941329956055,,
-8.636,732,16384,22,103.4,8,70,0.012182628,-0.9141894267871976,0.2,0.12421875,-0.012658405082765967,0.2261860966682434,4.345844548940659,0.0003,2.6343581676483154,,
-8.796999999999999,724,18432,25,113.81,9,80,0.010174363,-0.8533971592783928,0.2,0.160595703125,-0.016292182938195766,0.3355183005332947,3.1050835341215133,0.0003,1.7151697874069214,,
,,20000,,,,90,0.013068196,-0.854987577535212,0.2,0.161865234375,-0.016828405307023786,0.5132019519805908,1.7451845053583384,0.0003,0.7069443464279175,301.0,-10.0
-8.550999999999998,707,20480,28,126.99,10,,,,,,,,,,,,
-8.555,710,22528,31,139.25,11,100,0.007442307,-0.815227884426713,0.2,0.08828125,-0.008636932846275158,0.20144784450531006,2.4607507336884735,0.0003,0.6803497672080994,,
-8.532999999999998,714,24576,34,151.81,12,110,0.015083352,-0.857530577108264,0.2,0.144970703125,-0.012524332822067663,0.25407201051712036,1.65260645262897,0.0003,0.5505150556564331,,
-8.27,719,26624,37,164.68,13,120,0.006164563,-0.7340624962002039,0.2,0.0669921875,-0.007930046896217392,0.18183499574661255,2.498300017416477,0.0003,0.5750490427017212,,
-8.056999999999999,721,28672,39,177.25,14,130,0.003174956,-0.7539818067103624,0.2,0.035302734375,-0.004390846268506721,-0.011448144912719727,2.4738867906853557,0.0003,1.542493224143982,,
,,30000,,,,140,0.0063333637,-0.8196792351081967,0.2,0.07236328125,-0.006948082498274744,0.1905096173286438,3.2888268342241647,0.0003,1.4258463382720947,301.0,-10.0
-7.824,708,30720,43,193.46,15,,,,,,,,,,,,
-7.949000000000001,710,32768,46,208.5,16,150,0.009643262,-0.7470536874607205,0.2,0.1134765625,-0.007638776264502667,0.17557889223098755,1.8565179171040653,0.0003,0.6152056455612183,,
-7.622000000000001,713,34816,48,218.98,17,160,0.010299737,-0.7594136532396079,0.2,0.133984375,-0.008183846839528996,0.2279747724533081,1.8373094828799368,0.0003,1.5230375528335571,,
-7.473999999999998,715,36864,51,231.93,18,170,0.008056236,-0.7806746957823634,0.2,0.095703125,-0.009667559059744235,0.12971436977386475,2.031999720726162,0.0003,1.0339796543121338,,
-7.781999999999999,717,38912,54,241.58,19,180,0.006727912,-0.7401762004941702,0.2,0.09892578125,-0.006240211782278493,0.04613083600997925,2.974399849586189,0.0003,2.188894271850586,,
,,40000,,,,190,0.0050063515,-0.858530724234879,0.2,0.07626953125,-0.005046633283200208,0.10961449146270752,2.1692930736579,0.0003,1.5738790035247803,301.0,-10.040000000000001
-7.423999999999999,708,40960,57,259.03,20,,,,,,,,,,,,
-7.263,709,43008,60,272.53,21,200,0.007001432,-0.7878888733685017,0.2,0.06259765625,-0.0049209646495000925,0.08096081018447876,2.6474078726023436,0.0003,0.9782039523124695,,
-7.3839999999999995,712,45056,63,284.25,22,210,0.0065240813,-0.7263650473207235,0.2,0.048583984375,-0.00349249386053998,-0.001246809959411621,1.9977422907948494,0.0003,0.8339360356330872,,
-7.3,714,47104,65,296.26,23,220,0.0059945793,-0.7412552375346422,0.2,0.060546875,-0.004407207141048275,0.11100935935974121,2.547611747588962,0.0003,0.8874165415763855,,
-7.292999999999999,716,49152,68,304.25,24,230,0.005717856,-0.7837076203897595,0.2,0.0611328125,-0.005732966470532119,0.06541353464126587,2.409161672182381,0.0003,1.0933653116226196,,
,,50000,,,,240,0.0102082025,-0.7574183110147714,0.2,0.108642578125,-0.007994416271685623,0.04801750183105469,2.2492056926712394,0.0003,1.6793060302734375,322.6,-7.94
-7.507999999999999,709,51200,72,309.86,25,,,,,,,,,,,,
-7.285,710,53248,74,314.43,26,250,0.012932118,-0.8010079229250551,0.2,0.145703125,-0.013297629050794058,-0.003030538558959961,1.8907047568820416,0.0003,0.49660488963127136,,
-7.36,712,55296,77,320.13,27,260,0.004246364,-0.736479077115655,0.2,0.043701171875,-0.005011839250801131,0.1299593448638916,2.333706302428618,0.0003,0.8812166452407837,,
-7.118,713,57344,80,326.03,28,270,0.008736427,-0.6859548296779394,0.2,0.07412109375,-0.005061892482626717,0.16572928428649902,2.366043947450817,0.0003,1.0718002319335938,,
-7.317999999999999,714,59392,83,330.09,29,280,0.006765278,-0.7600387251004577,0.2,0.118408203125,-0.009026073216227814,0.08899247646331787,2.1365860022604464,0.0003,2.11726975440979,,
,,60000,,,,290,0.008727888,-0.770111377350986,0.2,0.1005859375,-0.0064185125564108604,0.1423216462135315,2.485508106648922,0.0003,0.6478721499443054,301.0,-10.0
-6.5909999999999975,708,61440,86,335.94,30,,,,,,,,,,,,
-6.775000000000001,709,63488,89,339.8,31,300,0.006904872,-0.8135562598705292,0.2,0.080859375,-0.005347471295681317,0.12097394466400146,2.8846593979746102,0.0003,2.155939817428589,,
-6.625,710,65536,92,341.65,32,310,0.009122965,-0.779732103459537,0.2,0.100634765625,-0.007558217909536325,0.013704895973205566,2.6549996085464955,0.0003,0.2921432852745056,,
-6.28,711,67584,95,340.87,33,320,0.011068864,-0.7127811256796122,0.2,0.120751953125,-0.007218389966874383,0.04526793956756592,2.2821049001067877,0.0003,1.1312901973724365,,
-6.579000000000001,712,69632,97,344.47,34,330,0.008987078,-0.7896982001140713,0.2,0.118212890625,-0.008682950562797487,0.08439505100250244,2.6935454841703175,0.0003,0.7693554162979126,,
,,70000,,,,340,0.0050942446,-0.7815721455961466,0.2,0.045703125,-0.00318715247703949,0.03382003307342529,2.4778527369722725,0.0003,1.2280281782150269,301.0,-10.040000000000001
-6.439,707,71680,101,349.72,35,,,,,,,,,,,,
-6.085999999999999,708,73728,103,355.94,36,350,0.009092417,-0.8159146582707762,0.2,0.1388671875,-0.00876054018153809,0.086894690990448,2.3447186830453575,0.0003,1.2765963077545166,,
-5.772999999999999,709,75776,106,352.9,37,360,0.011688253,-0.7570922564715147,0.2,0.1236328125,-0.010351349618576932,0.004970192909240723,2.3567988608032464,0.0003,0.7690104246139526,,
-5.566999999999999,710,77824,109,350.78,38,370,0.0056918035,-0.714811103604734,0.2,0.07158203125,-0.005710275445017033,0.07829207181930542,3.6328001216053964,0.0003,1.0596553087234497,,
-5.678000000000001,711,79872,112,349.38,39,380,0.007718591,-0.5632934148423374,0.2,0.07216796875,-0.005888705428515095,0.217901349067688,2.7794772969558834,0.0003,0.33884042501449585,,
,,80000,,,,390,0.010377867,-0.70737588647753,0.2,0.14765625,-0.010490206963731907,0.20585095882415771,1.9510499324649573,0.0003,0.8892312049865723,271.8,-3.7399999999999998
-5.683000000000001,707,81920,115,351.47,40,,,,,,,,,,,,
-4.984999999999999,706,83968,118,357.3,41,400,0.008357601,-0.7564501447603107,0.2,0.113818359375,-0.008572518356959335,0.16158568859100342,3.1454884227365256,0.0003,1.5876107215881348,,
-4.7909999999999995,705,86016,121,354.4,42,410,0.0071667787,-0.7801750503480435,0.2,0.05419921875,-0.007259771770623047,0.08513402938842773,4.0456990621984,0.0003,1.9160192012786865,,
-4.551,705,88064,124,350.2,43,420,0.01289992,-0.8264986237511038,0.2,0.16845703125,-0.010615601355675608,0.11326968669891357,2.6134497648105026,0.0003,1.3757007122039795,,
,,90000,,,,430,0.0081502525,-0.72161824144423,0.2,0.086767578125,-0.006562331622990314,0.18741661310195923,3.4799887088127432,0.0003,2.7450361251831055,344.8,-6.0200000000000005
-3.8900000000000006,699,90112,128,352.61,44,,,,,,,,,,,,
-3.449,699,92160,131,353.9,45,440,0.005581005,-0.7834108073264361,0.2,0.03681640625,-0.0035973985810414887,0.11995542049407959,3.4934446308761835,0.0003,1.2971171140670776,,
-2.3429999999999995,699,94208,134,357.5,46,450,0.0064533455,-0.8258894234895706,0.2,0.090185546875,-0.004427411707001738,0.11765801906585693,3.534581395611167,0.0003,2.466641902923584,,
-2.5729999999999995,699,96256,137,356.84,47,460,0.007709372,-0.8012328241020441,0.2,0.09248046875,-0.008524874546856154,0.06715363264083862,5.2006430849432945,0.0003,1.156887412071228,,
-2.36,699,98304,140,355.35,48,470,0.0057618828,-0.7696578538045287,0.2,0.062109375,-0.004291200096486136,0.08846575021743774,2.8160015285015105,0.0003,0.4744354784488678,,
,,100000,,,,480,0.0046343543,-0.790177252329886,0.2,0.04521484375,-0.003411759764276212,0.1444544792175293,3.9201282054185866,0.0003,2.3933897018432617,248.6,-5.799999999999999
-1.9639999999999997,695,100352,144,352.13,49,,,,,,,,,,,,
-2.0889999999999995,693,102400,147,349.73,50,490,0.0056919274,-0.7843882312998176,0.2,0.090869140625,-0.007070259036845527,0.23114252090454102,3.4088828505948188,0.0003,0.5100237131118774,,
-1.8769999999999996,693,104448,150,353.87,51,500,0.010492732,-0.8141410330310463,0.2,0.104296875,-0.006864250978105701,0.15769612789154053,4.525087589770555,0.0003,2.3550219535827637,,
-1.587,692,106496,153,348.14,52,510,0.0069358265,-0.8090622277930379,0.2,0.10771484375,-0.006461664056405425,0.05857115983963013,3.1563414610922336,0.0003,1.4828357696533203,,
-1.303,692,108544,156,345.93,53,520,0.007954628,-0.8036142513155937,0.2,0.105810546875,-0.007039309098036029,0.04869341850280762,4.09917100481689,0.0003,2.745506763458252,,
,,110000,,,,530,0.009329585,-0.7748871341347694,0.2,0.122314453125,-0.007732003467390313,0.07234203815460205,4.179422062635422,0.0003,2.135040760040283,322.4,-8.4
-0.9860000000000001,688,110592,160,342.19,54,,,,,,,,,,,,
-0.09400000000000003,688,112640,163,337.16,55,540,0.007895026,-0.7626909045502543,0.2,0.1248046875,-0.00782582772517344,0.09902811050415039,3.5055922159459443,0.0003,3.184971809387207,,
0.9219999999999999,688,114688,166,340.53,56,550,0.0078137815,-0.7696814132854343,0.2,0.091064453125,-0.004890063549100887,0.12104785442352295,6.814638168364763,0.0003,3.770472764968872,,
0.49700000000000005,689,116736,169,334.54,57,560,0.008861803,-0.7851583275943994,0.2,0.0939453125,-0.00799183794297278,0.09886056184768677,4.947857912629843,0.0003,2.8171377182006836,,
0.41499999999999987,689,118784,172,336.09,58,570,0.007223321,-0.7869516007602215,0.2,0.111083984375,-0.008475379247101955,0.017036616802215576,3.0658551629632713,0.0003,1.7774264812469482,,
,,120000,,,,580,0.0056458516,-0.7707505172118545,0.2,0.08427734375,-0.0049396077447454445,0.11111694574356079,3.8855643175542354,0.0003,1.5269067287445068,258.8,-5.38
1.104,686,120832,175,322.36,59,,,,,,,,,,,,
0.873,687,122880,178,327.05,60,590,0.00840234,-0.775354603305459,0.2,0.091162109375,-0.005769055182463489,0.1578267216682434,6.322265781089664,0.0003,3.852081537246704,,
0.6629999999999999,687,124928,181,323.31,61,600,0.012559283,-0.7562380045652389,0.2,0.139599609375,-0.008959257714741398,0.06290805339813232,3.3127089546993376,0.0003,2.2974421977996826,,
0.552,688,126976,184,314.07,62,610,0.008698221,-0.7495556827634573,0.2,0.0625,-0.003818908145331079,0.1292860507965088,4.638354832865298,0.0003,1.2749810218811035,,
-0.05199999999999991,688,129024,187,314.6,63,620,0.007548309,-0.7366976445540786,0.2,0.07470703125,-0.007880919289891607,0.17752748727798462,5.935445084422827,0.0003,4.5331339836120605,,
,,130000,,,,630,0.009569529,-0.7071701830253005,0.2,0.113671875,-0.008303729287581519,0.29691845178604126,3.2406152172014115,0.0003,2.087024450302124,362.4,-5.619999999999999
0.18500000000000003,684,131072,191,311.75,64,,,,,,,,,,,,
0.7739999999999999,684,133120,194,309.75,65,640,0.009412887,-0.7458579061552882,0.2,0.117236328125,-0.009356230570119806,0.11731630563735962,5.106401045247912,0.0003,2.407743215560913,,
0.9930000000000001,685,135168,197,298.98,66,650,0.0073009124,-0.7144575834274292,0.2,0.07880859375,-0.005009965838689822,0.09322112798690796,5.264442739263177,0.0003,3.0862128734588623,,
1.2159999999999997,685,137216,200,295.29,67,660,0.0048467712,-0.7392980104312301,0.2,0.07158203125,-0.005557466000027489,0.09062707424163818,5.341730469465256,0.0003,1.901182770729065,,
0.8869999999999999,685,139264,203,296.51,68,670,0.012264335,-0.7224715936928987,0.2,0.102880859375,-0.0049334354203892875,0.10252177715301514,3.9622316759079697,0.0003,1.424811840057373,,
,,140000,,,,680,0.011370951,-0.7094297491014003,0.2,0.111572265625,-0.01043602762511,0.051269710063934326,5.530676422268153,0.0003,1.938572645187378,461.8,3.0399999999999996
1.005,681,141312,207,304.02,69,,,,,,,,,,,,
0.938,681,143360,210,308.04,70,690,0.00891567,-0.6834915772080421,0.2,0.0986328125,-0.008990472726873122,0.1261412501335144,5.428299446031451,0.0003,4.590065956115723,,
0.7830000000000001,681,145408,213,298.88,71,700,0.005951563,-0.6630408298224211,0.2,0.0841796875,-0.005449243896873668,0.1197655200958252,5.1638498052954676,0.0003,1.3722926378250122,,
0.9410000000000003,681,147456,216,297.59,72,710,0.0069411444,-0.6843253852799535,0.2,0.0642578125,-0.004371884910506196,0.05938690900802612,8.184475836902857,0.0003,1.6202713251113892,,
1.0959999999999999,681,149504,219,296.98,73,720,0.0059187533,-0.6688447756692767,0.2,0.097802734375,-0.0053046724176965656,0.1132279634475708,5.218188853003085,0.0003,3.3187732696533203,,
,,150000,,,,730,0.00841172,-0.6414908479899168,0.2,0.072265625,-0.005443554246448911,0.17686128616333008,5.654015458747745,0.0003,3.5636346340179443,301.0,-9.879999999999999
1.3390000000000004,678,151552,223,303.49,74,,,,,,,,,,,,
1.7419999999999995,678,153600,226,297.58,75,740,0.0089776395,-0.6658748056739568,0.2,0.123486328125,-0.009762826428050176,0.13318586349487305,6.725243475288153,0.0003,4.678234100341797,,
2.62,679,155648,229,295.2,76,750,0.008362729,-0.6520576121285557,0.2,0.091259765625,-0.005220336772617884,0.2805061936378479,6.015412486717105,0.0003,3.360584259033203,,
2.733,679,157696,232,299.12,77,760,0.0057650525,-0.6528800025582313,0.2,0.0818359375,-0.006540087187022437,0.2155245542526245,8.986962451785804,0.0003,2.5439393520355225,,
3.662,680,159744,234,301.39,78,770,0.005971019,-0.6331000331789255,0.2,0.068408203125,-0.005094337904301938,0.09951955080032349,5.467009199038148,0.0003,1.8303366899490356,,
,,160000,,,,780,0.0078066103,-0.6304083371534943,0.2,0.089111328125,-0.005899178865365684,0.17049366235733032,6.7110376752912995,0.0003,1.7878985404968262,301.0,-9.92
3.89,677,161792,238,300.91,79,,,,,,,,,,,,
3.6490000000000005,677,163840,241,306.24,80,790,0.009686831,-0.6141356110572815,0.2,0.099658203125,-0.005249478609766811,0.10354900360107422,6.079801711440086,0.0003,2.549805164337158,,
4.401,678,165888,244,312.57,81,800,0.01093431,-0.5886402018368244,0.2,0.114111328125,-0.007172633137088269,0.16650670766830444,6.0826036360114815,0.0003,2.19590163230896,,
4.445,678,167936,247,315.15,82,810,0.006294339,-0.5650857674889267,0.2,0.080615234375,-0.0064916761461063285,0.20948165655136108,7.938182525336742,0.0003,4.411133289337158,,
4.981,678,169984,250,321.08,83,820,0.0069095325,-0.5734853988513351,0.2,0.090087890625,-0.0032387296174420043,0.1332293152809143,4.98358900398016,0.0003,5.782037258148193,,
,,170000,,,,830,0.00596668,-0.5663572616875172,0.2,0.063037109375,-0.0054702474502846595,0.19774365425109863,6.64247084967792,0.0003,2.455997943878174,470.6,18.42
5.315999999999999,674,172032,255,312.44,84,,,,,,,,,,,,
5.19,674,174080,258,315.65,85,840,0.009061638,-0.5565571058541536,0.2,0.097216796875,-0.005098253300820943,0.08058714866638184,6.992624181509018,0.0003,3.9271037578582764,,
5.629,674,176128,261,320.52,86,850,0.0053936746,-0.5767084946855903,0.2,0.0890625,-0.005223104836477433,0.1316012144088745,8.876860579103232,0.0003,2.690345287322998,,
6.420999999999999,674,178176,264,322.33,87,860,0.008888021,-0.5396353929303587,0.2,0.11875,-0.009318418931798078,0.2440427541732788,8.175186946988106,0.0003,4.5180535316467285,,
,,180000,,,,870,0.0064887134,-0.5286108873784542,0.2,0.0796875,-0.004777805777848698,0.0652381181716919,6.32898791320622,0.0003,2.66032338142395,515.6,6.540000000000001
6.431,670,180224,268,323.07,88,,,,,,,,,,,,
6.221,670,182272,271,322.77,89,880,0.011808536,-0.5710963783785701,0.2,0.117236328125,-0.005815485473431181,0.038484275341033936,4.028324646875262,0.0003,2.0728883743286133,,
6.312,671,184320,274,338.77,90,890,0.005905735,-0.5087783833965659,0.2,0.077978515625,-0.003633401790284552,0.17105388641357422,6.793412984162569,0.0003,2.022949457168579,,
6.406999999999999,671,186368,277,337.07,91,900,0.010178918,-0.5248786953277886,0.2,0.12041015625,-0.006528846199216787,0.12407803535461426,6.767828925326467,0.0003,4.054573059082031,,
7.680999999999999,672,188416,280,342.22,92,910,0.0067331437,-0.5107697768136858,0.2,0.10625,-0.006017669053107966,0.13029301166534424,5.731340925395489,0.0003,2.9679219722747803,,
,,190000,,,,920,0.006665889,-0.48354129008948804,0.2,0.0568359375,-0.004541374981636181,0.14293688535690308,11.018292352557182,0.0003,6.826467514038086,443.6,11.540000000000001
8.011000000000001,669,190464,284,353.21,93,,,,,,,,,,,,
8.81,669,192512,287,360.39,94,930,0.004273982,-0.4789944623596966,0.2,0.045703125,-0.002345247248013038,0.18863511085510254,5.5468275923281904,0.0003,2.538844108581543,,
8.501999999999999,670,194560,290,356.58,95,940,0.0035332732,-0.46272481568157675,0.2,0.048046875,-0.004539071783074178,0.1867350935935974,9.836812029778958,0.0003,4.527948379516602,,
10.017,670,196608,293,364.07,96,950,0.005847575,-0.5038406445644796,0.2,0.067822265625,-0.005026209223433398,0.04745817184448242,5.98143343180418,0.0003,2.768418073654175,,
10.32,670,198656,296,370.09,97,960,0.0035334441,-0.43523559225723146,0.2,0.04384765625,-0.004447107389569283,0.19920670986175537,14.608867532014846,0.0003,7.626468181610107,,
,,200000,,,,970,0.007271305,-0.47930053919553756,0.2,0.077734375,-0.004773143591592088,0.15966325998306274,7.0151700094342235,0.0003,4.626801013946533,381.0,-2.6999999999999997
10.897,668,200704,300,373.59,98,,,,,,,,,,,,
10.988,668,202752,303,378.45,99,980,0.0075305896,-0.45624369187280533,0.2,0.08388671875,-0.005024209324619733,0.21327275037765503,6.655184137076139,0.0003,1.724825143814087,,
12.302999999999999,668,204800,306,392.7,100,990,0.0029412613,-0.445800088532269,0.2,0.0361328125,-0.0021456567148561588,0.2052161693572998,9.584463447332382,0.0003,2.4698102474212646,,
12.616000000000001,668,206848,309,396.16,101,1000,0.006609918,-0.46391017073765395,0.2,0.08349609375,-0.0053799549030372875,0.18321621417999268,6.493276285007596,0.0003,1.9770139455795288,,
13.743999999999998,669,208896,312,399.0,102,1010,0.0059641125,-0.4660845972597599,0.2,0.091357421875,-0.005606334775802679,0.22076648473739624,8.870864921808243,0.0003,3.379211187362671,,
,,210000,,,,1020,0.004453017,-0.4642362968064845,0.2,0.058056640625,-0.00706912818714045,0.11381042003631592,10.099782231450082,0.0003,4.411585330963135,636.4,15.379999999999999
14.842,665,210944,317,408.2,103,,,,,,,,,,,,
15.306000000000001,665,212992,320,416.3,104,1030,0.0060912985,-0.4617429308593273,0.2,0.0712890625,-0.005652279857895337,0.17000913619995117,7.875756638497114,0.0003,3.5259828567504883,,
16.303000000000004,665,215040,322,428.62,105,1040,0.0066408096,-0.4790589701384306,0.2,0.071484375,-0.005125637046876364,0.25744760036468506,10.226214945316315,0.0003,4.780794143676758,,
17.303,665,217088,326,445.21,106,1050,0.0042056283,-0.45055271973833444,0.2,0.055712890625,-0.005153682210948318,0.3287780284881592,8.491345760971308,0.0003,2.106637954711914,,
16.992,665,219136,329,445.27,107,1060,0.007902889,-0.4366530540399253,0.2,0.078515625,-0.0002620579762151465,0.06000411510467529,2.9829597965814174,0.0003,1.0014008283615112,,
,,220000,,,,1070,0.005715713,-0.47147085508331654,0.2,0.10703125,-0.0031825674130232075,0.18906158208847046,5.256932025589049,0.0003,1.4705272912979126,478.0,4.76
16.297000000000004,663,221184,333,439.95,108,,,,,,,,,,,,
16.29,663,223232,336,439.18,109,1080,0.0043231994,-0.4575978312641382,0.2,0.06201171875,-0.002105309485341422,0.2991696000099182,8.805345452576876,0.0003,6.012854099273682,,
17.392,663,225280,339,439.82,110,1090,0.005365561,-0.44007222531363366,0.2,0.075634765625,-0.0036332142481114715,0.08042800426483154,7.351943442970514,0.0003,3.563985824584961,,
17.847,663,227328,342,452.35,111,1100,0.008620713,-0.4340205259621143,0.2,0.097705078125,-0.006566893524723128,0.16281193494796753,7.989551763981581,0.0003,5.112634181976318,,
18.971,663,229376,345,458.19,112,1110,0.004496765,-0.41217087060213087,0.2,0.071484375,-0.0025445707666222005,0.24290704727172852,6.0050962246954445,0.0003,1.98557710647583,,
,,230000,,,,1120,0.00420645,-0.42785763591527937,0.2,0.066552734375,-0.005388665240025148,0.30252450704574585,10.979867564886808,0.0003,1.8464866876602173,345.8,-5.64
20.489,661,231424,349,458.49,113,,,,,,,,,,,,
20.833000000000002,662,233472,352,467.08,114,1130,0.0055978233,-0.3965586888603866,0.2,0.083984375,-0.006452313107729424,0.21289926767349243,8.652389904856681,0.0003,1.5996503829956055,,
21.075,662,235520,355,471.7,115,1140,0.0068587693,-0.4066317888908088,0.2,0.082177734375,-0.004097880760673434,0.24976319074630737,6.827483066171408,0.0003,2.7065846920013428,,
20.891000000000005,662,237568,358,473.38,116,1150,0.004883596,-0.3834304395131767,0.2,0.0521484375,-0.0032945491722784935,0.30233490467071533,8.842884515225887,0.0003,2.9944024085998535,,
20.986,662,239616,361,480.58,117,1160,0.00482958,-0.39186311764642595,0.2,0.049658203125,-0.0014517410396365448,0.05336111783981323,8.125852480530739,0.0003,5.159292697906494,,
,,240000,,,,1170,0.0042402055,-0.38666613092646,0.2,0.0447265625,-0.0036311392730567606,0.1906490921974182,10.064036541432142,0.0003,3.795300006866455,440.6,2.6399999999999997
22.954,660,241664,365,482.52,118,,,,,,,,,,,,
24.708000000000002,661,243712,368,498.7,119,1180,0.004361,-0.3713279467076063,0.2,0.050341796875,-0.0048998928323271684,0.2800319194793701,13.964368821680546,0.0003,9.611648559570312,,
25.487000000000002,661,245760,371,505.94,120,1190,0.0030052355,-0.3750766791403294,0.2,0.04912109375,-0.002559463129728101,0.24680262804031372,7.93152045160532,0.0003,5.319355010986328,,
26.022,661,247808,374,516.24,121,1200,0.0046774307,-0.3645500618033111,0.2,0.05263671875,-0.004131105341366492,0.22455722093582153,11.384140443056822,0.0003,4.686156272888184,,
25.291000000000004,661,249856,377,520.08,122,1210,0.0051373197,-0.3787309017032385,0.2,0.0423828125,-0.0008654869947349652,0.20460635423660278,6.178583384305239,0.0003,1.339179515838623,,
,,250000,,,,1220,0.0066746473,-0.3620594911277294,0.2,0.0564453125,-0.0025274762156186625,0.23465347290039062,10.492833318561315,0.0003,3.850623607635498,583.4,12.760000000000002
26.791,659,251904,382,535.22,123,,,,,,,,,,,,
26.958000000000002,659,253952,385,544.93,124,1230,0.0028909435,-0.3621530276723206,0.2,0.03857421875,-0.0021283877402311193,0.27337944507598877,10.14719540849328,0.0003,6.117476940155029,,
28.989,659,256000,388,559.0,125,1240,0.00674862,-0.3481257674749941,0.2,0.0736328125,-0.003047760092886165,0.21396750211715698,8.581670590490102,0.0003,3.057857036590576,,
28.107,659,258048,391,548.08,126,1250,0.004513304,-0.3482281496282667,0.2,0.0658203125,-0.0038620885665295646,0.18038791418075562,10.113847106695175,0.0003,4.419039726257324,,
,,260000,,,,1260,0.0064198244,-0.364197292085737,0.2,0.077392578125,-0.004567723044601735,0.1870294213294983,9.938946960866451,0.0003,5.272299766540527,514.0,7.540000000000001
29.292,657,260096,395,544.66,127,,,,,,,,,,,,
30.044,658,262144,398,557.09,128,1270,0.006312559,-0.3443014586344361,0.2,0.051318359375,-0.0021510238177143036,0.10880786180496216,9.32703761011362,0.0003,2.732720375061035,,
30.373999999999995,658,264192,401,568.4,129,1280,0.0031923018,-0.3404163493774831,0.2,0.051416015625,-0.0013272132608108222,0.2678264379501343,8.085111464560033,0.0003,1.3437350988388062,,
28.870999999999995,658,266240,404,562.75,130,1290,0.012503974,-0.3739113970659673,0.2,0.06279296875,-0.0017203503608470782,0.2330111265182495,6.742611069977284,0.0003,1.8012950420379639,,
28.769000000000005,658,268288,407,565.28,131,1300,0.009784892,-0.40446126414462924,0.2,0.092724609375,-0.0019821332054561934,0.2183501124382019,5.278622153587639,0.0003,6.002493381500244,,
,,270000,,,,1310,0.004129154,-0.3857454614713788,0.2,0.05400390625,-0.0024283591075800358,0.21414875984191895,11.28039887920022,0.0003,7.517788410186768,498.6,20.319999999999997
29.27,656,270336,411,571.92,132,,,,,,,,,,,,
30.593999999999998,656,272384,414,571.08,133,1320,0.008717538,-0.3480612922459841,0.2,0.078955078125,-0.004797016657539644,0.26733654737472534,10.112999161332846,0.0003,5.695641994476318,,
32.154999999999994,656,274432,417,573.03,134,1330,0.004560184,-0.33701197151094675,0.2,0.037841796875,-0.0025330867123557256,0.2717204689979553,11.507003730535507,0.0003,4.153293132781982,,
33.766,656,276480,420,570.08,135,1340,0.00514094,-0.3395893302746117,0.2,0.057470703125,-0.0034543258399935437,0.19249075651168823,9.035083826631308,0.0003,4.728260040283203,,
35.187000000000005,657,278528,423,583.06,136,1350,0.0051099705,-0.33953367536887524,0.2,0.041259765625,-0.0016969429241726175,0.24282997846603394,13.189662177860736,0.0003,8.002522468566895,,
,,280000,,,,1360,0.00668059,-0.355940639320761,0.2,0.07587890625,-0.005360823500086554,0.23304694890975952,13.12286407276988,0.0003,8.272409439086914,609.8,40.17999999999999
35.36600000000001,654,280576,428,592.45,137,,,,,,,,,,,,
35.36600000000001,654,282624,431,592.45,138,1370,0.0054768976,-0.3535411489196122,0.2,0.064013671875,-0.0026925444646622053,0.1810377836227417,7.6938273463398215,0.0003,6.353285789489746,,
37.056,655,284672,434,630.16,139,1380,0.003333198,-0.29725087783299387,0.2,0.047900390625,-0.002548386782291345,0.3422326445579529,8.208897077664734,0.0003,6.806803226470947,,
37.849000000000004,655,286720,437,631.5,140,1390,0.006355745,-0.3119020559359342,0.2,0.08359375,-0.0026935434405459093,0.13324451446533203,4.432071893848478,0.0003,1.519813060760498,,
39.102999999999994,655,288768,440,650.37,141,1400,0.005895491,-0.2756237987894565,0.2,0.062353515625,-0.003625990089494735,0.24440008401870728,9.586748064309358,0.0003,6.136678218841553,,
,,290000,,,,1410,0.009099768,-0.30886828564107416,0.2,0.06796875,-0.0035981071909191088,0.29735422134399414,6.708148989453912,0.0003,2.6291332244873047,912.4,70.12
40.517,652,290816,445,657.1,142,,,,,,,,,,,,
39.793,652,292864,448,640.13,143,1420,0.0047324523,-0.29665819061920046,0.2,0.052587890625,-0.004730347909207922,0.267816960811615,11.902736978232861,0.0003,4.132813930511475,,
40.270999999999994,652,294912,451,644.97,144,1430,0.004691413,-0.3373352286405861,0.2,0.06201171875,-0.0016274591762339696,0.2085666060447693,9.589160245656966,0.0003,5.740954875946045,,
41.552,652,296960,454,642.35,145,1440,0.0049478086,-0.29392512533813714,0.2,0.049365234375,-0.002320611102913972,0.3744473457336426,8.98236816674471,0.0003,4.054409503936768,,
43.412,653,299008,457,645.66,146,1450,0.002555465,-0.27852918081916866,0.2,0.03955078125,-0.004414500932034571,0.21556758880615234,15.039824713766574,0.0003,5.627686500549316,,
,,300000,,,,1460,0.004363997,-0.28141766912303867,0.2,0.04697265625,-0.0038869895739480852,0.29715174436569214,10.02596848011017,0.0003,4.222902297973633,563.0,46.14
43.64099999999999,651,301056,462,645.05,147,,,,,,,,,,,,
45.95799999999999,651,303104,465,657.53,148,1470,0.0037676808,-0.28745628325268624,0.2,0.043359375,-0.0029049812961602583,0.2841690182685852,7.881513410806656,0.0003,2.9832987785339355,,
48.053000000000004,651,305152,468,661.72,149,1480,0.0029918416,-0.2800478779245168,0.2,0.03603515625,-0.0032060739962616936,0.1755765676498413,13.340249119699001,0.0003,7.7960920333862305,,
48.757999999999996,651,307200,471,658.25,150,1490,0.004605865,-0.28404015190899373,0.2,0.04951171875,-0.0023714136885246264,0.3329331874847412,13.082167187333107,0.0003,6.452861309051514,,
50.227999999999994,652,309248,474,662.24,151,1500,0.0037995453,-0.2850508684758097,0.2,0.040673828125,-0.003458716104796622,0.2577481269836426,15.50117413699627,0.0003,5.74998664855957,,
,,310000,,,,1510,0.007409744,-0.29759884690865873,0.2,0.06845703125,-0.0033212100985110737,0.18035882711410522,9.028928200528025,0.0003,5.394887447357178,794.8,59.86
50.601000000000006,649,311296,479,666.8,152,,,,,,,,,,,,
50.946,649,313344,482,650.63,153,1520,0.005443837,-0.3280337633565068,0.2,0.0623046875,-0.005049533699639142,0.2492074966430664,13.277566538751126,0.0003,5.031591415405273,,
52.547,649,315392,485,652.16,154,1530,0.0053310934,-0.2973980739712715,0.2,0.0521484375,-0.003976149021764286,0.19824081659317017,15.915025877952576,0.0003,6.326485633850098,,
53.078,649,317440,488,653.27,155,1540,0.0042653386,-0.28693921663798394,0.2,0.055322265625,-0.004241442603233736,0.22382891178131104,16.292671573162078,0.0003,9.417274475097656,,
52.602999999999994,650,319488,491,636.36,156,1550,0.0060084676,-0.2920397728215903,0.2,0.05087890625,-0.0025383372645592316,0.3078473210334778,9.499415217339992,0.0003,2.8257527351379395,,
,,320000,,,,1560,0.0015391095,-0.2740361834410578,0.2,0.040380859375,-0.0014534775546053424,0.3225564956665039,17.665738306939602,0.0003,9.69847583770752,664.6,43.0
54.39200000000001,647,321536,496,627.51,157,,,,,,,,,,,,
54.94000000000001,648,323584,499,627.26,158,1570,0.0036616218,-0.26751923728734256,0.2,0.037060546875,-0.001898500372772105,0.23550176620483398,14.932215452194214,0.0003,3.703549861907959,,
54.005,648,325632,502,633.08,159,1580,0.0027539146,-0.27627275749109687,0.2,0.03466796875,-0.0005589470849372447,0.31547874212265015,7.929456404596567,0.0003,2.9110007286071777,,
56.46900000000001,648,327680,505,612.06,160,1590,0.0062137344,-0.28272595615126195,0.2,0.068310546875,-0.003183998982422054,0.2657962441444397,10.106854045391083,0.0003,5.402968883514404,,
60.443000000000005,648,329728,508,610.5,161,1600,0.0030912994,-0.24562984285876155,0.2,0.03935546875,-0.002472114595002495,0.17005646228790283,19.81981905698776,0.0003,7.62895393371582,,
,,330000,,,,1610,0.0036127327,-0.24328942317515612,0.2,0.0328125,-0.0015969460815540514,0.22992193698883057,22.92675923705101,0.0003,17.030170440673828,1149.8,62.379999999999995
64.12900000000002,644,331776,514,624.94,162,,,,,,,,,,,,
64.125,645,333824,517,598.66,163,1620,0.0024410675,-0.25721579790115356,0.2,0.0322265625,-0.0009701789647806435,0.2921278476715088,16.401890724897385,0.0003,6.537928581237793,,
67.308,645,335872,520,612.29,164,1630,0.004894267,-0.2433081458788365,0.2,0.037939453125,-0.0027044045127695426,0.2368348240852356,21.291232991218568,0.0003,13.9280424118042,,
67.41199999999999,645,337920,523,615.74,165,1640,0.0036646589,-0.24298620549961925,0.2,0.044580078125,-0.0008990676637040451,0.19353842735290527,13.712580975890159,0.0003,10.47372055053711,,
69.32600000000001,646,339968,526,622.59,166,1650,0.0028998172,-0.24153397241607308,0.2,0.038671875,-0.002136627557047177,0.20793038606643677,16.849901841580866,0.0003,5.260166168212891,,
,,340000,,,,1660,0.0023888946,-0.24502527057193219,0.2,0.0384765625,-0.00103244961501332,0.2524340748786926,14.373322317004204,0.0003,9.56895637512207,1007.8,105.28
74.901,642,342016,532,640.72,167,,,,,,,,,,,,
75.165,642,344064,535,634.16,168,1670,0.0042587435,-0.22314795646816493,0.2,0.04296875,-0.0013846182875568048,0.26536232233047485,15.901142498850822,0.0003,8.572254180908203,,
77.701,642,346112,538,620.14,169,1680,0.0027083936,-0.2285858646966517,0.2,0.042626953125,-0.0013635837385663763,0.3010784387588501,19.124569898843767,0.0003,17.41313362121582,,
77.701,643,348160,541,620.14,170,1690,0.0033291054,-0.23264410933479668,0.2,0.039111328125,-0.0015091395151102915,0.18769925832748413,15.909805254638195,0.0003,9.307784080505371,,
,,350000,,,,1700,0.011992551,-0.25363782825879755,0.2,0.074072265625,-0.0035841336910380052,0.2691950798034668,5.46203931607306,0.0003,2.6788837909698486,1586.8,97.02000000000001
80.227,638,350208,548,653.37,171,,,,,,,,,,,,
80.227,638,352256,551,653.37,172,1710,0.0069127455,-0.23693523448891937,0.2,0.05849609375,-0.003168532726704143,0.4081577658653259,11.399472625553608,0.0003,4.570116996765137,,
86.27799999999999,638,354304,554,684.76,173,1720,0.0052483114,-0.25910696079954504,0.2,0.05498046875,-0.0008205546575482004,0.36320990324020386,8.455053081735969,0.0003,2.1475634574890137,,
87.47,638,356352,557,678.33,174,1730,0.0022571175,-0.21828920184634626,0.2,0.028662109375,-0.0017703890422126277,0.2063307762145996,20.959254351258277,0.0003,11.91085147857666,,
88.49700000000001,638,358400,560,677.79,175,1740,0.0026874165,-0.21498311408795417,0.2,0.035009765625,-0.0020336860732641073,0.22845685482025146,15.901851950585842,0.0003,9.107645988464355,,
,,360000,,,,1750,0.0034265886,-0.20672581316903232,0.2,0.041796875,-0.0024685180775122716,0.24339330196380615,17.17972186803818,0.0003,8.183173179626465,932.4,134.72
93.57700000000001,636,360448,566,694.46,176,,,,,,,,,,,,
96.555,636,362496,569,701.79,177,1760,0.0037893443,-0.20871090055443348,0.2,0.040185546875,-0.0009344871388748289,0.269550085067749,16.184056702256203,0.0003,12.690550804138184,,
100.373,636,364544,572,717.16,178,1770,0.0040490143,-0.19856144026853145,0.2,0.051318359375,-0.002494183069211431,0.24545210599899292,20.792158821225165,0.0003,11.579291343688965,,
103.637,637,366592,575,723.91,179,1780,0.0031150316,-0.2359132280573249,0.2,0.050244140625,-0.00035248053318355234,0.32458800077438354,9.720774348080159,0.0003,8.268200874328613,,
108.87200000000001,637,368640,578,735.04,180,1790,0.0038265036,-0.19533082316629588,0.2,0.039306640625,-0.0009602765552699566,0.2713361978530884,17.9244614392519,0.0003,12.535886764526367,,
,,370000,,,,1800,0.0033198628,-0.1846274431562051,0.2,0.034033203125,-0.002950428723124787,0.29028135538101196,17.1502659201622,0.0003,5.337371349334717,531.8,28.139999999999997
111.499,635,370688,583,744.81,181,,,,,,,,,,,,
108.52199999999999,636,372736,586,732.19,182,1810,0.0043879403,-0.19876649274956434,0.2,0.033935546875,-0.0009782177585293539,0.33497053384780884,16.378556749224664,0.0003,4.730540752410889,,
110.22399999999999,636,374784,589,728.56,183,1820,0.004077482,-0.1975723855663091,0.2,0.039404296875,-0.002664602067670785,0.2516048550605774,14.194505430758,0.0003,13.840940475463867,,
110.22399999999999,636,376832,592,728.56,184,1830,0.00443988,-0.17692534131929277,0.2,0.043994140625,-0.0033884486649185417,0.2318456768989563,20.06200665831566,0.0003,7.315418243408203,,
110.22399999999999,636,378880,595,728.56,185,1840,0.0024349643,-0.19736437138635665,0.2,0.030908203125,0.00044272682862356305,0.319580078125,8.805839094519616,0.0003,3.52416729927063,,
,,380000,,,,1850,0.0114345625,-0.23027648478746415,0.2,0.07001953125,-0.001132966743898578,0.13062220811843872,2.0548896877095104,0.0003,0.6367199420928955,381.2,13.12
115.43399999999998,635,380928,599,779.66,186,,,,,,,,,,,,
119.193,635,382976,602,802.76,187,1860,0.0022552945,-0.20303972698748113,0.2,0.029638671875,-0.0010176661133300513,0.21495991945266724,11.591566628217697,0.0003,4.356046676635742,,
119.38099999999999,635,385024,605,813.6,188,1870,0.002666514,-0.20216155746020376,0.2,0.03134765625,-0.0006119319034041837,0.35640406608581543,11.884049491584301,0.0003,4.942260265350342,,
118.89399999999999,636,387072,608,812.03,189,1880,0.00528278,-0.21834965813905,0.2,0.03486328125,-0.0025589203447452745,0.3183972239494324,10.35309801697731,0.0003,3.629162549972534,,
120.30699999999999,636,389120,611,808.75,190,1890,0.0020152666,-0.1940506152343005,0.2,0.036083984375,-0.002569480103556998,0.2173120379447937,19.712672093510626,0.0003,11.046693801879883,,
,,390000,,,,1900,0.003786489,-0.17262666814494879,0.2,0.0279296875,-0.002572403613885399,0.2557559609413147,19.450881454348565,0.0003,7.913991451263428,479.6,32.160000000000004
120.40999999999998,635,391168,615,810.81,191,,,,,,,,,,,,
121.28200000000001,635,393216,618,821.09,192,1910,0.0048817033,-0.1979238849831745,0.2,0.046044921875,-0.0012532741180621087,0.2334933876991272,10.958911161869764,0.0003,3.1576008796691895,,
122.501,635,395264,621,820.69,193,1920,0.0029379723,-0.20231604892760516,0.2,0.03798828125,-0.0014625606578192673,0.3441689610481262,12.582774552702904,0.0003,6.991242408752441,,
125.65700000000002,635,397312,624,840.75,194,1930,0.003548449,-0.18875972018577158,0.2,0.035693359375,-0.0017764543066732586,0.3454417586326599,12.223227505385875,0.0003,5.8436174392700195,,
126.748,635,399360,628,865.16,195,1940,0.0020001817,-0.2011214980389923,0.2,0.037353515625,-0.0019783437746809795,0.3048343062400818,17.708341735601426,0.0003,5.263763904571533,,
,,400000,,,,1950,0.004109402,-0.1873831868171692,0.2,0.04794921875,-0.001255331642460078,0.2599489688873291,9.193935795128345,0.0003,7.231950283050537,775.8,76.26
126.559,633,401408,633,858.94,196,,,,,,,,,,,,
128.77100000000002,634,403456,636,856.92,197,1960,0.0028517593,-0.17102074592839928,0.2,0.032763671875,-0.0014865624631056561,0.1564096212387085,17.653681400418282,0.0003,10.859027862548828,,
129.744,634,405504,639,850.75,198,1970,0.0033893755,-0.16950393000151961,0.2,0.03212890625,-0.0006741488352417946,0.2878720760345459,16.2725869551301,0.0003,10.189949035644531,,
132.74200000000002,634,407552,642,854.66,199,1980,0.004175468,-0.16073277101386338,0.2,0.0375,-0.0020599137613317,0.2710918188095093,16.57775833904743,0.0003,8.697362899780273,,
137.64299999999997,634,409600,645,855.69,200,1990,0.0017442114,-0.14649925860576332,0.2,0.025927734375,-0.00026284420455340295,0.21910959482192993,17.677781750261783,0.0003,16.280275344848633,,
,,410000,,,,2000,0.0043298732,-0.16515489988960325,0.2,0.06015625,-0.0058935219421982765,0.16348177194595337,29.063328543305396,0.0003,7.761712551116943,971.4,180.56
141.742,632,411648,651,873.89,201,,,,,,,,,,,,
143.96300000000002,632,413696,654,871.46,202,2010,0.0032474112,-0.17166017743293197,0.2,0.04208984375,-0.002922122020390816,0.2869332432746887,17.301379814743996,0.0003,8.973223686218262,,
146.84499999999997,632,415744,657,883.36,203,2020,0.0034627724,-0.1665697886608541,0.2,0.038330078125,-0.001864235001266934,0.23520773649215698,23.319873574376107,0.0003,11.752143859863281,,
147.39,632,417792,660,882.57,204,2030,0.0060537662,-0.15527939971070737,0.2,0.031494140625,-0.0022709781798766924,0.26417553424835205,24.112616968154907,0.0003,10.535422325134277,,
147.075,632,419840,663,876.08,205,2040,0.0031628264,-0.13663662439212204,0.2,0.034912109375,-0.001026136492146179,0.23491859436035156,17.059238961339,0.0003,8.106576919555664,,
,,420000,,,,2050,0.0027063584,-0.12628159285522997,0.2,0.03828125,-0.003622639644891024,0.31025993824005127,21.495177853107453,0.0003,7.567920207977295,1040.8,209.71999999999997
145.01,630,421888,669,874.43,206,,,,,,,,,,,,
141.24999999999997,630,423936,672,843.14,207,2060,0.0063626785,-0.13652191641740502,0.2,0.04658203125,-0.0036863945511868223,0.2333797812461853,22.504791510105132,0.0003,16.399194717407227,,
138.96899999999997,631,425984,674,825.73,208,2070,0.0046284846,-0.1321387663949281,0.2,0.03916015625,-0.0017970448796404525,0.250791072845459,21.906569147109984,0.0003,9.184369087219238,,
140.29399999999995,631,428032,677,831.99,209,2080,0.002693215,-0.13039655894972385,0.2,0.027099609375,-0.0014004510521772318,0.23601078987121582,21.491929411888123,0.0003,7.877829074859619,,
,,430000,,,,2090,0.0042141248,-0.14211112495977432,0.2,0.034716796875,-0.00154736019030679,0.26032668352127075,18.17145765423775,0.0003,8.411664962768555,1753.4,110.42
137.766,627,430080,685,803.46,210,,,,,,,,,,,,
140.35399999999998,627,432128,688,789.03,211,2100,0.0019466573,-0.14120272416621446,0.2,0.038037109375,-0.0008753181842621416,0.3109552264213562,19.880594433844088,0.0003,3.071643352508545,,
139.72199999999998,627,434176,691,794.49,212,2110,0.00376092,-0.12186435253825038,0.2,0.032470703125,-0.004499147013120819,0.26787883043289185,20.178662765026093,0.0003,10.304265022277832,,
139.351,628,436224,694,789.24,213,2120,0.008680392,-0.12129692827584222,0.2,0.0451171875,-0.0010502981327590532,0.34820908308029175,8.205566165596247,0.0003,2.650418996810913,,
143.457,628,438272,697,803.95,214,2130,0.0010140769,-0.11413257751846687,0.2,0.022412109375,-0.001704460009932518,0.2665367126464844,29.27164058983326,0.0003,17.490238189697266,,
,,440000,,,,2140,0.004163303,-0.10737190281506628,0.2,0.023486328125,-0.0035143833563779482,0.29837584495544434,17.833283454179764,0.0003,10.18082332611084,535.4,29.72
148.057,627,440320,701,814.22,215,,,,,,,,,,,,
143.325,627,442368,705,799.44,216,2150,0.0014903476,-0.11734915291890502,0.2,0.022607421875,-0.0007908382525783963,0.24549180269241333,21.300895076990127,0.0003,10.355860710144043,,
139.593,627,444416,707,770.54,217,2160,0.0016029146,-0.11092517575016245,0.2,0.021533203125,-0.0003996759915025905,0.24438750743865967,20.975077536702155,0.0003,11.439840316772461,,
137.07699999999997,628,446464,710,782.05,218,2170,0.00248947,-0.10857781270751729,0.2,0.0287109375,-0.002671800722600892,0.332763671875,20.44357611835003,0.0003,7.119693279266357,,
135.24699999999999,628,448512,713,774.7,219,2180,0.015207041,-0.12261957109440118,0.2,0.058740234375,0.003713160366169177,-0.07437551021575928,3.9468040339648724,0.0003,3.070896863937378,,
,,450000,,,,2190,0.0028018272,-0.11062310041161254,0.2,0.026171875,-0.0018338168782065622,0.30702823400497437,19.642395135760307,0.0003,5.329766750335693,1145.0,73.53999999999999
136.939,625,450560,720,781.89,220,,,,,,,,,,,,
139.606,625,452608,723,803.22,221,2200,0.002120895,-0.12520828596316277,0.2,0.022998046875,-0.0013748867640970275,0.31229519844055176,14.224660234153271,0.0003,6.700911521911621,,
143.165,625,454656,726,812.31,222,2210,0.002256169,-0.14604390959721059,0.2,0.0291015625,-0.0015967330866260454,0.3374229073524475,14.673775894939899,0.0003,7.263392925262451,,
137.33,625,456704,729,768.38,223,2220,0.0034181974,-0.13217324453871698,0.2,0.027587890625,-0.0012167422682978213,0.23417258262634277,14.632513727247716,0.0003,5.561522006988525,,
131.504,626,458752,732,723.4,224,2230,0.0012818268,-0.11545743339229375,0.2,0.01513671875,-0.0007760025109746493,0.2835533618927002,22.21677717268467,0.0003,14.281855583190918,,
,,460000,,,,2240,0.00432935,-0.13587485153693707,0.2,0.040625,-0.0018458709484548308,0.3103940486907959,18.232719480991364,0.0003,14.492445945739746,690.6,128.04000000000002
132.40099999999995,624,460800,737,719.92,225,,,,,,,,,,,,
132.83599999999998,624,462848,740,728.36,226,2250,0.002811526,-0.12254993934184313,0.2,0.027734375,-0.0028446298150811345,0.24826985597610474,25.20886410176754,0.0003,13.768166542053223,,
132.92999999999998,624,464896,743,691.7,227,2260,0.004968657,-0.120964739844203,0.2,0.024853515625,-0.0023011888086330147,0.22815465927124023,23.140724739432336,0.0003,14.642644882202148,,
133.017,625,466944,746,661.38,228,2270,0.00242431,-0.10862195407971739,0.2,0.025927734375,-0.0003416162391658872,0.3033198118209839,18.32588596343994,0.0003,8.461148262023926,,
134.673,625,468992,749,674.67,229,2280,0.002766787,-0.1210541807115078,0.2,0.02265625,0.0006076107107219286,0.1686723232269287,24.133081579208373,0.0003,10.36216926574707,,
,,470000,,,,2290,0.0037750478,-0.11620932278456167,0.2,0.02373046875,-0.00054832805035403,0.306132972240448,20.603206220269204,0.0003,6.010754108428955,743.0,96.32000000000001
136.86899999999997,624,471040,754,676.47,230,,,,,,,,,,,,
135.758,624,473088,757,670.6,231,2300,0.004031618,-0.12217634514672682,0.2,0.027001953125,-0.003053704195190221,0.31212466955184937,17.990917363762854,0.0003,6.839047431945801,,
135.93200000000002,624,475136,760,666.67,232,2310,0.004387482,-0.11286931049544364,0.2,0.02255859375,-0.001039537537144497,0.25624823570251465,25.13527052104473,0.0003,10.034796714782715,,
133.968,624,477184,763,656.29,233,2320,0.0037683123,-0.0986294783418998,0.2,0.02783203125,-0.0027355371217709034,0.261834979057312,25.715142607688904,0.0003,12.871697425842285,,
133.968,624,479232,766,656.29,234,2330,0.0030981016,-0.10822294851532206,0.2,0.028271484375,-0.0013337971206055955,0.19015318155288696,19.450363981723786,0.0003,8.115363121032715,,
,,480000,,,,2340,0.0036859713,-0.10956764448201284,0.2,0.035302734375,-0.0009250588889699429,0.25244295597076416,10.473910775780677,0.0003,3.581174373626709,813.4,169.52
134.072,623,481280,772,688.16,235,,,,,,,,,,,,
135.70900000000003,623,483328,775,694.04,236,2350,0.017424468,-0.14441568145994096,0.2,0.083154296875,0.0008855508698616177,-0.06458568572998047,3.2066368593834342,0.0003,0.1527797132730484,,
138.33,623,485376,778,705.94,237,2360,0.0017342468,-0.11402472915360704,0.2,0.0169921875,-0.001962455126340501,0.233126699924469,19.096747943758963,0.0003,13.953943252563477,,
136.97299999999998,623,487424,781,700.76,238,2370,0.00201758,-0.11514588680583984,0.2,0.020556640625,-0.0006083681480959057,0.2652701735496521,20.357539084553718,0.0003,11.59798812866211,,
134.69200000000004,624,489472,784,695.21,239,2380,0.001971162,-0.10988758008461445,0.2,0.02705078125,-0.002783488156273961,0.22751593589782715,29.033194276690484,0.0003,8.248334884643555,,
,,490000,,,,2390,0.0024924846,-0.11762925041839481,0.2,0.027099609375,-0.0018569865787867457,0.2776966094970703,20.366158041357995,0.0003,9.178322792053223,577.8,146.98
134.69200000000004,622,491520,789,695.21,240,,,,,,,,,,,,
135.94899999999998,623,493568,792,711.41,241,2400,0.0047400175,-0.1314442487899214,0.2,0.0580078125,-0.0014287362922914327,0.33694350719451904,6.551814665272832,0.0003,4.106238842010498,,
136.49699999999999,623,495616,795,709.55,242,2410,0.0015836974,-0.11643796376883983,0.2,0.022802734375,-0.0025274579878896476,0.33202463388442993,24.731038120388984,0.0003,8.545838356018066,,
133.30599999999998,623,497664,798,706.63,243,2420,0.002333595,-0.11388446047203615,0.2,0.024267578125,-0.0005690836987923831,0.28462398052215576,24.935551875829695,0.0003,19.537256240844727,,
135.674,623,499712,801,700.75,244,2430,0.0018801003,-0.10326533295447007,0.2,0.026708984375,-0.002451469298102893,0.20072215795516968,20.203791052103043,0.0003,8.808056831359863,,
,,500000,,,,2440,0.0032564127,-0.11643073663581163,0.2,0.02607421875,-0.002509479878062848,0.21366500854492188,26.02592426240444,0.0003,9.421527862548828,901.0,180.44
135.236,621,501760,806,700.81,245,,,,,,,,,,,,
132.27599999999995,622,503808,809,674.71,246,2450,0.0040361825,-0.14200860187411307,0.2,0.03720703125,-0.0012173040915513412,0.30439579486846924,15.315683433413506,0.0003,7.97929048538208,,
128.481,622,505856,812,668.04,247,2460,0.0018562797,-0.10149813286261633,0.2,0.022216796875,-0.0025363825407112017,0.23465204238891602,23.926488357782365,0.0003,12.634241104125977,,
129.511,622,507904,815,667.07,248,2470,0.0025247766,-0.10645964678842575,0.2,0.029541015625,-0.0015798888365679887,0.31497442722320557,16.599172352254392,0.0003,7.6154913902282715,,
127.83999999999997,622,509952,818,668.99,249,2480,0.003032892,-0.10210820367792621,0.2,0.0248046875,-0.0023649737282539717,0.29819178581237793,20.104909235239028,0.0003,8.250401496887207,,
,,510000,,,,2490,0.0030849231,-0.10785602185642347,0.2,0.03427734375,-0.0014932678954210133,0.23871344327926636,21.202254009246825,0.0003,9.583916664123535,842.0,136.11999999999998
128.959,621,512000,824,650.01,250,,,,,,,,,,,,
131.64600000000002,621,514048,827,665.22,251,2500,0.0012240314,-0.10773102216189727,0.2,0.023583984375,-0.0010130775248399005,0.28629279136657715,20.706140491366387,0.0003,13.43761920928955,,
131.27200000000002,621,516096,830,680.17,252,2510,0.003096881,-0.12781114133540541,0.2,0.037939453125,-0.00016671965713612735,0.25636446475982666,16.224179731309412,0.0003,5.307669162750244,,
125.01399999999998,621,518144,833,638.45,253,2520,0.0066811447,-0.12177880231756717,0.2,0.048095703125,-0.0001661939808400348,0.2773035168647766,8.321076084673404,0.0003,4.556772232055664,,
,,520000,,,,2530,0.0010693899,-0.0877248294535093,0.2,0.017919921875,-0.0014887383411405608,0.29439282417297363,23.148827850818634,0.0003,11.185704231262207,1680.0,158.8
126.63799999999999,618,520192,841,640.72,254,,,,,,,,,,,,
128.855,618,522240,844,641.93,255,2540,0.0042636683,-0.09501293428475037,0.2,0.0271484375,-0.0015206568146822973,0.2828105688095093,13.806699505448341,0.0003,7.275096893310547,,
126.74199999999999,618,524288,847,623.76,256,2550,0.00368928,-0.09584216731600463,0.2,0.0263671875,-0.0046754491952015085,0.23374217748641968,18.328136767446995,0.0003,4.876792907714844,,
124.736,619,526336,850,618.03,257,2560,0.0020567463,-0.0787663760012947,0.2,0.02109375,-0.0023373133706627415,0.17089110612869263,32.9929495126009,0.0003,12.26459789276123,,
123.808,619,528384,853,623.48,258,2570,0.001813618,-0.09035947846714407,0.2,0.026123046875,-0.0020385473006172107,0.3805611729621887,16.808382815122606,0.0003,7.251075267791748,,
,,530000,,,,2580,0.0023102371,-0.09782514268299565,0.2,0.02470703125,-0.0006501255818875506,0.08655071258544922,20.818738254904748,0.0003,7.655135154724121,1743.6,170.2
124.90999999999997,615,530432,861,617.01,259,,,,,,,,,,,,
123.34,616,532480,864,612.37,260,2590,0.0032400494,-0.09038681488018482,0.2,0.024951171875,-0.001558441350061912,0.22936731576919556,22.006592079997063,0.0003,7.059060573577881,,
125.725,616,534528,867,619.31,261,2600,0.0035791274,-0.10562236615805887,0.2,0.032958984375,-0.001855907606659457,0.32478398084640503,22.597887533903123,0.0003,7.600924015045166,,
125.70400000000001,616,536576,870,617.94,262,2610,0.0024791951,-0.1025360720581375,0.2,0.026123046875,-0.0020285083126509564,0.16317260265350342,26.076436337828635,0.0003,11.832269668579102,,
125.435,616,538624,873,618.43,263,2620,0.003046075,-0.09318573718192055,0.2,0.02568359375,-0.0018168797221733257,0.30679935216903687,22.38122066259384,0.0003,11.912881851196289,,
,,540000,,,,2630,0.004811948,-0.10838453333126381,0.2,0.030419921875,-0.0018312441156012938,0.306601345539093,21.25486938357353,0.0003,11.411205291748047,1436.2,266.93999999999994
122.33499999999998,614,540672,880,583.34,264,,,,,,,,,,,,
122.223,614,542720,883,578.17,265,2640,0.003927064,-0.10137556981062516,0.2,0.035498046875,-0.0009758727828739211,0.35415971279144287,18.33781154155731,0.0003,4.775321006774902,,
125.09899999999998,614,544768,886,582.6,266,2650,0.0029812194,-0.09431917418260127,0.2,0.033251953125,-0.0019069560803472996,0.26229071617126465,19.612729270756244,0.0003,11.39463996887207,,
124.71099999999998,614,546816,889,583.24,267,2660,0.0029738292,-0.08720885685179383,0.2,0.02587890625,-0.0008211123291403055,0.350469172000885,27.42534008026123,0.0003,16.633359909057617,,
125.07399999999998,615,548864,892,560.4,268,2670,0.0027548762,-0.08609143890207634,0.2,0.02314453125,-0.002198639944253955,0.16577810049057007,23.082854959368706,0.0003,8.206582069396973,,
,,550000,,,,2680,0.0034288699,-0.07943121527787297,0.2,0.02939453125,-0.000910609500715509,0.26220810413360596,23.39430936872959,0.0003,18.150020599365234,1221.2,186.5
127.99799999999999,612,550912,898,569.8,269,,,,,,,,,,,,
134.14699999999996,613,552960,901,589.9,270,2690,0.006356663,-0.08327830908820033,0.2,0.02880859375,-0.0008053338126046583,0.25838005542755127,18.56617398262024,0.0003,8.533235549926758,,
134.64399999999998,613,555008,904,592.62,271,2700,0.0037040606,-0.08506865635281428,0.2,0.02958984375,-0.002479271945776418,0.3760230541229248,21.549032178521156,0.0003,9.132282257080078,,
139.546,613,557056,908,610.1,272,2710,0.0018293358,-0.08083200654946268,0.2,0.0203125,0.0005136153267812915,0.21287047863006592,22.955193069577216,0.0003,17.690921783447266,,
140.01999999999998,613,559104,911,615.32,273,2720,0.0025982615,-0.08610853146528825,0.2,0.024267578125,4.0720262040849776e-05,0.16990947723388672,14.072283868491649,0.0003,4.514292240142822,,
,,560000,,,,2730,0.0024438712,-0.0810317631228827,0.2,0.02744140625,-0.0005651250365190208,0.19627749919891357,22.812510642409325,0.0003,21.24912452697754,979.0,207.18
137.602,612,561152,916,596.08,274,,,,,,,,,,,,
143.504,612,563200,919,614.45,275,2740,0.0057754936,-0.09532695775851607,0.2,0.031494140625,-0.003106795765052084,0.21128517389297485,25.991672047972678,0.0003,17.645132064819336,,
145.61,612,565248,922,620.9,276,2750,0.0034937444,-0.09032987931277603,0.2,0.02744140625,-0.0006604059599339962,0.3305259346961975,18.054864364862443,0.0003,6.7574591636657715,,
147.893,612,567296,925,627.08,277,2760,0.0018178591,-0.08658414566889405,0.2,0.024462890625,-0.0005518003279576078,0.311825156211853,14.506834247708321,0.0003,7.73034143447876,,
152.253,612,569344,929,652.71,278,2770,0.0043140776,-0.09524081848794594,0.2,0.025146484375,-0.0012487792293541134,0.34396427869796753,13.608690913021565,0.0003,8.63437557220459,,
,,570000,,,,2780,0.0035461367,-0.08001035668421537,0.2,0.027880859375,-0.0025646178721217437,0.2615266442298889,20.894456508755685,0.0003,10.149372100830078,630.6,181.44
153.38,611,571392,933,642.46,279,,,,,,,,,,,,
150.223,612,573440,936,623.74,280,2790,0.002028246,-0.07349434597999789,0.2,0.015966796875,-0.0023181524375104345,0.22093814611434937,29.86048329472542,0.0003,24.33882713317871,,
153.511,612,575488,939,632.44,281,2800,0.0025075881,-0.08156430741073564,0.2,0.018994140625,-0.0020723385314340703,0.20003503561019897,39.98859894275665,0.0003,11.582633972167969,,
150.511,612,577536,942,603.17,282,2810,0.0012471261,-0.07567868659971282,0.2,0.01875,-0.0007504757813876495,0.26149994134902954,24.632244274020195,0.0003,16.163028717041016,,
154.72000000000003,612,579584,945,613.02,283,2820,0.0021368582,-0.08205592755693943,0.2,0.02568359375,-0.00017790512792998926,0.3163469433784485,20.94649843275547,0.0003,14.993156433105469,,
,,580000,,,,2830,0.0040394925,-0.07695683805504813,0.2,0.02412109375,-0.003229718243528623,0.25144535303115845,25.303013679385185,0.0003,10.223413467407227,910.2,151.76
151.09499999999997,611,581632,951,594.88,284,,,,,,,,,,,,
155.19199999999998,611,583680,954,607.26,285,2840,0.009049216,-0.06313043494010344,0.2,0.01767578125,-0.001616476516937837,0.304567813873291,24.066009965538978,0.0003,7.825924873352051,,
158.4,611,585728,957,614.65,286,2850,0.005260035,-0.08032898235833272,0.2,0.03203125,-0.0015590470982715487,0.3585721254348755,25.2826175570488,0.0003,26.000741958618164,,
159.03799999999998,612,587776,960,615.59,287,2860,0.0030872382,-0.0651318458316382,0.2,0.023095703125,-0.0013209652941441163,0.26693087816238403,29.021766000986098,0.0003,19.23354721069336,,
162.887,612,589824,963,628.45,288,2870,0.0056565823,-0.06451045925496146,0.2,0.02744140625,-0.001172049337765202,0.29855018854141235,18.513921225070952,0.0003,11.888972282409668,,
,,590000,,,,2880,0.0031307754,-0.08053891289746389,0.2,0.030908203125,-0.002021345998218749,0.28867900371551514,20.610376891493797,0.0003,11.17480754852295,546.6,195.18
163.488,611,591872,968,630.74,289,,,,,,,,,,,,
169.17999999999995,611,593920,971,644.11,290,2890,0.0014103948,-0.0653448416502215,0.2,0.019140625,-0.0016763381514465435,0.3215944766998291,25.37647514641285,0.0003,9.902533531188965,,
169.81099999999998,611,595968,974,645.58,291,2900,0.0020100838,-0.07005566458683461,0.2,0.016015625,-0.0007009009874309413,0.2135685682296753,26.45315039753914,0.0003,6.447705268859863,,
171.591,612,598016,977,650.39,292,2910,0.0028056847,-0.06810937106492929,0.2,0.020751953125,-0.00226611414400395,0.19049811363220215,20.910627169907094,0.0003,4.846795558929443,,
,,600000,,,,2920,0.006642624,-0.06831301148049533,0.2,0.0234375,-0.0017918743105838075,0.19649147987365723,18.945851512253284,0.0003,4.852432727813721,672.8,207.18
169.658,611,600064,981,656.32,293,,,,,,,,,,,,
170.298,611,602112,984,654.79,294,2930,0.0018642219,-0.06451067125890404,0.2,0.026025390625,-0.0009599039796739817,0.261552631855011,20.46978692859411,0.0003,9.441965103149414,,
169.207,611,604160,987,643.0,295,2940,0.00166646,-0.05706192206998821,0.2,0.0181640625,-0.0007029525528196246,0.2535337805747986,31.043204587697982,0.0003,19.687631607055664,,
170.97799999999995,611,606208,990,644.62,296,2950,0.002284467,-0.05378513723262586,0.2,0.015966796875,-0.0007072525622788817,0.35498809814453125,26.41923243999481,0.0003,10.943650245666504,,
168.99199999999996,612,608256,993,642.44,297,2960,0.016955297,-0.10346009172499179,0.2,0.050048828125,-0.004060178455256391,0.2719464898109436,23.195429730415345,0.0003,9.074695587158203,,
,,610000,,,,2970,0.004631128,-0.11414858021307736,0.2,0.04189453125,-0.0014229943742975592,0.270328164100647,22.799212908744813,0.0003,11.068079948425293,429.8,100.36
171.80799999999996,611,610304,998,649.97,298,,,,,,,,,,,,
174.44099999999997,611,612352,1001,670.4,299,2980,0.0040208963,-0.0933929945807904,0.2,0.031494140625,-0.0017997209302848204,0.3419228792190552,18.74539226293564,0.0003,7.140984535217285,,
177.274,611,614400,1004,672.19,300,2990,0.009579559,-0.1257709058234468,0.2,0.0546875,-0.0029231994732981546,0.39516764879226685,10.511362420022488,0.0003,6.405474662780762,,
174.088,611,616448,1007,666.56,301,3000,0.0054523237,-0.10776328645879403,0.2,0.034375,-0.005281271635612939,0.31235939264297485,20.323588259518147,0.0003,10.881064414978027,,
171.41099999999994,612,618496,1010,660.01,302,3010,0.0022741698,-0.10454091700958087,0.2,0.035107421875,-0.0017037426616298035,0.23470818996429443,20.762299729883672,0.0003,6.058450698852539,,
,,620000,,,,3020,0.0019475856,-0.09928057953948155,0.2,0.027392578125,-0.0007381898147286847,0.32592886686325073,22.79389615356922,0.0003,6.85837459564209,878.8,163.37999999999997
171.32399999999998,610,620544,1015,664.65,303,,,,,,,,,,,,
168.86699999999996,611,622592,1018,653.28,304,3030,0.0014811427,-0.09850998285692185,0.2,0.026123046875,0.0009798557788599283,0.132757306098938,16.598622693121435,0.0003,5.852235794067383,,
168.38999999999996,611,624640,1021,641.79,305,3040,0.003016971,-0.10975205504801125,0.2,0.026953125,-0.00047137110523181035,0.26914364099502563,23.192237004637718,0.0003,8.46304702758789,,
162.714,611,626688,1024,625.6,306,3050,0.0018006146,-0.10283687841147185,0.2,0.02373046875,0.00021259159548208116,0.1813805103302002,30.972930577397346,0.0003,9.720868110656738,,
161.332,611,628736,1027,608.37,307,3060,0.0022935611,-0.10426463175099343,0.2,0.03046875,-0.00021245407697279006,0.2997850179672241,18.863506028056143,0.0003,5.120954513549805,,
,,630000,,,,3070,0.0021917669,-0.0976269543170929,0.2,0.024267578125,-0.0010012614002334885,0.3484386205673218,25.772473159432412,0.0003,10.11298656463623,413.0,87.75999999999999
159.578,611,630784,1032,602.62,308,,,,,,,,,,,,
161.108,611,632832,1035,609.12,309,3080,0.002645394,-0.1063190828775987,0.2,0.028515625,-0.0002172509179217741,0.398023784160614,17.73947891294956,0.0003,14.092077255249023,,
161.198,611,634880,1038,613.92,310,3090,0.0028595743,-0.10038005566457286,0.2,0.031201171875,-0.0006082082720240578,0.321877121925354,20.090053169429304,0.0003,15.190560340881348,,
164.203,611,636928,1041,623.64,311,3100,0.0021971334,-0.10351514605572447,0.2,0.020263671875,-0.0006256765162106603,0.265047550201416,22.99933871626854,0.0003,6.986921787261963,,
164.22799999999998,611,638976,1044,619.07,312,3110,0.0040300903,-0.10387756868731231,0.2,0.0357421875,-0.001424249043338932,0.3457617163658142,23.409318375587464,0.0003,7.6448845863342285,,
,,640000,,,,3120,0.0023202444,-0.09891186518361791,0.2,0.032080078125,0.0004286187773686834,0.2700091004371643,22.08808409422636,0.0003,13.940926551818848,938.2,217.32000000000002
163.879,610,641024,1049,612.09,313,,,,,,,,,,,,
167.208,610,643072,1052,625.62,314,3130,0.002240322,-0.0895600420073606,0.2,0.017919921875,0.0007970615872181952,0.40271830558776855,19.241157352924347,0.0003,8.151971817016602,,
169.34699999999998,610,645120,1056,633.45,315,3140,0.0028012167,-0.09040479197865352,0.2,0.029150390625,-0.00040863722242647784,0.33728235960006714,13.773479957878589,0.0003,3.872602701187134,,
173.108,611,647168,1059,647.01,316,3150,0.0029862365,-0.09595535537227988,0.2,0.028515625,-0.0005462486820761115,0.46948087215423584,12.857348704338074,0.0003,6.538421154022217,,
175.445,611,649216,1062,654.65,317,3160,0.0028895598,-0.09363532854476944,0.2,0.03310546875,-0.0010265491262543946,0.3213804364204407,19.01080091893673,0.0003,8.109110832214355,,
,,650000,,,,3170,0.0028803148,-0.07827032486675307,0.2,0.026611328125,-0.0021666365733835845,0.3922421336174011,16.941343346238135,0.0003,11.57968521118164,1228.2,205.08
182.46200000000002,609,651264,1068,670.22,318,,,,,,,,,,,,
187.32700000000006,609,653312,1071,685.68,319,3180,0.0061720083,-0.0822407721541822,0.2,0.024462890625,-0.00263076797418762,0.2961081266403198,18.149088956415653,0.0003,6.147432804107666,,
188.21,609,655360,1074,692.89,320,3190,0.004985233,-0.09415121832862497,0.2,0.02646484375,-0.0010004543379181995,0.3260660767555237,18.11451262384653,0.0003,4.6930155754089355,,
184.289,610,657408,1077,679.98,321,3200,0.003930441,-0.08739694384275935,0.2,0.031982421875,-0.0002830972895026207,0.3046202063560486,17.429691876471043,0.0003,7.0883989334106445,,
186.87399999999997,610,659456,1080,686.08,322,3210,0.0035780082,-0.08327873253729194,0.2,0.02294921875,-0.00020846210682066158,0.3650267720222473,21.328491818904876,0.0003,11.556681632995605,,
,,660000,,,,3220,0.008783112,-0.09175261894706636,0.2,0.04482421875,-0.003487320337444544,0.3232303857803345,23.806929191946985,0.0003,8.811813354492188,680.6,182.78
179.58200000000005,609,661504,1085,659.35,323,,,,,,,,,,,,
177.45100000000002,609,663552,1088,647.93,324,3230,0.002981692,-0.0932745411992073,0.2,0.027783203125,-0.0007508502138080075,0.37405043840408325,19.524326622486115,0.0003,7.3254876136779785,,
174.053,609,665600,1091,633.37,325,3240,0.006985401,-0.10065004557836801,0.2,0.028564453125,-0.0020783401181688533,0.1760627031326294,28.066947117447853,0.0003,6.455742835998535,,
176.95999999999995,610,667648,1094,644.12,326,3250,0.0025127376,-0.09200359020614997,0.2,0.02587890625,-0.0007605440740007907,0.2770833373069763,26.02268630862236,0.0003,20.103696823120117,,
183.748,610,669696,1097,669.15,327,3260,0.0040073274,-0.10049617751501501,0.2,0.030224609375,-0.00043669315928127614,0.4013083577156067,16.20449934154749,0.0003,5.118139266967773,,
,,670000,,,,3270,0.0017662521,-0.08921854177024216,0.2,0.02353515625,-0.0007207228612969629,0.22417432069778442,27.421592783927917,0.0003,10.184651374816895,549.4,118.97999999999999
185.431,609,671744,1101,679.05,328,,,,,,,,,,,,
187.299,610,673792,1104,683.27,329,3280,0.005045835,-0.1021937619894743,0.2,0.04501953125,-0.0031017785629956053,0.330491840839386,17.76708077788353,0.0003,9.508891105651855,,
186.979,610,675840,1107,676.28,330,3290,0.0068766386,-0.09474868620745838,0.2,0.036328125,-0.0022517245583003388,0.3503648042678833,18.979416307806968,0.0003,6.091064929962158,,
191.71399999999997,610,677888,1110,692.1,331,3300,0.0028407495,-0.09586261826334522,0.2,0.039501953125,-0.0026866363681619988,0.31800681352615356,25.73214117884636,0.0003,11.703775405883789,,
184.975,610,679936,1113,659.65,332,3310,0.0031106425,-0.09953761937795207,0.2,0.03037109375,-0.0007453969330526889,0.3716532588005066,17.47613721638918,0.0003,5.704797267913818,,
,,680000,,,,3320,0.0020754535,-0.09344191154232248,0.2,0.021435546875,-0.0011831298616016284,0.2664985656738281,31.346355265378953,0.0003,12.772210121154785,536.0,151.06
185.769,610,681984,1117,661.25,333,,,,,,,,,,,,
183.472,610,684032,1120,642.66,334,3330,0.0016655957,-0.09559698168886825,0.2,0.02578125,0.0008300736182718538,0.32511335611343384,24.013110664486884,0.0003,7.136899471282959,,
185.72300000000004,610,686080,1123,648.14,335,3340,0.0031971477,-0.09708348038839176,0.2,0.0328125,-0.0030716628796653824,0.35650503635406494,30.81876946091652,0.0003,19.59215545654297,,
186.234,610,688128,1126,647.86,336,3350,0.0062002633,-0.08787436438724398,0.2,0.028125,-7.215392106445506e-05,0.3259631395339966,29.35853749513626,0.0003,15.492274284362793,,
,,690000,,,,3360,0.0066148704,-0.09418917552102357,0.2,0.0361328125,-0.00213659719156567,0.3888908624649048,20.88745446205139,0.0003,9.835912704467773,677.8,208.4
183.95799999999997,609,690176,1131,643.71,337,,,,,,,,,,,,
183.173,610,692224,1134,640.03,338,3370,0.0046058316,-0.09199446517741308,0.2,0.03720703125,-0.004461904935305938,0.4132530689239502,32.08938202559948,0.0003,16.48137855529785,,
185.80200000000002,610,694272,1137,649.27,339,3380,0.0029431127,-0.09415508854435757,0.2,0.03212890625,-0.002603356522740796,0.3606877326965332,26.059013721346854,0.0003,10.90931224822998,,
183.833,610,696320,1140,650.4,340,3390,0.0027535968,-0.099873693974223,0.2,0.0298828125,-0.0014302683295682073,0.37288081645965576,21.225188526511193,0.0003,8.349899291992188,,
182.81,610,698368,1143,647.48,341,3400,0.0025321636,-0.09378693904727697,0.2,0.02412109375,0.0004745441168779507,0.3097749948501587,25.832672503590583,0.0003,12.660514831542969,,
,,700000,,,,3410,0.0026875753,-0.08897516602883115,0.2,0.025341796875,-0.0012146836845204235,0.2513834834098816,34.52767199277878,0.0003,14.630271911621094,596.2,132.16
185.59899999999993,609,700416,1148,653.18,342,,,,,,,,,,,,
179.04799999999994,610,702464,1151,639.23,343,3420,0.0018920255,-0.09229434339795262,0.2,0.026708984375,-0.0009307985732448287,0.29612797498703003,25.390055963397025,0.0003,7.95619535446167,,
182.41099999999997,610,704512,1154,650.0,344,3430,0.0023158225,-0.08514640347566456,0.2,0.02421875,-0.001342332930653356,0.25326985120773315,31.097879403829573,0.0003,15.252778053283691,,
178.51599999999996,610,706560,1157,634.74,345,3440,0.0059568407,-0.0902254840824753,0.2,0.033447265625,-0.002218437255942263,0.35839390754699707,19.8414354711771,0.0003,7.947887420654297,,
176.009,610,708608,1160,626.56,346,3450,0.0020787974,-0.09240408326731994,0.2,0.03515625,-0.0026377005822723733,0.36051058769226074,24.940848070383073,0.0003,9.649821281433105,,
,,710000,,,,3460,0.0030939034,-0.0855744626838714,0.2,0.026611328125,-0.000574920600047335,0.38034307956695557,20.893133461475372,0.0003,8.590959548950195,419.8,116.44000000000001
174.574,610,710656,1164,621.06,347,,,,,,,,,,,,
173.26999999999995,610,712704,1167,619.93,348,3470,0.0061362283,-0.10058540292084217,0.2,0.04501953125,-0.002554429566953331,0.32314425706863403,25.0709780305624,0.0003,13.584057807922363,,
170.67,610,714752,1170,613.32,349,3480,0.006955803,-0.10118827419355511,0.2,0.037255859375,-0.0026606714251101947,0.3376271724700928,23.887307953834533,0.0003,9.942890167236328,,
169.50499999999997,610,716800,1173,610.37,350,3490,0.0050674453,-0.10510622059227899,0.2,0.035693359375,-0.001553404313744977,0.35745668411254883,19.771126990020274,0.0003,6.053779125213623,,
169.28499999999997,611,718848,1176,610.82,351,3500,0.005302185,-0.1014837920665741,0.2,0.030224609375,-0.00029785550286760555,0.3919137120246887,21.594442397356033,0.0003,10.84916877746582,,
,,720000,,,,3510,0.0040385146,-0.09895719675114378,0.2,0.035205078125,-0.0008095067169051617,0.3267400860786438,18.851277068257332,0.0003,9.205948829650879,670.6,231.28000000000003
169.16299999999998,610,720896,1181,607.7,352,,,,,,,,,,,,
164.16299999999998,610,722944,1184,592.42,353,3520,0.0031009333,-0.0923609847901389,0.2,0.029638671875,-0.0015180280999629759,0.2998458743095398,32.02171288430691,0.0003,10.587357521057129,,
166.815,610,724992,1187,600.44,354,3530,0.0032630754,-0.0855700325453654,0.2,0.0236328125,0.0008687925859703682,0.34638088941574097,18.17694676667452,0.0003,8.530557632446289,,
168.81100000000004,610,727040,1190,612.16,355,3540,0.0037532654,-0.08177192035363987,0.2,0.028271484375,0.0005781319181551225,0.2469891905784607,19.60664907991886,0.0003,15.824495315551758,,
171.65500000000003,610,729088,1193,640.08,356,3550,0.012250432,-0.0988202505861409,0.2,0.03740234375,-0.0001098483829991892,0.2974400520324707,11.689297015964986,0.0003,3.4281723499298096,,
,,730000,,,,3560,0.0048512225,-0.0998480356647633,0.2,0.035400390625,-0.00020116224186494946,0.26041120290756226,15.33289639055729,0.0003,4.68501615524292,1804.2,117.5
160.861,608,731136,1201,602.89,357,,,,,,,,,,,,
158.06400000000002,608,733184,1204,596.13,358,3570,0.005196198,-0.06900719961267895,0.2,0.026025390625,-0.000948939478257671,0.3569336533546448,24.027266067266464,0.0003,7.7989091873168945,,
158.849,608,735232,1207,594.63,359,3580,0.0025359574,-0.07649652931722813,0.2,0.023193359375,-0.00045145062467781826,0.25059837102890015,21.439429524540902,0.0003,19.369009017944336,,
155.354,608,737280,1210,582.17,360,3590,0.003791443,-0.06331728255609051,0.2,0.020068359375,-0.0009158108485280536,0.321663498878479,23.4071265399456,0.0003,8.486042022705078,,
149.965,609,739328,1213,568.65,361,3600,0.002248345,-0.0633878410269972,0.2,0.019091796875,-0.0013267835602164268,0.36004698276519775,20.378876659274102,0.0003,26.023090362548828,,
,,740000,,,,3610,0.0021836918,-0.07427648779703304,0.2,0.020361328125,-0.0008133303927024826,0.37009114027023315,23.29442403316498,0.0003,8.445505142211914,641.2,100.16
150.94,608,741376,1218,572.97,362,,,,,,,,,,,,
157.605,608,743424,1221,600.38,363,3620,0.004363696,-0.07333383916411548,0.2,0.028369140625,-0.0009045349695952609,0.49981075525283813,15.05795585811138,0.0003,5.653642654418945,,
149.38400000000001,608,745472,1224,585.82,364,3630,0.0059233913,-0.08833872334798798,0.2,0.026611328125,-0.0013210042263381184,0.43411028385162354,18.033277221024036,0.0003,7.7015533447265625,,
153.88400000000001,608,747520,1227,612.13,365,3640,0.005040965,-0.09497861540876329,0.2,0.032861328125,-0.0018785443884553389,0.403070867061615,16.67944857031107,0.0003,6.1814494132995605,,
152.334,609,749568,1230,605.5,366,3650,0.0020910283,-0.1022322838776745,0.2,0.027978515625,0.00010785477934405208,0.3783208131790161,27.527594757080077,0.0003,16.02705955505371,,
,,750000,,,,3660,0.0029426867,-0.08276433917926625,0.2,0.024072265625,-0.0004592285753460601,0.27900874614715576,20.69039115905762,0.0003,9.350318908691406,912.6,187.9
156.608,607,751616,1236,614.13,367,,,,,,,,,,,,
154.297,608,753664,1239,608.36,368,3670,0.0028375378,-0.07324409503489733,0.2,0.0203125,-0.0018852177337976173,0.17508041858673096,36.3289699614048,0.0003,10.786988258361816,,
151.364,608,755712,1242,597.85,369,3680,0.0023793417,-0.08583496051141992,0.2,0.023876953125,-0.0008981336184660904,0.2887922525405884,23.885955366492272,0.0003,9.207789421081543,,
153.962,608,757760,1245,604.77,370,3690,0.0053654015,-0.089153123262804,0.2,0.036474609375,-0.00011266132351011038,0.4004656672477722,17.259333005547525,0.0003,9.79174518585205,,
152.115,608,759808,1248,603.29,371,3700,0.0026820865,-0.09383778487099334,0.2,0.0232421875,0.00039901437412481755,0.29043692350387573,29.150637397170065,0.0003,12.05273723602295,,
,,760000,,,,3710,0.0018339795,-0.08926044821273535,0.2,0.030908203125,-0.0012504430051194504,0.34131741523742676,22.85213522911072,0.0003,7.809182167053223,763.0,140.72
154.371,607,761856,1253,606.89,372,,,,,,,,,,,,
156.242,607,763904,1256,616.13,373,3720,0.0022899406,-0.08764258035225794,0.2,0.0265625,-0.00010535028704907745,0.32459092140197754,21.194355930387974,0.0003,12.67219352722168,,
156.93999999999997,608,765952,1259,619.57,374,3730,0.0042654043,-0.09358127907617017,0.2,0.029296875,-0.0002245026989839971,0.4000469446182251,21.381536123156547,0.0003,8.375753402709961,,
157.383,608,768000,1262,617.0,375,3740,0.004755998,-0.08509042480145582,0.2,0.026708984375,-0.0014946637907996773,0.3651818633079529,15.571246358752251,0.0003,10.275165557861328,,
,,770000,,,,3750,0.0016343526,-0.08568053180351853,0.2,0.021435546875,-0.00048346107942052183,0.2910609841346741,30.477532678842543,0.0003,11.363144874572754,1680.4,115.3
155.46900000000002,606,770048,1270,610.53,376,,,,,,,,,,,,
152.276,606,772096,1273,601.72,377,3760,0.005849537,-0.07889004781609402,0.2,0.030810546875,-0.002292380099243019,0.2677169442176819,24.58473668694496,0.0003,9.496796607971191,,
147.27300000000002,606,774144,1276,597.28,378,3770,0.0069124303,-0.08495426861336455,0.2,0.033154296875,-0.002853866330406163,0.3640563488006592,21.32823748588562,0.0003,11.951606750488281,,
147.769,606,776192,1279,605.36,379,3780,0.0027018397,-0.07124331628438085,0.2,0.0228515625,-0.0006997550051892176,0.3494138717651367,16.382573819160463,0.0003,4.284841060638428,,
153.72200000000004,606,778240,1282,621.44,380,3790,0.0026396676,-0.08810361209325493,0.2,0.02548828125,-0.0003546423715306446,0.29916638135910034,16.36517682671547,0.0003,8.601465225219727,,
,,780000,,,,3800,0.0067193443,-0.08474371617194265,0.2,0.020703125,0.001119444220967125,0.303775429725647,17.464125341176988,0.0003,6.7046308517456055,776.4,87.82000000000001
154.15400000000002,605,780288,1287,625.29,381,,,,,,,,,,,,
151.911,606,782336,1290,619.09,382,3810,0.003463432,-0.11091564300004393,0.2,0.030859375,2.288751129526645e-05,0.32264453172683716,19.78598535954952,0.0003,10.388420104980469,,
153.801,606,784384,1293,624.32,383,3820,0.0018527816,-0.08947266881586984,0.2,0.028173828125,-0.001560113055165857,0.3098462224006653,28.310434573888777,0.0003,10.035340309143066,,
156.91199999999998,606,786432,1297,633.84,384,3830,0.002324143,-0.09342075339518488,0.2,0.02724609375,0.00014528147148666902,0.4018397331237793,18.776458708941938,0.0003,8.140103340148926,,
166.46400000000003,606,788480,1300,663.72,385,3840,0.0036709108,-0.09557092316681519,0.2,0.0296875,-0.0012022476526908576,0.3519660234451294,21.43234915137291,0.0003,10.223721504211426,,
,,790000,,,,3850,0.0058058607,-0.09894604289438576,0.2,0.042529296875,-0.0034308045607758684,0.5077426433563232,18.519753202795982,0.0003,7.842859268188477,1924.4,332.9
160.401,604,790528,1308,639.54,386,,,,,,,,,,,,
162.31000000000003,604,792576,1311,624.1,387,3860,0.0032357643,-0.08488944250857458,0.2,0.02197265625,-0.002554566875915043,0.2918093800544739,29.864091727137566,0.0003,8.99065113067627,,
167.43600000000004,604,794624,1314,635.71,388,3870,0.0031256927,-0.08657125355675817,0.2,0.0265625,-0.0012775141949532554,0.2102755308151245,26.067145776748657,0.0003,8.649141311645508,,
164.741,604,796672,1317,625.56,389,3880,0.0042987126,-0.092627947893925,0.2,0.027783203125,-0.0013255349316750654,0.29663926362991333,24.517991957068443,0.0003,19.96122169494629,,
166.56300000000002,604,798720,1320,630.31,390,3890,0.0043684784,-0.0827108601864893,0.2,0.034033203125,-0.0007690314727369696,0.3670967221260071,23.241771697998047,0.0003,6.74001932144165,,
,,800000,,,,3900,0.0029298868,-0.06957890534540638,0.2,0.024267578125,-0.0001465634399210103,0.3687247037887573,26.08721283376217,0.0003,16.548851013183594,1640.6,230.51999999999998
166.062,603,800768,1327,627.62,391,,,,,,,,,,,,
174.92199999999997,603,802816,1331,652.44,392,3910,0.003944318,-0.08149350581225008,0.2,0.03154296875,-0.0009926291095325723,0.32006359100341797,17.374150308966637,0.0003,9.319385528564453,,
175.59400000000002,603,804864,1334,650.56,393,3920,0.0029182513,-0.08494809590047225,0.2,0.02685546875,-0.0019102403573924675,0.3639196753501892,29.88896907866001,0.0003,10.876723289489746,,
169.23899999999998,603,806912,1337,630.68,394,3930,0.0008578416,-0.07377735121408477,0.2,0.0140625,0.0002481144678313285,0.3233020305633545,35.872716411948204,0.0003,23.41042709350586,,
171.697,603,808960,1340,622.95,395,3940,0.007085955,-0.09726146328030154,0.2,0.050732421875,-0.004332822639844381,0.21521371603012085,29.377352052927016,0.0003,5.602023601531982,,
,,810000,,,,3950,0.003959846,-0.10701524371979758,0.2,0.0390625,0.0016179523299797438,0.37441736459732056,19.02328668832779,0.0003,6.638679027557373,1489.6,131.38
172.53100000000003,601,811008,1347,622.74,396,,,,,,,,,,,,
176.81099999999998,602,813056,1350,640.61,397,3960,0.00246111,-0.09799247409682721,0.2,0.027880859375,4.979322256986052e-05,0.3486969470977783,17.430262005329134,0.0003,7.925308704376221,,
174.26599999999996,602,815104,1353,639.93,398,3970,0.0031306364,-0.0900235757115297,0.2,0.02080078125,-0.002064616302959621,0.3868234157562256,24.83477712869644,0.0003,11.676469802856445,,
175.039,602,817152,1356,650.91,399,3980,0.0018134778,-0.0980282104224898,0.2,0.01826171875,-0.00048007079312810673,0.29759716987609863,23.535014003515244,0.0003,8.537046432495117,,
180.13499999999996,602,819200,1359,665.15,400,3990,0.0015547036,-0.10817543715238571,0.2,0.028759765625,-0.00028745682939188553,0.2859247922897339,25.907265838980674,0.0003,11.795328140258789,,
,,820000,,,,4000,0.0020115674,-0.0933881000149995,0.2,0.019384765625,-0.0003028469931450672,0.34187984466552734,24.725553995370866,0.0003,10.742127418518066,760.0,188.28
180.475,601,821248,1364,664.4,401,,,,,,,,,,,,
179.21699999999998,602,823296,1367,657.5,402,4010,0.002843039,-0.09740488971583545,0.2,0.034033203125,-0.002233533405524213,0.3407323360443115,22.74243493974209,0.0003,9.772438049316406,,
179.02399999999997,602,825344,1370,663.87,403,4020,0.0044885483,-0.09913266925141215,0.2,0.035693359375,-0.0018728159746387973,0.29285818338394165,22.702483473718168,0.0003,15.647149085998535,,
177.69,602,827392,1373,656.3,404,4030,0.0020963755,-0.10727998147485777,0.2,0.027490234375,0.0008998891687951982,0.2344653606414795,19.947023448348045,0.0003,6.698658466339111,,
177.553,602,829440,1376,666.3,405,4040,0.003260963,-0.10259695226559415,0.2,0.028564453125,-0.001526597399788443,0.21280020475387573,29.48716448545456,0.0003,14.443075180053711,,
,,830000,,,,4050,0.0054677613,-0.11196737703867257,0.2,0.0490234375,-0.0022688681987347082,0.3156313896179199,23.016354387998582,0.0003,17.241872787475586,1433.8,163.82
179.01399999999998,601,831488,1383,673.0,406,,,,,,,,,,,,
174.25,601,833536,1386,659.34,407,4060,0.0054003657,-0.09874845241429284,0.2,0.03896484375,-0.002244097107904963,0.27185678482055664,23.739733862876893,0.0003,14.433234214782715,,
182.113,601,835584,1389,686.87,408,4070,0.0022288966,-0.08100963204633445,0.2,0.02099609375,0.0004649728158256039,0.3532717823982239,21.11915003657341,0.0003,10.69920825958252,,
183.496,601,837632,1392,690.31,409,4080,0.004717217,-0.0855963431415148,0.2,0.034228515625,-0.0010521584234084002,0.28019607067108154,17.76749415397644,0.0003,20.18195915222168,,
187.72099999999998,601,839680,1395,697.96,410,4090,0.002277473,-0.07144130149972625,0.2,0.023583984375,-0.001967337455425877,0.3265746831893921,19.922591590881346,0.0003,8.050344467163086,,
,,840000,,,,4100,0.005497013,-0.06772379442118108,0.2,0.023681640625,-0.0016181560131371953,0.3100878596305847,17.735536701977253,0.0003,9.76325798034668,913.0,190.8
186.107,600,841728,1401,700.43,411,,,,,,,,,,,,
185.665,600,843776,1404,709.63,412,4110,0.0031574278,-0.06522872290224768,0.2,0.01640625,-0.0013518247709725984,0.368371844291687,20.961674013733862,0.0003,8.24216365814209,,
185.665,601,845824,1407,709.63,413,4120,0.011152053,-0.0796576926484704,0.2,0.035498046875,-0.002270317802322097,0.28641003370285034,9.245117979496717,0.0003,3.500279426574707,,
188.65999999999997,601,847872,1410,736.31,414,4130,0.0057469625,-0.09685362238669767,0.2,0.030517578125,0.00010970978182740509,0.3746892213821411,12.568163464963437,0.0003,6.4772725105285645,,
189.914,601,849920,1413,736.35,415,4140,0.0028314162,-0.09238144229166209,0.2,0.030078125,-0.0010025244206190108,0.34325528144836426,16.322777771949767,0.0003,7.103817462921143,,
,,850000,,,,4150,0.0028244983,-0.09264430069597437,0.2,0.026123046875,-0.0012519129566499032,0.3590262532234192,19.481486374139784,0.0003,8.577886581420898,615.8,38.28
187.377,600,851968,1418,726.02,416,,,,,,,,,,,,
186.38400000000004,600,854016,1421,727.2,417,4160,0.0014860998,-0.06591194765642286,0.2,0.025537109375,-0.0007594200273160822,0.4120679497718811,18.27755578160286,0.0003,7.871513366699219,,
186.987,601,856064,1424,728.08,418,4170,0.00302322,-0.07116968740010635,0.2,0.022265625,-0.0014901238668244333,0.33767223358154297,20.67192884385586,0.0003,18.585081100463867,,
186.987,601,858112,1427,728.08,419,4180,0.006115659,-0.07666185424895958,0.2,0.039404296875,0.0004031076532555744,0.31695348024368286,18.925842347741128,0.0003,8.542800903320312,,
,,860000,,,,4190,0.035774194,-0.09435151485959067,0.2,0.07041015625,0.006998508371179923,-1.6574697494506836,0.6373698116512969,0.0003,0.05003037676215172,2088.8,285.67999999999995
189.04600000000002,598,860160,1436,776.53,420,,,,,,,,,,,,
186.76600000000002,599,862208,1439,784.08,421,4200,0.0037282733,-0.08134687187848613,0.2,0.028076171875,0.00011979159753536806,0.36978328227996826,7.018942382000387,0.0003,1.6097849607467651,,
183.304,599,864256,1442,786.84,422,4210,0.0011709135,-0.06353598186105955,0.2,0.0119140625,-0.0005600877062533982,0.2859984040260315,11.83513650894165,0.0003,3.4439940452575684,,
178.903,599,866304,1445,793.03,423,4220,0.0017631795,-0.07678681557299569,0.2,0.01748046875,-0.0003445662805461325,0.36927902698516846,11.682762102037668,0.0003,4.8400468826293945,,
178.903,599,868352,1448,793.03,424,4230,0.0028171027,-0.08783919676207005,0.2,0.033251953125,-0.0035838661569869146,0.5154412388801575,4.461151810735464,0.0003,1.7268388271331787,,
,,870000,,,,4240,0.0034229644,-0.08631566414842382,0.2,0.02373046875,-0.0017548334144521505,0.3322538733482361,14.746080078184605,0.0003,5.581577301025391,736.4,100.97999999999999
178.903,598,870400,1453,793.03,425,,,,,,,,,,,,
178.092,599,872448,1456,828.5,426,4250,0.018160738,-0.0976885735290125,0.2,0.078125,-0.0017666937070316634,-0.15352940559387207,0.27879114348907025,0.0003,0.011231260374188423,,
178.76199999999997,599,874496,1459,847.94,427,4260,0.0015893525,-0.09041267107240855,0.2,0.021875,-0.00149214909033617,0.2491968870162964,16.817949563264847,0.0003,5.311563014984131,,
178.76199999999997,599,876544,1462,847.94,428,4270,0.0020704349,-0.09542303810594603,0.2,0.0251953125,-0.0010168709748541005,0.30636918544769287,7.866774965450167,0.0003,3.5195446014404297,,
180.194,599,878592,1465,879.97,429,4280,0.0011703675,-0.09375921308528631,0.2,0.012060546875,-0.0005785775691037997,0.38519197702407837,11.50150469765067,0.0003,4.150848388671875,,
,,880000,,,,4290,0.0024419795,-0.09408400386455469,0.2,0.026123046875,-0.0014181713093421422,0.3484973907470703,6.287185921706259,0.0003,2.8247714042663574,1407.0,95.2
178.736,598,880640,1472,884.89,430,,,,,,,,,,,,
180.06599999999997,598,882688,1475,901.57,431,4300,0.0014319187,-0.07570024816086515,0.2,0.015869140625,-0.0017662878701230512,0.21963566541671753,20.41825873851776,0.0003,10.344449996948242,,
177.673,598,884736,1478,910.34,432,4310,0.0016472373,-0.08659887192770839,0.2,0.030029296875,-0.0019396525138290599,0.2915986180305481,10.41003117710352,0.0003,9.452116012573242,,
179.253,598,886784,1481,913.69,433,4320,0.0029161386,-0.09219334328081459,0.2,0.032373046875,-0.0029086294438457117,0.34762483835220337,16.3959950119257,0.0003,8.296579360961914,,
177.46,598,888832,1484,927.23,434,4330,0.0015637411,-0.08118657845770941,0.2,0.0216796875,-0.0026453406986547633,0.3117724061012268,20.142268469929697,0.0003,7.870702266693115,,
,,890000,,,,4340,0.0018331844,-0.08316798210144043,0.2,0.0234375,-0.0003900150972185656,0.3777410387992859,15.96674133837223,0.0003,7.96953010559082,820.8,187.95999999999998
180.795,598,890880,1489,933.82,435,,,,,,,,,,,,
184.60299999999998,598,892928,1492,950.85,436,4350,0.003611573,-0.09081382564036175,0.2,0.0265625,-0.0029949599411338568,0.3349573612213135,16.771401652693747,0.0003,7.497604846954346,,
187.91100000000003,598,894976,1495,962.97,437,4360,0.0038317905,-0.09649299597367644,0.2,0.02470703125,-0.001943482382921502,0.2748059630393982,19.788839673995973,0.0003,17.89415740966797,,
177.84099999999998,598,897024,1498,937.54,438,4370,0.003598372,-0.0841404335515108,0.2,0.0271484375,-0.0006064279528800398,0.3667759299278259,16.20728783458471,0.0003,8.152125358581543,,
184.296,598,899072,1501,950.82,439,4380,0.0022164234,-0.08043909504776821,0.2,0.020068359375,-0.001879436892340891,0.27632248401641846,24.57432505786419,0.0003,17.495285034179688,,
,,900000,,,,4390,0.0019422618,-0.0937195707927458,0.2,0.023779296875,-0.0016588828642852605,0.3859388828277588,18.694195985794067,0.0003,9.04076862335205,517.0,65.46000000000001
182.54000000000005,598,901120,1505,954.86,440,,,,,,,,,,,,
186.85199999999998,598,903168,1508,961.85,441,4400,0.0036516888,-0.08444530710112304,0.2,0.024853515625,-0.0027644148271065206,0.24841594696044922,24.76497223675251,0.0003,13.374095916748047,,
185.14699999999996,598,905216,1511,961.75,442,4410,0.0026040184,-0.08857188972760924,0.2,0.03447265625,-0.0015547306858934463,0.37594908475875854,15.642655712366103,0.0003,8.304679870605469,,
178.321,598,907264,1514,951.88,443,4420,0.0030638343,-0.08174147796235047,0.2,0.02451171875,-0.0018424524023430422,0.3265342116355896,23.414279863238335,0.0003,15.063031196594238,,
178.321,599,909312,1517,951.88,444,4430,0.0023195334,-0.08278611262794584,0.2,0.023095703125,-0.001232767185138073,0.27814650535583496,20.398370108008386,0.0003,8.87464427947998,,
,,910000,,,,4440,0.024251247,-0.14127531764097512,0.2,0.111181640625,-0.0070007924252422525,-1.1265664100646973,0.5619808355928398,0.0003,0.03250858187675476,893.0,176.16000000000003
177.27399999999997,598,911360,1523,973.04,445,,,,,,,,,,,,
183.40599999999998,598,913408,1526,986.61,446,4450,0.0026837247,-0.13152704257518052,0.2,0.030126953125,-0.0008644932429888285,0.33960431814193726,22.096676224470137,0.0003,7.904145240783691,,
181.012,598,915456,1529,975.17,447,4460,0.0023115424,-0.1167372337775305,0.2,0.01845703125,-0.0017583865410415456,0.367178738117218,15.872911494970321,0.0003,7.031559467315674,,
179.45499999999996,598,917504,1532,973.74,448,4470,0.0028079075,-0.11617499245330691,0.2,0.0201171875,-0.0020653323241276666,0.21606922149658203,23.63460803925991,0.0003,10.898516654968262,,
174.595,599,919552,1535,960.44,449,4480,0.0015309454,-0.11893252034205944,0.2,0.017919921875,-0.0019460641284240409,0.27380943298339844,19.531915399432183,0.0003,7.932196617126465,,
,,920000,,,,4490,0.0019609956,-0.09806059483671561,0.2,0.017333984375,-0.0028698592461296355,0.2041800618171692,29.219060850143432,0.0003,13.733725547790527,1036.4,119.42
173.79399999999998,598,921600,1541,951.53,450,,,,,,,,,,,,
179.90300000000002,598,923648,1544,968.34,451,4500,0.0026070792,-0.1030323328799568,0.2,0.02373046875,-0.0017830455413786694,0.39363884925842285,13.693889006972313,0.0003,6.577862739562988,,
181.75700000000003,598,925696,1547,969.86,452,4510,0.0017749832,-0.11024910593405365,0.2,0.020654296875,-0.0017171907718875445,0.28574270009994507,16.923518884181977,0.0003,5.617431163787842,,
177.121,598,927744,1550,958.14,453,4520,0.0019484595,-0.09817424693610519,0.2,0.017138671875,-0.0008603914684499614,0.33320826292037964,21.29907365143299,0.0003,10.676573753356934,,
182.738,598,929792,1553,973.01,454,4530,0.0019172368,-0.09148959493031725,0.2,0.022314453125,-0.001915383969026152,0.24735981225967407,20.591858053207396,0.0003,11.87102222442627,,
,,930000,,,,4540,0.0020642893,-0.0860322960652411,0.2,0.018359375,-0.002233908517519012,0.38770192861557007,16.368604712188244,0.0003,9.471096992492676,411.8,115.62000000000003
176.273,598,931840,1557,949.33,455,,,,,,,,,,,,
177.10600000000002,598,933888,1560,958.23,456,4550,0.0027999151,-0.0774976278305985,0.2,0.024853515625,-0.0023559396737255155,0.42076873779296875,21.701138892769812,0.0003,5.804809093475342,,
173.945,598,935936,1563,957.76,457,4560,0.0029516493,-0.08253438584506512,0.2,0.02177734375,-0.002132189943222329,0.33769237995147705,20.385792249441145,0.0003,7.508360385894775,,
179.43899999999996,598,937984,1566,963.46,458,4570,0.0013647523,-0.06799874081625604,0.2,0.013818359375,-0.0002381657890509814,0.32382142543792725,21.50519243478775,0.0003,7.2072224617004395,,
,,940000,,,,4580,0.0015806474,-0.07901022715377622,0.2,0.0158203125,-0.0010385343397501857,0.2658191919326782,21.274593678116798,0.0003,15.569771766662598,1376.6,268.53999999999996
182.96000000000004,597,940032,1573,958.49,459,,,,,,,,,,,,
175.25500000000002,597,942080,1576,914.31,460,4590,0.0020037852,-0.07190081647131592,0.2,0.018017578125,-0.0012804838712327181,0.32232433557510376,26.652630037069322,0.0003,8.488499641418457,,
175.25500000000002,597,944128,1579,914.31,461,4600,0.003363947,-0.07531096674501896,0.2,0.015283203125,0.00017828614509198814,0.37450742721557617,18.306445452570916,0.0003,12.357660293579102,,
177.93200000000004,597,946176,1582,957.16,462,4610,0.014379469,-0.11717138281092047,0.2,0.063818359375,-0.002236752011231147,-2.7794342041015625,1.0628943155286834,0.0003,0.08830427378416061,,
176.31599999999997,598,948224,1585,950.03,463,4620,0.0012379965,-0.11403040272416547,0.2,0.014208984375,-0.00016193730261875315,0.32731497287750244,11.035854478180408,0.0003,2.58095121383667,,
,,950000,,,,4630,0.0031836159,-0.10092935452703386,0.2,0.018505859375,-0.003543459071079269,0.36229586601257324,19.12671255469322,0.0003,8.491488456726074,766.0,245.08
174.196,597,950272,1590,954.36,464,,,,,,,,,,,,
179.65699999999998,597,952320,1593,976.62,465,4640,0.0015121406,-0.09445968080544845,0.2,0.014501953125,-0.0015125576217542402,0.26929229497909546,18.45773137807846,0.0003,10.517581939697266,,
178.97599999999994,597,954368,1596,925.03,466,4650,0.001450639,-0.09617671556770802,0.2,0.011474609375,-0.001768990934942849,0.32905900478363037,16.71248100399971,0.0003,9.999763488769531,,
182.78599999999997,598,956416,1599,923.21,467,4660,0.0016502509,-0.08458078349940479,0.2,0.01630859375,-0.0013541945852921344,0.38778388500213623,27.1590879291296,0.0003,10.373208045959473,,
182.78599999999997,598,958464,1602,923.21,468,4670,0.003089696,-0.09415215890621767,0.2,0.029931640625,-0.0026683068164857103,0.27761536836624146,20.6182737916708,0.0003,8.096429824829102,,
,,960000,,,,4680,0.008634421,-0.12007311757188291,0.2,0.0578125,-0.0017963967169634999,-0.3888002634048462,1.6687380115967243,0.0003,0.7883032560348511,693.0,73.18
184.114,597,960512,1607,937.97,469,,,,,,,,,,,,
184.93099999999998,597,962560,1610,901.59,470,4690,0.0030337009,-0.11609732002252712,0.2,0.038525390625,-0.0014990995376138016,0.316552996635437,7.026907600462437,0.0003,1.6863528490066528,,
184.86899999999997,597,964608,1613,893.61,471,4700,0.0026567956,-0.09281108913710341,0.2,0.021826171875,-0.0021754584842710754,0.33837437629699707,21.407808217406274,0.0003,14.178338050842285,,
184.06099999999995,597,966656,1616,875.81,472,4710,0.0023538677,-0.0929576666560024,0.2,0.023291015625,-0.001553458397393115,0.3269471526145935,10.092724263295532,0.0003,4.861885070800781,,
185.81699999999992,598,968704,1619,882.39,473,4720,0.00865919,-0.09572011576965452,0.2,0.0353515625,-0.003042683473904617,0.35309523344039917,17.950613810122015,0.0003,7.5386223793029785,,
,,970000,,,,4730,0.0017832939,-0.08821295517263934,0.2,0.0263671875,-0.00125858157989569,0.3063899874687195,15.54763952344656,0.0003,7.5781073570251465,1421.8,163.64
189.69899999999998,596,970752,1626,887.84,474,,,,,,,,,,,,
189.17300000000003,596,972800,1629,876.83,475,4740,0.0050216997,-0.09521815979387611,0.2,0.03310546875,-0.002024685003561899,0.2777807116508484,16.439632712304594,0.0003,9.307440757751465,,
189.42800000000003,597,974848,1632,878.86,476,4750,0.003961115,-0.07663546482799574,0.2,0.020947265625,3.851811779895797e-05,0.284466028213501,16.680954167246817,0.0003,10.4569091796875,,
189.81000000000003,597,976896,1635,899.52,477,4760,0.0016804271,-0.09605687455041334,0.2,0.017041015625,-0.0010692483177990653,0.4061022996902466,18.580509206652643,0.0003,10.422669410705566,,
187.02300000000002,597,978944,1638,885.65,478,4770,0.006470176,-0.10573721786495298,0.2,0.0314453125,-0.0008798077949904836,0.3485826253890991,9.735851512849331,0.0003,10.75695514678955,,
,,980000,,,,4780,0.0019179296,-0.08270160395186395,0.2,0.02333984375,-0.002067429083399475,0.40405160188674927,25.89266739487648,0.0003,11.278148651123047,933.2,194.94
177.94,596,980992,1644,852.46,479,,,,,,,,,,,,
177.94,596,983040,1647,852.46,480,4790,0.002506398,-0.08620600530412048,0.2,0.029248046875,-0.0016448844733531586,0.31487590074539185,18.357220190763474,0.0003,7.749815940856934,,
182.23000000000005,596,985088,1650,895.69,481,4800,0.007184945,-0.10063777344767004,0.2,0.049658203125,0.005519636260578409,0.05317443609237671,1.8046514730434864,0.0003,0.7946372628211975,,
173.71599999999998,596,987136,1653,864.29,482,4810,0.0019206735,-0.09214756877627224,0.2,0.0248046875,-0.002301601998624392,0.3539491295814514,22.77024630010128,0.0003,9.336316108703613,,
174.304,596,989184,1656,886.7,483,4820,0.0020376677,-0.08634500321932137,0.2,0.0205078125,-0.0015824129775865003,0.42213010787963867,19.762855955958365,0.0003,10.932937622070312,,
,,990000,,,,4830,0.002259897,-0.0814072216337081,0.2,0.02802734375,-0.0008494538094964809,0.22475969791412354,11.903582948446275,0.0003,7.101483345031738,812.0,158.1
171.43599999999998,596,991232,1662,874.29,484,,,,,,,,,,,,
173.02100000000002,596,993280,1665,882.36,485,4840,0.0022985542,-0.07801518358755857,0.2,0.020166015625,-0.002421816572314128,0.3015342354774475,21.91470400393009,0.0003,12.582862854003906,,
167.291,596,995328,1668,843.68,486,4850,0.0017993357,-0.0883520622504875,0.2,0.022265625,-0.00261187597643584,0.32368266582489014,13.369870248436929,0.0003,5.006654262542725,,
162.325,596,997376,1671,827.86,487,4860,0.0015382101,-0.06910437943879515,0.2,0.019775390625,-0.0016416486309026369,0.36510413885116577,18.340356561541558,0.0003,3.634531021118164,,
163.074,596,999424,1674,833.47,488,4870,0.0025781952,-0.07176103107631207,0.2,0.02021484375,-0.0024402664421359077,0.20241212844848633,24.654804790019988,0.0003,12.026496887207031,,
,,1000000,,,,4880,0.0035678213,-0.08538458732655271,0.2,0.0212890625,-0.0022705808631144466,0.3143644332885742,15.345896108448505,0.0003,8.35023307800293,853.6,117.5
160.27300000000002,596,1001472,1679,832.83,489,,,,,,,,,,,,
160.97899999999998,596,1003520,1682,847.02,490,4890,0.002416445,-0.09607635480351746,0.2,0.0330078125,-0.00016414057463407517,0.37699878215789795,12.425336076319217,0.0003,3.663041830062866,,
164.84600000000003,596,1005568,1685,857.96,491,4900,0.0045187324,-0.08111318288138136,0.2,0.0384765625,-0.003749179092119448,0.2505543828010559,25.35787969827652,0.0003,12.758319854736328,,
164.30399999999997,596,1007616,1688,867.76,492,4910,0.0020957852,-0.07869192664511501,0.2,0.018408203125,-0.00025590440927771854,0.2364322543144226,20.05681245923042,0.0003,5.5062174797058105,,
162.14700000000002,596,1009664,1691,860.47,493,4920,0.0064472305,-0.10263424552977085,0.2,0.043798828125,-0.002263204034534283,0.19610875844955444,14.662313301861285,0.0003,9.807330131530762,,
,,1010000,,,,4930,0.005091321,-0.0942826216109097,0.2,0.028564453125,-5.182274617254734e-06,0.24305492639541626,17.474698641896246,0.0003,11.631970405578613,1938.6,155.98000000000002
161.44400000000005,594,1011712,1700,856.86,494,,,,,,,,,,,,
157.671,595,1013760,1703,838.91,495,4940,0.0044405097,-0.08462402974255383,0.2,0.030078125,-0.0018839793556253426,0.22465908527374268,26.694894152879716,0.0003,13.040192604064941,,
159.672,595,1015808,1706,843.64,496,4950,0.002289704,-0.07183515320066362,0.2,0.01630859375,-0.0006112889881478622,0.4258439540863037,21.60717194676399,0.0003,12.755409240722656,,
160.083,595,1017856,1709,866.8,497,4960,0.002656608,-0.0874174106051214,0.2,0.02578125,-0.0011415471875807271,0.38758689165115356,13.510395187139512,0.0003,8.012146949768066,,
156.548,595,1019904,1712,857.89,498,4970,0.0019306161,-0.08956229760078713,0.2,0.02978515625,-0.0010138130892300978,0.3387725353240967,21.1831581518054,0.0003,16.279027938842773,,
,,1020000,,,,4980,0.0039371047,-0.07560307550011203,0.2,0.024462890625,-0.00199779922113521,0.33650392293930054,20.754672536253928,0.0003,10.509697914123535,1340.8,183.92
158.95600000000002,594,1021952,1719,868.16,499,,,,,,,,,,,,
158.95600000000002,594,1024000,1722,868.16,500,4990,0.0024230802,-0.08778840280137956,0.2,0.022216796875,-0.0007671600178582594,0.2596018314361572,16.848171702027322,0.0003,11.075173377990723,,
166.58200000000005,594,1026048,1725,902.32,501,5000,0.003558557,-0.10593220994342119,0.2,0.035400390625,-0.0018230844914796762,0.3334087133407593,7.632075818628072,0.0003,1.7097707986831665,,
160.883,594,1028096,1728,894.77,502,5010,0.0026102425,-0.08520930749364197,0.2,0.019970703125,-0.0016339602298103273,0.4164770841598511,18.118220075964928,0.0003,6.208384990692139,,
,,1030000,,,,5020,0.003446818,-0.09192099909996614,0.2,0.0396484375,-0.003256376669742167,0.33623963594436646,16.475112882256507,0.0003,8.300814628601074,1840.8,196.04000000000002
164.615,593,1030144,1736,903.83,503,,,,,,,,,,,,
164.791,593,1032192,1739,902.55,504,5030,0.0023161182,-0.0735616446356289,0.2,0.017626953125,-0.0013561523737735115,0.2501486539840698,23.30703187286854,0.0003,8.134256362915039,,
165.14500000000004,593,1034240,1742,886.95,505,5040,0.003208575,-0.08417618524981663,0.2,0.0251953125,-0.0022094422674854286,0.21620064973831177,14.97406688630581,0.0003,7.221193313598633,,
167.47600000000003,593,1036288,1745,898.33,506,5050,0.002050449,-0.07900378801859916,0.2,0.02392578125,-0.0005019172313041054,0.3245335817337036,12.579836237430573,0.0003,7.3291096687316895,,
170.69099999999997,593,1038336,1748,911.66,507,5060,0.0025362638,-0.0852987535414286,0.2,0.0263671875,-0.0007456480758264661,0.39294368028640747,16.01207301616669,0.0003,9.218293190002441,,
,,1040000,,,,5070,0.001363927,-0.0703347397968173,0.2,0.012646484375,8.766055980231613e-05,0.22289586067199707,20.86207781434059,0.0003,5.6509246826171875,2233.8,269.32
176.623,591,1040384,1758,919.05,508,,,,,,,,,,,,
172.72200000000004,591,1042432,1761,899.27,509,5080,0.0024043706,-0.07306394399493002,0.2,0.021923828125,-0.001163885387359187,0.43117958307266235,18.068235388398172,0.0003,7.773880958557129,,
175.83500000000004,592,1044480,1764,906.21,510,5090,0.0020865798,-0.06552648071956355,0.2,0.01982421875,-0.00047246082685887815,0.42085784673690796,21.514462661743163,0.0003,11.696088790893555,,
176.29000000000005,592,1046528,1767,918.33,511,5100,0.0022357905,-0.0742813645862043,0.2,0.017626953125,-0.0008001761685591191,0.34653592109680176,16.792383989691736,0.0003,6.030702114105225,,
174.662,592,1048576,1770,883.55,512,5110,0.0027301793,-0.06875420858268626,0.2,0.01806640625,3.571570850908756e-05,0.296678364276886,22.465652039647104,0.0003,12.620893478393555,,
,,1050000,,,,5120,0.0019538233,-0.06277204798534512,0.2,0.01845703125,-0.001312939982744865,0.2958066463470459,21.61971452832222,0.0003,9.971785545349121,872.8,192.4
172.90099999999998,591,1050624,1776,889.58,513,,,,,,,,,,,,
174.175,591,1052672,1779,886.99,514,5130,0.00985563,-0.09596172739984468,0.2,0.03720703125,-0.00036988300416851416,0.2854558229446411,9.196766036003828,0.0003,4.652369976043701,,
177.351,591,1054720,1782,882.34,515,5140,0.0038240533,-0.08194725352223031,0.2,0.02822265625,-0.0018090093435603194,0.37941277027130127,22.894264030456544,0.0003,7.822745323181152,,
177.248,592,1056768,1784,884.28,516,5150,0.0022411826,-0.07228781246813014,0.2,0.01923828125,-0.00012468132190406321,0.33860135078430176,20.368549728393553,0.0003,6.145556449890137,,
173.25,592,1058816,1787,878.79,517,5160,0.014625148,-0.1004531770478934,0.2,0.03056640625,-0.0020080405287444592,0.47986429929733276,13.41427860558033,0.0003,5.61616325378418,,
,,1060000,,,,5170,0.002645469,-0.11055394530994818,0.2,0.031494140625,0.0003360778733622283,0.38969582319259644,20.32976793050766,0.0003,10.360252380371094,1890.8,278.91999999999996
173.25,590,1060864,1796,878.79,518,,,,,,,,,,,,
178.868,590,1062912,1799,900.89,519,5180,0.0062120613,-0.1218545172130689,0.2,0.041845703125,-0.0002055694450973533,0.3032776117324829,12.331007984280586,0.0003,6.271220684051514,,
184.21599999999998,590,1064960,1802,912.01,520,5190,0.0016603672,-0.09517223242437467,0.2,0.021630859375,-0.001108577886770945,0.2257988452911377,22.09278022348881,0.0003,6.981173038482666,,
187.549,591,1067008,1805,909.83,521,5200,0.0027849576,-0.0956055202987045,0.2,0.034912109375,-0.0028873218281660227,0.440642774105072,14.999838761985302,0.0003,7.133540153503418,,
188.605,591,1069056,1808,909.42,522,5210,0.0029444802,-0.08462604129454121,0.2,0.02607421875,-0.0010066295915748924,0.3644586205482483,21.45120122730732,0.0003,8.252330780029297,,
,,1070000,,,,5220,0.004207879,-0.09970615851925686,0.2,0.030419921875,-0.0013979376235511154,0.3065195083618164,16.790939503908156,0.0003,13.673409461975098,1601.2,103.94000000000001
192.856,589,1071104,1815,921.11,523,,,,,,,,,,,,
194.07499999999996,589,1073152,1818,926.48,524,5230,0.0040566395,-0.08469050923595205,0.2,0.027685546875,-0.002272393647581339,0.10902798175811768,23.16791352927685,0.0003,19.428756713867188,,
193.452,590,1075200,1821,894.65,525,5240,0.010503926,-0.08376714703044855,0.2,0.02314453125,-0.002045625972095877,0.2783847451210022,18.340962921082973,0.0003,7.1810102462768555,,
198.604,590,1077248,1824,917.87,526,5250,0.0030352445,-0.07949949206085875,0.2,0.0265625,-0.0009615662522264757,0.19904053211212158,20.258431240916252,0.0003,10.885698318481445,,
201.21399999999997,590,1079296,1827,932.23,527,5260,0.0019469308,-0.07746983111137525,0.2,0.02373046875,-0.001443326500884723,0.3324766755104065,21.895446184277535,0.0003,13.342514991760254,,
,,1080000,,,,5270,0.0032888134,-0.0832727725734003,0.2,0.02431640625,-0.0005681284237653017,0.3165625333786011,29.079629093408585,0.0003,8.735833168029785,1771.4,227.82000000000002
203.342,588,1081344,1836,931.24,528,,,,,,,,,,,,
205.944,589,1083392,1839,933.78,529,5280,0.0028497034,-0.08045426324242726,0.2,0.021240234375,-0.0008642090688226745,0.23353594541549683,20.017269796133043,0.0003,5.856757164001465,,
204.16400000000002,589,1085440,1842,944.18,530,5290,0.0015877595,-0.07998626000480727,0.2,0.018359375,-0.001337699369469192,0.34588801860809326,19.742994582653047,0.0003,5.933187007904053,,
203.03900000000002,589,1087488,1845,935.59,531,5300,0.0037457484,-0.10834213177440688,0.2,0.044384765625,-0.0006980142294196412,0.2924755811691284,11.550382709503173,0.0003,3.020324468612671,,
205.267,589,1089536,1848,941.01,532,5310,0.0039250785,-0.10062906029634178,0.2,0.031640625,-0.0012296090921154247,0.42403000593185425,21.14213421046734,0.0003,5.770432949066162,,
,,1090000,,,,5320,0.0017426611,-0.09359955576946959,0.2,0.023095703125,-0.0015200322814052925,0.2784268260002136,36.50534309148789,0.0003,19.904781341552734,949.2,90.84
203.525,588,1091584,1854,932.79,533,,,,,,,,,,,,
201.18099999999998,588,1093632,1857,929.12,534,5330,0.003232848,-0.0981537154992111,0.2,0.031005859375,-0.0009452029829844832,0.2700703740119934,15.608504708856344,0.0003,9.085165977478027,,
198.02800000000002,589,1095680,1860,924.18,535,5340,0.0011261372,-0.08483259448548779,0.2,0.017626953125,7.554607000201941e-05,0.2959515452384949,21.59957926273346,0.0003,7.496894359588623,,
201.13600000000002,589,1097728,1863,932.02,536,5350,0.036285006,-0.12047941121272743,0.2,0.061669921875,-0.004820154573826585,0.07063746452331543,6.836806740239263,0.0003,0.8262839317321777,,
201.799,589,1099776,1866,937.44,537,5360,0.0027212412,-0.10515464547788725,0.2,0.021240234375,-0.0008628792624222114,0.25566303730010986,28.87512647807598,0.0003,21.87424087524414,,
,,1100000,,,,5370,0.0017121542,-0.10169466634979471,0.2,0.013720703125,0.0002906582085415721,0.404167115688324,15.778730285167693,0.0003,7.578300476074219,1173.0,72.53999999999999
202.836,588,1101824,1872,945.38,538,,,,,,,,,,,,
197.28299999999996,588,1103872,1875,931.14,539,5380,0.010653254,-0.11840083886636421,0.2,0.038330078125,0.00038084641710156575,0.3122245669364929,9.364937468618155,0.0003,3.3491029739379883,,
199.48899999999998,588,1105920,1878,947.26,540,5390,0.0027085077,-0.11346922548254952,0.2,0.03857421875,-0.0019669067522045227,0.4041248559951782,17.65064931809902,0.0003,7.283842086791992,,
202.90200000000002,588,1107968,1881,956.78,541,5400,0.0026724553,-0.0949324706569314,0.2,0.029150390625,-0.001559428370092064,0.44712626934051514,18.49953102469444,0.0003,8.032787322998047,,
,,1110000,,,,5410,0.0025585773,-0.0825467221206054,0.2,0.022705078125,-0.0027838571084430443,0.2225637435913086,26.452928757667543,0.0003,13.926977157592773,851.6,110.99999999999997
202.90200000000002,588,1110016,1887,956.78,542,,,,,,,,,,,,
202.90200000000002,588,1112064,1890,956.78,543,5420,0.003047009,-0.09592445021262393,0.2,0.034912109375,-2.9000884387642147e-05,0.3926801085472107,12.657628762722016,0.0003,7.019140243530273,,
206.372,588,1114112,1893,1006.15,544,5430,0.007583243,-0.11171208040323108,0.2,0.060107421875,0.0024208232993260027,-0.56730055809021,0.5421086169080809,0.0003,0.07553470879793167,,
205.49099999999999,588,1116160,1896,1009.36,545,5440,0.0015356276,-0.10375485896365717,0.2,0.028466796875,-0.0011825545283500106,0.42063188552856445,12.429106345772743,0.0003,3.8689608573913574,,
205.632,588,1118208,1899,1012.3,546,5450,0.0017860533,-0.0884622618323192,0.2,0.02177734375,-0.0024798379075946287,0.1595516800880432,23.43394478261471,0.0003,10.831730842590332,,
,,1120000,,,,5460,0.0024674856,-0.11935469423187897,0.2,0.027587890625,-0.000513931701425463,0.3260146975517273,8.223676835000514,0.0003,2.7408623695373535,811.2,226.68
193.255,588,1120256,1904,943.32,547,,,,,,,,,,,,
187.77300000000002,588,1122304,1907,921.14,548,5470,0.0013728242,-0.0933599739568308,0.2,0.01953125,-0.002264976839069277,0.17833983898162842,27.69928371012211,0.0003,10.844944953918457,,
180.243,588,1124352,1910,873.47,549,5480,0.0010966851,-0.08819172435905784,0.2,0.011767578125,-0.00021040200954303145,0.3760950565338135,25.11547852754593,0.0003,11.670037269592285,,
166.825,588,1126400,1913,831.4,550,5490,0.0029800031,-0.08461120764259249,0.2,0.018701171875,-0.002000303825479932,0.2573651671409607,21.124326950311662,0.0003,6.899237632751465,,
161.04999999999998,588,1128448,1916,796.91,551,5500,0.0018081402,-0.09257142588030547,0.2,0.018310546875,-0.001996122488344554,0.3212816119194031,29.153071412444113,0.0003,13.272722244262695,,
,,1130000,,,,5510,0.0025564772,-0.09731640454847365,0.2,0.017333984375,-0.0022560249752132224,0.35290175676345825,23.526192101836205,0.0003,9.50600528717041,1203.4,129.1
159.028,587,1130496,1922,782.81,552,,,,,,,,,,,,
154.009,588,1132544,1925,754.32,553,5520,0.0017819832,-0.10534622244304045,0.2,0.033837890625,-0.0016415751655586065,0.3416494131088257,21.567358580231666,0.0003,11.560760498046875,,
144.245,588,1134592,1928,712.0,554,5530,0.001206791,-0.1030587001820095,0.2,0.020166015625,-0.0007572102127596736,0.31155550479888916,28.639996546506882,0.0003,8.905959129333496,,
138.293,588,1136640,1931,686.37,555,5540,0.0027773313,-0.09057182213291526,0.2,0.020556640625,-0.0025544370379066094,0.2940219044685364,28.22916597723961,0.0003,11.227801322937012,,
137.608,588,1138688,1934,686.42,556,5550,0.0032174191,-0.1033588799298741,0.2,0.028955078125,-0.0018130015407223255,0.2942467927932739,25.224722641706467,0.0003,16.094219207763672,,
,,1140000,,,,5560,0.0016739109,-0.10184133127331733,0.2,0.025390625,-0.0012457563920179383,0.2543523907661438,17.96335367411375,0.0003,12.987956047058105,861.8,61.25999999999999
120.917,587,1140736,1940,639.99,557,,,,,,,,,,,,
117.28799999999997,588,1142784,1943,643.46,558,5570,0.0035090505,-0.08480131085962057,0.2,0.022314453125,-0.0021599003477604127,0.22078430652618408,27.682387298345567,0.0003,6.107050895690918,,
121.806,588,1144832,1945,653.85,559,5580,0.005236113,-0.10424167737364769,0.2,0.0337890625,-0.0006085349537897855,0.12577468156814575,13.806126357614994,0.0003,3.0196733474731445,,
121.806,588,1146880,1949,653.85,560,5590,0.006683088,-0.08057661746861414,0.2,0.031689453125,-0.002354929952707607,0.3251652121543884,25.863983049988747,0.0003,8.173194885253906,,
121.806,588,1148928,1952,653.85,561,5600,0.00385759,-0.09560233001830057,0.2,0.032666015625,-0.0007534209202276543,0.3826947808265686,14.5019711881876,0.0003,8.49088191986084,,
,,1150000,,,,5610,0.020327587,-0.10957040879875421,0.2,0.0640625,0.0013060513854725286,-0.3367164134979248,0.6757112848339603,0.0003,0.07305750995874405,1708.0,166.45999999999998
124.697,587,1150976,1960,701.26,562,,,,,,,,,,,,
124.956,587,1153024,1963,707.14,563,5620,0.0058110594,-0.13307343955384568,0.2,0.05078125,-0.00335922215890605,0.5005545616149902,6.0152673289179805,0.0003,2.328772783279419,,
127.10099999999998,587,1155072,1966,722.16,564,5630,0.001095492,-0.09498337695840746,0.2,0.0146484375,-0.0018208682391559704,0.22218865156173706,17.946999621391296,0.0003,7.834547519683838,,
129.592,587,1157120,1969,713.78,565,5640,0.0018417784,-0.10671586653916165,0.2,0.02421875,-0.0011842534790048377,0.4097939729690552,12.985632002353668,0.0003,5.596567153930664,,
133.28000000000003,587,1159168,1972,715.79,566,5650,0.0026239976,-0.1079969406244345,0.2,0.0251953125,-0.0013158421628759243,0.2447466254234314,18.391086016595363,0.0003,5.945105075836182,,
,,1160000,,,,5660,0.0033387411,-0.0932507218210958,0.2,0.02998046875,-0.0035929282050346954,0.3665711283683777,21.261009791493414,0.0003,10.783449172973633,921.4,198.11999999999998
137.444,587,1161216,1977,725.57,567,,,,,,,,,,,,
141.48999999999998,587,1163264,1980,735.4,568,5670,0.0023648087,-0.09538261492270976,0.2,0.023193359375,-0.0015972624853020534,0.3731902241706848,22.213851928710938,0.0003,9.59992790222168,,
143.624,587,1165312,1983,730.17,569,5680,0.0034340643,-0.08098580117803067,0.2,0.02275390625,-0.0021025042267865503,0.33314138650894165,23.933087268471716,0.0003,14.11893081665039,,
144.754,587,1167360,1986,730.49,570,5690,0.0015684456,-0.08332784125814215,0.2,0.017822265625,-0.0011626066334429197,0.36728930473327637,21.77565601170063,0.0003,9.243865013122559,,
145.767,587,1169408,1989,737.85,571,5700,0.0027151238,-0.09964142781682313,0.2,0.030419921875,-0.0015766133059514687,0.3985295295715332,14.607864962518216,0.0003,5.501110076904297,,
,,1170000,,,,5710,0.0025869946,-0.10910911415703595,0.2,0.03193359375,-0.0005007718937122263,0.4148733615875244,12.389711944013834,0.0003,5.369128704071045,1169.2,132.82
146.12699999999998,586,1171456,1996,740.08,572,,,,,,,,,,,,
143.79899999999998,586,1173504,1999,748.39,573,5720,0.0037189529,-0.10594978514127433,0.2,0.03330078125,0.0005484424909809604,0.37954145669937134,13.837500972300768,0.0003,4.761655807495117,,
145.144,587,1175552,2002,748.38,574,5730,0.0021737106,-0.09692223025485873,0.2,0.018701171875,-0.0012659577885642647,0.23606789112091064,33.67899863421917,0.0003,14.867064476013184,,
150.579,587,1177600,2005,727.83,575,5740,0.002749503,-0.08909882489824668,0.2,0.0169921875,-0.00010721652652136981,0.22884762287139893,18.131387129426003,0.0003,12.360182762145996,,
150.799,587,1179648,2008,730.67,576,5750,0.0016492474,-0.0883838239707984,0.2,0.01982421875,-0.00039913026557769626,0.2326498031616211,31.052372267842294,0.0003,14.130402565002441,,
,,1180000,,,,5760,0.006108949,-0.08061009838129393,0.2,0.02509765625,-0.002100074104964733,0.28654903173446655,17.7662673830986,0.0003,5.226934909820557,1068.0,174.74
146.678,586,1181696,2014,681.23,577,,,,,,,,,,,,
146.445,586,1183744,2017,675.46,578,5770,0.002666017,-0.08133221979951485,0.2,0.023193359375,-0.0019606105983257295,0.26156365871429443,27.391530445218088,0.0003,6.297895431518555,,
148.366,587,1185792,2020,659.58,579,5780,0.0013106901,-0.08096815795870498,0.2,0.026220703125,-0.0026563142775557934,0.3364816904067993,24.599078965187072,0.0003,11.350977897644043,,
150.13199999999998,587,1187840,2023,676.41,580,5790,0.0049489187,-0.08803510051220656,0.2,0.0353515625,-0.0036341473110951482,0.25627386569976807,26.959287253022193,0.0003,10.505141258239746,,
150.13199999999998,587,1189888,2026,676.41,581,5800,0.0029615557,-0.09249595943838358,0.2,0.020654296875,-0.0005307016035658307,0.2999672293663025,21.49830021262169,0.0003,6.471095085144043,,
,,1190000,,,,5810,0.0038660134,-0.09399165581562556,0.2,0.03408203125,0.0024415955354925244,0.5064765214920044,6.585889010131359,0.0003,3.426276206970215,1254.6,143.1
151.607,586,1191936,2032,702.77,582,,,,,,,,,,,,
157.06699999999998,586,1193984,2035,719.28,583,5820,0.0037558565,-0.08331416578730569,0.2,0.022802734375,-0.00010219763644272461,0.3738318681716919,23.457628247141837,0.0003,12.704507827758789,,
154.31699999999998,586,1196032,2038,722.11,584,5830,0.0023542475,-0.09203348114388063,0.2,0.021337890625,-0.0020477658355957827,0.3214128017425537,25.19793570637703,0.0003,9.508040428161621,,
153.936,586,1198080,2041,734.37,585,5840,0.007675981,-0.09319933406077326,0.2,0.041552734375,-0.0012537707698356826,0.2570156455039978,18.899157643318176,0.0003,10.141908645629883,,
,,1200000,,,,5850,0.0051654507,-0.11948645714437589,0.2,0.031005859375,0.0007472623896319419,0.24046438932418823,10.2242156624794,0.0003,4.718943119049072,1011.0,108.64000000000001
156.947,586,1200128,2047,745.79,586,,,,,,,,,,,,
158.55299999999997,586,1202176,2050,756.6,587,5860,0.0032311021,-0.09351060423068702,0.2,0.024951171875,-0.0024636306159663947,0.2408914566040039,24.802800631523134,0.0003,8.188055038452148,,
161.831,586,1204224,2053,764.37,588,5870,0.0038706558,-0.09082910107099451,0.2,0.024365234375,-0.0012714020180283115,0.3770316243171692,19.75769793987274,0.0003,12.024506568908691,,
165.197,586,1206272,2056,783.95,589,5880,0.0027436453,-0.09095870899036526,0.2,0.026220703125,-0.0018989396572578698,0.22950148582458496,20.352842557430268,0.0003,15.504950523376465,,
161.66099999999997,586,1208320,2059,770.21,590,5890,0.002678019,-0.08984883582452312,0.2,0.02705078125,-0.0017060931131709367,0.4276156425476074,12.787823219597339,0.0003,8.017308235168457,,
,,1210000,,,,5900,0.0020914841,-0.0831658213515766,0.2,0.02333984375,-0.001895472792966757,0.28700393438339233,27.57844673991203,0.0003,22.881181716918945,648.0,124.09999999999998
164.518,586,1210368,2064,776.78,591,,,,,,,,,,,,
164.518,586,1212416,2067,776.78,592,5910,0.0027401224,-0.08532349038869143,0.2,0.026318359375,-0.0003861171251628548,0.28250908851623535,20.17667873799801,0.0003,17.071046829223633,,
159.92699999999996,586,1214464,2070,797.28,593,5920,0.15350002,-0.1265432928572409,0.2,0.120849609375,-0.011282345079234802,-0.10403883457183838,0.583445590257179,0.0003,0.09177616238594055,,
158.678,586,1216512,2073,776.15,594,5930,0.0029571252,-0.1404438577592373,0.2,0.03232421875,-0.004594913474284113,0.1792547106742859,30.29004798233509,0.0003,9.766018867492676,,
161.35700000000003,586,1218560,2076,780.07,595,5940,0.002603759,-0.13040116124320775,0.2,0.02431640625,-0.002978682384127751,0.27716064453125,25.911330172419547,0.0003,6.792112350463867,,
,,1220000,,,,5950,0.001547911,-0.13466486879624426,0.2,0.01328125,-0.0021729068394051865,0.1923527717590332,25.807454687356948,0.0003,6.425804615020752,772.6,58.019999999999996
157.81699999999998,586,1220608,2081,759.69,596,,,,,,,,,,,,
156.563,586,1222656,2084,709.6,597,5960,0.003866309,-0.14779335663188248,0.2,0.025146484375,-0.0027614956961770076,0.3049657940864563,19.669666507840155,0.0003,11.040448188781738,,
147.81899999999996,586,1224704,2087,656.66,598,5970,0.0018921928,-0.10855829181382433,0.2,0.01708984375,-0.0020510927657596766,0.32176339626312256,18.054208186268806,0.0003,10.001335144042969,,
148.24099999999996,586,1226752,2090,668.84,599,5980,0.0025609885,-0.1392458934802562,0.2,0.03046875,-0.0027548453828785567,0.2599756717681885,29.524677616357803,0.0003,18.32240104675293,,
146.363,587,1228800,2093,668.12,600,5990,0.0017774258,-0.13513378973584622,0.2,0.01875,-0.0019209709178539924,0.15854394435882568,23.17163813710213,0.0003,6.931905269622803,,
,,1230000,,,,6000,0.0031484729,-0.13290417774114757,0.2,0.035107421875,-0.0014797161420574412,0.285855770111084,22.6701272636652,0.0003,7.082221031188965,390.2,67.9
143.03,586,1230848,2097,658.1,601,,,,,,,,,,,,
140.503,586,1232896,2100,628.11,602,6010,0.0035982048,-0.12745159504702314,0.2,0.037158203125,-0.0036129746527876704,0.2643769383430481,31.80972028672695,0.0003,20.168859481811523,,
143.222,587,1234944,2103,623.84,603,6020,0.0027079869,-0.12012456546071917,0.2,0.021044921875,-0.001336321042617783,0.2681170105934143,26.961523976922035,0.0003,9.349286079406738,,
135.15200000000002,587,1236992,2106,604.18,604,6030,0.0026447875,-0.11696199937723577,0.2,0.02958984375,-0.0007327289335080422,0.4089977741241455,18.21356807947159,0.0003,7.229483604431152,,
137.00900000000001,587,1239040,2109,616.84,605,6040,0.0023173215,-0.11044180248863995,0.2,0.0255859375,-0.001597103821404744,0.33957409858703613,21.309701499342918,0.0003,9.61072826385498,,
,,1240000,,,,6050,0.0058974004,-0.11690562593867071,0.2,0.03427734375,-0.001673728454625234,0.38033729791641235,18.216271121799945,0.0003,9.551531791687012,1015.2,226.98000000000002
132.984,586,1241088,2115,602.11,606,,,,,,,,,,,,
134.08700000000002,586,1243136,2118,605.42,607,6060,0.0026162127,-0.12272125924937427,0.2,0.022998046875,-0.0014188418819685467,0.38886576890945435,26.767487850785255,0.0003,10.858880043029785,,
140.484,587,1245184,2121,625.93,608,6070,0.0050120805,-0.10126423344481736,0.2,0.0380859375,-0.001900375244440511,0.44233399629592896,17.907450738549233,0.0003,6.794994354248047,,
137.508,587,1247232,2124,622.3,609,6080,0.0052577425,-0.10682573842350393,0.2,0.0345703125,-0.0013766799442237244,0.29980963468551636,16.637115654349326,0.0003,7.182633876800537,,
138.55900000000003,587,1249280,2127,612.95,610,6090,0.0042065186,-0.11432937841163948,0.2,0.035791015625,0.0004418119991896674,0.32478833198547363,19.06164258122444,0.0003,9.151422500610352,,
,,1250000,,,,6100,0.0025504422,-0.1028098564594984,0.2,0.026708984375,-0.0010187088482780382,0.2719302177429199,22.80976915359497,0.0003,15.686137199401855,524.0,140.14000000000001
129.11500000000004,587,1251328,2131,570.15,611,,,,,,,,,,,,
134.881,587,1253376,2134,583.75,612,6110,0.00406703,-0.11847637247992679,0.2,0.04033203125,-0.0017151113570434973,0.27492767572402954,26.117606595158577,0.0003,19.582677841186523,,
137.484,587,1255424,2137,590.48,613,6120,0.0042819777,-0.10251868142513558,0.2,0.02998046875,-0.002036978941760026,0.25077229738235474,16.64506450891495,0.0003,10.190000534057617,,
140.15,587,1257472,2140,597.88,614,6130,0.0052067367,-0.11533046521944926,0.2,0.033544921875,-0.000582644814858213,0.3387680649757385,18.128774701058866,0.0003,7.1431355476379395,,
142.78799999999998,587,1259520,2143,600.04,615,6140,0.0061531076,-0.10532330481801182,0.2,0.0423828125,-0.003148353825963568,0.19507938623428345,25.673096317052842,0.0003,12.375723838806152,,
,,1260000,,,,6150,0.0033244179,-0.1152414018055424,0.2,0.027099609375,-0.0014827093313215301,0.21646392345428467,25.98035652935505,0.0003,10.622809410095215,842.6,224.21999999999997
141.27100000000002,587,1261568,2149,597.83,616,,,,,,,,,,,,
137.895,587,1263616,2152,584.86,617,6160,0.0024398896,-0.10990480139153078,0.2,0.03056640625,0.0004791596351424232,0.3748534917831421,15.593040741980076,0.0003,6.698129653930664,,
142.684,587,1265664,2155,593.66,618,6170,0.003403077,-0.10095666648121551,0.2,0.030859375,-0.0027929488860536367,0.33472615480422974,25.132857957482337,0.0003,8.378775596618652,,
143.796,587,1267712,2158,601.2,619,6180,0.0049959915,-0.08742292472161353,0.2,0.02890625,-0.0023205987017718144,0.34739065170288086,19.916473349928857,0.0003,5.6118998527526855,,
143.796,587,1269760,2161,601.2,620,6190,0.004725623,-0.09490319014294073,0.2,0.031787109375,-0.00129747928440338,0.42119520902633667,14.345119521021843,0.0003,7.807316303253174,,
,,1270000,,,,6200,0.0043914807,-0.08916716277599335,0.2,0.03935546875,-0.0015168597514275462,0.4586375951766968,6.346746873110533,0.0003,3.806183099746704,915.2,160.72
146.588,586,1271808,2166,647.25,621,,,,,,,,,,,,
146.696,587,1273856,2169,650.82,622,6210,0.0035392893,-0.09231884251348674,0.2,0.0294921875,-0.00011712610139511526,0.46450042724609375,14.027514284849167,0.0003,6.1525678634643555,,
146.883,587,1275904,2172,627.33,623,6220,0.002705555,-0.09296799736330286,0.2,0.026904296875,-0.0014305144228274002,0.3098450303077698,27.625957834720612,0.0003,9.120569229125977,,
149.13099999999997,587,1277952,2175,641.61,624,6230,0.0032323876,-0.0955390639952384,0.2,0.02509765625,-0.002185697635286488,0.4905211925506592,16.760681530833246,0.0003,9.336524963378906,,
,,1280000,,,,6240,0.0063719237,-0.1065777292707935,0.2,0.030908203125,0.00022662838455289602,0.4381980895996094,14.45432644635439,0.0003,8.331500053405762,1269.0,145.48000000000002
150.409,586,1280000,2182,657.18,625,,,,,,,,,,,,
155.68900000000002,586,1282048,2185,674.26,626,6250,0.0043128156,-0.10451231226325035,0.2,0.037890625,-0.00124663984606741,0.4281309247016907,21.114870324730873,0.0003,14.178009033203125,,
158.44700000000003,586,1284096,2188,684.27,627,6260,0.0023204032,-0.09013562987092882,0.2,0.024853515625,-0.0010426992987049744,0.2998010516166687,19.894817045331003,0.0003,5.965417385101318,,
161.651,586,1286144,2191,699.04,628,6270,0.0072404873,-0.10135889862431213,0.2,0.041162109375,-0.0028129681217251346,0.33422577381134033,20.953677654266357,0.0003,7.238105773925781,,
162.10100000000003,586,1288192,2194,717.3,629,6280,0.0039584683,-0.09837719482602551,0.2,0.03310546875,-0.0017915763717610389,0.4111561179161072,12.425342506170272,0.0003,6.148375511169434,,
,,1290000,,,,6290,0.012384611,-0.12015100938733667,0.2,0.049365234375,-0.0005480096180690453,0.518024742603302,8.267303604260087,0.0003,5.278007507324219,648.2,118.46000000000001
160.943,586,1290240,2199,739.24,630,,,,,,,,,,,,
160.943,586,1292288,2202,739.24,631,6300,0.016112782,-0.12746311335358768,0.2,0.05498046875,-0.003134256714838557,0.40183085203170776,17.14699696302414,0.0003,9.276056289672852,,
163.88300000000004,586,1294336,2205,750.54,632,6310,0.0028406964,-0.10857141462620348,0.2,0.034326171875,-0.001868445158470422,0.43305128812789917,17.351660203933715,0.0003,6.461670398712158,,
166.38300000000004,586,1296384,2208,759.48,633,6320,0.0018441388,-0.1016240235301666,0.2,0.024658203125,-0.0015234663471346721,0.16719019412994385,27.93354645371437,0.0003,9.057219505310059,,
169.74399999999997,587,1298432,2211,773.19,634,6330,0.002746088,-0.09404140861006453,0.2,0.02255859375,-0.00032064409169834106,0.3032873272895813,14.50367743074894,0.0003,6.926764011383057,,
,,1300000,,,,6340,0.002853946,-0.11540550683857873,0.2,0.027880859375,-0.0017012212425470351,0.3910120129585266,20.44332509338856,0.0003,8.214092254638672,1303.4,183.49999999999997
164.90399999999997,586,1300480,2218,767.17,635,,,,,,,,,,,,
167.91299999999998,586,1302528,2221,778.23,636,6350,0.0018846837,-0.11837920376565307,0.2,0.03544921875,-0.0003980143432272598,0.15464049577713013,17.632882642745972,0.0003,10.192346572875977,,
168.28400000000002,586,1304576,2224,796.67,637,6360,0.0031255619,-0.11331956540234386,0.2,0.033837890625,-0.002211500496196095,0.2767079472541809,15.795839701592922,0.0003,9.059560775756836,,
172.15500000000003,586,1306624,2227,823.65,638,6370,0.0022597755,-0.1025303928530775,0.2,0.030615234375,-0.00021031806099927052,0.3207424283027649,20.183152487874032,0.0003,8.586920738220215,,
174.544,586,1308672,2230,831.55,639,6380,0.0033479782,-0.1170598786091432,0.2,0.039453125,-0.0019112582973320968,0.46804696321487427,11.87676849514246,0.0003,5.995851993560791,,
,,1310000,,,,6390,0.0035321394,-0.11615800466388464,0.2,0.0341796875,-0.0011499172280309722,0.306402325630188,17.207523189485073,0.0003,9.209704399108887,1016.0,176.56
176.49,586,1310720,2236,838.02,640,,,,,,,,,,,,
177.729,586,1312768,2239,840.22,641,6400,0.002509737,-0.10100733476574533,0.2,0.027587890625,3.639002388808876e-05,0.14256292581558228,19.789076115190984,0.0003,7.633613109588623,,
182.609,586,1314816,2242,859.02,642,6410,0.0031492591,-0.104247173469048,0.2,0.03671875,-0.0013723891708650627,0.43247276544570923,14.879325622320176,0.0003,10.098633766174316,,
182.609,586,1316864,2245,859.02,643,6420,0.0036674496,-0.0992935721646063,0.2,0.032958984375,-0.002203552072751336,0.413269579410553,12.33989351540804,0.0003,5.948328018188477,,
187.166,586,1318912,2248,876.74,644,6430,0.003606324,-0.1035337962443009,0.2,0.02451171875,-0.0006137902761111036,0.2897968888282776,14.353011080622673,0.0003,6.573771953582764,,
,,1320000,,,,6440,0.005607191,-0.09786178595386445,0.2,0.03203125,-0.002272848020948004,0.39446043968200684,13.314179290831088,0.0003,5.000871181488037,660.4,47.779999999999994
193.963,586,1320960,2253,899.96,645,,,,,,,,,,,,
197.53799999999998,586,1323008,2256,907.05,646,6450,0.0016198362,-0.09876633215462789,0.2,0.019921875,-0.0015320582941058091,0.23047327995300293,20.409870579838753,0.0003,7.456531047821045,,
201.695,586,1325056,2259,921.88,647,6460,0.0029290156,-0.08507177352439613,0.2,0.025439453125,-0.0011634950817096979,0.26313555240631104,22.77044686973095,0.0003,7.33518123626709,,
201.695,586,1327104,2262,921.88,648,6470,0.0026103214,-0.09794460714329034,0.2,0.026904296875,-0.002236597222508863,0.32068872451782227,19.882260102033616,0.0003,10.881896018981934,,
206.745,586,1329152,2265,964.8,649,6480,0.0049531218,-0.11608994994312524,0.2,0.047314453125,0.0005515507742529735,0.03451353311538696,4.758935122378171,0.0003,1.0047799348831177,,
,,1330000,,,,6490,0.002368241,-0.11432814203435555,0.2,0.0291015625,9.663272358011455e-05,0.37978285551071167,11.484965661913156,0.0003,6.479708194732666,1894.0,292.86
204.67800000000003,585,1331200,2273,961.99,650,,,,,,,,,,,,
204.33100000000002,585,1333248,2276,972.73,651,6500,0.004148596,-0.0968893592711538,0.2,0.031591796875,-0.0016927326985751278,0.29231441020965576,28.06875348985195,0.0003,12.142112731933594,,
204.33100000000002,585,1335296,2280,972.73,652,6510,0.004238407,-0.11365684752818198,0.2,0.02568359375,-0.0011203974339878187,0.4133594036102295,13.887790662050246,0.0003,3.8401153087615967,,
204.33100000000002,585,1337344,2283,972.73,653,6520,0.0032700887,-0.11739541820716112,0.2,0.02783203125,0.001268309194711037,0.4247128367424011,16.784265440702438,0.0003,8.171448707580566,,
204.33100000000002,585,1339392,2286,972.73,654,6530,0.022234611,-0.1398465807782486,0.2,0.092578125,-0.0023968900786712766,-2.338758945465088,0.7966193720698357,0.0003,0.1414579302072525,,
,,1340000,,,,6540,0.07734002,-0.1700370971346274,0.2,0.081884765625,-0.0048465631058206785,0.33860546350479126,0.3558439868851565,0.0003,0.025626137852668762,1201.4,95.78
212.709,585,1341440,2292,1052.67,655,,,,,,,,,,,,
213.14199999999997,585,1343488,2295,1053.04,656,6550,0.003022908,-0.1359205070650205,0.2,0.0333984375,-0.0027770683751441537,0.31216567754745483,22.764051187038422,0.0003,10.07400131225586,,
215.21800000000002,585,1345536,2298,1060.45,657,6560,0.003006991,-0.14317017808789387,0.2,0.0302734375,-0.0032833015342475847,0.2632165551185608,18.721766692399978,0.0003,9.824555397033691,,
217.382,585,1347584,2301,1067.58,658,6570,0.0027716423,-0.1382271939655766,0.2,0.023583984375,-0.0031150533177424222,0.18783938884735107,21.484201300144196,0.0003,7.197781085968018,,
222.10000000000002,585,1349632,2304,1082.89,659,6580,0.0026783776,-0.1275783196790144,0.2,0.030517578125,-0.003668896618182771,0.28255146741867065,15.658883886039257,0.0003,4.482420444488525,,
,,1350000,,,,6590,0.0026758658,-0.11585379704483785,0.2,0.02294921875,-0.0023629327886737885,0.27653956413269043,30.47431411743164,0.0003,13.425577163696289,1453.8,144.3
222.10000000000002,584,1351680,2311,1082.89,660,,,,,,,,,,,,
222.556,584,1353728,2314,1115.84,661,6600,0.0031901207,-0.14566809947136788,0.2,0.02451171875,-0.0012797113187843934,0.40569257736206055,7.267082014679909,0.0003,4.80606746673584,,
216.30300000000003,584,1355776,2317,1101.72,662,6610,0.003578606,-0.17228109810967,0.2,0.037841796875,-0.0010320157933165319,0.3815317153930664,9.352784169465304,0.0003,7.520960807800293,,
216.30300000000003,585,1357824,2320,1101.72,663,6620,0.0016842312,-0.13388643756043167,0.2,0.01865234375,-0.0015069077460793778,0.1748523712158203,27.555911108851433,0.0003,11.482784271240234,,
216.30300000000003,585,1359872,2323,1101.72,664,6630,0.0012115897,-0.14869410146493464,0.2,0.026611328125,-0.001394805779273156,0.3512346148490906,11.470027489960193,0.0003,11.78020191192627,,
,,1360000,,,,6640,0.020751156,-0.19729243328329177,0.2,0.104345703125,-0.006981868069851771,-0.3274582624435425,0.5685414480045438,0.0003,0.03325928747653961,1733.0,138.01999999999998
218.947,584,1361920,2331,1149.32,665,,,,,,,,,,,,
220.20100000000002,584,1363968,2334,1163.47,666,6650,0.0018344149,-0.19594976229127498,0.2,0.02578125,-0.0009323464415501803,0.4463154077529907,9.136135593801736,0.0003,5.02484655380249,,
214.74900000000002,584,1366016,2337,1163.12,667,6660,0.006002223,-0.20223757450003177,0.2,0.043359375,-0.002979319442238193,0.40632861852645874,11.189143361896276,0.0003,6.9600605964660645,,
214.753,584,1368064,2340,1188.72,668,6670,0.0023308443,-0.18769690953195095,0.2,0.03359375,-0.0024551497655920683,0.37636059522628784,12.33310838341713,0.0003,2.830155849456787,,
,,1370000,,,,6680,0.0047459123,-0.18454482313245535,0.2,0.051416015625,-0.004567270097322762,0.32324862480163574,11.687045584619046,0.0003,4.6498260498046875,1181.0,65.52000000000001
214.753,583,1370112,2347,1188.72,669,,,,,,,,,,,,
218.09699999999998,583,1372160,2350,1214.66,670,6690,0.00333468,-0.19146090620197356,0.2,0.042626953125,-0.0034457344736438245,0.33123600482940674,11.718505960702895,0.0003,3.8899919986724854,,
220.21799999999996,583,1374208,2353,1236.88,671,6700,0.0022602119,-0.192633236059919,0.2,0.037890625,-0.0031988210539566353,0.4068351984024048,12.446169608831406,0.0003,7.362490653991699,,
222.922,584,1376256,2356,1250.82,672,6710,0.0034780346,-0.19451121944002808,0.2,0.051123046875,-0.0040545511350501325,0.3845149278640747,12.522658564150333,0.0003,5.4150285720825195,,
220.03999999999996,584,1378304,2359,1250.42,673,6720,0.001823985,-0.16577052026987077,0.2,0.021337890625,-0.0023804347787518055,0.32391494512557983,21.86801611185074,0.0003,9.391457557678223,,
,,1380000,,,,6730,0.0030481296,-0.16649616479407997,0.2,0.03134765625,-0.0028767959040123968,0.32914113998413086,17.7394887432456,0.0003,9.847528457641602,757.0,37.32000000000001
217.084,583,1380352,2364,1242.47,674,,,,,,,,,,,,
215.091,583,1382400,2367,1240.2,675,6740,0.0046450756,-0.17695133399683982,0.2,0.03427734375,-0.0028597130280104467,0.376992404460907,12.416613346338272,0.0003,7.214908599853516,,
214.1,584,1384448,2370,1256.58,676,6750,0.0056945076,-0.1819118752144277,0.2,0.03515625,-0.0016247128121904097,0.4089199900627136,11.830390963703394,0.0003,11.778937339782715,,
209.556,584,1386496,2373,1256.65,677,6760,0.0054834047,-0.15810979413799942,0.2,0.037158203125,-0.003409694164292887,0.3482905626296997,18.110921193659305,0.0003,8.420888900756836,,
209.556,584,1388544,2376,1256.65,678,6770,0.009007223,-0.1704024435253814,0.2,0.0580078125,-0.0015206477502943017,0.30836522579193115,6.7981101900339125,0.0003,4.618655681610107,,
,,1390000,,,,6780,0.0045500137,-0.14340453676413745,0.2,0.0306640625,-0.0027009318800992332,0.21519768238067627,18.41590647995472,0.0003,7.080563545227051,1503.6,119.58
213.645,583,1390592,2383,1273.48,679,,,,,,,,,,,,
213.645,583,1392640,2386,1273.48,680,6790,0.0033372478,-0.13674352089874448,0.2,0.025537109375,-0.0021890072719543243,0.38633161783218384,13.964470267295837,0.0003,5.112113952636719,,
214.33,583,1394688,2389,1297.49,681,6800,0.015108217,-0.1737898730672896,0.2,0.0634765625,0.002779880980961025,-1.0556542873382568,0.9190943353576586,0.0003,0.040140364319086075,,
214.33,583,1396736,2392,1297.49,682,6810,0.0031796168,-0.14334925510920585,0.2,0.029296875,-0.0018566759012173862,0.33423036336898804,13.61449467241764,0.0003,4.014163017272949,,
211.84799999999998,583,1398784,2395,1317.56,683,6820,0.0034625446,-0.1840075848158449,0.2,0.03544921875,-0.0022758127393899485,0.33926427364349365,6.524559033289552,0.0003,3.834327220916748,,
,,1400000,,,,6830,0.006586697,-0.1763404306024313,0.2,0.058447265625,-0.005101416684919968,0.29568153619766235,14.305938547849655,0.0003,7.8261237144470215,2602.8,246.11999999999998
210.64499999999995,582,1400832,2406,1278.44,684,,,,,,,,,,,,
209.49899999999997,582,1402880,2409,1292.86,685,6840,0.0039389376,-0.18015365349128842,0.2,0.038427734375,-0.0018086192110786214,0.3162052035331726,10.899753714352846,0.0003,4.231364727020264,,
201.32600000000002,582,1404928,2412,1237.56,686,6850,0.0047011576,-0.17955699416343124,0.2,0.051904296875,-0.0032416499248938634,0.46132081747055054,6.96200045235455,0.0003,1.8180378675460815,,
201.246,582,1406976,2415,1240.01,687,6860,0.002278179,-0.13277556821703912,0.2,0.021923828125,-0.001908594518317841,0.2587321400642395,28.3258520424366,0.0003,11.05147933959961,,
201.79600000000002,582,1409024,2418,1252.1,688,6870,0.008660844,-0.1613616363145411,0.2,0.04169921875,-0.00243974725890439,0.23571574687957764,14.650000071525573,0.0003,5.733381748199463,,
,,1410000,,,,6880,0.005927922,-0.15694162326399236,0.2,0.05205078125,-0.0003820198180619627,0.4169817566871643,6.867317291349172,0.0003,4.033539295196533,2142.0,155.76
203.6,581,1411072,2427,1263.63,689,,,,,,,,,,,,
204.54800000000003,581,1413120,2430,1242.1,690,6890,0.0025972875,-0.1305194858694449,0.2,0.018115234375,-0.0009967600606614723,0.2393009066581726,21.26374274790287,0.0003,9.267126083374023,,
201.99799999999996,581,1415168,2433,1221.35,691,6900,0.013794981,-0.1268117886618711,0.2,0.030615234375,-0.003352159533824306,0.12450200319290161,16.815893825888633,0.0003,3.8536267280578613,,
201.99799999999996,581,1417216,2436,1221.35,692,6910,0.0024481541,-0.11189691075123846,0.2,0.02412109375,-0.002968120315927081,0.22774094343185425,34.00949794948101,0.0003,17.877809524536133,,
206.97899999999993,581,1419264,2439,1244.28,693,6920,0.0028671683,-0.12187032557558268,0.2,0.039013671875,-0.0017851346143288537,0.37728726863861084,12.952578549087047,0.0003,4.476393699645996,,
,,1420000,,,,6930,0.0026010398,-0.12420643088407815,0.2,0.021240234375,-0.0008999322773888708,0.31024062633514404,16.842313538491727,0.0003,6.9344072341918945,2555.0,203.35999999999999
204.074,580,1421312,2450,1238.21,694,,,,,,,,,,,,
206.53199999999998,580,1423360,2453,1243.77,695,6940,0.0025078123,-0.09585824896348641,0.2,0.028955078125,-0.003286532117635943,0.3152696490287781,21.567211294174193,0.0003,7.439373970031738,,
208.68600000000004,580,1425408,2456,1247.24,696,6950,0.0030360536,-0.10683739669620991,0.2,0.02939453125,-0.0018967298019560985,0.3840538263320923,16.82082193493843,0.0003,7.8199462890625,,
204.47899999999998,580,1427456,2459,1214.44,697,6960,0.0023963074,-0.10513910325244069,0.2,0.03095703125,-0.0011077240560553037,0.3196602463722229,15.005110746622085,0.0003,6.389349460601807,,
210.673,580,1429504,2462,1226.43,698,6970,0.0049101,-0.11173305782722309,0.2,0.02333984375,-0.0008229842991568148,0.2911261320114136,24.0777209341526,0.0003,11.484047889709473,,
,,1430000,,,,6980,0.0024391082,-0.08979821315733716,0.2,0.0234375,-0.002424471755512059,0.34429049491882324,18.581965705752374,0.0003,8.588408470153809,881.4,69.8
214.767,580,1431552,2467,1235.2,699,,,,,,,,,,,,
217.11700000000002,580,1433600,2470,1250.13,700,6990,0.0018452937,-0.09349199233110994,0.2,0.019677734375,-0.0009901790966978298,0.2730204463005066,19.1734218865633,0.0003,5.797069072723389,,
215.05599999999998,580,1435648,2473,1245.26,701,7000,0.010522004,-0.11692169653251767,0.2,0.03935546875,-0.0031602320610545575,0.32057833671569824,9.377351646125316,0.0003,7.2979583740234375,,
205.11,580,1437696,2476,1202.86,702,7010,0.001473238,-0.09124917415902019,0.2,0.02666015625,-0.0013471790196490474,0.30986863374710083,19.768514400720598,0.0003,10.710977554321289,,
199.15799999999996,580,1439744,2479,1190.81,703,7020,0.0040233117,-0.09390998769085854,0.2,0.022705078125,-0.0020886093960143627,0.29623109102249146,23.57271841466427,0.0003,8.434889793395996,,
,,1440000,,,,7030,0.0014504641,-0.09275945371482522,0.2,0.022509765625,-0.0005653370899381116,0.263420045375824,24.6882548391819,0.0003,14.767439842224121,1206.0,198.90000000000003
203.071,580,1441792,2485,1196.6,704,,,,,,,,,,,,
200.50099999999998,580,1443840,2488,1189.7,705,7040,0.003490278,-0.0890442984062247,0.2,0.019140625,-0.0018509302753955126,0.2892153263092041,22.196797069907188,0.0003,8.528660774230957,,
200.445,580,1445888,2491,1168.29,706,7050,0.005265216,-0.09163235774612985,0.2,0.030859375,-0.0018522246507927775,0.28742045164108276,13.896717439591885,0.0003,4.918980121612549,,
201.59500000000003,580,1447936,2494,1172.07,707,7060,0.0034530535,-0.08963901629904285,0.2,0.0251953125,-0.000785532090230845,0.3008784055709839,18.56302723735571,0.0003,5.217134952545166,,
197.20600000000002,580,1449984,2497,1102.01,708,7070,0.0037055644,-0.0832981304381974,0.2,0.0369140625,-0.0035724835412111132,0.19765877723693848,21.8553286254406,0.0003,15.645262718200684,,
,,1450000,,,,7080,0.0024654758,-0.07972784553421661,0.2,0.02109375,-0.001254602703556884,0.23896729946136475,23.229146659374237,0.0003,11.65527057647705,710.6,252.27999999999997
189.39899999999997,580,1452032,2502,1084.99,709,,,,,,,,,,,,
180.155,580,1454080,2506,1051.68,710,7090,0.008376875,-0.09962156682740897,0.2,0.0291015625,-0.0021314463127055207,0.2736074924468994,20.005624765157698,0.0003,5.148223876953125,,
188.838,580,1456128,2509,1079.51,711,7100,0.0041884515,-0.09960991002153605,0.2,0.024658203125,-0.0010894007195020095,0.26232004165649414,29.025620439648627,0.0003,13.788127899169922,,
190.67,580,1458176,2512,1085.69,712,7110,0.0043995585,-0.09862779361428693,0.2,0.026513671875,-0.0025881047535222025,0.3978235721588135,17.93347574174404,0.0003,5.369716644287109,,
,,1460000,,,,7120,0.009756904,-0.09369686132995411,0.2,0.0345703125,-0.0027377164689823983,0.31274932622909546,21.369853869080544,0.0003,8.763761520385742,2513.6,251.7
189.03499999999997,578,1460224,2522,1047.02,713,,,,,,,,,,,,
191.66199999999998,578,1462272,2525,1056.05,714,7130,0.012435531,-0.09468700680881739,0.2,0.025341796875,-0.001962509084842168,0.30863237380981445,22.20785601735115,0.0003,10.005439758300781,,
193.433,579,1464320,2528,1022.48,715,7140,0.0064969007,-0.09545813214499503,0.2,0.034423828125,-0.0028918998810695483,0.2582147717475891,19.47426101565361,0.0003,6.409143924713135,,
192.81400000000002,579,1466368,2531,1016.18,716,7150,0.003876266,-0.12411323372507468,0.2,0.039208984375,-0.0015792581776622682,0.296397864818573,12.315103082358837,0.0003,3.066622734069824,,
192.81400000000002,579,1468416,2534,1016.18,717,7160,0.008562987,-0.1383974695345387,0.2,0.055078125,0.0002644868087372743,0.3070982098579407,17.306900370121003,0.0003,5.905704975128174,,
,,1470000,,,,7170,0.010961816,-0.11755381509428844,0.2,0.065380859375,-0.0033969229887588883,0.4462006688117981,5.402165801078081,0.0003,2.302739381790161,474.4,115.92
192.24499999999998,579,1470464,2538,972.79,718,,,,,,,,,,,,
191.11599999999999,579,1472512,2541,955.76,719,7180,0.0020078323,-0.09550094249425456,0.2,0.019970703125,-0.0014764971361728384,-0.01816117763519287,27.027751684188843,0.0003,18.279726028442383,,
189.71900000000002,579,1474560,2544,931.25,720,7190,0.002282193,-0.07574228129815311,0.2,0.02109375,-0.0023118735232856126,0.23797261714935303,18.727420741319655,0.0003,6.119962692260742,,
197.412,579,1476608,2547,934.28,721,7200,0.0033809433,-0.07719664446776733,0.2,0.02314453125,-0.002501013787696138,0.32220059633255005,24.300161704421043,0.0003,9.891830444335938,,
201.168,579,1478656,2550,930.98,722,7210,0.0029630358,-0.08152500896248967,0.2,0.02548828125,-0.002298553055152297,0.3284076452255249,19.348309881985188,0.0003,8.876973152160645,,
,,1480000,,,,7220,0.003389928,-0.08275679874932393,0.2,0.026953125,-0.003445896986522712,0.34654712677001953,20.238710236549377,0.0003,10.672168731689453,1091.2,204.14000000000001
202.18899999999996,579,1480704,2556,926.48,723,,,,,,,,,,,,
203.227,579,1482752,2559,925.51,724,7230,0.0028947606,-0.07206448950455524,0.2,0.0220703125,-7.779325096635148e-05,0.23215442895889282,14.618749825656414,0.0003,13.251506805419922,,
201.614,579,1484800,2562,865.87,725,7240,0.003513808,-0.08138586804270745,0.2,0.0271484375,-0.0015461633709492161,0.29405826330184937,26.378771817684175,0.0003,10.284811973571777,,
200.543,579,1486848,2565,838.48,726,7250,0.0045730164,-0.08913236922817305,0.2,0.027734375,-0.002572410044376738,0.278678834438324,20.137578070163727,0.0003,7.87349796295166,,
203.53300000000002,579,1488896,2568,845.41,727,7260,0.003588494,-0.08779106456786394,0.2,0.02001953125,-0.0008853018458466977,0.13522696495056152,29.36013845205307,0.0003,13.999736785888672,,
,,1490000,,,,7270,0.0056394003,-0.07480780656915158,0.2,0.020556640625,-0.001682976065785624,0.2432284951210022,25.59839334487915,0.0003,9.151514053344727,1934.0,309.06000000000006
205.132,578,1490944,2577,851.52,728,,,,,,,,,,,,
206.32800000000003,578,1492992,2580,878.58,729,7280,0.0047453465,-0.09907232976984233,0.2,0.024658203125,0.0008909349620807916,0.3506014943122864,12.934687945246697,0.0003,3.9846580028533936,,
206.09799999999998,578,1495040,2583,894.32,730,7290,0.012336697,-0.11613549343310296,0.2,0.042626953125,0.00075217648409307,0.29184913635253906,9.843395669013262,0.0003,4.565330505371094,,
212.599,578,1497088,2586,913.65,731,7300,0.002193851,-0.1071291267639026,0.2,0.02646484375,-0.000939079889212735,0.35211992263793945,18.817902439832686,0.0003,7.889898300170898,,
208.59699999999998,578,1499136,2589,875.49,732,7310,0.0037499168,-0.09849303853698074,0.2,0.029541015625,-0.0008720614714547992,0.32446157932281494,14.684794163703918,0.0003,5.74979305267334,,
,,1500000,,,,7320,0.0025935224,-0.09651376145193354,0.2,0.032861328125,-0.0017428823484806344,0.34186607599258423,21.62005028128624,0.0003,14.570464134216309,1735.4,454.2
208.59699999999998,578,1501184,2596,875.49,733,,,,,,,,,,,,
209.15900000000002,578,1503232,2599,902.94,734,7330,0.007783075,-0.14927602803800255,0.2,0.07275390625,0.004080910046468489,-1.8945369720458984,0.8212120023788885,0.0003,0.04876258224248886,,
212.419,578,1505280,2602,906.05,735,7340,0.0010457152,-0.1208271156763658,0.2,0.013134765625,-0.000823974481318146,0.34946268796920776,18.788695260882378,0.0003,7.8589396476745605,,
214.495,578,1507328,2605,916.39,736,7350,0.0012774991,-0.10262168163899332,0.2,0.009423828125,-0.0015362940583145245,0.3331263065338135,20.95807510614395,0.0003,13.314559936523438,,
210.979,578,1509376,2607,905.12,737,7360,0.0018558376,-0.10631688634166495,0.2,0.015966796875,-0.0020771958079421893,0.29905807971954346,17.857879343628884,0.0003,6.058959007263184,,
,,1510000,,,,7370,0.003227334,-0.1074385921470821,0.2,0.02333984375,-0.0020602877499186433,0.30001235008239746,19.54762569516897,0.0003,12.584808349609375,1076.8,200.85999999999999
213.05700000000002,578,1511424,2613,901.73,738,,,,,,,,,,,,
214.39300000000003,578,1513472,2616,922.03,739,7380,0.0013100257,-0.0932291582110338,0.2,0.01015625,-0.001484608298051171,0.33612215518951416,25.216506046056747,0.0003,13.726618766784668,,
217.294,578,1515520,2618,927.36,740,7390,0.0015239252,-0.11402057441882789,0.2,0.02119140625,-0.0014303479838417843,0.2856859564781189,11.867972439527511,0.0003,7.174880027770996,,
220.54500000000004,578,1517568,2621,944.04,741,7400,0.0013844133,-0.09687506011687219,0.2,0.017578125,-0.0014349028235301376,0.290699303150177,22.744760811328888,0.0003,16.22655487060547,,
220.54500000000004,579,1519616,2624,944.04,742,7410,0.0034460633,-0.1210271981661208,0.2,0.025830078125,-0.002771523280534893,0.3445366621017456,15.785328137874604,0.0003,9.187528610229492,,
,,1520000,,,,7420,0.004567719,-0.12314798701554537,0.2,0.037158203125,-0.003203410145943053,0.35824382305145264,7.754028188437223,0.0003,2.850982189178467,1812.2,134.01999999999998
216.45500000000004,578,1521664,2632,957.86,743,,,,,,,,,,,,
218.90700000000004,578,1523712,2634,960.44,744,7430,0.007306066,-0.1204710723599419,0.2,0.041357421875,-0.0005399681540438905,0.14627701044082642,11.219018647447228,0.0003,3.5322232246398926,,
218.10900000000004,578,1525760,2637,967.67,745,7440,0.001322889,-0.09844025245402008,0.2,0.017578125,-0.0018853598478017375,0.27250850200653076,18.41767512857914,0.0003,11.032383918762207,,
210.678,578,1527808,2640,931.81,746,7450,0.0037407493,-0.11533146685687826,0.2,0.02998046875,-0.0025647967879194765,0.4315205216407776,15.212531466782092,0.0003,4.14840030670166,,
212.97799999999998,578,1529856,2643,941.19,747,7460,0.001182939,-0.09703439727891236,0.2,0.014306640625,-0.000978144124383107,0.3752160668373108,20.53867349624634,0.0003,7.262902736663818,,
,,1530000,,,,7470,0.0017681825,-0.09639669767348095,0.2,0.0177734375,-0.0013360093711526134,0.2693632245063782,18.912686416506766,0.0003,12.459013938903809,1039.6,108.52000000000001
214.204,578,1531904,2648,948.72,748,,,,,,,,,,,,
217.755,578,1533952,2651,957.45,749,7480,0.0027058085,-0.10160271978238597,0.2,0.0248046875,-0.0014583559590391816,0.35976457595825195,16.037215815484522,0.0003,5.366227149963379,,
226.058,578,1536000,2654,984.62,750,7490,0.0026154693,-0.08233802650356666,0.2,0.023974609375,-0.0009748632408445701,0.3492153286933899,17.654044580459594,0.0003,8.256450653076172,,
230.877,578,1538048,2657,997.12,751,7500,0.0016370029,-0.10371809906791896,0.2,0.01884765625,-0.0009518450038740412,0.34390002489089966,17.485195703804493,0.0003,7.025981903076172,,
,,1540000,,,,7510,0.004737406,-0.0901857327669859,0.2,0.024951171875,0.0006042103748768568,0.35268646478652954,14.325116613507271,0.0003,5.794396877288818,2069.2,207.18
229.90600000000003,577,1540096,2666,998.77,752,,,,,,,,,,,,
227.23600000000002,577,1542144,2669,996.7,753,7520,0.002321504,-0.09474448948167265,0.2,0.023876953125,-0.0007921986078144982,0.26369863748550415,25.182869708538057,0.0003,13.10960578918457,,
226.38600000000002,577,1544192,2672,984.18,754,7530,0.0017257757,-0.09965894058113918,0.2,0.024951171875,-0.0010545150347752497,0.40626221895217896,13.19594556093216,0.0003,5.302141189575195,,
225.299,577,1546240,2675,975.47,755,7540,0.003674639,-0.08944430493284017,0.2,0.026318359375,-0.0017902226114529184,0.38000035285949707,22.00465148985386,0.0003,8.553291320800781,,
225.34900000000002,578,1548288,2678,988.56,756,7550,0.003054523,-0.08009174990002066,0.2,0.0228515625,-0.0022246742766583337,0.19918042421340942,26.016329616308212,0.0003,9.383816719055176,,
,,1550000,,,,7560,0.0023327593,-0.10628324812278152,0.2,0.02763671875,0.0005391607817728072,0.27106350660324097,16.80738270431757,0.0003,4.75922966003418,3471.0,370.6
228.67999999999995,576,1550336,2691,993.67,757,,,,,,,,,,,,
228.609,576,1552384,2694,985.81,758,7570,0.002186038,-0.0841750177438371,0.2,0.019189453125,-0.0007929922197945416,0.31477224826812744,23.34261188805103,0.0003,21.65667152404785,,
232.93600000000004,576,1554432,2697,999.4,759,7580,0.0015956629,-0.08869056904222816,0.2,0.017626953125,-0.0002404526894679293,0.4172804355621338,23.15139730870724,0.0003,8.514647483825684,,
232.22100000000003,576,1556480,2700,992.59,760,7590,0.007091489,-0.09093301027314737,0.2,0.0357421875,-0.0016100930297398008,0.21358263492584229,18.036887603998185,0.0003,7.315842151641846,,
232.253,576,1558528,2703,988.18,761,7600,0.003739365,-0.08772121194051578,0.2,0.030712890625,-0.0037970455508911983,0.25485479831695557,26.41924549639225,0.0003,16.586572647094727,,
,,1560000,,,,7610,0.0037208684,-0.08426220421679317,0.2,0.0203125,-0.0008548996003810317,0.34326469898223877,26.234536999464034,0.0003,15.786454200744629,1282.2,283.5
228.043,575,1560576,2709,973.46,762,,,,,,,,,,,,
228.043,575,1562624,2712,973.46,763,7620,0.0038518752,-0.09007222607033327,0.2,0.02978515625,-0.0010511698812479154,0.2817128896713257,20.032082572579384,0.0003,6.654013633728027,,
229.828,576,1564672,2715,995.07,764,7630,0.022870492,-0.16746065856423228,0.2,0.100537109375,-0.005017417442286387,-0.13972711563110352,3.9403220849111675,0.0003,1.3394876718521118,,
231.93600000000004,576,1566720,2718,978.95,765,7640,0.007543564,-0.17125998421106486,0.2,0.075048828125,-0.004495468742970843,0.313346803188324,7.40886495821178,0.0003,2.2597320079803467,,
233.16600000000003,576,1568768,2721,981.88,766,7650,0.0023539036,-0.11454729358665645,0.2,0.02099609375,-0.0017293069293373264,0.20352572202682495,21.893933609128,0.0003,12.85183334350586,,
,,1570000,,,,7660,0.0043230113,-0.1414635455235839,0.2,0.03193359375,-0.0018051506049232557,0.296853244304657,16.808505593240262,0.0003,3.263664484024048,889.4,81.14000000000001
235.643,575,1570816,2727,998.45,767,,,,,,,,,,,,
238.32400000000004,576,1572864,2730,1005.62,768,7670,0.0029067048,-0.09446698257233947,0.2,0.020068359375,-0.0012610547550139018,0.28587281703948975,29.594709038734436,0.0003,13.78281021118164,,
237.28400000000002,576,1574912,2733,1011.78,769,7680,0.0034179348,-0.1094312928034924,0.2,0.033740234375,-0.003060091336374171,0.37327349185943604,23.128745976090432,0.0003,13.823354721069336,,
238.995,576,1576960,2736,1033.2,770,7690,0.0031521115,-0.12381601383676752,0.2,0.034521484375,-0.0006832003666204401,0.2915716767311096,22.083556035161017,0.0003,8.389043807983398,,
238.995,576,1579008,2739,1033.2,771,7700,0.006660003,-0.14966240350622684,0.2,0.06162109375,-0.0014127813832601533,0.49251091480255127,7.476001400128007,0.0003,2.7011830806732178,,
,,1580000,,,,7710,0.005172251,-0.15443907536100596,0.2,0.0591796875,0.001035026161116548,0.4399285316467285,7.54957563970238,0.0003,7.923837184906006,1306.2,176.08
233.26899999999998,575,1581056,2746,1040.43,772,,,,,,,,,,,,
232.53099999999995,575,1583104,2749,1034.83,773,7720,0.0036953269,-0.12931983796879648,0.2,0.0392578125,-0.004687437039683573,0.32438570261001587,23.691431990265848,0.0003,21.870912551879883,,
226.97299999999996,575,1585152,2752,1014.96,774,7730,0.0019122646,-0.1215739045292139,0.2,0.023291015625,-0.0025459585565840827,0.25368303060531616,29.59005978703499,0.0003,10.26859188079834,,
228.004,576,1587200,2755,1026.07,775,7740,0.004077037,-0.1310786583693698,0.2,0.042529296875,-0.0036747426900547,0.39531564712524414,21.618798118829726,0.0003,10.502559661865234,,
226.16100000000003,576,1589248,2758,1029.26,776,7750,0.0025910162,-0.13002339900704102,0.2,0.023681640625,-0.0010801719166920521,0.4041820168495178,22.778967234492303,0.0003,11.864100456237793,,
,,1590000,,,,7760,0.0027806687,-0.13385462263831868,0.2,0.021533203125,-0.0004626878464478068,0.38439691066741943,24.2163192152977,0.0003,10.280689239501953,1050.4,101.3
229.90900000000005,575,1591296,2764,1038.1,777,,,,,,,,,,,,
228.62499999999997,575,1593344,2767,1012.78,778,7770,0.003082119,-0.11043664775788783,0.2,0.021923828125,-0.0004902357992250473,0.12662023305892944,20.950395020842553,0.0003,5.919722557067871,,
223.39800000000002,575,1595392,2770,978.99,779,7780,0.0063748215,-0.1274363581556827,0.2,0.034130859375,-0.0015510739292949438,0.2817767858505249,24.163063852488996,0.0003,17.6129093170166,,
225.899,575,1597440,2773,995.45,780,7790,0.003423167,-0.10851495815441012,0.2,0.03828125,-0.001275380328297615,0.39641159772872925,16.24956646710634,0.0003,6.6472601890563965,,
219.091,576,1599488,2776,951.76,781,7800,0.002918454,-0.11763748780358582,0.2,0.022998046875,-0.00018089757504640146,0.2938253879547119,21.324265083670618,0.0003,10.889034271240234,,
,,1600000,,,,7810,0.0034634462,-0.12481087135383859,0.2,0.026953125,-0.0015636551601346583,0.424497127532959,23.06889283657074,0.0003,16.00013542175293,1225.4,201.78000000000003
221.082,575,1601536,2782,957.82,782,,,,,,,,,,,,
218.83099999999996,575,1603584,2785,946.73,783,7820,0.0028788396,-0.10199970091925933,0.2,0.03232421875,-0.0013002336985664443,0.12825506925582886,20.533576083183288,0.0003,10.197710037231445,,
218.74699999999996,575,1605632,2788,947.5,784,7830,0.0051174527,-0.10352323912084102,0.2,0.0349609375,-0.0019637540477560832,0.3395177721977234,15.702221637964248,0.0003,11.522951126098633,,
222.42199999999997,575,1607680,2791,965.33,785,7840,0.0055918274,-0.11844118280569091,0.2,0.038720703125,-0.0017881226172903552,0.3483353853225708,15.906911762058735,0.0003,5.787858486175537,,
223.56299999999996,576,1609728,2794,977.34,786,7850,0.002343324,-0.13567203918937593,0.2,0.024365234375,0.000372750595852267,0.3122933506965637,16.755583781003953,0.0003,5.7827229499816895,,
,,1610000,,,,7860,0.0057686735,-0.14291791548021138,0.2,0.0466796875,-0.003316710154467728,0.37128305435180664,17.597195123136043,0.0003,7.1083903312683105,828.4,83.85999999999999
223.56299999999996,575,1611776,2799,977.34,787,,,,,,,,,,,,
222.10599999999994,575,1613824,2802,990.76,788,7870,0.08220796,-0.189803200494498,0.2,0.10146484375,-0.004562807946058456,-3.2937841415405273,0.846015602350235,0.0003,0.04495354741811752,,
215.666,575,1615872,2805,977.54,789,7880,0.00685465,-0.1737622651271522,0.2,0.0345703125,-0.0032445706659927965,0.3770490288734436,20.159213474392892,0.0003,8.99960994720459,,
215.666,576,1617920,2808,977.54,790,7890,0.005590056,-0.20778635346796365,0.2,0.04736328125,-0.0017629488138481975,0.40602004528045654,12.784040097892284,0.0003,5.667514801025391,,
216.48999999999995,576,1619968,2811,981.15,791,7900,0.01733204,-0.20195949599146842,0.2,0.069970703125,-0.004131480015348643,0.44233018159866333,6.067227708548307,0.0003,1.6302028894424438,,
,,1620000,,,,7910,0.0023058392,-0.1779679677449167,0.2,0.03623046875,-0.0033038246823707596,0.40330469608306885,14.460598687827588,0.0003,5.449793815612793,1160.2,75.98
216.48999999999995,575,1622016,2818,981.15,792,,,,,,,,,,,,
221.75400000000002,575,1624064,2821,1019.68,793,7920,0.0025245235,-0.17432880320120603,0.2,0.03359375,-0.002479946956736967,0.4019976854324341,7.744415637105703,0.0003,2.5787158012390137,,
218.15,575,1626112,2824,1001.76,794,7930,0.0022474546,-0.15715837294701487,0.2,0.02666015625,-0.002429718099301681,0.3330601453781128,18.74771263897419,0.0003,12.932012557983398,,
214.98700000000005,575,1628160,2827,994.65,795,7940,0.0031360886,-0.15573257694486528,0.2,0.021142578125,-0.00347140399098862,0.27239900827407837,26.233720070123674,0.0003,10.529204368591309,,
,,1630000,,,,7950,0.0044184187,-0.18564410593826325,0.2,0.03173828125,-0.0028806445508962495,0.3404475450515747,17.406725458800793,0.0003,11.449285507202148,1493.0,190.64000000000001
213.961,575,1630208,2834,1004.09,796,,,,,,,,,,,,
198.44,575,1632256,2837,959.35,797,7960,0.004123697,-0.18595031653530897,0.2,0.036083984375,-0.0019208327605156228,0.3542560935020447,22.55347989499569,0.0003,7.911583423614502,,
195.37400000000002,575,1634304,2841,952.15,798,7970,0.0036674656,-0.1694647991564125,0.2,0.041552734375,-0.003721917499206029,0.44365376234054565,19.179271399974823,0.0003,12.496237754821777,,
195.09700000000004,575,1636352,2844,943.96,799,7980,0.003257145,-0.14151649193372579,0.2,0.030224609375,-0.001978249583044089,0.4330289363861084,23.511300283670426,0.0003,9.277114868164062,,
190.05399999999997,575,1638400,2847,939.42,800,7990,0.0038460784,-0.14635398224927484,0.2,0.0337890625,-0.00105183586711064,0.38249915838241577,18.229309764504432,0.0003,8.394474029541016,,
,,1640000,,,,8000,0.00224932,-0.15379224973730743,0.2,0.02060546875,-0.0008318173277075402,0.2560241222381592,21.57864578664303,0.0003,6.189820766448975,1534.8,145.1
190.20800000000003,574,1640448,2854,924.02,801,,,,,,,,,,,,
187.85500000000005,574,1642496,2857,915.76,802,8010,0.0039654854,-0.12480426537804305,0.2,0.03544921875,-0.0015309295762563125,0.3222290277481079,20.63116361796856,0.0003,7.429152965545654,,
189.64900000000006,574,1644544,2860,947.84,803,8020,0.005004516,-0.13843665046151726,0.2,0.02744140625,0.0003137308347504586,0.3770334720611572,14.20293697565794,0.0003,7.697668075561523,,
189.04600000000005,575,1646592,2863,946.78,804,8030,0.0028178312,-0.16068059857934713,0.2,0.033740234375,-0.0014723845801199787,0.45054954290390015,13.974044033139943,0.0003,4.773517608642578,,
183.23,575,1648640,2866,934.5,805,8040,0.006000836,-0.1326675098389387,0.2,0.04091796875,-0.0029735676740529015,0.1530132293701172,22.20068754553795,0.0003,8.158859252929688,,
,,1650000,,,,8050,0.0027996046,-0.1247616206179373,0.2,0.023193359375,4.327244241721928e-05,0.298325777053833,23.09198679924011,0.0003,10.8146390914917,2668.6,195.1
185.48399999999998,573,1650688,2877,946.22,806,,,,,,,,,,,,
186.021,573,1652736,2880,957.47,807,8060,0.0022706348,-0.12052286345278844,0.2,0.026416015625,-2.7404105640016497e-05,0.277996301651001,24.519165843725204,0.0003,12.633713722229004,,
186.36699999999996,573,1654784,2883,962.19,808,8070,0.0042471895,-0.14186048600822687,0.2,0.041259765625,7.727875927230344e-05,0.4102007746696472,12.69929330945015,0.0003,7.569057464599609,,
186.36699999999996,574,1656832,2886,962.19,809,8080,0.0026564915,-0.12251317796763032,0.2,0.029833984375,-0.001523862054455094,0.32387775182724,22.403343334794044,0.0003,9.43332576751709,,
189.15199999999996,574,1658880,2889,1003.43,810,8090,0.0053463,-0.15731000232044606,0.2,0.040966796875,0.0007390884915366769,0.4199896454811096,11.779114772379398,0.0003,7.0721025466918945,,
,,1660000,,,,8100,0.016207315,-0.18913611983880402,0.2,0.1,-0.0009394865715876222,0.03655266761779785,2.9235690427944063,0.0003,3.024683713912964,1100.4,130.26
184.393,573,1660928,2895,952.96,811,,,,,,,,,,,,
185.96200000000002,573,1662976,2898,964.93,812,8110,0.0014774024,-0.15128613256383688,0.2,0.023046875,-0.0016404968613642269,0.3479298949241638,30.394222491979598,0.0003,13.090885162353516,,
186.89299999999994,573,1665024,2901,958.4,813,8120,0.0037370403,-0.15539638502523304,0.2,0.025390625,-0.0019904017361113803,0.33931565284729004,15.353367084264756,0.0003,6.238367080688477,,
186.89299999999994,573,1667072,2904,958.4,814,8130,0.0039567477,-0.14993311825674027,0.2,0.028466796875,-0.0028837842852226458,0.3528367280960083,21.98456478714943,0.0003,7.831759929656982,,
183.79799999999994,574,1669120,2907,982.41,815,8140,0.003382302,-0.18066291918512434,0.2,0.035009765625,-0.0003710968041559681,0.4581185579299927,8.444497275352479,0.0003,2.955275058746338,,
,,1670000,,,,8150,0.008929608,-0.18482803823426366,0.2,0.067138671875,-0.003019345144275576,0.3486349582672119,12.509688651934265,0.0003,6.277568340301514,1272.4,88.66
183.79799999999994,573,1671168,2914,982.41,816,,,,,,,,,,,,
183.79799999999994,573,1673216,2917,982.41,817,8160,0.002337845,-0.17391544640995563,0.2,0.02900390625,-0.0006687480679829604,0.5026119351387024,13.930060018599033,0.0003,9.88068675994873,,
186.52100000000002,573,1675264,2920,1027.83,818,8170,0.061099477,-0.2222877795342356,0.2,0.141259765625,-0.009388705776655116,-3.01287841796875,0.43343710966873916,0.0003,0.01221272349357605,,
187.261,573,1677312,2923,1033.75,819,8180,0.0016605547,-0.1739167886786163,0.2,0.018505859375,-0.0017707299222820439,0.28751111030578613,23.843933075666428,0.0003,13.569458961486816,,
194.842,573,1679360,2926,1056.68,820,8190,0.0016799344,-0.16446518299635499,0.2,0.01669921875,-0.0025143554870737717,0.2761000394821167,13.423394045233726,0.0003,3.991248607635498,,
,,1680000,,,,8200,0.0021398254,-0.15541110555641352,0.2,0.018359375,-0.0021145968872588127,0.20962893962860107,16.35909356623888,0.0003,6.9949870109558105,2326.6,186.46
190.924,572,1681408,2936,1017.39,821,,,,,,,,,,,,
190.924,572,1683456,2939,1017.39,822,8210,0.002471137,-0.18803825362119825,0.2,0.02255859375,-0.001968878552725073,0.07489156723022461,16.788700602948666,0.0003,12.111369132995605,,
192.408,572,1685504,2942,1048.19,823,8220,0.0038219157,-0.1888538565253839,0.2,0.0271484375,-0.001802069434779696,0.3645893931388855,11.315228660404681,0.0003,6.501247406005859,,
192.408,572,1687552,2945,1048.19,824,8230,0.0040329187,-0.18585185415577143,0.2,0.029443359375,-0.0019508731202222407,0.4023328423500061,11.904950865358114,0.0003,5.430915355682373,,
190.05700000000004,573,1689600,2948,1068.48,825,8240,0.00747483,-0.1883029852528125,0.2,0.065478515625,-0.004400669121241663,0.41546177864074707,4.79178859256208,0.0003,2.724931478500366,,
,,1690000,,,,8250,0.004367805,-0.18671279354020953,0.2,0.03994140625,-0.00429535674629733,0.27813029289245605,18.36670377999544,0.0003,7.867977142333984,3283.2,242.48000000000002
189.44500000000005,571,1691648,2961,1070.1,826,,,,,,,,,,,,
189.44500000000005,571,1693696,2964,1070.1,827,8260,0.0031761916,-0.1669653692515567,0.2,0.0353515625,-0.0021357793448260054,0.24893206357955933,20.15016655921936,0.0003,9.594319343566895,,
194.83400000000006,571,1695744,2967,1097.17,828,8270,0.013037186,-0.19184268172830343,0.2,0.055078125,-0.0034787027645506894,0.3732219338417053,12.024746087193488,0.0003,4.6505513191223145,,
194.73600000000002,571,1697792,2970,1090.48,829,8280,0.0029075267,-0.17477581261191516,0.2,0.030224609375,-0.002122279242030345,0.3881472945213318,18.705238151550294,0.0003,8.05762767791748,,
195.239,571,1699840,2973,1106.97,830,8290,0.0038190973,-0.18384800727944822,0.2,0.031787109375,-0.0012473032154957763,0.28215789794921875,16.646855196356775,0.0003,10.556849479675293,,
,,1700000,,,,8300,0.0019756015,-0.16613036426715552,0.2,0.031787109375,-0.0011944425787078217,0.2753857970237732,23.55966739654541,0.0003,10.71508502960205,1250.4,66.8
196.67600000000002,571,1701888,2980,1110.65,831,,,,,,,,,,,,
198.20999999999995,571,1703936,2983,1121.62,832,8310,0.005193788,-0.15594369410537184,0.2,0.046875,-0.004145889620122034,0.3092353343963623,14.735212522745133,0.0003,8.113615036010742,,
199.672,571,1705984,2986,1126.55,833,8320,0.0054061706,-0.14698039521463216,0.2,0.0384765625,-0.0018740990752121433,0.36590248346328735,15.114503403007983,0.0003,8.345261573791504,,
200.389,571,1708032,2989,1130.92,834,8330,0.0048791645,-0.12426036067772657,0.2,0.037548828125,-0.0009280390077037737,0.27846747636795044,17.682984015345575,0.0003,8.20391845703125,,
,,1710000,,,,8340,0.0031505877,-0.13577336699236184,0.2,0.037744140625,-0.004285175699624233,0.20105481147766113,26.665756791830063,0.0003,9.89782428741455,882.6,141.78000000000003
202.234,571,1710080,2994,1138.44,835,,,,,,,,,,,,
205.63100000000003,571,1712128,2997,1138.04,836,8350,0.0050120894,-0.13275275451596827,0.2,0.0369140625,-0.002419814100721851,0.2560504674911499,19.597892147302627,0.0003,10.69067096710205,,
209.554,571,1714176,3000,1143.56,837,8360,0.0030826996,-0.12330002496019006,0.2,0.03134765625,-0.0022296012539300136,0.3361514210700989,20.647138813138007,0.0003,12.515228271484375,,
209.787,571,1716224,3003,1146.07,838,8370,0.003946742,-0.12442846884950995,0.2,0.021533203125,-0.0011473764214315451,0.34185510873794556,24.981606343388556,0.0003,12.51880931854248,,
209.792,571,1718272,3006,1154.19,839,8380,0.0039667794,-0.12543674833141266,0.2,0.03857421875,-0.0022882709570694717,0.23210686445236206,15.341126626729965,0.0003,11.183042526245117,,
,,1720000,,,,8390,0.0077242833,-0.13582913465797902,0.2,0.039599609375,-0.0023864807008067146,0.3038191795349121,16.823123295605182,0.0003,8.493988990783691,790.4,152.64
213.58699999999996,571,1720320,3012,1166.14,840,,,,,,,,,,,,
214.25,571,1722368,3015,1167.85,841,8400,0.0060643675,-0.11271688994020224,0.2,0.03740234375,-0.003022967529250309,0.38162022829055786,15.605325472354888,0.0003,8.704870223999023,,
212.46599999999998,571,1724416,3018,1159.16,842,8410,0.0049730097,-0.10918959847185761,0.2,0.041748046875,-0.0018316546033020132,0.34404128789901733,14.567619141936301,0.0003,4.94694709777832,,
210.31599999999997,571,1726464,3021,1124.79,843,8420,0.002660289,-0.12356287613511086,0.2,0.02822265625,-0.0017790688361856155,0.3110674023628235,17.366518260538577,0.0003,5.342528343200684,,
209.31699999999998,571,1728512,3024,1113.07,844,8430,0.0022375057,-0.11845922048669308,0.2,0.02548828125,-0.0003422436653636396,0.3495219349861145,22.826964895427228,0.0003,20.98520278930664,,
,,1730000,,,,8440,0.008291554,-0.12845602927263827,0.2,0.05,-0.0023602277331519874,0.3437908887863159,21.061207300424577,0.0003,11.301850318908691,1816.6,119.72
209.31699999999998,570,1730560,3032,1113.07,845,,,,,,,,,,,,
205.592,570,1732608,3035,1089.51,846,8450,0.08933599,-0.14632284755352884,0.2,0.11650390625,-0.004658882040530443,-0.7108433246612549,0.7241075412835926,0.0003,0.05876658856868744,,
203.71700000000004,570,1734656,3038,1084.91,847,8460,0.0030722986,-0.14603715313132853,0.2,0.0318359375,-0.0007445051480317489,0.3664613366127014,12.233258460462093,0.0003,8.581548690795898,,
205.57199999999997,571,1736704,3041,1115.01,848,8470,0.0016526262,-0.125403968594037,0.2,0.021435546875,-0.001403561476035975,0.4530274271965027,13.543980610370635,0.0003,5.856135845184326,,
209.01000000000005,571,1738752,3044,1119.86,849,8480,0.0046254937,-0.1560013493290171,0.2,0.02744140625,0.00020556036615744234,0.49140316247940063,9.788692238181829,0.0003,2.996885299682617,,
,,1740000,,,,8490,0.0014164012,-0.10879242772934958,0.2,0.016064453125,-0.001705498676165007,0.26502811908721924,20.237074825167657,0.0003,8.449013710021973,310.2,58.5
210.69099999999997,571,1740800,3048,1109.05,850,,,,,,,,,,,,
202.949,571,1742848,3051,1080.76,851,8500,0.0015770976,-0.10344385675853118,0.2,0.021484375,-0.0031571784449624827,0.2495790719985962,24.331623831391333,0.0003,9.472308158874512,,
204.39900000000006,571,1744896,3054,1084.73,852,8510,0.0029426594,-0.11984644598560408,0.2,0.017724609375,-0.0007883038531872443,0.3319743871688843,21.624380749464034,0.0003,15.030437469482422,,
204.39900000000006,571,1746944,3057,1084.73,853,8520,0.0020759648,-0.11249712579883635,0.2,0.019091796875,-0.0015502939044381493,0.41508036851882935,21.205885750055312,0.0003,6.087459087371826,,
204.39900000000006,571,1748992,3060,1084.73,854,8530,0.029292993,-0.17523352578282356,0.2,0.124072265625,-0.0044189185689901935,-0.17923390865325928,0.5929773922543973,0.0003,0.02962244302034378,,
,,1750000,,,,8540,0.0032791821,-0.17606414922047406,0.2,0.032470703125,-0.0025152131216600536,0.3153350353240967,4.66236121468246,0.0003,2.4633848667144775,1834.6,225.88000000000002
204.39900000000006,570,1751040,3069,1084.73,855,,,,,,,,,,,,
208.03600000000003,570,1753088,3072,1164.24,856,8550,0.006725558,-0.1878711499273777,0.2,0.061669921875,-0.0015517757361521944,0.44907546043395996,1.9050006371922792,0.0003,0.45861345529556274,,
206.145,570,1755136,3075,1163.7,857,8560,0.0031506838,-0.17065244873519986,0.2,0.03349609375,-0.0035814727569231765,0.4250583052635193,13.229194452613593,0.0003,5.751259803771973,,
206.87600000000003,570,1757184,3078,1185.41,858,8570,0.0015167925,-0.15398005535826087,0.2,0.023681640625,-0.0022750920499674974,0.2827939987182617,12.106039188802242,0.0003,7.309830665588379,,
206.87600000000003,570,1759232,3081,1185.41,859,8580,0.005681482,-0.18099214737303554,0.2,0.033935546875,-0.0032068612374132497,0.5200695991516113,5.879691690020263,0.0003,3.8321774005889893,,
,,1760000,,,,8590,0.0028426389,-0.18301096411887557,0.2,0.023681640625,-0.0009153563325526193,0.49926257133483887,8.681881675869226,0.0003,3.125577926635742,1404.6,334.06
205.40000000000003,570,1761280,3088,1198.63,860,,,,,,,,,,,,
205.40000000000003,570,1763328,3091,1198.63,861,8600,0.0025768336,-0.15865525936242192,0.2,0.025048828125,-0.003084984348970465,0.3324095606803894,22.95668525993824,0.0003,13.855324745178223,,
205.40000000000003,570,1765376,3094,1198.63,862,8610,0.0038328038,-0.16609833005350083,0.2,0.0384765625,-0.0016742224848712794,0.3539036512374878,14.761280542612075,0.0003,9.76502799987793,,
207.80100000000004,570,1767424,3097,1231.08,863,8620,0.009265487,-0.19489293086808174,0.2,0.089892578125,-0.0012908474483992905,-0.826340913772583,1.2009589343797415,0.0003,0.12076134979724884,,
206.63100000000003,570,1769472,3100,1217.55,864,8630,0.0027730337,-0.19708093018271028,0.2,0.036181640625,-0.0019134543064865284,0.4494422674179077,11.536181376129388,0.0003,9.785235404968262,,
,,1770000,,,,8640,0.0025969802,-0.15275398869998752,0.2,0.02255859375,-0.0031227606479660606,0.05450594425201416,28.669616168737413,0.0003,11.761090278625488,903.2,107.97999999999999
196.076,570,1771520,3106,1185.44,865,,,,,,,,,,,,
201.861,570,1773568,3109,1206.39,866,8650,0.0024325186,-0.15630275611765682,0.2,0.02197265625,-0.0016780000543803908,0.3067954182624817,21.729127207398413,0.0003,11.23996639251709,,
196.64499999999995,570,1775616,3112,1157.43,867,8660,0.002825974,-0.16648449760396034,0.2,0.02763671875,-0.003012525019585155,0.3688387870788574,18.29841259121895,0.0003,7.497779369354248,,
196.581,570,1777664,3115,1164.6,868,8670,0.0014717749,-0.13848107459489256,0.2,0.013525390625,-0.001363484948524274,0.3289276957511902,22.21519009768963,0.0003,10.865245819091797,,
199.08399999999995,570,1779712,3118,1183.48,869,8680,0.0033737454,-0.17693191161379218,0.2,0.02587890625,-5.816407210659236e-05,0.37393832206726074,13.24205215126276,0.0003,4.9864606857299805,,
,,1780000,,,,8690,0.003670865,-0.14338182548526673,0.2,0.020751953125,-0.002712697986862622,0.24940568208694458,18.427667352557183,0.0003,9.452006340026855,1164.6,190.33999999999997
198.73200000000006,570,1781760,3124,1182.77,870,,,,,,,,,,,,
197.07800000000006,570,1783808,3127,1147.88,871,8700,0.0027759338,-0.16121828597970306,0.2,0.031298828125,-0.0029892233840655537,0.4108603596687317,22.52103855907917,0.0003,6.494554042816162,,
199.32200000000003,570,1785856,3130,1151.38,872,8710,0.0018116637,-0.1386585401603952,0.2,0.02255859375,-0.001232100705965422,0.34973710775375366,15.544308307766915,0.0003,5.8233256340026855,,
200.06599999999997,570,1787904,3133,1124.91,873,8720,0.003762167,-0.15378527909051626,0.2,0.029296875,-0.0025979623518651352,0.38997238874435425,16.365790429711343,0.0003,6.5403547286987305,,
194.28799999999998,570,1789952,3136,1098.16,874,8730,0.0025877191,-0.1366355294478126,0.2,0.02998046875,-0.0021356569428462534,0.21257853507995605,19.241016143560408,0.0003,7.998967170715332,,
,,1790000,,,,8740,0.0038078986,-0.14768444471992553,0.2,0.029638671875,-0.000855991747812368,0.19245010614395142,23.734699520468713,0.0003,10.069957733154297,1109.6,84.2
195.789,570,1792000,3141,1093.02,875,,,,,,,,,,,,
194.21300000000002,570,1794048,3144,1049.3,876,8750,0.0037483107,-0.14110391463618727,0.2,0.038037109375,-0.0017174894164782017,0.3955445885658264,14.623825055360793,0.0003,6.793210029602051,,
200.16100000000006,570,1796096,3147,1060.82,877,8760,0.0024933566,-0.12779291735496373,0.2,0.02265625,-0.00012395281810313464,0.3498201370239258,21.04103009402752,0.0003,8.418889045715332,,
199.26100000000002,570,1798144,3150,1061.14,878,8770,0.0026741626,-0.11349629140459001,0.2,0.026611328125,-0.004350286192493513,0.319064199924469,26.400710514187814,0.0003,8.966336250305176,,
,,1800000,,,,8780,0.0024152128,-0.11387634631246328,0.2,0.023828125,-0.0016243863996351139,0.2896292805671692,20.959950065612794,0.0003,9.956563949584961,1187.8,175.38
197.42500000000004,570,1800192,3155,1036.16,879,,,,,,,,,,,,
199.00599999999997,570,1802240,3158,1034.18,880,8790,0.0034761126,-0.13549169462639837,0.2,0.02861328125,-0.0018797874567098916,0.32994621992111206,18.77134543955326,0.0003,8.07221508026123,,
198.44400000000002,570,1804288,3161,1039.91,881,8800,0.0030041244,-0.13457248429767787,0.2,0.026025390625,-0.002057402185164392,0.33911579847335815,22.506144273281098,0.0003,7.475793361663818,,
188.34999999999997,570,1806336,3164,1008.44,882,8810,0.004570299,-0.14288447024300693,0.2,0.032177734375,-0.0018279795913258567,0.3220764994621277,14.021531550586223,0.0003,5.440632343292236,,
190.377,571,1808384,3166,1013.59,883,8820,0.006424509,-0.11781874590087682,0.2,0.029296875,-0.002355631231330335,0.276386022567749,22.937767738103865,0.0003,12.381732940673828,,
,,1810000,,,,8830,0.0029464485,-0.1263949837186374,0.2,0.029345703125,-0.001860862458124757,0.3372507095336914,19.453934454917906,0.0003,9.163702964782715,1251.0,141.06
190.708,570,1810432,3173,1025.39,884,,,,,,,,,,,,
190.548,570,1812480,3175,1025.51,885,8840,0.012241227,-0.16607064893469214,0.2,0.062060546875,-0.003741155184980016,0.19666868448257446,14.024284663796426,0.0003,7.579635143280029,,
186.08300000000003,570,1814528,3178,1014.19,886,8850,0.004876606,-0.14084484989289195,0.2,0.033447265625,-0.0028450678917579355,0.4261895418167114,16.86240576505661,0.0003,9.602215766906738,,
186.08300000000003,571,1816576,3181,1014.19,887,8860,0.0028915335,-0.13048105135094373,0.2,0.026025390625,-0.002233696373878047,0.3801085352897644,26.916162794828416,0.0003,12.924320220947266,,
186.08300000000003,571,1818624,3184,1014.19,888,8870,0.0052302885,-0.16499881490599363,0.2,0.04296875,-0.00010519640054553747,0.3609316349029541,11.518620944023132,0.0003,7.03600549697876,,
,,1820000,,,,8880,0.017724428,-0.19250702746212484,0.2,0.103369140625,-0.0016094395046820863,-0.6608507633209229,0.6889489383203908,0.0003,0.07425452023744583,1983.4,250.32
191.02300000000002,570,1820672,3192,1065.27,889,,,,,,,,,,,,
182.49099999999996,570,1822720,3195,1029.79,890,8890,0.0020158915,-0.16510828374885023,0.2,0.020068359375,-0.0019040780462091789,0.30145853757858276,17.88704259842634,0.0003,5.778515815734863,,
175.51599999999996,570,1824768,3197,1005.58,891,8900,0.0016345091,-0.12913300576619804,0.2,0.01865234375,-0.002103962095861789,0.2052093744277954,19.833151295781136,0.0003,11.070401191711426,,
176.188,570,1826816,3200,1014.75,892,8910,0.001842429,-0.13960016828496008,0.2,0.020068359375,-0.0033964811882469803,0.24413460493087769,15.077977767586708,0.0003,8.333747863769531,,
177.503,570,1828864,3203,1022.12,893,8920,0.0021375269,-0.14942924925126136,0.2,0.020458984375,-0.001886026147985831,0.35775816440582275,20.231477922201158,0.0003,12.550742149353027,,
,,1830000,,,,8930,0.0035832692,-0.168806209275499,0.2,0.024462890625,-0.0023629493385669774,0.2755190134048462,24.301281547546388,0.0003,14.407238960266113,1150.6,151.04000000000002
179.455,570,1830912,3209,980.07,894,,,,,,,,,,,,
179.455,570,1832960,3212,980.07,895,8940,0.0016492899,-0.13872627834789455,0.2,0.01591796875,-0.0021621520776534454,0.2863221764564514,23.9588703751564,0.0003,14.208589553833008,,
181.909,570,1835008,3215,961.8,896,8950,0.0019058711,-0.12861637234454976,0.2,0.024951171875,-0.00187874143011868,0.3174523115158081,13.023402132093906,0.0003,4.967406749725342,,
183.03800000000004,570,1837056,3217,965.35,897,8960,0.0017708214,-0.1510039987275377,0.2,0.016748046875,-0.001250257650099229,0.3008798360824585,21.03595116138458,0.0003,6.612626552581787,,
184.53600000000003,571,1839104,3220,980.2,898,8970,0.0031693624,-0.14245786922983825,0.2,0.03134765625,-0.002582139239530079,0.3179124593734741,15.547665414214134,0.0003,3.5418334007263184,,
,,1840000,,,,8980,0.0073568886,-0.18583462648093702,0.2,0.03935546875,-0.002177362907968927,0.22499507665634155,7.422884251922369,0.0003,3.6052136421203613,2493.0,357.34000000000003
184.34,569,1841152,3230,987.85,899,,,,,,,,,,,,
187.34799999999998,570,1843200,3232,1008.1,900,8990,0.003649737,-0.18168317440431564,0.2,0.037451171875,-0.001625305124616716,0.43098580837249756,11.267413653433323,0.0003,6.458813667297363,,
189.787,570,1845248,3235,1013.81,901,9000,0.0027232808,-0.13899727303069084,0.2,0.02783203125,-0.0023516107554314657,0.2835424542427063,27.182732975482942,0.0003,11.556421279907227,,
189.99599999999998,570,1847296,3238,943.19,902,9010,0.003262652,-0.14274560862686486,0.2,0.036279296875,-0.00354396549082594,0.261743426322937,21.87376948595047,0.0003,12.35141658782959,,
194.655,570,1849344,3240,955.82,903,9020,0.003356115,-0.13717816506978125,0.2,0.033349609375,-0.002239198017923627,0.35490816831588745,16.464687088131903,0.0003,4.567746639251709,,
,,1850000,,,,9030,0.0051702065,-0.14813955663703382,0.2,0.047998046875,-0.002280302412691526,0.29977285861968994,17.78211221843958,0.0003,7.513521671295166,1289.2,73.62
195.831,570,1851392,3246,915.75,904,,,,,,,,,,,,
193.25999999999996,570,1853440,3249,859.75,905,9040,0.004938925,-0.1450499230530113,0.2,0.05390625,-0.005837420429452322,0.23589247465133667,19.39113262295723,0.0003,16.590024948120117,,
193.30499999999992,570,1855488,3252,865.94,906,9050,0.0028587568,-0.14374670262914152,0.2,0.02646484375,-0.0022735784994438292,0.19149065017700195,22.60787370055914,0.0003,19.020126342773438,,
197.38400000000001,570,1857536,3255,876.85,907,9060,0.0013961942,-0.12969416370615364,0.2,0.02041015625,-0.0011273980380792636,0.23627060651779175,26.416293835639955,0.0003,9.104212760925293,,
200.83300000000003,570,1859584,3257,885.96,908,9070,0.004672546,-0.12516557855997235,0.2,0.035498046875,-0.000491718843113631,0.2908191680908203,21.460657677054407,0.0003,9.165129661560059,,
,,1860000,,,,9080,0.002224073,-0.12278302387567237,0.2,0.03134765625,-0.0010920648783212528,0.20278781652450562,20.50759902000427,0.0003,10.751829147338867,1746.4,167.66000000000003
198.24,570,1861632,3265,880.03,909,,,,,,,,,,,,
198.868,570,1863680,3268,872.86,910,9090,0.003753673,-0.13539660563692452,0.2,0.031103515625,-0.0025740738870808854,0.25080543756484985,19.944736790657043,0.0003,7.881654262542725,,
198.38099999999997,570,1865728,3271,864.16,911,9100,0.0047845677,-0.12328513762913644,0.2,0.033544921875,-0.000871992067550309,0.3609173893928528,17.379080641269685,0.0003,7.758817195892334,,
194.30699999999996,570,1867776,3273,851.42,912,9110,0.0032241438,-0.12836646842770277,0.2,0.03623046875,-0.0020673295424785466,0.5019516348838806,16.323134857416154,0.0003,6.312540054321289,,
194.30699999999996,570,1869824,3276,851.42,913,9120,0.0014087672,-0.11525494523812085,0.2,0.022216796875,-0.0016898047004360705,0.1751648187637329,27.7312901109457,0.0003,18.306358337402344,,
,,1870000,,,,9130,0.010156176,-0.16156152565963566,0.2,0.06904296875,0.0006078916136175394,0.3202102780342102,6.068752528727055,0.0003,2.276772975921631,1095.8,122.78
194.37100000000007,570,1871872,3282,869.95,914,,,,,,,,,,,,
194.949,570,1873920,3285,866.91,915,9140,0.003235165,-0.14078043488552794,0.2,0.035009765625,-0.002017173683270812,0.23616164922714233,19.932522186636923,0.0003,7.5534491539001465,,
192.94000000000003,570,1875968,3287,862.49,916,9150,0.0026059218,-0.1185163984191604,0.2,0.03330078125,-0.0024094058739137837,0.2670287489891052,21.80548215806484,0.0003,12.698457717895508,,
192.94000000000003,570,1878016,3290,862.49,917,9160,0.0014591855,-0.10467031488660723,0.2,0.022412109375,-0.0002540354209486395,0.38710254430770874,13.53143202662468,0.0003,5.658048629760742,,
,,1880000,,,,9170,0.0053366246,-0.1268489814712666,0.2,0.049951171875,-0.0019312228658236563,0.3452279567718506,9.722683708369733,0.0003,5.808753490447998,791.2,213.85999999999999
201.08900000000003,570,1880064,3295,888.72,918,,,,,,,,,,,,
202.64399999999998,570,1882112,3298,881.79,919,9180,0.002666434,-0.12429436849197373,0.2,0.030859375,-0.0013543193199438974,0.3425792455673218,19.947609627246855,0.0003,8.105140686035156,,
201.829,570,1884160,3301,874.43,920,9190,0.005289404,-0.10959710407769307,0.2,0.030517578125,-0.0038862661778694017,0.16942554712295532,26.35549653172493,0.0003,8.920990943908691,,
198.79299999999995,570,1886208,3303,876.04,921,9200,0.0030823278,-0.1131604837719351,0.2,0.03515625,-0.002428667157073505,0.13838422298431396,30.288737240433694,0.0003,15.712907791137695,,
194.842,571,1888256,3306,863.39,922,9210,0.0066254865,-0.1268537772120908,0.2,0.042822265625,-0.0021989302447764205,0.2138209342956543,19.452755944430827,0.0003,4.441166877746582,,
,,1890000,,,,9220,0.0026977877,-0.14827859725337475,0.2,0.029052734375,-0.0013568277470767498,0.10305655002593994,22.536832390725614,0.0003,14.348620414733887,584.0,37.559999999999995
197.49300000000002,570,1890304,3311,872.8,923,,,,,,,,,,,,
201.88099999999997,571,1892352,3313,880.9,924,9230,0.0037672347,-0.13543777221348136,0.2,0.028857421875,-0.0016485835032653995,0.37752777338027954,18.627762272953987,0.0003,10.350750923156738,,
202.28099999999998,571,1894400,3316,899.56,925,9240,0.0031779283,-0.12353312794584781,0.2,0.035693359375,-0.0017566434136824683,0.4069349765777588,18.026181623339653,0.0003,7.221445560455322,,
193.15600000000003,571,1896448,3319,858.93,926,9250,0.015714785,-0.16231073306407778,0.2,0.0865234375,-0.001957041914283764,-0.09892606735229492,6.4261897500604395,0.0003,2.353395938873291,,
192.95399999999998,571,1898496,3321,858.83,927,9260,0.0028677708,-0.13474456877447666,0.2,0.02998046875,-0.003837395980372094,0.15905135869979858,36.6232651501894,0.0003,26.665769577026367,,
,,1900000,,,,9270,0.0038035267,-0.12758165161358193,0.2,0.035791015625,-0.0026427411619806664,0.12151503562927246,26.224658307433128,0.0003,18.056312561035156,2146.2,185.21999999999997
190.54699999999997,570,1900544,3330,855.49,928,,,,,,,,,,,,
190.99699999999996,570,1902592,3333,822.86,929,9280,0.0023417894,-0.14890975223388522,0.2,0.030322265625,-0.0007629687352164183,0.2877458333969116,21.660833647847177,0.0003,16.176414489746094,,
187.555,570,1904640,3335,811.63,930,9290,0.004318431,-0.11799130463041366,0.2,0.034521484375,-0.0023547601071186365,0.3559960126876831,18.207223235070707,0.0003,8.690469741821289,,
189.05900000000005,571,1906688,3338,809.11,931,9300,0.0032566418,-0.11592512422939763,0.2,0.02626953125,-0.0013103441669954918,0.2212749719619751,24.556231424212456,0.0003,12.166603088378906,,
190.94300000000004,571,1908736,3341,822.12,932,9310,0.0027679063,-0.11824593972414732,0.2,0.035205078125,-0.001619415616733022,0.2877098321914673,19.254591128230096,0.0003,4.452327728271484,,
,,1910000,,,,9320,0.0030878987,-0.12183715384453535,0.2,0.038671875,-2.3125170264393093e-05,0.37633973360061646,11.0605899810791,0.0003,4.408769130706787,1637.0,124.58
188.34000000000003,570,1910784,3348,829.32,933,,,,,,,,,,,,
192.41300000000004,570,1912832,3351,842.89,934,9330,0.004883419,-0.13120946164708586,0.2,0.03564453125,-0.0008246053665061481,0.29641783237457275,11.961119083315134,0.0003,4.271381378173828,,
191.28,570,1914880,3353,844.7,935,9340,0.004551329,-0.11025103677529842,0.2,0.02294921875,-0.0017183277872391046,0.2445884346961975,19.503316515684126,0.0003,8.494974136352539,,
191.28,571,1916928,3356,844.7,936,9350,0.0059458977,-0.13604686267208307,0.2,0.045751953125,-0.00047316431591752915,0.3562372922897339,18.592367331683636,0.0003,7.580019474029541,,
192.25,571,1918976,3359,876.61,937,9360,0.033113122,-0.15017905849963425,0.2,0.07998046875,-0.0019049800743232482,-0.2980940341949463,0.5878991717239842,0.0003,0.09024744480848312,,
,,1920000,,,,9370,0.0027131438,-0.17515692396555096,0.2,0.03076171875,-0.0024938084883615375,0.3808763027191162,14.380287234485149,0.0003,6.603013038635254,1581.2,151.38
192.25,570,1921024,3366,876.61,938,,,,,,,,,,,,
197.53900000000002,570,1923072,3369,911.58,939,9380,0.0029855636,-0.1669773969333619,0.2,0.025244140625,-0.0017149213119409979,0.39336860179901123,12.568235647678375,0.0003,4.5002851486206055,,
195.61300000000003,570,1925120,3371,910.62,940,9390,0.0026325157,-0.15005293812137097,0.2,0.01669921875,-0.0026198081148322673,0.333983838558197,20.64214833378792,0.0003,9.797603607177734,,
192.18600000000004,571,1927168,3374,907.52,941,9400,0.0032600584,-0.158818778116256,0.2,0.031884765625,-0.0021751126972958446,0.35370373725891113,15.9052069991827,0.0003,7.14517068862915,,
191.70799999999997,571,1929216,3377,899.34,942,9410,0.0028412163,-0.1496872277930379,0.2,0.0251953125,-0.002076630954979919,0.35965418815612793,20.28703095316887,0.0003,12.169835090637207,,
,,1930000,,,,9420,0.0020117804,-0.1515161929652095,0.2,0.019384765625,-0.0019497255721944383,0.3415464162826538,23.991753494739534,0.0003,10.382796287536621,846.0,89.32000000000001
191.70799999999997,571,1931264,3382,899.34,943,,,,,,,,,,,,
191.70799999999997,571,1933312,3384,899.34,944,9430,0.0042340364,-0.13679855496156962,0.2,0.040625,-0.003019446770485956,0.45178407430648804,10.815143823623657,0.0003,6.514583587646484,,
194.88299999999995,571,1935360,3387,941.29,945,9440,0.07403065,-0.18502313923090696,0.2,0.14912109375,-0.007807823465554975,-0.7209059000015259,0.5603822085075081,0.0003,0.05857689678668976,,
196.618,571,1937408,3390,958.31,946,9450,0.003613535,-0.20940048368647696,0.2,0.028759765625,-0.003498665960796643,0.4218953251838684,12.587293253839016,0.0003,10.134812355041504,,
194.0,571,1939456,3393,956.3,947,9460,0.0042672195,-0.2103663337882608,0.2,0.04443359375,-0.002738564134051558,0.43403124809265137,9.321894805133343,0.0003,3.8914294242858887,,
,,1940000,,,,9470,0.0023689151,-0.19757105084136128,0.2,0.021923828125,-0.0025259972404455765,0.3178229331970215,17.093570533394814,0.0003,8.704177856445312,1403.2,155.84
194.144,571,1941504,3399,970.23,948,,,,,,,,,,,,
188.11900000000003,571,1943552,3402,954.97,949,9480,0.0031575696,-0.1994588636327535,0.2,0.026171875,-0.0020815849857171997,0.27946794033050537,11.277079621702432,0.0003,6.2568678855896,,
187.68099999999998,571,1945600,3405,955.44,950,9490,0.002830446,-0.19126939894631506,0.2,0.02158203125,-0.0037339141068514436,0.195634663105011,19.402588731050493,0.0003,8.179515838623047,,
184.504,571,1947648,3407,954.79,951,9500,0.0024882331,-0.18077279471326618,0.2,0.025634765625,-0.002530817083606962,0.20188015699386597,21.219860711693762,0.0003,11.100676536560059,,
182.06000000000003,571,1949696,3410,957.02,952,9510,0.0025689001,-0.18060033763758837,0.2,0.022412109375,-0.0015694020534283482,0.26274406909942627,14.597476190328598,0.0003,4.42979621887207,,
,,1950000,,,,9520,0.0053249775,-0.20494130137376487,0.2,0.050244140625,-0.0029180174897192046,0.2552880644798279,18.55168386697769,0.0003,9.800527572631836,1297.2,95.84
179.14700000000002,571,1951744,3416,949.13,953,,,,,,,,,,,,
179.472,571,1953792,3419,957.3,954,9530,0.0048748683,-0.17007444403134286,0.2,0.04287109375,-0.004021062425454147,0.3638477921485901,12.637819324433803,0.0003,5.330626010894775,,
184.23100000000002,571,1955840,3422,978.44,955,9540,0.0035011917,-0.1905767634510994,0.2,0.03388671875,-0.0008056909777224064,0.2276706099510193,10.405415311455727,0.0003,4.1414713859558105,,
183.43900000000002,571,1957888,3425,971.87,956,9550,0.0032676468,-0.1655370146036148,0.2,0.0380859375,-0.002540118976321537,0.22386115789413452,19.52534318268299,0.0003,7.15533447265625,,
181.84400000000002,571,1959936,3427,961.13,957,9560,0.005913388,-0.1649841349106282,0.2,0.044677734375,-0.0025418894801987335,0.3259667754173279,16.52021142691374,0.0003,6.615176677703857,,
,,1960000,,,,9570,0.005271705,-0.15231879642233254,0.2,0.035498046875,-0.003763780591543764,0.3237714171409607,25.023505148291587,0.0003,7.284019947052002,1531.4,211.38000000000002
187.44500000000005,571,1961984,3434,976.73,958,,,,,,,,,,,,
186.99900000000002,571,1964032,3437,975.87,959,9580,0.0032240308,-0.1401660421397537,0.2,0.021142578125,3.6232438287697735e-05,0.34276431798934937,17.107784867286682,0.0003,9.417922973632812,,
186.35899999999998,571,1966080,3439,969.61,960,9590,0.0045725266,-0.1470054802717641,0.2,0.04443359375,-0.004282396129565313,0.3368634581565857,17.711747094988823,0.0003,8.153804779052734,,
186.51599999999996,571,1968128,3442,978.34,961,9600,0.0035112076,-0.16909381672739981,0.2,0.02900390625,-0.0006279338558670133,0.334781289100647,15.880873930454253,0.0003,9.910646438598633,,
,,1970000,,,,9610,0.0038149315,-0.17678755878005176,0.2,0.04716796875,-0.00021947532368358225,0.24782049655914307,8.893854350969196,0.0003,3.156951427459717,2729.0,251.0
187.19999999999993,570,1970176,3452,980.14,962,,,,,,,,,,,,
185.74299999999997,570,1972224,3455,978.93,963,9620,0.003614279,-0.13584701688960193,0.2,0.027734375,-0.00236031151143834,0.2159298062324524,19.159446835517883,0.0003,5.399192810058594,,
185.74299999999997,570,1974272,3458,978.93,964,9630,0.003221846,-0.13897246257402002,0.2,0.02890625,-0.0022202842257684095,0.2580713629722595,23.657193171977998,0.0003,6.297285556793213,,
176.33699999999996,571,1976320,3460,971.65,965,9640,0.008160454,-0.15913758454844357,0.2,0.043994140625,0.0005958396883215755,0.23098093271255493,6.037579672783613,0.0003,6.497996807098389,,
175.558,571,1978368,3463,971.97,966,9650,0.0024687154,-0.14786342938896269,0.2,0.031591796875,-0.0017315909441094845,0.41602569818496704,18.875574615597724,0.0003,9.383365631103516,,
,,1980000,,,,9660,0.0031608732,-0.15028109692502767,0.2,0.02744140625,-0.0022203298110980542,0.3791043162345886,20.778551134467126,0.0003,11.671954154968262,1345.6,351.21999999999997
176.87399999999994,570,1980416,3469,981.8,967,,,,,,,,,,,,
180.11900000000006,570,1982464,3472,994.55,968,9670,0.002838387,-0.1345218888716772,0.2,0.031201171875,-0.0027721971011487765,0.21624106168746948,19.86720684170723,0.0003,6.654520034790039,,
176.646,571,1984512,3475,978.44,969,9680,0.0032095676,-0.12371437242254615,0.2,0.021630859375,-0.001394171017454937,0.3070306181907654,22.49704764485359,0.0003,17.85462188720703,,
183.085,571,1986560,3477,1000.98,970,9690,0.0024521174,-0.13480944491457195,0.2,0.024755859375,-0.0015103712226846254,0.20575642585754395,23.253613549470902,0.0003,10.036965370178223,,
183.571,571,1988608,3480,1002.15,971,9700,0.0019346959,-0.11923484194558114,0.2,0.025732421875,-0.002029270774801262,0.32798242568969727,18.74171764552593,0.0003,7.974043846130371,,
,,1990000,,,,9710,0.0029859347,-0.1390633499249816,0.2,0.02900390625,-0.00219006946135778,0.31520211696624756,15.92413313239813,0.0003,5.489569664001465,1431.6,222.14000000000001
177.87299999999996,570,1990656,3487,956.13,972,,,,,,,,,,,,
177.87299999999996,570,1992704,3489,956.13,973,9720,0.0019182859,-0.12851021874230356,0.2,0.024951171875,-0.0024308942607603966,0.18980532884597778,27.953125095367433,0.0003,10.564835548400879,,
179.48999999999995,571,1994752,3492,977.04,974,9730,0.009432723,-0.13262550733052195,0.2,0.042236328125,-0.002287632680963725,0.18394386768341064,5.842409594357013,0.0003,3.4967141151428223,,
183.951,571,1996800,3495,1003.03,975,9740,0.00488209,-0.12593235687818377,0.2,0.03994140625,-0.002774115136708133,0.31917476654052734,12.708173048496246,0.0003,4.267423152923584,,
186.21199999999996,571,1998848,3497,1010.17,976,9750,0.0018414786,-0.12182402010075748,0.2,0.024365234375,-0.001639182018698193,0.24730467796325684,21.502724954485892,0.0003,9.290621757507324,,
,,2000000,,,,9760,0.0027378397,-0.12376348373945803,0.2,0.026953125,-0.001548327443015296,0.31648391485214233,16.076768577098846,0.0003,8.149116516113281,2406.6,213.95999999999998
191.389,570,2000896,3507,1034.2,977,,,,,,,,,,,,
