rollout/ep_rew_mean,time/total_timesteps,time/time_elapsed,time/fps,time/iterations,rollout/ep_len_mean,train/value_loss,train/policy_gradient_loss,train/loss,train/clip_range,train/n_updates,train/learning_rate,train/explained_variance,train/clip_fraction,train/entropy_loss,train/approx_kl,eval/mean_ep_length,eval/mean_reward
-10.011111111111111,2048,2,951,1,75.77777777777777,,,,,,,,,,,,
-9.943829787234042,4096,5,781,2,83.46808510638297,6.770287247002125,-0.011566723824944346,2.9983837604522705,0.2,10,0.0003,-0.018123865127563477,0.039013671875,-1.0941309329122304,0.0070010955,,
-9.616727272727273,6144,8,754,3,109.36363636363636,5.419110107421875,-0.02429921485017985,2.4455037117004395,0.2,20,0.0003,0.2203008532524109,0.1306640625,-1.0728091429919004,0.015650641,,
-8.885483870967741,8192,11,740,4,131.1290322580645,4.195269037038088,-0.012807359109865501,3.019855499267578,0.2,30,0.0003,0.018726050853729248,0.114892578125,-1.0611294887959957,0.010414666,,
,10000,,,,,3.6792086113244293,-0.007523433485766872,2.3917317390441895,0.2,40,0.0003,0.12682044506072998,0.0853515625,-1.0619728785008191,0.007450251,314.0,-6.24
-8.712753623188407,10240,15,677,5,147.20289855072463,,,,,,,,,,,,
-7.907199999999998,12288,17,689,6,163.56,2.910867261420935,-0.006267916467913892,1.7161873579025269,0.2,50,0.0003,0.21624433994293213,0.091552734375,-1.0534278821200131,0.00831393,,
-7.6271604938271595,14336,20,696,7,173.06172839506172,5.079592716693878,-0.00735866376926424,2.479278326034546,0.2,60,0.0003,0.19664502143859863,0.0763671875,-1.057642302289605,0.007289718,,
-7.641590909090909,16384,23,698,8,184.8181818181818,3.359671602817252,-0.011348853007075378,2.254746437072754,0.2,70,0.0003,0.0975690484046936,0.161279296875,-1.0638175673782826,0.011722176,,
-6.484040404040404,18432,26,698,9,184.5050505050505,3.262057132832706,-0.007719787691894453,1.3849661350250244,0.2,80,0.0003,0.10552287101745605,0.088232421875,-1.0419495483860373,0.008303896,,
,20000,,,,,8.942279996722936,-0.008834992061019875,4.615843296051025,0.2,90,0.0003,0.19532394409179688,0.0478515625,-1.0152626123279334,0.007236534,951.8,23.088
-5.172000000000001,20480,31,644,10,195.47,,,,,,,,,,,,
-3.5158,22528,34,652,11,207.85,7.697914856299758,-0.0073126304356264885,2.831671714782715,0.2,100,0.0003,0.15918409824371338,0.049365234375,-0.9955889735370874,0.0071771485,,
-1.9498000000000006,24576,37,657,12,224.74,10.935928042978048,-0.006350333665614017,6.37526798248291,0.2,110,0.0003,0.2425771951675415,0.04873046875,-0.984522239677608,0.008266943,,
1.5663999999999996,26624,40,663,13,234.3,10.987420317530631,-0.006825907772872597,4.784450054168701,0.2,120,0.0003,0.19786763191223145,0.0669921875,-0.9759984958916903,0.0059499624,,
3.5082,28672,42,668,14,247.43,16.212837225198747,-0.008580208168132231,8.137516021728516,0.2,130,0.0003,0.20869123935699463,0.083740234375,-0.926080440171063,0.0094617605,,
,30000,,,,,13.44335355013609,-0.005245878393179737,6.723069190979004,0.2,140,0.0003,0.2598031759262085,0.053271484375,-0.9329820511862635,0.010274324,1097.6,36.204
5.428800000000001,30720,48,629,15,246.59,,,,,,,,,,,,
8.511400000000002,32768,51,633,16,247.77,17.27298839390278,-0.009504419405129739,12.326680183410645,0.2,150,0.0003,0.19554930925369263,0.080712890625,-0.9349980726838112,0.0099365655,,
10.2898,34816,54,638,17,244.02,16.379336370527746,-0.00802542970632203,6.14791202545166,0.2,160,0.0003,0.2378292679786682,0.095361328125,-0.8733528632670641,0.009077856,,
12.726600000000001,36864,57,641,18,237.41,17.188462801277637,-0.009308018398587591,5.1338791847229,0.2,170,0.0003,0.236069917678833,0.140234375,-0.9133183572441339,0.01013517,,
15.8578,38912,60,642,19,236.16,21.017400091886522,-0.007787101026042365,9.771720886230469,0.2,180,0.0003,0.29038864374160767,0.079443359375,-0.8762264912948012,0.0074436925,,
,40000,,,,,28.46277219057083,-0.006895245949272067,12.246515274047852,0.2,190,0.0003,0.2969834804534912,0.05966796875,-0.7911369442939759,0.007084564,671.8,114.85999999999999
20.0158,40960,65,625,20,243.69,,,,,,,,,,,,
23.247000000000003,43008,68,627,21,257.48,22.658346569538118,-0.005921164983010385,11.562727928161621,0.2,200,0.0003,0.3361307382583618,0.0876953125,-0.8098411362618207,0.0073874216,,
27.4414,45056,71,628,22,273.21,20.04673570394516,-0.0052842285163933415,9.47960376739502,0.2,210,0.0003,0.33662480115890503,0.080810546875,-0.7644621459767222,0.010073227,,
32.5838,47104,74,631,23,286.63,18.579927721619605,-0.0025466652819886803,6.228272438049316,0.2,220,0.0003,0.3428621292114258,0.091845703125,-0.7372215550392867,0.0054925694,,
35.4452,49152,77,634,24,293.86,22.27370380759239,-0.004903414269210771,11.816017150878906,0.2,230,0.0003,0.3455381393432617,0.09248046875,-0.6982276372611522,0.0075817993,,
,50000,,,,,20.294314371049403,-0.0022850152920000253,5.432646751403809,0.2,240,0.0003,0.28892064094543457,0.072265625,-0.761829512938857,0.007038296,1726.8,153.88000000000002
40.86840000000001,51200,85,601,25,308.27,,,,,,,,,,,,
43.71059999999999,53248,87,605,26,316.46,29.851695099472998,-0.004692874089232646,8.856696128845215,0.2,250,0.0003,0.31719911098480225,0.08740234375,-0.7000187112018466,0.0068027712,,
49.9938,55296,90,609,27,337.97,22.25995247066021,-0.004296780581353232,8.017617225646973,0.2,260,0.0003,0.31951820850372314,0.08828125,-0.744293624907732,0.0090958215,,
54.11599999999999,57344,93,612,28,352.3,25.098194742202757,-0.0025481076329015194,14.211581230163574,0.2,270,0.0003,0.34957414865493774,0.0666015625,-0.6643546707928181,0.0056584612,,
58.0608,59392,96,615,29,365.48,27.138975101709367,-0.004559019400039688,12.672733306884766,0.2,280,0.0003,0.3004258871078491,0.072607421875,-0.7354224810376764,0.008955302,,
,60000,,,,,20.09655569791794,-0.0028768186399247496,19.206501007080078,0.2,290,0.0003,0.3148876428604126,0.10517578125,-0.6964218873530627,0.008814725,1907.0,122.22
62.69940000000001,61440,104,586,30,379.04,,,,,,,,,,,,
68.699,63488,107,589,31,389.68,26.87360127568245,-0.009919970962801016,15.475964546203613,0.2,300,0.0003,0.4008535146713257,0.106884765625,-0.651156866364181,0.00982963,,
73.1908,65536,110,592,32,400.56,33.69983213543892,-0.0033499204291729257,20.245882034301758,0.2,310,0.0003,0.19402086734771729,0.08125,-0.6512602044269442,0.007047263,,
79.45259999999999,67584,113,595,33,418.13,22.88925783634186,-0.005785633587220218,7.825465679168701,0.2,320,0.0003,0.3927496671676636,0.0982421875,-0.6205412833020091,0.0069456818,,
84.34880000000001,69632,116,597,34,433.84,28.987133687734605,-0.0022708786476869137,15.189616203308105,0.2,330,0.0003,0.20250487327575684,0.11044921875,-0.662294259108603,0.0078158965,,
,70000,,,,,30.169142335653305,-0.0013234699319582433,12.589211463928223,0.2,340,0.0003,0.2439861297607422,0.09296875,-0.70596416387707,0.0066029355,658.2,287.476
86.90859999999999,71680,121,591,35,446.13,,,,,,,,,,,,
91.53179999999999,73728,124,593,36,455.45,25.947161339223385,-0.002775793557520956,10.553656578063965,0.2,350,0.0003,0.2744966149330139,0.10322265625,-0.7371074358001352,0.009520305,,
93.95079999999999,75776,127,595,37,464.76,28.966911187767984,-0.002940487291198224,17.308313369750977,0.2,360,0.0003,0.31488507986068726,0.0646484375,-0.7383074400946498,0.007602127,,
100.45620000000001,77824,129,598,38,485.18,20.91599323749542,-0.0022456700273323802,5.353847503662109,0.2,370,0.0003,0.314816951751709,0.0923828125,-0.67967509329319,0.0062018437,,
103.3274,79872,132,601,39,496.93,28.24293737411499,-0.004982297221431509,12.018824577331543,0.2,380,0.0003,0.2671648859977722,0.1216796875,-0.7567768175154924,0.010991408,,
,80000,,,,,17.102751402556898,-0.0016952815145486965,7.747145652770996,0.2,390,0.0003,0.35077524185180664,0.083349609375,-0.6934190515428782,0.008094646,599.2,182.44400000000002
109.4104,81920,137,594,40,513.42,,,,,,,,,,,,
111.9226,83968,140,596,41,528.09,29.82611852288246,-0.0030941261706175283,20.180898666381836,0.2,400,0.0003,0.292385995388031,0.069677734375,-0.7723010675981641,0.00622614,,
114.65480000000001,86016,143,598,42,531.76,21.503370696306227,-0.0063357112579979,8.633260726928711,0.2,410,0.0003,0.2366095781326294,0.10830078125,-0.7705576283857226,0.010878744,,
117.30580000000002,88064,146,600,43,534.48,29.479187536239625,-0.002844550040026661,16.531145095825195,0.2,420,0.0003,0.277706503868103,0.068359375,-0.7433272711932659,0.007707899,,
,90000,,,,,34.63324758112431,-0.005556817734031938,20.881452560424805,0.2,430,0.0003,0.23595082759857178,0.088818359375,-0.7598897719755768,0.0075629377,1395.6,162.508
121.9682,90112,153,586,44,546.85,,,,,,,,,,,,
124.46120000000002,92160,156,589,45,547.45,30.716497802734374,-0.0048202531645074485,18.46468162536621,0.2,440,0.0003,0.3010077476501465,0.07666015625,-0.736417125724256,0.0074041914,,
127.22580000000002,94208,159,591,46,559.52,38.35120215713978,-0.01016306311066728,9.586369514465332,0.2,450,0.0003,0.2775522470474243,0.107666015625,-0.7331251360476017,0.011180995,,
131.80979999999997,96256,162,593,47,575.81,20.6486880838871,-0.0038379851859644985,8.256261825561523,0.2,460,0.0003,0.3130442500114441,0.09384765625,-0.7134797878563404,0.005840537,,
131.36180000000002,98304,165,595,48,573.16,22.69956371486187,-0.002077204393572174,9.577754974365234,0.2,470,0.0003,0.3059893846511841,0.096484375,-0.6918201586231589,0.007247054,,
,100000,,,,,29.581541764736176,-0.0014098170926445165,15.102691650390625,0.2,480,0.0003,0.318770170211792,0.075927734375,-0.6629440426826477,0.004487718,888.4,136.57999999999998
137.1644,100352,170,589,49,583.63,,,,,,,,,,,,
141.468,102400,173,591,50,593.9,31.404930859804153,-0.004932018963154405,13.679522514343262,0.2,490,0.0003,0.2958650588989258,0.0669921875,-0.6386490378528833,0.007083668,,
147.477,104448,176,593,51,609.08,23.97936196029186,-0.001473258383339271,10.920994758605957,0.2,500,0.0003,0.33832526206970215,0.06708984375,-0.5843411665409803,0.007156836,,
148.03959999999998,106496,178,595,52,611.01,18.08597036153078,0.00022762122825952246,6.250516414642334,0.2,510,0.0003,0.36607372760772705,0.069140625,-0.6999594517052173,0.009275334,,
149.28019999999998,108544,181,597,53,609.1,37.60901815891266,-0.009014444795320741,14.545501708984375,0.2,520,0.0003,0.2621534466743469,0.102880859375,-0.674987301044166,0.009463893,,
,110000,,,,,29.405381295084954,-0.0021430983644677324,15.625706672668457,0.2,530,0.0003,0.27256637811660767,0.0603515625,-0.6411037353798748,0.004814104,2298.2,262.692
152.70819999999998,110592,190,579,54,618.06,,,,,,,,,,,,
152.33259999999999,112640,193,581,55,616.8,29.83395058512688,-0.00473032787849661,14.55218505859375,0.2,540,0.0003,0.27002406120300293,0.07451171875,-0.6697415899485349,0.0066774623,,
157.06119999999999,114688,196,583,56,625.86,27.172116261720657,-0.0044368426242726855,22.759872436523438,0.2,550,0.0003,0.3379672169685364,0.081396484375,-0.670622325502336,0.007734501,,
157.4142,116736,199,585,57,623.24,25.22589798271656,-0.0033498521166620775,11.051301956176758,0.2,560,0.0003,0.3684573769569397,0.07900390625,-0.6328442867845296,0.0069784364,,
153.1674,118784,202,586,58,595.1,34.953794771432875,-0.003005153630510904,18.987607955932617,0.2,570,0.0003,0.35059618949890137,0.083984375,-0.6275334354490042,0.008085948,,
,120000,,,,,46.96240143477917,-0.003948706777009647,25.68779754638672,0.2,580,0.0003,0.18823260068893433,0.066943359375,-0.6408262618817389,0.0058868183,1259.2,343.592
149.30800000000002,120832,208,579,59,582.66,,,,,,,,,,,,
142.1362,122880,211,580,60,565.5,40.36628486514091,-0.004846039810217917,12.071589469909668,0.2,590,0.0003,0.1721668839454651,0.094482421875,-0.6164347494021059,0.0077087097,,
141.47000000000003,124928,214,582,61,558.73,34.68333353996277,-0.004717986160540022,29.824703216552734,0.2,600,0.0003,0.23501813411712646,0.104443359375,-0.6393080584704876,0.009983309,,
146.08700000000002,126976,217,584,62,573.37,27.692714765667915,-0.004299225768772885,9.922895431518555,0.2,610,0.0003,0.32662510871887207,0.0990234375,-0.608979269862175,0.006699227,,
151.65380000000002,129024,220,586,63,585.61,20.236410777270795,-0.00011080561380367726,7.840407371520996,0.2,620,0.0003,0.3581469655036926,0.08193359375,-0.621192033123225,0.008210549,,
,130000,,,,,25.307223162055017,-0.001998204880510457,9.763408660888672,0.2,630,0.0003,0.3482397794723511,0.083740234375,-0.6237352206371725,0.008223154,1606.6,278.52799999999996
148.86979999999997,131072,227,576,64,569.5,,,,,,,,,,,,
143.0786,133120,230,578,65,548.44,41.582628494501115,-0.003994724857329856,28.04569435119629,0.2,640,0.0003,0.2900705933570862,0.06298828125,-0.6760175606235862,0.005999025,,
145.207,135168,232,580,66,552.24,37.16843928098679,-0.0050953133555594835,21.493844985961914,0.2,650,0.0003,0.26557791233062744,0.07568359375,-0.6799774803221226,0.0058862045,,
142.73860000000002,137216,235,581,67,530.37,31.793931764364242,-0.0005233678966760635,13.595555305480957,0.2,660,0.0003,0.3269282579421997,0.048583984375,-0.6196390029974281,0.0044079693,,
143.9422,139264,238,583,68,540.33,39.75252110362053,-0.00799803452391643,27.65144157409668,0.2,670,0.0003,0.26644766330718994,0.080712890625,-0.660192053206265,0.006473496,,
,140000,,,,,17.41422091126442,0.0007349079998675734,15.915263175964355,0.2,680,0.0003,0.3273109197616577,0.076416015625,-0.7153379371389746,0.007011941,1276.4,100.76400000000001
144.0046,141312,245,576,69,537.21,,,,,,,,,,,,
148.67880000000002,143360,247,578,70,559.01,32.15742436945438,-0.003859878866933286,15.113025665283203,0.2,690,0.0003,0.27623581886291504,0.0861328125,-0.658908418379724,0.0074307118,,
151.90120000000002,145408,250,579,71,568.23,20.117173643410204,-0.0017466779449023307,7.906436443328857,0.2,700,0.0003,0.3481366038322449,0.083154296875,-0.7113495731726289,0.0105899535,,
154.2088,147456,253,580,72,573.09,25.761838483810426,-0.004407119023380801,13.711484909057617,0.2,710,0.0003,0.3023190498352051,0.08818359375,-0.6482814284041524,0.006840459,,
155.31140000000002,149504,256,582,73,573.07,34.647522100806235,-0.004730351742182393,27.836584091186523,0.2,720,0.0003,0.2621733546257019,0.097998046875,-0.6756392642855644,0.007501851,,
,150000,,,,,41.12444525063038,-0.008465303687262348,30.26588249206543,0.2,730,0.0003,0.31692075729370117,0.0767578125,-0.6828858641907573,0.008692635,1240.8,229.73199999999997
151.13600000000005,151552,262,576,74,556.39,,,,,,,,,,,,
150.90660000000003,153600,265,577,75,562.85,28.03389416337013,-0.0053698618605267255,17.694684982299805,0.2,740,0.0003,0.2479916214942932,0.06220703125,-0.694211015291512,0.006405647,,
151.2286,155648,268,579,76,571.8,17.849072678387166,-0.0021665452659362927,11.124573707580566,0.2,750,0.0003,0.26942700147628784,0.0876953125,-0.7440355829894543,0.0058023194,,
138.28080000000003,157696,271,580,77,537.83,30.273142966628075,-0.0038936464101425373,12.0795259475708,0.2,760,0.0003,0.3114980459213257,0.07724609375,-0.7570926832035184,0.0076150442,,
142.15680000000003,159744,274,581,78,544.43,32.872572767734525,-0.003933295892784372,17.935501098632812,0.2,770,0.0003,0.34030526876449585,0.0421875,-0.6603617997840047,0.0033422438,,
,160000,,,,,26.402780109643935,-0.004648520131013356,14.703948974609375,0.2,780,0.0003,0.3321964144706726,0.05576171875,-0.655533280223608,0.008129746,1887.0,82.53999999999999
143.27980000000002,161792,282,572,79,548.4,,,,,,,,,,,,
143.70839999999998,163840,285,574,80,552.02,19.08318535089493,-0.0037957206659484655,8.22438907623291,0.2,790,0.0003,0.3252285122871399,0.06123046875,-0.6137013690546155,0.005033885,,
145.4966,165888,288,575,81,562.81,32.315317034721375,-0.0042351503361715,19.152589797973633,0.2,800,0.0003,0.27786529064178467,0.100048828125,-0.6384354902431368,0.0072021633,,
138.8142,167936,291,576,82,536.21,24.062785759568214,-0.0010033386759459972,14.018494606018066,0.2,810,0.0003,0.3500773310661316,0.049072265625,-0.6732803750783205,0.004575203,,
138.25699999999998,169984,294,577,83,539.02,37.674464154243466,-0.0037353497333242557,23.491392135620117,0.2,820,0.0003,0.28022825717926025,0.0533203125,-0.6271008307114243,0.00714472,,
,170000,,,,,22.59870198071003,-0.006252323335502297,11.529287338256836,0.2,830,0.0003,0.3592234253883362,0.079052734375,-0.6529957730323076,0.0097339135,1372.6,106.856
141.424,172032,301,570,84,551.01,,,,,,,,,,,,
145.68820000000002,174080,304,571,85,563.25,31.77564494609833,-0.004731132311280817,24.027578353881836,0.2,840,0.0003,0.23982656002044678,0.119189453125,-0.6450929095968604,0.007902019,,
148.8636,176128,307,572,86,574.82,23.819208094477652,-0.0021220155496848745,11.106223106384277,0.2,850,0.0003,0.32947027683258057,0.076708984375,-0.6446966019459068,0.008357927,,
152.24659999999997,178176,310,574,87,586.03,31.95773350298405,-0.008219998917775228,12.715113639831543,0.2,860,0.0003,0.27024590969085693,0.094482421875,-0.6597718685865402,0.008529199,,
,180000,,,,,36.720238828659056,-0.009018058917718008,19.441875457763672,0.2,870,0.0003,0.26089727878570557,0.0962890625,-0.6721550483256579,0.00892492,1356.8,143.24399999999997
156.55019999999996,180224,316,568,88,601.31,,,,,,,,,,,,
157.7716,182272,319,570,89,605.37,30.79684339761734,-0.0015890753114945256,12.071257591247559,0.2,880,0.0003,0.34545713663101196,0.076513671875,-0.6719987532123923,0.006536305,,
158.99280000000002,184320,322,571,90,609.44,37.23515102267265,-0.006586574457469396,8.698867797851562,0.2,890,0.0003,0.2562292218208313,0.067236328125,-0.6407834369689226,0.005042721,,
160.70299999999997,186368,325,572,91,624.13,20.990951251983642,-0.0024886516242986546,5.965721130371094,0.2,900,0.0003,0.3870776295661926,0.075927734375,-0.7011041849851608,0.0067631993,,
154.57799999999997,188416,328,573,92,604.73,34.2107611566782,-0.005457264694268815,8.136975288391113,0.2,910,0.0003,0.2846418619155884,0.09267578125,-0.6955134032294155,0.0074676983,,
,190000,,,,,32.50285872220993,-0.004286671364388895,22.33022117614746,0.2,920,0.0003,0.2842581868171692,0.059716796875,-0.6495463041588664,0.005234116,1389.2,112.53599999999999
150.9802,190464,335,568,93,599.25,,,,,,,,,,,,
152.7988,192512,338,569,94,603.51,24.75056349337101,-0.0038609342387644573,19.976490020751953,0.2,930,0.0003,0.28320878744125366,0.0556640625,-0.7505052721127867,0.005377409,,
156.7742,194560,340,570,95,615.16,23.5153875797987,-0.005459419407998212,12.144975662231445,0.2,940,0.0003,0.325398325920105,0.071923828125,-0.5903446733020246,0.010423911,,
154.2818,196608,343,571,96,609.52,16.135330520570278,-0.006450950985890813,7.549452781677246,0.2,950,0.0003,0.46785974502563477,0.113427734375,-0.6573744708672166,0.007135479,,
156.55880000000002,198656,346,572,97,615.91,29.013663429021836,-0.002663359063444659,11.720787048339844,0.2,960,0.0003,0.3630930185317993,0.07109375,-0.6624681491404771,0.006154049,,
,200000,,,,,31.56956627368927,-0.0035315695422468707,15.621397018432617,0.2,970,0.0003,0.2937225103378296,0.068994140625,-0.617641131952405,0.00832723,1397.0,266.688
156.7232,200704,353,567,98,607.69,,,,,,,,,,,,
163.1798,202752,356,568,99,625.54,41.07644685804844,-0.006071999687992502,31.453311920166016,0.2,980,0.0003,0.29663509130477905,0.0693359375,-0.6232213216833771,0.005592336,,
168.0486,204800,359,569,100,642.62,25.886022686958313,-0.003589979323442094,11.58340072631836,0.2,990,0.0003,0.32239484786987305,0.068505859375,-0.6074201483279467,0.0074708266,,
168.717,206848,362,570,101,634.25,19.926325730979443,0.0001331323670456186,8.331525802612305,0.2,1000,0.0003,0.3302168846130371,0.077880859375,-0.5981562441214919,0.0065502673,,
168.442,208896,365,571,102,627.96,18.300967741012574,-0.0036694451700896025,9.5459623336792,0.2,1010,0.0003,0.4053995609283447,0.076611328125,-0.5785585577599704,0.0060025933,,
,210000,,,,,37.55593715310097,-0.0034419712057569994,9.909818649291992,0.2,1020,0.0003,0.29697370529174805,0.049365234375,-0.5610650168731809,0.0053813253,1294.6,286.772
170.76460000000003,210944,371,567,103,632.07,,,,,,,,,,,,
174.482,212992,374,568,104,646.6,30.568657276034354,-0.0005273633723845705,26.221019744873047,0.2,1030,0.0003,0.3019406795501709,0.043310546875,-0.6164498494938015,0.0040754587,,
181.6098,215040,377,569,105,670.97,21.45159929096699,-0.006469470361480489,7.542915344238281,0.2,1040,0.0003,0.3672565221786499,0.10888671875,-0.6060805845074355,0.0071681417,,
181.6098,217088,380,570,106,670.97,26.815260669589044,-0.004033653176156804,14.95309066772461,0.2,1050,0.0003,0.33490848541259766,0.07236328125,-0.6040802885778248,0.0059509086,,
190.558,219136,383,571,107,704.52,16.147141712903977,-0.0020732567500090227,8.323248863220215,0.2,1060,0.0003,0.4083414077758789,0.061865234375,-0.6344481653533875,0.005965459,,
,220000,,,,,23.98207061290741,-0.00450294312031474,9.4611177444458,0.2,1070,0.0003,0.3493112325668335,0.075,-0.574455366563052,0.00651308,1490.8,198.68
195.7952,221184,390,566,108,718.21,,,,,,,,,,,,
198.9106,223232,393,566,109,727.77,23.93819655776024,-0.00238517441903241,9.457086563110352,0.2,1080,0.0003,0.38873064517974854,0.063623046875,-0.6085621551610529,0.00713983,,
203.22379999999998,225280,396,567,110,742.57,22.666047975420952,-0.00077187966380734,7.13926887512207,0.2,1090,0.0003,0.474332332611084,0.056298828125,-0.6008152638562023,0.0057698484,,
204.5528,227328,399,568,111,736.24,29.559521862864493,-0.0028920747921802104,20.20529556274414,0.2,1100,0.0003,0.3156734108924866,0.05712890625,-0.6968580462038517,0.005583695,,
207.9766,229376,402,570,112,745.41,21.60461276769638,-0.0031895648964564314,17.43109703063965,0.2,1110,0.0003,0.3680817484855652,0.065380859375,-0.6165007152594626,0.0068729343,,
,230000,,,,,22.905855962634085,-0.00210294978460297,14.034407615661621,0.2,1120,0.0003,0.28304511308670044,0.0587890625,-0.6002220110036433,0.0043739756,1042.8,444.11199999999997
215.09,231424,408,566,113,765.49,,,,,,,,,,,,
216.56219999999993,233472,411,567,114,762.02,26.375266769528388,-0.0035145124420523643,16.8271427154541,0.2,1130,0.0003,0.3363349437713623,0.079638671875,-0.5971299259923398,0.005874903,,
216.33000000000004,235520,414,568,115,758.6,41.42472852766514,-0.002070353149611037,8.771228790283203,0.2,1140,0.0003,0.270751953125,0.04755859375,-0.6684402382932604,0.0037914305,,
211.2752,237568,417,569,116,745.81,37.33461828827858,-0.004014815902337432,13.156925201416016,0.2,1150,0.0003,0.2819768190383911,0.04990234375,-0.6457897610962391,0.0059285257,,
209.63160000000005,239616,419,570,117,737.81,30.466084662079812,-0.0007187974057160318,23.630109786987305,0.2,1160,0.0003,0.23945307731628418,0.0607421875,-0.7729890959337353,0.006014889,,
,240000,,,,,36.71299033761024,-0.005010886947275139,19.2980899810791,0.2,1170,0.0003,0.2555481195449829,0.065625,-0.7099601220339536,0.006967322,773.8,295.184
209.7044,241664,425,568,118,744.19,,,,,,,,,,,,
214.27859999999998,243712,427,569,119,760.97,27.827072203159332,-0.0032708560291212054,21.121973037719727,0.2,1180,0.0003,0.27672868967056274,0.067919921875,-0.7473516453057527,0.0061719427,,
211.42479999999995,245760,430,570,120,753.36,22.159579092264174,-0.004115309895132669,8.945281028747559,0.2,1190,0.0003,0.4005778431892395,0.04384765625,-0.6792238099500537,0.0042476784,,
208.11599999999999,247808,433,571,121,743.45,30.511363178491592,-0.003853682478074916,13.513683319091797,0.2,1200,0.0003,0.2785031795501709,0.067724609375,-0.6865144472569227,0.0061883903,,
204.10219999999998,249856,436,572,122,733.72,21.481799790263175,-0.002505237070727162,14.339802742004395,0.2,1210,0.0003,0.40694987773895264,0.071484375,-0.667274478264153,0.005973168,,
,250000,,,,,30.33725941479206,-0.007222984876716509,14.277104377746582,0.2,1220,0.0003,0.27771973609924316,0.050927734375,-0.6516221722587943,0.005349217,1487.4,228.808
204.62760000000003,251904,443,567,123,732.5,,,,,,,,,,,,
204.68040000000002,253952,446,568,124,739.88,26.47824647426605,-0.005697060565580614,14.121587753295898,0.2,1230,0.0003,0.3084948658943176,0.04248046875,-0.6417718984186649,0.0052473494,,
203.18,256000,449,569,125,734.74,24.95896416157484,-0.0020881065021967514,9.097358703613281,0.2,1240,0.0003,0.2783811688423157,0.05546875,-0.7401937773451209,0.007323535,,
202.1548,258048,452,569,126,730.89,33.727323427796364,-0.005912590489606373,8.995766639709473,0.2,1250,0.0003,0.3445671796798706,0.054833984375,-0.6867045417428017,0.005052755,,
,260000,,,,,33.23441991508007,-0.0064220112195471305,18.22206687927246,0.2,1260,0.0003,0.29503750801086426,0.090966796875,-0.7089409373700619,0.00877705,872.8,152.92399999999998
203.75859999999997,260096,458,567,127,735.87,,,,,,,,,,,,
206.24119999999996,262144,461,568,128,747.01,25.464551600813866,-0.004030068111023866,13.060317993164062,0.2,1270,0.0003,0.3474000096321106,0.0849609375,-0.6681639406830072,0.008933086,,
208.67539999999997,264192,463,569,129,760.57,20.22753598988056,-0.005489194625988602,6.6674699783325195,0.2,1280,0.0003,0.40303367376327515,0.062353515625,-0.6480498824268579,0.0045339605,,
215.10399999999998,266240,467,570,130,779.82,20.381936685740946,0.0008297876309370622,17.581594467163086,0.2,1290,0.0003,0.3388170003890991,0.0544921875,-0.699535645544529,0.00413286,,
218.05880000000002,268288,469,570,131,787.39,20.78674384057522,-0.004284862347412854,10.18835163116455,0.2,1300,0.0003,0.4598093032836914,0.04609375,-0.6146366201341152,0.006506866,,
,270000,,,,,25.741783061623572,-0.002836194653355051,9.807600021362305,0.2,1310,0.0003,0.29109716415405273,0.060009765625,-0.6886430598795414,0.008380499,579.0,158.8
218.5876,270336,474,569,132,786.0,,,,,,,,,,,,
217.9474,272384,476,571,133,787.95,30.699092689156533,-0.00335193382052239,8.639954566955566,0.2,1320,0.0003,0.36397862434387207,0.0705078125,-0.6330832795239985,0.0061860257,,
216.58259999999996,274432,479,571,134,776.03,19.0091014534235,-0.0028932499553775415,5.893666744232178,0.2,1330,0.0003,0.3051392436027527,0.075244140625,-0.645103745907545,0.006281067,,
216.6426,276480,482,573,135,778.04,38.617803040146825,-0.006860904215136543,16.259185791015625,0.2,1340,0.0003,0.3179716467857361,0.085986328125,-0.5672804553061723,0.007258037,,
216.4402,278528,485,574,136,778.14,26.72579285800457,-0.0069783080980414525,10.587055206298828,0.2,1350,0.0003,0.3415858745574951,0.08076171875,-0.6137359441258013,0.007691587,,
,280000,,,,,20.581256106495857,-0.0017163245589472353,12.149188995361328,0.2,1360,0.0003,0.31775492429733276,0.068310546875,-0.6114021217450499,0.0068055787,1280.4,158.8
219.91279999999998,280576,491,571,137,794.89,,,,,,,,,,,,
215.4032,282624,493,572,138,779.89,18.58710052073002,-0.002032786753261462,6.703922748565674,0.2,1370,0.0003,0.3786410689353943,0.080908203125,-0.6833746956661344,0.00579824,,
216.4474,284672,496,573,139,782.79,38.4519758105278,-0.0040583429203252305,22.18207550048828,0.2,1380,0.0003,0.19689273834228516,0.042236328125,-0.6244386783801019,0.0064032795,,
218.69240000000002,286720,499,574,140,785.77,23.445100980997086,-0.004152317531406879,10.306365966796875,0.2,1390,0.0003,0.4071083664894104,0.047607421875,-0.5531178822740912,0.005527868,,
220.2028,288768,502,574,141,795.42,38.3362735748291,-0.006572776756365783,8.919885635375977,0.2,1400,0.0003,0.30965524911880493,0.082177734375,-0.5966883471235633,0.007304089,,
,290000,,,,,30.56700547337532,-0.004967729951022193,13.023357391357422,0.2,1410,0.0003,0.3802756667137146,0.0642578125,-0.6511741703376174,0.005752855,1431.4,119.708
218.82,290816,508,571,142,794.42,,,,,,,,,,,,
211.87439999999998,292864,511,572,143,775.97,21.632610768079758,-0.0004964501044014469,6.543469429016113,0.2,1420,0.0003,0.37988871335983276,0.0708984375,-0.7270943490788341,0.006180369,,
198.775,294912,514,573,144,739.56,42.97789955735207,-0.0079180011380231,24.723621368408203,0.2,1430,0.0003,0.28295958042144775,0.0552734375,-0.6559449700638652,0.0076135006,,
197.44300000000004,296960,517,573,145,736.02,29.635743245482445,-0.0021201677576755174,12.55506706237793,0.2,1440,0.0003,0.3793782591819763,0.062646484375,-0.6942744735628367,0.0047673583,,
202.2992,299008,520,574,146,748.72,25.578049686551093,-0.0036216797918314112,19.104063034057617,0.2,1450,0.0003,0.39717555046081543,0.074755859375,-0.6170023998245597,0.006910492,,
,300000,,,,,24.873297965526582,-0.005928738597140182,8.995450019836426,0.2,1460,0.0003,0.3631781339645386,0.112890625,-0.6399163754656911,0.007699222,914.8,382.544
194.29859999999996,301056,525,572,147,722.9,,,,,,,,,,,,
188.1442,303104,528,573,148,699.96,37.300291031599045,-0.0043039571348344905,15.055219650268555,0.2,1470,0.0003,0.29704511165618896,0.065185546875,-0.5385844107717276,0.0044048065,,
188.66660000000005,305152,530,574,149,698.89,38.053752133250235,-0.007151967196841724,25.018712997436523,0.2,1480,0.0003,0.2406092882156372,0.088818359375,-0.6088964289985597,0.008700464,,
190.81820000000005,307200,533,575,150,706.54,37.24442331194878,-0.0040705592691665515,14.313310623168945,0.2,1490,0.0003,0.2529597878456116,0.068701171875,-0.5772796248085796,0.007045759,,
195.17640000000006,309248,536,576,151,714.08,23.092536762356758,-0.002446116824285127,16.196250915527344,0.2,1500,0.0003,0.3237103819847107,0.080078125,-0.5774928972125053,0.0071990797,,
,310000,,,,,35.559545838832854,-0.00514983850880526,26.28691864013672,0.2,1510,0.0003,0.27672451734542847,0.098291015625,-0.6579590063542128,0.0076592243,696.8,322.776
199.37660000000002,311296,541,574,152,729.52,,,,,,,,,,,,
202.8076,313344,544,574,153,738.33,21.32727571129799,-0.00453184846410295,5.903573989868164,0.2,1520,0.0003,0.3438645601272583,0.112646484375,-0.6972086258232594,0.0069191013,,
204.7498,315392,548,575,154,736.41,33.49118650853634,-0.004782969618099741,8.798399925231934,0.2,1530,0.0003,0.3345288038253784,0.081494140625,-0.6064578561112285,0.007604349,,
205.86899999999997,317440,551,575,155,730.55,32.84496152997017,-0.0052599093818571415,10.822981834411621,0.2,1540,0.0003,0.3601548671722412,0.066796875,-0.5767717693932355,0.0087733455,,
209.40339999999998,319488,554,576,156,744.21,24.668314668536187,-0.003632553172064945,6.483027935028076,0.2,1550,0.0003,0.2579916715621948,0.094189453125,-0.6181564912199974,0.0077529512,,
,320000,,,,,25.848545274138452,-0.0013959934658487327,12.264334678649902,0.2,1560,0.0003,0.30018675327301025,0.04658203125,-0.6616918135434389,0.00500171,1032.6,424.276
205.6046,321536,560,574,157,723.73,,,,,,,,,,,,
208.33359999999996,323584,563,574,158,727.56,34.05239515900612,-0.003025789094681386,11.169265747070312,0.2,1570,0.0003,0.346285879611969,0.0736328125,-0.5787374442443252,0.0065109646,,
203.7014,325632,566,575,159,703.66,45.506357091665265,-0.005907849244249519,25.41124153137207,0.2,1580,0.0003,0.2544153332710266,0.06982421875,-0.5919290703721345,0.00424224,,
198.013,327680,569,575,160,682.47,43.45084762573242,-0.007864244640222751,22.486310958862305,0.2,1590,0.0003,0.2502574324607849,0.06572265625,-0.6439063163474202,0.006744738,,
197.03879999999998,329728,572,576,161,676.07,34.43004115819931,-0.004810771864140406,18.190662384033203,0.2,1600,0.0003,0.34967225790023804,0.04306640625,-0.6968465322628618,0.003993918,,
,330000,,,,,29.16156008541584,-0.0011129474209155888,13.374249458312988,0.2,1610,0.0003,0.41532427072525024,0.056884765625,-0.5605377026833593,0.0053880685,1016.8,316.37600000000003
199.10799999999995,331776,577,574,162,672.81,,,,,,,,,,,,
188.55159999999995,333824,580,575,163,634.5,25.947772058844567,-0.002346674821455963,10.19422721862793,0.2,1620,0.0003,0.36796045303344727,0.063427734375,-0.6038100642152131,0.0054405075,,
183.81380000000001,335872,583,575,164,620.89,44.98863291144371,-0.005630855626077391,25.2867488861084,0.2,1630,0.0003,0.24652701616287231,0.073486328125,-0.6142479050904512,0.00694538,,
188.321,337920,585,576,165,641.02,26.988487309217454,-0.0016866573467268608,13.571154594421387,0.2,1640,0.0003,0.22464537620544434,0.05166015625,-0.6839833905920386,0.0049573267,,
193.83700000000002,339968,588,577,166,660.81,19.298091262578964,-0.0027435790048912167,6.443243503570557,0.2,1650,0.0003,0.3814185857772827,0.057421875,-0.6191315019503236,0.0069279056,,
,340000,,,,,19.81588793694973,-0.00329915462207282,9.848016738891602,0.2,1660,0.0003,0.30959439277648926,0.05654296875,-0.6286794079467655,0.006488474,575.4,233.01999999999998
192.18399999999997,342016,593,576,167,658.29,,,,,,,,,,,,
195.86279999999996,344064,595,577,168,674.75,23.011195626854896,-0.004148562910268083,10.741599082946777,0.2,1670,0.0003,0.39884793758392334,0.093310546875,-0.6183705377392471,0.0082289465,,
188.10020000000003,346112,598,578,169,642.04,31.066591811180114,-0.0036954905488528313,14.707639694213867,0.2,1680,0.0003,0.34032756090164185,0.06748046875,-0.6883000729605555,0.0071859118,,
190.5758,348160,601,579,170,658.54,32.39808883965016,-0.003762099050800316,19.131576538085938,0.2,1690,0.0003,0.2607678771018982,0.05302734375,-0.7021518675610423,0.0060079824,,
,350000,,,,,25.538948607444762,-0.007629703081329353,11.352088928222656,0.2,1700,0.0003,0.3936372995376587,0.08818359375,-0.6904059175401926,0.009283353,1226.2,504.572
180.26559999999998,350208,607,576,171,637.98,,,,,,,,,,,,
174.21640000000002,352256,609,577,172,609.78,39.3569630920887,-0.006127119698794559,25.905101776123047,0.2,1710,0.0003,0.3208692669868469,0.0505859375,-0.6573781304061412,0.0048833285,,
175.45979999999997,354304,612,578,173,612.74,30.53648857474327,-0.006460373685695231,18.253828048706055,0.2,1720,0.0003,0.26473814249038696,0.0732421875,-0.6344517971388995,0.00699755,,
179.26619999999994,356352,615,579,174,627.83,27.42794884443283,-0.004671456311189104,16.398025512695312,0.2,1730,0.0003,0.34110522270202637,0.071923828125,-0.6195398109965027,0.0068832655,,
182.46799999999996,358400,618,579,175,638.08,19.43554300069809,-0.0011984452663455158,5.993462085723877,0.2,1740,0.0003,0.31210094690322876,0.088232421875,-0.6322417391464115,0.008168689,,
,360000,,,,,24.14696988761425,-0.0009962774842279033,11.523486137390137,0.2,1750,0.0003,0.393113911151886,0.04345703125,-0.5989839465357363,0.004535264,1325.6,528.6360000000001
186.055,360448,624,577,176,634.08,,,,,,,,,,,,
179.54559999999998,362496,627,577,177,613.86,39.52878286838531,-0.005827926317579113,11.723649024963379,0.2,1760,0.0003,0.3833193778991699,0.052783203125,-0.6177106062881649,0.00706916,,
180.11260000000001,364544,630,578,178,620.58,29.099287605285646,-0.005649279677891172,10.761641502380371,0.2,1770,0.0003,0.30609917640686035,0.07294921875,-0.6383041705936193,0.0056349253,,
183.72340000000003,366592,632,579,179,630.42,30.180261474847793,-0.0045819289065548215,9.152257919311523,0.2,1780,0.0003,0.3017052412033081,0.051318359375,-0.609210608433932,0.003638933,,
186.43400000000003,368640,635,579,180,645.19,17.91169806718826,-0.0026775595353683455,11.443443298339844,0.2,1790,0.0003,0.3802109360694885,0.05634765625,-0.5909131214022636,0.006499579,,
,370000,,,,,25.168053340911865,-0.0020429376731044614,10.895957946777344,0.2,1800,0.0003,0.3596208095550537,0.05771484375,-0.582533685863018,0.0052484507,1088.6,222.75600000000003
182.0616,370688,641,577,181,633.35,,,,,,,,,,,,
178.2162,372736,644,578,182,620.21,23.71149533689022,-0.0025421981350518762,6.9671173095703125,0.2,1810,0.0003,0.3396482467651367,0.0587890625,-0.6456619160249829,0.007707859,,
169.9582,374784,647,579,183,597.24,35.85084275305271,-0.0016679836233379319,21.687219619750977,0.2,1820,0.0003,0.28835350275039673,0.0466796875,-0.6463591180741787,0.005137914,,
165.3586,376832,649,579,184,586.74,42.79608980119228,-0.004220108894514851,30.781558990478516,0.2,1830,0.0003,0.23983722925186157,0.03642578125,-0.6467278327792882,0.00429798,,
164.07139999999998,378880,652,580,185,580.96,24.14388345181942,-0.0027330887111020274,12.843306541442871,0.2,1840,0.0003,0.3444024920463562,0.05419921875,-0.6270736392587424,0.004357774,,
,380000,,,,,27.770620864629745,-0.0006386445340467617,19.07327651977539,0.2,1850,0.0003,0.30296790599823,0.024853515625,-0.6488246018998325,0.003348405,904.8,384.748
166.16279999999998,380928,657,579,186,591.62,,,,,,,,,,,,
162.08700000000002,382976,660,579,187,584.99,28.16848123371601,-0.002110486355377361,10.558176040649414,0.2,1860,0.0003,0.3460841774940491,0.030224609375,-0.6052922593429685,0.0052556125,,
163.35240000000005,385024,663,580,188,586.85,40.013413679599765,-0.006278601559461095,21.73344612121582,0.2,1870,0.0003,0.17769604921340942,0.075830078125,-0.6583325741812587,0.007769547,,
166.7448,387072,665,581,189,597.59,30.37880114018917,-0.0037881657131947576,20.617095947265625,0.2,1880,0.0003,0.3058360815048218,0.066357421875,-0.6611187163740396,0.0052978145,,
169.6196,389120,668,581,190,604.15,27.837791335582732,-0.005695222588838078,9.179851531982422,0.2,1890,0.0003,0.2528901696205139,0.101904296875,-0.7173348624259234,0.008299932,,
,390000,,,,,27.37606070637703,-0.0025845887677860445,11.12133502960205,0.2,1900,0.0003,0.3393341302871704,0.053564453125,-0.6554111419245601,0.0065854266,1443.0,247.73199999999997
163.06140000000002,391168,675,579,191,591.38,,,,,,,,,,,,
169.53300000000002,393216,678,579,192,608.48,41.209326058626175,-0.005311796060414054,24.652687072753906,0.2,1910,0.0003,0.2896685004234314,0.055517578125,-0.6378311635926366,0.006621535,,
168.9906,395264,680,580,193,605.54,34.07885232269764,-0.0007827160821761936,20.86533546447754,0.2,1920,0.0003,0.33156007528305054,0.03271484375,-0.6040251917205751,0.003992781,,
167.1478,397312,683,581,194,592.47,36.27409851849079,-0.0042031883567688055,20.058013916015625,0.2,1930,0.0003,0.2833607792854309,0.0349609375,-0.6614424241706729,0.0047916193,,
155.5744,399360,686,581,195,549.9,35.43561183810234,-0.0064020728808827695,12.673986434936523,0.2,1940,0.0003,0.23110371828079224,0.07744140625,-0.6728875521570444,0.008289007,,
,400000,,,,,35.18977644145489,-0.00578387760615442,17.834190368652344,0.2,1950,0.0003,0.20382589101791382,0.0888671875,-0.7007826745510102,0.0080911685,1456.8,337.636
157.49699999999999,401408,693,579,196,558.98,,,,,,,,,,,,
154.8108,403456,695,579,197,548.0,26.65966542959213,-0.0007372560095973313,28.13878631591797,0.2,1960,0.0003,0.35119324922561646,0.049169921875,-0.7046841463074088,0.006729764,,
155.1928,405504,698,580,198,553.95,26.86134639084339,-0.006114904314745218,10.750568389892578,0.2,1970,0.0003,0.3193250298500061,0.05673828125,-0.6758567878976465,0.0049891067,,
150.3068,407552,701,581,199,542.74,30.08504791557789,-0.006369917767005973,14.657600402832031,0.2,1980,0.0003,0.27528858184814453,0.06904296875,-0.7258638806641102,0.00726272,,
153.4898,409600,704,581,200,553.93,35.827919381856915,-0.006388418699498288,16.0972843170166,0.2,1990,0.0003,0.3378943204879761,0.062939453125,-0.7066150482743978,0.0059357565,,
,410000,,,,,19.93576710820198,-0.0029389422881649805,5.464032173156738,0.2,2000,0.0003,0.2745583653450012,0.060546875,-0.6434658983722329,0.006203714,1307.0,134.22
149.4382,411648,710,579,201,541.08,,,,,,,,,,,,
150.2398,413696,712,580,202,546.09,22.19131568670273,-0.0035997310071252285,11.954315185546875,0.2,2010,0.0003,0.34109771251678467,0.069873046875,-0.684703066572547,0.0057148007,,
150.1598,415744,715,580,203,545.08,35.628126090765,-0.005115695900167338,16.5507755279541,0.2,2020,0.0003,0.3588941693305969,0.035888671875,-0.6181601228192448,0.0047110836,,
153.04240000000001,417792,718,581,204,551.25,34.276860642433164,-0.004455204246914946,20.49516487121582,0.2,2030,0.0003,0.2990989089012146,0.07021484375,-0.6247322985902428,0.0077056,,
156.0084,419840,720,582,205,563.27,27.269738924503326,-0.0031202987593133003,12.036853790283203,0.2,2040,0.0003,0.2796032428741455,0.05390625,-0.6376221602782607,0.005223199,,
,420000,,,,,29.761748558282854,-0.003262399134109728,10.38919734954834,0.2,2050,0.0003,0.3119472861289978,0.04775390625,-0.6769828112795949,0.0060616154,978.6,395.296
150.62219999999996,421888,726,580,206,547.01,,,,,,,,,,,,
152.16719999999998,423936,729,581,207,549.92,39.40143856704235,-0.01026410594349727,19.4700984954834,0.2,2060,0.0003,0.3499903082847595,0.1251953125,-0.6322733416222036,0.009930308,,
150.76780000000002,425984,731,582,208,539.73,28.938882169127464,-0.00048306276876246556,20.66596031188965,0.2,2070,0.0003,0.4379875063896179,0.042431640625,-0.6133846366778016,0.0030190046,,
154.3276,428032,734,582,209,552.12,38.4945401519537,-0.00659993598528672,16.761825561523438,0.2,2080,0.0003,0.23420041799545288,0.075732421875,-0.6284015488810837,0.006466617,,
,430000,,,,,28.15812568962574,-0.0074681003272417,7.745890140533447,0.2,2090,0.0003,0.2875330448150635,0.086767578125,-0.6301626490429044,0.006847916,1021.6,186.02
155.77,430080,739,581,210,560.16,,,,,,,,,,,,
161.6036,432128,742,581,211,579.1,26.873096057772635,-0.004139387962641195,21.15994644165039,0.2,2100,0.0003,0.29050230979919434,0.064892578125,-0.592417657095939,0.00574091,,
164.408,434176,745,582,212,584.17,22.20790837407112,-0.0011493930331198498,8.322456359863281,0.2,2110,0.0003,0.3646494150161743,0.0546875,-0.6000744041986763,0.004977031,,
165.2178,436224,748,583,213,583.76,35.493965190649035,-0.004141168162459507,22.8015193939209,0.2,2120,0.0003,0.3599061369895935,0.039111328125,-0.5938804515637457,0.0046845614,,
167.78879999999998,438272,750,583,214,590.48,23.628638726472854,-0.006199956094496884,8.0352144241333,0.2,2130,0.0003,0.31714677810668945,0.05625,-0.5856525644659996,0.0054349415,,
,440000,,,,,44.12925725877285,-0.0053606862493325025,18.48000144958496,0.2,2140,0.0003,0.254425585269928,0.0564453125,-0.6099612343125045,0.005545551,2091.4,268.832
167.91600000000003,440320,759,579,215,589.13,,,,,,,,,,,,
171.13020000000003,442368,762,580,216,598.76,27.864735010266305,-0.00498482987168245,8.743155479431152,0.2,2150,0.0003,0.40078234672546387,0.077392578125,-0.6034872843883932,0.0063798316,,
179.46740000000005,444416,765,580,217,622.78,24.03669318854809,-0.0007612962886923924,8.344624519348145,0.2,2160,0.0003,0.34562355279922485,0.037890625,-0.5677744622342289,0.0031095664,,
182.4216,446464,767,581,218,635.39,23.692210707068444,-0.0063647587783634664,8.609681129455566,0.2,2170,0.0003,0.44298720359802246,0.08740234375,-0.6425096547231078,0.0064059403,,
182.1636,448512,770,582,219,633.26,39.25161649286747,-0.00604807082854677,21.8490047454834,0.2,2180,0.0003,0.28348422050476074,0.046728515625,-0.6433893490582705,0.0053119916,,
,450000,,,,,28.374611511826515,-0.0015254913363605739,10.921273231506348,0.2,2190,0.0003,0.2740493416786194,0.041845703125,-0.6560000021010637,0.0057146857,1047.6,215.56
184.5182,450560,776,580,220,640.78,,,,,,,,,,,,
188.71640000000002,452608,778,581,221,656.32,16.080994401872157,-0.007511503167916089,9.438392639160156,0.2,2200,0.0003,0.4100920557975769,0.09365234375,-0.6315675184130669,0.008939006,,
190.1918,454656,781,581,222,662.71,27.415564566850662,-0.0038028358947485687,11.321060180664062,0.2,2210,0.0003,0.28590524196624756,0.0662109375,-0.6857138162478804,0.007873562,,
192.79919999999998,456704,784,582,223,672.62,15.006319203972817,-0.005677695531630889,7.3969855308532715,0.2,2220,0.0003,0.5037089586257935,0.0771484375,-0.6520202834159136,0.0068275393,,
198.72579999999994,458752,787,582,224,686.91,24.076448968052865,-0.006694671290460974,14.244991302490234,0.2,2230,0.0003,0.32017987966537476,0.061767578125,-0.579365365114063,0.0045921914,,
,460000,,,,,30.980422404408454,-0.006365576539246831,19.18720245361328,0.2,2240,0.0003,0.4005659222602844,0.0744140625,-0.646519205905497,0.0074629327,1324.2,105.82000000000001
202.22639999999998,460800,793,580,225,697.25,,,,,,,,,,,,
199.2276,462848,796,580,226,691.88,33.525388076901436,-0.0035793539442238397,16.782461166381836,0.2,2250,0.0003,0.31316065788269043,0.03486328125,-0.6071962913498282,0.0046028094,,
201.97859999999997,464896,799,581,227,699.62,27.54937689602375,-0.00415976259537274,18.29657554626465,0.2,2260,0.0003,0.3018667697906494,0.072998046875,-0.6414983225986362,0.0066521745,,
205.28179999999998,466944,802,581,228,709.81,26.882403066754343,-0.0033470255526481195,13.094776153564453,0.2,2270,0.0003,0.29738718271255493,0.048876953125,-0.6342961504124105,0.0071108905,,
209.69839999999996,468992,805,582,229,724.45,20.84712616354227,-0.0027542514450033194,6.0280022621154785,0.2,2280,0.0003,0.3708064556121826,0.047265625,-0.5779861765913665,0.006825125,,
,470000,,,,,17.75040538161993,-0.005573019589064643,6.982781410217285,0.2,2290,0.0003,0.34971123933792114,0.06728515625,-0.5965860191732645,0.0056194924,1336.8,231.82000000000002
208.0878,471040,812,579,230,719.81,,,,,,,,,,,,
210.81,473088,815,580,231,728.99,38.916231986880305,-0.007672802181332372,21.78188133239746,0.2,2300,0.0003,0.2417028546333313,0.068310546875,-0.6607336908578872,0.009763264,,
211.2236,475136,818,580,232,728.35,34.29689498245716,-0.002474905422423035,19.604822158813477,0.2,2310,0.0003,0.28064030408859253,0.053271484375,-0.6848175205290318,0.004498834,,
213.67799999999997,477184,821,581,233,735.89,24.197476053237914,-0.003481698507675901,12.293221473693848,0.2,2320,0.0003,0.3740729093551636,0.05908203125,-0.6576738826930523,0.0073047895,,
215.49899999999997,479232,824,581,234,740.03,32.15918473303318,-0.0030885837142704984,16.81328010559082,0.2,2330,0.0003,0.29254794120788574,0.0578125,-0.6451917964033782,0.005110152,,
,480000,,,,,21.134884774684906,-0.0026973600761266425,9.113986015319824,0.2,2340,0.0003,0.3865501284599304,0.059228515625,-0.635347258951515,0.0056985957,835.8,233.824
217.76160000000004,481280,829,580,235,742.13,,,,,,,,,,,,
217.61680000000007,483328,832,580,236,739.35,36.7896427989006,-0.0019509765756083653,30.232439041137695,0.2,2350,0.0003,0.2910446524620056,0.029296875,-0.6359552128240467,0.0043642777,,
209.69400000000005,485376,835,581,237,709.64,33.88965076804161,-0.007874780975544126,11.921609878540039,0.2,2360,0.0003,0.2820175290107727,0.094189453125,-0.6878709051758051,0.006813438,,
212.18540000000002,487424,838,581,238,725.35,33.855117812752724,-0.00802070796780754,17.73102378845215,0.2,2370,0.0003,0.2997150421142578,0.07529296875,-0.6451460314914584,0.006718358,,
202.98420000000002,489472,841,581,239,699.44,16.522079813480378,-0.0031215092254569753,9.796344757080078,0.2,2380,0.0003,0.4048123359680176,0.072412109375,-0.6494283629581332,0.0059563564,,
,490000,,,,,37.52091003060341,-0.0022630044230027126,17.275110244750977,0.2,2390,0.0003,0.2615203857421875,0.043505859375,-0.6668230414390564,0.006867677,1510.0,288.476
204.345,491520,848,579,240,696.53,,,,,,,,,,,,
200.30140000000003,493568,851,579,241,688.29,33.77525332272053,-0.008179363873205147,13.987842559814453,0.2,2400,0.0003,0.33574730157852173,0.083154296875,-0.5817874061875046,0.0071587632,,
200.88099999999994,495616,854,579,242,694.38,28.777136969566346,-0.0014543078767019324,13.629040718078613,0.2,2410,0.0003,0.29655057191848755,0.05869140625,-0.6470920119434596,0.0057173814,,
200.20719999999997,497664,857,580,243,693.0,29.239050337672232,-0.003074474728782661,8.613171577453613,0.2,2420,0.0003,0.2825561761856079,0.0521484375,-0.6590068511664867,0.0055654645,,
203.64520000000005,499712,860,580,244,706.47,24.69309613108635,-0.0028057733448804355,12.994796752929688,0.2,2430,0.0003,0.30744969844818115,0.06328125,-0.6641651749610901,0.004829036,,
,500000,,,,,27.3436162173748,-0.003229900551377796,18.741220474243164,0.2,2440,0.0003,0.295956552028656,0.065185546875,-0.6792614942416548,0.0053410064,666.2,163.068
193.48139999999995,501760,865,579,245,678.59,,,,,,,,,,,,
189.9222,503808,868,579,246,666.17,35.559382593631746,-0.004624697598046623,12.050639152526855,0.2,2450,0.0003,0.2830042839050293,0.052099609375,-0.7535644449293614,0.009027604,,
186.80139999999994,505856,871,580,247,661.89,32.28484782874584,-0.001848534369491972,16.54448699951172,0.2,2460,0.0003,0.19501328468322754,0.035205078125,-0.6188861256465316,0.009029616,,
177.94420000000002,507904,874,580,248,638.82,36.11896142661571,-0.004601937896222807,15.194019317626953,0.2,2470,0.0003,0.30828750133514404,0.05400390625,-0.6927853859961033,0.004580768,,
179.79800000000003,509952,877,581,249,641.32,23.91248209476471,-0.002971590237575583,15.90078353881836,0.2,2480,0.0003,0.3027958869934082,0.0626953125,-0.7086420955136419,0.004904908,,
,510000,,,,,30.783783155679703,-0.0004735620488645509,18.623727798461914,0.2,2490,0.0003,0.3243498206138611,0.040087890625,-0.6465441631153226,0.0062495954,1105.6,192.356
180.2718,512000,883,579,250,642.68,,,,,,,,,,,,
174.8976,514048,886,579,251,625.82,39.83463190793991,-0.005310151219600811,20.925006866455078,0.2,2500,0.0003,0.23040634393692017,0.059716796875,-0.6979858390986919,0.006807822,,
163.33100000000002,516096,889,580,252,587.92,27.342092657089232,-0.006577838960220106,16.378297805786133,0.2,2510,0.0003,0.327026903629303,0.07919921875,-0.7230658423155546,0.007294698,,
159.7604,518144,892,580,253,576.07,40.140568405389786,-0.006583027253509499,14.050891876220703,0.2,2520,0.0003,0.22904276847839355,0.050048828125,-0.6730921097099781,0.0060994844,,
,520000,,,,,31.587449887394904,-0.0019979112985311076,21.225852966308594,0.2,2530,0.0003,0.36745381355285645,0.0341796875,-0.6352492275647819,0.004454039,1226.8,506.56399999999996
161.2252,520192,898,578,254,577.98,,,,,,,,,,,,
167.9204,522240,902,578,255,598.93,25.706364944577217,-0.005068062874488533,11.75203800201416,0.2,2540,0.0003,0.34840822219848633,0.0541015625,-0.6305850366130471,0.0057450067,,
172.44400000000002,524288,905,579,256,613.23,21.241688454151152,-0.003684434705064632,7.85837459564209,0.2,2550,0.0003,0.3666173815727234,0.05380859375,-0.6344303024932743,0.0044035874,,
157.7146,526336,908,579,257,568.14,22.83702655732632,-0.0024635522830067204,6.339511394500732,0.2,2560,0.0003,0.4040910601615906,0.08720703125,-0.6210565498098731,0.008509915,,
161.28359999999998,528384,911,579,258,580.07,42.29725691378117,-0.00805833474296378,23.64055061340332,0.2,2570,0.0003,0.2588357925415039,0.08427734375,-0.6871133912354708,0.0065016635,,
,530000,,,,,20.04018598496914,-0.002523830276913941,7.360273361206055,0.2,2580,0.0003,0.413077175617218,0.05869140625,-0.6589380828663707,0.0054397457,1216.4,456.6719999999999
162.78900000000004,530432,917,578,259,584.96,,,,,,,,,,,,
157.4106,532480,920,578,260,568.31,32.87109131515026,-0.002434508374426514,15.972996711730957,0.2,2590,0.0003,0.2606632709503174,0.05888671875,-0.6638731751590967,0.006265152,,
156.93519999999998,534528,923,578,261,567.03,32.100420504808426,-0.005794245807192055,18.886499404907227,0.2,2600,0.0003,0.16086578369140625,0.08037109375,-0.7262936655431986,0.005528233,,
153.8892,536576,926,579,262,559.01,17.614769214391707,-0.0004620189167326316,7.690364360809326,0.2,2610,0.0003,0.36826616525650024,0.038623046875,-0.619829389359802,0.0034613926,,
154.8866,538624,929,579,263,559.24,27.50732201039791,-0.0036764305346878245,11.843713760375977,0.2,2620,0.0003,0.36620432138442993,0.036669921875,-0.6411246411502362,0.006992918,,
,540000,,,,,47.020930463075636,-0.009966616914607585,25.057815551757812,0.2,2630,0.0003,0.25228172540664673,0.06005859375,-0.6238874194212258,0.0062707514,1029.0,420.34
153.7586,540672,934,578,264,555.52,,,,,,,,,,,,
158.25959999999998,542720,937,578,265,570.95,26.41803123950958,-0.006512908748118207,10.292757034301758,0.2,2640,0.0003,0.38584113121032715,0.06748046875,-0.5758451131172478,0.0056893155,,
162.2864,544768,940,579,266,575.02,27.001221466064454,-0.002656931144883856,15.278736114501953,0.2,2650,0.0003,0.2885890007019043,0.0576171875,-0.577516323607415,0.0053379238,,
162.2864,546816,943,579,267,575.02,23.857930886745454,-0.002130104642128572,10.659170150756836,0.2,2660,0.0003,0.3806760907173157,0.040087890625,-0.572511638328433,0.004247288,,
169.334,548864,946,579,268,598.39,18.878394797444344,-0.002911279886029661,8.895496368408203,0.2,2670,0.0003,0.358581006526947,0.063427734375,-0.6244534060359002,0.0064906864,,
,550000,,,,,22.302839055657387,-0.002677634425344877,5.913873672485352,0.2,2680,0.0003,0.39622700214385986,0.06025390625,-0.6409154817461967,0.0050143893,1099.6,226.544
172.91379999999998,550912,952,578,269,609.78,,,,,,,,,,,,
172.13139999999993,552960,955,578,270,613.83,30.393511965870857,-0.006504356912046205,12.043824195861816,0.2,2690,0.0003,0.37854981422424316,0.072705078125,-0.6895768968388438,0.005656223,,
173.25459999999998,555008,958,579,271,617.79,35.07147613167763,-0.00821266437706072,16.391080856323242,0.2,2700,0.0003,0.27873551845550537,0.076025390625,-0.6603978814557194,0.007812837,,
175.57739999999998,557056,961,579,272,626.9,20.89745306968689,-0.007113432133337483,5.39215087890625,0.2,2710,0.0003,0.34759098291397095,0.0708984375,-0.6039259549230337,0.006837734,,
180.53900000000002,559104,964,579,273,644.35,24.84157451093197,-0.003149499717983417,17.890499114990234,0.2,2720,0.0003,0.3237576484680176,0.049658203125,-0.6054511327296496,0.006126812,,
,560000,,,,,19.03844646215439,-0.0008698670950252563,5.83489465713501,0.2,2730,0.0003,0.4460374712944031,0.0533203125,-0.5905280495993793,0.0049702246,587.6,78.468
183.07,561152,968,579,274,648.06,,,,,,,,,,,,
187.1852,563200,971,579,275,657.73,26.131261292099953,-0.0069442454812815415,7.843868255615234,0.2,2740,0.0003,0.3311220407485962,0.07998046875,-0.5818528354167938,0.008865802,,
189.32219999999998,565248,974,579,276,666.11,24.08583590388298,-0.002555214744643308,13.571426391601562,0.2,2750,0.0003,0.3222803473472595,0.054443359375,-0.6421466832980514,0.0043469043,,
188.27519999999996,567296,977,580,277,658.34,17.785539057850837,-0.003387098421808332,9.379399299621582,0.2,2760,0.0003,0.4014589190483093,0.0662109375,-0.6263840602710843,0.007112588,,
189.07839999999996,569344,980,580,278,658.26,39.1473263412714,-0.003944149607559666,18.303653717041016,0.2,2770,0.0003,0.30512934923171997,0.03310546875,-0.6314449060708285,0.004215058,,
,570000,,,,,27.945746552944183,-0.0016872433596290648,10.117871284484863,0.2,2780,0.0003,0.3556496500968933,0.076708984375,-0.6974717453122139,0.006101716,1699.6,280.676
190.5856,571392,988,578,279,668.07,,,,,,,,,,,,
196.23340000000005,573440,991,578,280,686.28,25.129421374201776,-0.005289884822559543,6.382932662963867,0.2,2790,0.0003,0.3193100690841675,0.07685546875,-0.6376601006835699,0.0055287755,,
200.92100000000002,575488,994,578,281,697.39,26.66546483039856,-0.004285966861061752,9.251750946044922,0.2,2800,0.0003,0.28998351097106934,0.054638671875,-0.6033860758878291,0.005706141,,
203.46220000000002,577536,997,579,282,700.59,24.48956273496151,-0.0036196005123201756,8.636512756347656,0.2,2810,0.0003,0.3644903898239136,0.050537109375,-0.6085390796884894,0.006168412,,
205.34779999999998,579584,1000,579,283,706.51,24.718695813417433,-0.003088448659400456,8.798389434814453,0.2,2820,0.0003,0.35882246494293213,0.06318359375,-0.5954079370014369,0.005542575,,
,580000,,,,,26.66287182569504,-0.002507297816919163,15.924866676330566,0.2,2830,0.0003,0.308357834815979,0.05576171875,-0.6643009001389146,0.008271845,864.0,129.052
206.5632,581632,1005,578,284,710.87,,,,,,,,,,,,
208.317,583680,1008,578,285,718.37,42.76889984607696,-0.006933058604772668,22.608154296875,0.2,2840,0.0003,0.2721189856529236,0.05908203125,-0.6633701894432307,0.0075757937,,
208.217,585728,1011,578,286,718.36,21.90011675655842,-0.002895037646521814,10.725518226623535,0.2,2850,0.0003,0.3403022885322571,0.069970703125,-0.609035658929497,0.006651009,,
212.94419999999994,587776,1014,579,287,727.49,26.973112165927887,-0.0017479865811765194,19.502660751342773,0.2,2860,0.0003,0.30986469984054565,0.04365234375,-0.6400087961927057,0.003441078,,
217.37999999999997,589824,1017,579,288,736.16,22.468572705984116,-0.0011545362169272267,6.40484619140625,0.2,2870,0.0003,0.23274904489517212,0.034765625,-0.6045196552760899,0.004053256,,
,590000,,,,,43.72741153240204,-0.00611980431858683,17.378141403198242,0.2,2880,0.0003,0.2655453085899353,0.06005859375,-0.6031911277212203,0.0051203654,1608.4,426.788
199.26840000000004,591872,1024,577,289,679.82,,,,,,,,,,,,
202.53060000000005,593920,1027,577,290,687.05,45.16104370951653,-0.006606679409742355,20.883577346801758,0.2,2890,0.0003,0.24588477611541748,0.056689453125,-0.5940541016869247,0.0054405923,,
204.44279999999995,595968,1030,578,291,691.64,30.08950797021389,-0.004743965854868293,9.617796897888184,0.2,2900,0.0003,0.23436039686203003,0.05419921875,-0.6146488853730261,0.004669969,,
206.84399999999994,598016,1033,578,292,701.84,25.98398538827896,-0.005423259205417708,14.376062393188477,0.2,2910,0.0003,0.3258032202720642,0.067529296875,-0.6672277435660362,0.0060054422,,
,600000,,,,,15.999588890373706,-0.00490084043412935,8.071759223937988,0.2,2920,0.0003,0.3377668261528015,0.107763671875,-0.7075866106897593,0.008255884,1306.0,549.068
210.8842,600064,1039,576,293,715.26,,,,,,,,,,,,
213.67260000000002,602112,1042,577,294,721.13,27.7314495742321,-0.004485504297190346,17.740856170654297,0.2,2930,0.0003,0.3605063557624817,0.055029296875,-0.6041284440085292,0.0048554502,,
216.8448,604160,1045,577,295,727.85,28.2221382021904,-0.004296537548361812,13.581164360046387,0.2,2940,0.0003,0.32329773902893066,0.058154296875,-0.6169590878300368,0.0062384424,,
222.59099999999998,606208,1048,578,296,746.15,28.874113029241563,-0.004666257029748521,24.365205764770508,0.2,2950,0.0003,0.35702377557754517,0.062890625,-0.654745277389884,0.004955442,,
224.22099999999995,608256,1051,578,297,749.82,33.21273334026337,-0.004148548387456685,13.37722110748291,0.2,2960,0.0003,0.24150854349136353,0.05185546875,-0.6761432008817791,0.007180554,,
,610000,,,,,23.760111245512963,-0.006805771170184017,13.550582885742188,0.2,2970,0.0003,0.38111501932144165,0.0666015625,-0.638200806081295,0.0056511806,679.4,220.92
223.43280000000001,610304,1056,577,298,739.13,,,,,,,,,,,,
222.4436,612352,1059,578,299,738.49,39.97533104121685,-0.0056422417372232305,33.976661682128906,0.2,2980,0.0003,0.20840269327163696,0.046875,-0.5911401957273483,0.0044079856,,
226.313,614400,1062,578,300,750.43,37.967955148220064,-0.003063066632603295,26.35845184326172,0.2,2990,0.0003,0.23120909929275513,0.02353515625,-0.6195964825339615,0.0042545754,,
230.3378,616448,1065,578,301,764.62,18.563839560747148,-0.005415772963897325,10.810542106628418,0.2,3000,0.0003,0.35569512844085693,0.077734375,-0.6178103072568775,0.0075668846,,
227.7996,618496,1068,579,302,756.26,27.45398387312889,-0.0036870396274025553,16.19039535522461,0.2,3010,0.0003,0.26991546154022217,0.05263671875,-0.6137285472825169,0.0053784437,,
,620000,,,,,19.910290952026845,-0.0024799455422908068,16.769086837768555,0.2,3020,0.0003,0.38261663913726807,0.05107421875,-0.5716513052582741,0.0037843506,2105.2,256.53200000000004
222.577,620544,1077,576,303,741.84,,,,,,,,,,,,
221.09539999999998,622592,1080,576,304,735.76,25.96889398097992,-0.0020979950655600987,10.940516471862793,0.2,3030,0.0003,0.3311658501625061,0.055224609375,-0.5766953568905592,0.006968831,,
224.11520000000002,624640,1083,576,305,745.09,25.9562606215477,-0.005604450064129196,11.479158401489258,0.2,3040,0.0003,0.33498144149780273,0.058837890625,-0.6239978983066976,0.0069036083,,
226.36919999999998,626688,1085,577,306,752.63,24.6169519841671,-0.003948100801790133,13.803070068359375,0.2,3050,0.0003,0.3898390531539917,0.054345703125,-0.6250892290845513,0.00543982,,
229.14079999999998,628736,1088,577,307,764.35,21.795449766516686,-0.0006647549947956577,10.10765552520752,0.2,3060,0.0003,0.3239282965660095,0.04541015625,-0.6445308012887836,0.007534002,,
,630000,,,,,27.27455389201641,-0.002431804360821843,9.044034957885742,0.2,3070,0.0003,0.4189191460609436,0.047900390625,-0.5936009771190583,0.004965354,649.2,211.504
233.71899999999997,630784,1093,576,308,775.92,,,,,,,,,,,,
226.3964,632832,1096,577,309,746.26,28.22605844140053,-0.004586412635399028,24.332130432128906,0.2,3080,0.0003,0.3219050168991089,0.05810546875,-0.5947621238417924,0.007668563,,
224.17739999999995,634880,1099,577,310,741.98,28.665220940113066,-0.003597297154192347,17.42397117614746,0.2,3090,0.0003,0.43111956119537354,0.057080078125,-0.6092002112418413,0.0060804132,,
214.22380000000004,636928,1102,577,311,708.6,20.73749683499336,-0.004354619597143028,7.727959632873535,0.2,3100,0.0003,0.3221057653427124,0.05908203125,-0.6429020907729864,0.0070843697,,
219.60420000000002,638976,1105,578,312,725.15,41.21832749247551,-0.005399972652958241,17.73176383972168,0.2,3110,0.0003,0.20110315084457397,0.060205078125,-0.5789096678607166,0.0042378465,,
,640000,,,,,16.34171392470598,-0.0019396898278500885,8.657103538513184,0.2,3120,0.0003,0.3813897371292114,0.052099609375,-0.5840717970393599,0.004954239,1121.4,462.58000000000004
211.22560000000001,641024,1111,576,313,688.17,,,,,,,,,,,,
206.80200000000002,643072,1114,576,314,678.89,55.437666308879855,-0.007063104110420682,11.849957466125488,0.2,3130,0.0003,0.20782345533370972,0.06650390625,-0.6393544263206422,0.0067124497,,
202.7854,645120,1117,577,315,669.3,23.706303226947785,-0.001985641868668608,10.24217700958252,0.2,3140,0.0003,0.35784000158309937,0.0505859375,-0.6594712793827057,0.0048900093,,
197.2818,647168,1120,577,316,658.91,33.3491120070219,-0.005524674078333192,11.423590660095215,0.2,3150,0.0003,0.27238553762435913,0.06337890625,-0.6347003221511841,0.0054813125,,
196.87099999999998,649216,1123,578,317,659.41,30.148230582475662,-0.0071016530433553274,18.37500762939453,0.2,3160,0.0003,0.27996742725372314,0.063037109375,-0.743736157938838,0.0072568585,,
,650000,,,,,28.781763112545015,-0.003972794982837513,15.145280838012695,0.2,3170,0.0003,0.2571713328361511,0.04892578125,-0.6889841362833977,0.006553256,1077.6,50.632000000000005
197.61700000000002,651264,1129,576,318,662.19,,,,,,,,,,,,
199.26919999999998,653312,1131,577,319,669.76,23.10257175564766,-0.004693690966814756,8.625495910644531,0.2,3180,0.0003,0.34375399351119995,0.05234375,-0.6709666593000293,0.004926213,,
195.2058,655360,1134,577,320,662.51,20.37342826128006,-0.008691431731858757,8.927806854248047,0.2,3190,0.0003,0.3575172424316406,0.086376953125,-0.7024285651743412,0.008158952,,
198.17059999999998,657408,1137,577,321,674.59,24.771856486797333,-0.003747287148144096,11.913463592529297,0.2,3200,0.0003,0.2749844789505005,0.036328125,-0.648236739821732,0.0056315768,,
201.24079999999998,659456,1140,578,322,681.4,30.53360757827759,-0.003187977560446598,21.97624969482422,0.2,3210,0.0003,0.29323524236679077,0.037890625,-0.6636301714926958,0.0044387574,,
,660000,,,,,21.37521233856678,-0.004175387049326673,12.506918907165527,0.2,3220,0.0003,0.4150897264480591,0.055615234375,-0.6074195193126798,0.0061878758,1494.6,342.892
206.26260000000002,661504,1148,576,323,695.84,,,,,,,,,,,,
207.301,663552,1151,576,324,709.05,19.545870700478552,-0.004022072235238738,6.714340686798096,0.2,3230,0.0003,0.37498539686203003,0.06484375,-0.6101803410798311,0.005985368,,
207.301,665600,1154,576,325,709.05,23.11348939836025,-0.00527722005645046,12.912764549255371,0.2,3240,0.0003,0.3516339659690857,0.055859375,-0.6049337698146701,0.006238592,,
213.1146,667648,1157,577,326,728.99,13.330069018900394,-0.002546516089932993,5.423610210418701,0.2,3250,0.0003,0.27622926235198975,0.07529296875,-0.6291398923844099,0.006303465,,
212.68820000000002,669696,1159,577,327,730.27,23.879923129081725,-0.007795830862596631,10.549934387207031,0.2,3260,0.0003,0.360953688621521,0.088427734375,-0.6451537672430276,0.009115307,,
,670000,,,,,27.407800722122193,-0.002842331991996616,11.355084419250488,0.2,3270,0.0003,0.25880318880081177,0.0486328125,-0.6491607669740915,0.00466422,1393.2,577.384
209.86780000000002,671744,1167,575,328,720.99,,,,,,,,,,,,
208.35780000000003,673792,1170,575,329,716.33,29.8829227656126,-0.001701195488567464,11.56236457824707,0.2,3280,0.0003,0.22972428798675537,0.05380859375,-0.6148218490183354,0.0051658754,,
208.13179999999997,675840,1173,576,330,717.61,21.197613629698754,-0.006222485325997696,9.557353973388672,0.2,3290,0.0003,0.40150249004364014,0.07646484375,-0.5872975945472717,0.0071151555,,
208.68600000000004,677888,1176,576,331,719.96,33.28476902246475,-0.003599685349036008,12.23957633972168,0.2,3300,0.0003,0.27298009395599365,0.043896484375,-0.6457096749916673,0.0064065494,,
209.52660000000003,679936,1178,576,332,718.01,22.052152824401855,-0.008938978204969316,11.152752876281738,0.2,3310,0.0003,0.3766886591911316,0.087255859375,-0.65868268776685,0.0074991668,,
,680000,,,,,30.46232268512249,-0.004468181633274071,8.90430736541748,0.2,3320,0.0003,0.28950339555740356,0.03603515625,-0.5728849275037646,0.0052057635,1465.4,579.9480000000001
209.31860000000003,681984,1186,574,333,723.4,,,,,,,,,,,,
210.27140000000003,684032,1189,575,334,730.87,35.68217068314552,-0.0029086192342219876,24.93210220336914,0.2,3330,0.0003,0.2915651798248291,0.03125,-0.6331876943819225,0.0044080163,,
212.56939999999997,686080,1191,575,335,736.21,36.33436112999916,-0.006543362082447856,12.771446228027344,0.2,3340,0.0003,0.28776848316192627,0.074609375,-0.6183645596727729,0.0061957194,,
209.2164,688128,1194,575,336,728.51,31.90754143297672,-0.002861637936439365,13.222597122192383,0.2,3350,0.0003,0.23357009887695312,0.048681640625,-0.5908425406552851,0.0036145651,,
,690000,,,,,15.802823184430599,-0.0016617434695945122,5.959847927093506,0.2,3360,0.0003,0.3944470286369324,0.056103515625,-0.6218923880718649,0.0056316415,1223.2,460.54400000000004
212.8094,690176,1201,574,337,739.24,,,,,,,,,,,,
214.31239999999997,692224,1204,574,338,749.26,24.422089523077013,-0.0022511150280479343,12.919451713562012,0.2,3370,0.0003,0.3177167773246765,0.08271484375,-0.663663423806429,0.006674825,,
198.79860000000005,694272,1207,574,339,703.31,23.163997450470923,-0.0031180699064861984,16.7181453704834,0.2,3380,0.0003,0.3437116742134094,0.0517578125,-0.7270452857017518,0.006849519,,
187.15980000000002,696320,1210,575,340,669.02,43.35870667695999,-0.008931847623898648,18.92099380493164,0.2,3390,0.0003,0.2759231925010681,0.0623046875,-0.7382373847067356,0.0068681906,,
174.51059999999998,698368,1213,575,341,630.14,36.15479929149151,-0.005027206093654968,8.174769401550293,0.2,3400,0.0003,0.23693019151687622,0.06728515625,-0.7380224028602242,0.007411777,,
,700000,,,,,39.224628484249116,-0.006670132816361729,22.59850311279297,0.2,3410,0.0003,0.2201940417289734,0.079638671875,-0.7247329514473677,0.014772224,1422.8,548.736
164.601,700416,1220,573,342,609.59,,,,,,,,,,,,
165.1304,702464,1223,574,343,618.19,27.860768777132034,-0.007636152749182656,11.44271183013916,0.2,3420,0.0003,0.19005608558654785,0.104150390625,-0.801681662723422,0.011038506,,
159.96460000000002,704512,1226,574,344,600.93,38.05650061964989,-0.011264750474947505,21.862096786499023,0.2,3430,0.0003,0.2074376344680786,0.0931640625,-0.7294870503246784,0.0095887035,,
155.2578,706560,1229,574,345,580.76,40.48262060880661,-0.007783953404577914,7.927814483642578,0.2,3440,0.0003,0.1820375919342041,0.077392578125,-0.7439744522795081,0.007396688,,
157.58159999999998,708608,1231,575,346,589.82,27.20532090961933,-0.008213219678145834,22.15631866455078,0.2,3450,0.0003,0.22723406553268433,0.077685546875,-0.7511973168700934,0.0060610925,,
,710000,,,,,21.987319126725197,-0.006063679791986942,7.906985759735107,0.2,3460,0.0003,0.3181549906730652,0.06171875,-0.6683555698022247,0.0049478468,1699.4,320.76000000000005
160.5368,710656,1239,573,347,597.37,,,,,,,,,,,,
154.03879999999998,712704,1242,573,348,571.57,17.855820599198342,-0.00513691617816221,4.478344440460205,0.2,3470,0.0003,0.33785480260849,0.088525390625,-0.6698229275643826,0.008790861,,
157.44,714752,1245,574,349,581.87,32.219316583871844,-0.009924884996144101,12.796281814575195,0.2,3480,0.0003,0.30864083766937256,0.0779296875,-0.6628511469811201,0.006201842,,
156.0718,716800,1247,574,350,585.15,20.736665526032446,-0.005113329627783969,7.0116496086120605,0.2,3490,0.0003,0.2743445038795471,0.071533203125,-0.6783044472336769,0.0072702863,,
146.75879999999998,718848,1250,574,351,554.81,23.45103275179863,-0.004960368893807754,5.838222980499268,0.2,3500,0.0003,0.3339565396308899,0.067529296875,-0.6638232128694653,0.005684957,,
,720000,,,,,34.94375412762165,-0.004611200111685321,14.822394371032715,0.2,3510,0.0003,0.30846959352493286,0.0671875,-0.6751422205939889,0.0060936436,1182.4,499.43600000000004
139.13819999999998,720896,1256,573,352,535.04,,,,,,,,,,,,
145.2006,722944,1259,573,353,547.55,25.870066133141517,-0.0037866648461204024,7.470035076141357,0.2,3520,0.0003,0.3417094945907593,0.05791015625,-0.6619151128455997,0.0047926363,,
131.18880000000001,724992,1262,574,354,501.65,25.208976736664773,-0.003103536696289666,12.822604179382324,0.2,3530,0.0003,0.38190120458602905,0.060595703125,-0.5547062057070434,0.006116257,,
134.33800000000002,727040,1265,574,355,509.52,44.98587119579315,-0.006930674856994301,20.031431198120117,0.2,3540,0.0003,0.2195478081703186,0.070068359375,-0.6317118978127837,0.0069021382,,
128.1076,729088,1268,574,356,485.37,33.02097359597683,-0.004500362373073585,17.9216365814209,0.2,3550,0.0003,0.1807694435119629,0.0572265625,-0.5859179099090397,0.005329752,,
,730000,,,,,37.12838172018528,-0.004984706381219439,29.06825828552246,0.2,3560,0.0003,0.2066144347190857,0.055615234375,-0.6324946164153517,0.005387036,794.8,352.88
130.4612,731136,1273,574,357,492.94,,,,,,,,,,,,
134.42839999999998,733184,1276,574,358,505.0,29.208726719021797,-0.0026506852358579636,9.622801780700684,0.2,3570,0.0003,0.2798721194267273,0.0435546875,-0.6121078100055456,0.0048967935,,
134.4032,735232,1278,574,359,501.25,24.67479498386383,-0.008231243799673393,7.576995849609375,0.2,3580,0.0003,0.258861243724823,0.06875,-0.6332296598702669,0.0050925347,,
139.09140000000002,737280,1281,575,360,517.34,31.887584787607192,-0.0041077506946749056,16.074996948242188,0.2,3590,0.0003,0.26363569498062134,0.059765625,-0.6381566213443876,0.004444924,,
128.4766,739328,1284,575,361,476.94,20.371697583794592,-0.0012648832867853343,16.32550048828125,0.2,3600,0.0003,0.3864877223968506,0.09306640625,-0.6674761334434152,0.009592859,,
,740000,,,,,36.877933490276334,-0.004711466911248863,14.359821319580078,0.2,3610,0.0003,0.2623775005340576,0.063330078125,-0.704443566314876,0.007095977,909.0,332.55999999999995
123.16380000000001,741376,1289,574,362,467.03,,,,,,,,,,,,
123.2482,743424,1292,575,363,467.82,29.684398332238196,-0.008774407900637016,14.018619537353516,0.2,3620,0.0003,0.18950283527374268,0.11337890625,-0.8233940925449132,0.013276409,,
122.87299999999998,745472,1295,575,364,466.54,22.272773411870002,-0.005549198943481315,4.909647464752197,0.2,3630,0.0003,0.10963529348373413,0.065966796875,-0.7804445527493954,0.006108772,,
124.49459999999998,747520,1298,575,365,470.63,40.45514481663704,-0.008718579007836524,27.981718063354492,0.2,3640,0.0003,0.23175889253616333,0.063427734375,-0.7264692675322294,0.0057930835,,
129.29619999999997,749568,1301,575,366,491.07,24.138815876841544,-0.008808341273106635,11.551854133605957,0.2,3650,0.0003,0.3141685724258423,0.083203125,-0.741804002225399,0.008116902,,
,750000,,,,,19.246448358893396,-0.005651676160050556,6.653106212615967,0.2,3660,0.0003,0.3564062714576721,0.0609375,-0.6541709879413247,0.0063347896,2276.8,211.016
130.1962,751616,1310,573,367,496.17,,,,,,,,,,,,
130.2932,753664,1313,573,368,501.34,21.912592639029025,-0.005829800697392784,14.705381393432617,0.2,3670,0.0003,0.2648083567619324,0.083349609375,-0.7679182039573789,0.00694672,,
133.44500000000002,755712,1316,574,369,504.07,37.79515355825424,-0.004473086231155321,21.088943481445312,0.2,3680,0.0003,0.25091660022735596,0.037939453125,-0.6614619581028819,0.0043236874,,
134.43439999999998,757760,1319,574,370,499.69,25.063656482100487,-0.00523519461567048,7.341545104980469,0.2,3690,0.0003,0.3300171494483948,0.079541015625,-0.6796232245862484,0.008232484,,
137.6378,759808,1322,574,371,509.86,28.800427401065825,-0.003795442626869772,22.441299438476562,0.2,3700,0.0003,0.2652563452720642,0.045751953125,-0.6576091856695712,0.006221926,,
,760000,,,,,16.226547610759734,-0.006694556910952087,5.8946146965026855,0.2,3710,0.0003,0.4081794023513794,0.082177734375,-0.6259467212483287,0.010251979,1024.2,218.032
137.36620000000002,761856,1327,573,372,508.41,,,,,,,,,,,,
137.0504,763904,1330,574,373,509.17,27.07085240185261,-0.0026282455306500196,8.180292129516602,0.2,3720,0.0003,0.30618202686309814,0.037451171875,-0.6470472528599203,0.0053743515,,
138.3266,765952,1333,574,374,505.48,28.5601824760437,-0.0036465469835093244,9.229358673095703,0.2,3730,0.0003,0.33431994915008545,0.057470703125,-0.658972461335361,0.00535423,,
139.02620000000002,768000,1336,574,375,505.57,32.481513702869414,-0.006204335988149979,12.80147647857666,0.2,3740,0.0003,0.35289472341537476,0.074951171875,-0.6129771978594363,0.010302877,,
,770000,,,,,28.455909913778306,-0.0021311569842509927,31.953943252563477,0.2,3750,0.0003,0.22277992963790894,0.045166015625,-0.6253325575962663,0.0039037792,1629.0,602.7280000000001
141.7456,770048,1344,572,376,514.89,,,,,,,,,,,,
145.8106,772096,1347,573,377,532.08,23.667799878120423,-0.004776497202692553,15.729663848876953,0.2,3760,0.0003,0.28532207012176514,0.084912109375,-0.6387168571352959,0.005358946,,
144.1774,774144,1349,573,378,523.56,23.777311518788338,-0.006165080046048388,8.889201164245605,0.2,3770,0.0003,0.2805015444755554,0.063623046875,-0.6143009861931205,0.005459466,,
143.245,776192,1352,573,379,530.1,22.50843878984451,-0.0030394363682717087,12.520730018615723,0.2,3780,0.0003,0.27369439601898193,0.06728515625,-0.6724205767735839,0.005506644,,
148.13580000000002,778240,1355,574,380,546.08,27.72847707569599,-0.004045263487205375,14.972115516662598,0.2,3790,0.0003,0.23415327072143555,0.0630859375,-0.6931887729093432,0.008845437,,
,780000,,,,,28.898506516218184,-0.00450500674196519,19.69091796875,0.2,3800,0.0003,0.29192012548446655,0.083642578125,-0.6484316617250443,0.006564363,1600.4,609.3120000000001
149.38080000000002,780288,1363,572,381,553.97,,,,,,,,,,,,
147.92600000000002,782336,1366,572,382,551.56,22.496790726482867,-0.007151435420382768,22.41480255126953,0.2,3810,0.0003,0.32209324836730957,0.093896484375,-0.6421496707946062,0.009326659,,
148.7098,784384,1369,572,383,562.47,30.694936275482178,-0.009221257889294066,13.19781494140625,0.2,3820,0.0003,0.26568055152893066,0.073974609375,-0.6551784822717309,0.009571719,,
152.16099999999997,786432,1371,573,384,570.27,25.375134173035622,-0.005550279185990803,9.110154151916504,0.2,3830,0.0003,0.23497313261032104,0.056689453125,-0.6630570422858,0.0058504418,,
155.358,788480,1374,573,385,580.76,26.565619820356368,-0.004003247612854466,18.22332000732422,0.2,3840,0.0003,0.354394793510437,0.057958984375,-0.6263952495530247,0.005698466,,
,790000,,,,,34.26348167657852,-0.005969850922701881,17.05580711364746,0.2,3850,0.0003,0.36297088861465454,0.055712890625,-0.6202362507581711,0.0066258046,1124.0,454.512
152.8348,790528,1380,572,386,571.65,,,,,,,,,,,,
157.9322,792576,1383,572,387,592.33,15.853088927268981,-0.005066136657842435,12.65321159362793,0.2,3860,0.0003,0.3337046504020691,0.090673828125,-0.5901143373921514,0.0057009016,,
156.8194,794624,1386,572,388,592.86,20.987063783407212,-0.002890051802387461,6.958545684814453,0.2,3870,0.0003,0.4541654586791992,0.048779296875,-0.5945618147961795,0.0053098463,,
151.9142,796672,1389,573,389,577.6,31.969456338882445,-0.007321840946679004,14.607275009155273,0.2,3880,0.0003,0.23176658153533936,0.065869140625,-0.6261964892968536,0.0070715584,,
156.1318,798720,1392,573,390,592.17,21.066197189688683,-0.005304695831728168,7.420007228851318,0.2,3890,0.0003,0.23949748277664185,0.073681640625,-0.6363175189122557,0.007232391,,
,800000,,,,,26.712331143021583,-0.0038011481694411485,18.764097213745117,0.2,3900,0.0003,0.31422001123428345,0.054296875,-0.6195915479212999,0.0061004176,1365.8,413.604
161.36,800768,1399,572,391,596.29,,,,,,,,,,,,
165.168,802816,1402,572,392,611.3,41.32260845303536,-0.010619958397001028,16.80491828918457,0.2,3910,0.0003,0.24281030893325806,0.111083984375,-0.6083209968172014,0.0068017747,,
167.233,804864,1405,572,393,608.25,20.483044585585596,-0.004778665621415712,10.58808422088623,0.2,3920,0.0003,0.3484230041503906,0.070703125,-0.6617246754467487,0.0067939768,,
169.76219999999998,806912,1407,573,394,617.06,30.089686816930772,-0.004864563883165829,10.373714447021484,0.2,3930,0.0003,0.3150383234024048,0.058447265625,-0.6499341797083616,0.005628241,,
172.2034,808960,1410,573,395,630.27,19.814383497834207,-0.0032731856626924127,19.4620418548584,0.2,3940,0.0003,0.2409731149673462,0.06611328125,-0.619495659507811,0.006870379,,
,810000,,,,,25.542591544985772,-0.005111407680669799,6.326066970825195,0.2,3950,0.0003,0.326901912689209,0.105224609375,-0.6389483761042356,0.011220604,1020.6,374.41600000000005
179.175,811008,1416,572,396,647.42,,,,,,,,,,,,
184.1366,813056,1419,572,397,659.86,24.693144664168358,-0.005590340093476698,14.837669372558594,0.2,3960,0.0003,0.30502718687057495,0.094775390625,-0.6470079172402621,0.008795416,,
183.17199999999997,815104,1422,573,398,652.98,26.89042598903179,-0.004278352906112559,22.263347625732422,0.2,3970,0.0003,0.28921395540237427,0.0533203125,-0.5984463354572653,0.006433609,,
184.7718,817152,1425,573,399,653.15,18.89916659593582,-0.0032547925715334714,4.554290294647217,0.2,3980,0.0003,0.3111307621002197,0.056640625,-0.6058693343773485,0.005380917,,
190.54819999999995,819200,1428,573,400,669.94,18.55009633153677,-0.004339708267070819,8.780022621154785,0.2,3990,0.0003,0.35329490900039673,0.073583984375,-0.605188153963536,0.005909213,,
,820000,,,,,31.52015377879143,-0.005567806877661496,17.73830223083496,0.2,4000,0.0003,0.19613003730773926,0.06650390625,-0.6034114590846003,0.0063784635,1213.2,170.164
192.21020000000001,821248,1434,572,401,677.02,,,,,,,,,,,,
195.38279999999997,823296,1437,572,402,693.74,19.081089609861372,-0.0032975085166981445,11.020573616027832,0.2,4010,0.0003,0.34213608503341675,0.073193359375,-0.6346209965646267,0.0059150597,,
189.21740000000003,825344,1440,573,403,676.36,30.265586537122726,-0.004983327812078641,19.969837188720703,0.2,4020,0.0003,0.21876680850982666,0.04716796875,-0.6414317972958088,0.0056471266,,
189.10519999999997,827392,1443,573,404,676.96,33.27908540964127,-0.008810384519165382,23.82111358642578,0.2,4030,0.0003,0.18033838272094727,0.096240234375,-0.6875370182096958,0.0075988155,,
188.05959999999996,829440,1445,573,405,679.14,22.449336981773378,-0.006918808427872136,6.96840763092041,0.2,4040,0.0003,0.383192241191864,0.059423828125,-0.651869409903884,0.006082832,,
,830000,,,,,14.937610997259616,-0.0029003097850363703,7.101468086242676,0.2,4050,0.0003,0.43508535623550415,0.0693359375,-0.635783983208239,0.006096592,2362.0,566.024
184.2864,831488,1455,571,406,667.4,,,,,,,,,,,,
186.30779999999996,833536,1458,571,407,676.55,41.67475138306618,-0.009262290669721552,11.704244613647461,0.2,4060,0.0003,0.16221314668655396,0.080029296875,-0.6261524252593518,0.0067202393,,
189.09939999999995,835584,1461,571,408,687.27,21.054622784256935,-0.0030354454967891796,9.11612606048584,0.2,4070,0.0003,0.31846755743026733,0.05595703125,-0.6576429590582847,0.0055660023,,
189.68540000000002,837632,1464,572,409,693.04,22.023390930891036,-0.0052838356743450275,10.117862701416016,0.2,4080,0.0003,0.28236669301986694,0.06826171875,-0.6609631756320595,0.0071440376,,
183.958,839680,1467,572,410,673.8,26.51759098470211,-0.008231116004753857,7.00119686126709,0.2,4090,0.0003,0.29208189249038696,0.086669921875,-0.677932758256793,0.005343033,,
,840000,,,,,30.66344850063324,-0.004588489126763307,18.25738525390625,0.2,4100,0.0003,0.3601799011230469,0.05810546875,-0.6240747520700097,0.0056340834,806.0,388.72799999999995
190.18959999999998,841728,1472,571,411,692.88,,,,,,,,,,,,
186.695,843776,1475,572,412,682.24,25.910563069581986,-0.006224393864977173,12.82446575164795,0.2,4110,0.0003,0.4299573302268982,0.0931640625,-0.670536227338016,0.012194302,,
186.35240000000002,845824,1477,572,413,679.33,24.494217792153357,-0.006192279196693562,9.348455429077148,0.2,4120,0.0003,0.26344335079193115,0.058935546875,-0.6938403552398086,0.006607606,,
186.166,847872,1480,572,414,678.63,27.734910774230958,-0.00507184978632722,7.893869400024414,0.2,4130,0.0003,0.2581474184989929,0.06689453125,-0.6760471157729626,0.0057618967,,
183.8252,849920,1483,572,415,670.42,32.90184084773064,-0.006635421270038933,10.75828742980957,0.2,4140,0.0003,0.19433629512786865,0.0640625,-0.66791130900383,0.006911069,,
,850000,,,,,24.775166353583337,-0.005499528531800024,10.512351036071777,0.2,4150,0.0003,0.25006115436553955,0.06220703125,-0.6993028583005071,0.006461323,1330.4,201.888
187.8912,851968,1490,571,416,682.55,,,,,,,,,,,,
179.5988,854016,1493,571,417,661.3,23.302358421683312,-0.005492863852123264,10.711336135864258,0.2,4160,0.0003,0.25999945402145386,0.054443359375,-0.6693575859069825,0.006329693,,
169.64239999999998,856064,1496,572,418,623.05,29.831373658776283,-0.007246577215846628,15.463407516479492,0.2,4170,0.0003,0.260684072971344,0.078564453125,-0.6944474566727876,0.009451963,,
174.379,858112,1498,572,419,641.73,30.418289819359778,-0.00913063737389166,13.502524375915527,0.2,4180,0.0003,0.2332615852355957,0.06630859375,-0.6668415023013949,0.006360586,,
,860000,,,,,24.24573622047901,-0.003685640335606877,7.419487953186035,0.2,4190,0.0003,0.25546854734420776,0.05859375,-0.723717674612999,0.006179166,1989.4,353.03599999999994
169.6584,860160,1507,570,420,627.26,,,,,,,,,,,,
169.7042,862208,1510,570,421,634.99,29.05719848573208,-0.005753681129135657,19.265844345092773,0.2,4200,0.0003,0.21007055044174194,0.0537109375,-0.7055415803566575,0.005791089,,
173.733,864256,1512,571,422,648.98,22.6756140768528,-0.0072109461296349766,13.830683708190918,0.2,4210,0.0003,0.27509409189224243,0.07431640625,-0.6820029122754931,0.0075362306,,
177.6022,866304,1515,571,423,665.94,21.440435183048248,-0.00345057831145823,8.4027681350708,0.2,4220,0.0003,0.3622749447822571,0.08037109375,-0.6684655219316482,0.0062435013,,
180.06219999999996,868352,1518,571,424,678.21,21.667808133363724,-0.005197524934919784,11.307819366455078,0.2,4230,0.0003,0.33827871084213257,0.07314453125,-0.6422117749229074,0.0076010395,,
,870000,,,,,20.318591755628585,-0.003016673057572916,5.42398738861084,0.2,4240,0.0003,0.31661462783813477,0.055126953125,-0.669402501732111,0.008549277,1017.2,378.492
182.2668,870400,1524,571,425,683.21,,,,,,,,,,,,
183.85279999999995,872448,1527,571,426,689.08,35.88703444004059,-0.0029110533359926194,17.132537841796875,0.2,4250,0.0003,0.24603688716888428,0.04501953125,-0.6170310988090932,0.0043039992,,
185.45739999999995,874496,1529,571,427,694.02,31.095148873329162,-0.006390075893432367,18.28164291381836,0.2,4260,0.0003,0.31934797763824463,0.055224609375,-0.6048211065120995,0.0068835597,,
188.7902,876544,1532,571,428,707.74,21.523069059848787,-0.0029438691301038487,10.342057228088379,0.2,4270,0.0003,0.3511475920677185,0.0509765625,-0.6336159309372306,0.005741973,,
190.56900000000002,878592,1535,572,429,713.99,27.046866104006767,-0.00562762477202341,12.773579597473145,0.2,4280,0.0003,0.29929083585739136,0.060791015625,-0.6059586855582892,0.0074251667,,
,880000,,,,,17.13480155467987,-0.004281281743897125,5.122476577758789,0.2,4290,0.0003,0.41150206327438354,0.0716796875,-0.5945655821822584,0.006554336,1588.6,413.15600000000006
185.95899999999997,880640,1543,570,430,699.0,,,,,,,,,,,,
180.62759999999997,882688,1546,570,431,680.0,32.792191779613496,-0.00486030473257415,17.468154907226562,0.2,4300,0.0003,0.2725389003753662,0.054931640625,-0.5753781572915614,0.0049048606,,
179.40419999999997,884736,1549,571,432,676.04,35.039346566796304,-0.0016010200459277257,14.095521926879883,0.2,4310,0.0003,0.16322916746139526,0.02822265625,-0.6036110478453338,0.00219951,,
183.518,886784,1552,571,433,685.78,14.568210360407829,-0.003207394442870282,7.988916873931885,0.2,4320,0.0003,0.40036827325820923,0.03984375,-0.5598774186335504,0.0046942476,,
184.3624,888832,1554,571,434,688.65,21.382891619205473,-0.003376969890086912,8.187948226928711,0.2,4330,0.0003,0.32347995042800903,0.05703125,-0.5977022950537503,0.0051201386,,
,890000,,,,,22.31814330816269,-0.004472201369935647,6.19556999206543,0.2,4340,0.0003,0.3570888638496399,0.067333984375,-0.6082527182996273,0.008649836,2801.2,226.58
189.4964,890880,1565,568,435,707.5,,,,,,,,,,,,
186.4894,892928,1568,569,436,697.53,20.558808240294457,-0.0016542840719921514,9.162450790405273,0.2,4350,0.0003,0.4166156053543091,0.048486328125,-0.6284698576666414,0.005067722,,
189.83320000000003,894976,1571,569,437,705.69,37.39087553024292,-0.004539606645994354,22.085397720336914,0.2,4360,0.0003,0.24822545051574707,0.050341796875,-0.6867839433252811,0.006597977,,
190.95600000000002,897024,1574,569,438,709.67,39.482404470443726,-0.00665554406150477,39.5789680480957,0.2,4370,0.0003,0.180095374584198,0.058740234375,-0.6477529980242253,0.005612065,,
188.10559999999998,899072,1577,569,439,696.88,38.65987594127655,-0.0060186079703271386,16.50410270690918,0.2,4380,0.0003,0.23674237728118896,0.048046875,-0.6456386309117079,0.0058670724,,
,900000,,,,,22.516730335354804,-0.0017477549801697024,8.749931335449219,0.2,4390,0.0003,0.31307321786880493,0.062890625,-0.6843446543440223,0.011873948,1209.0,500.9079999999999
189.44979999999998,901120,1583,568,440,704.82,,,,,,,,,,,,
188.67919999999998,903168,1586,569,441,703.27,21.05327579677105,-0.008030234003672376,6.188994407653809,0.2,4400,0.0003,0.30775153636932373,0.077734375,-0.6954374248161912,0.008993924,,
178.51279999999994,905216,1589,569,442,665.5,18.679973524808883,-0.006157312987488695,6.663051128387451,0.2,4410,0.0003,0.3354775309562683,0.0560546875,-0.63502096850425,0.005534908,,
172.26080000000005,907264,1592,569,443,637.42,50.48296835422516,-0.00894908074697014,22.04265594482422,0.2,4420,0.0003,0.16974037885665894,0.083642578125,-0.7019063180312515,0.010169769,,
168.0864,909312,1594,570,444,625.7,38.92204633951187,-0.01064486978284549,19.612049102783203,0.2,4430,0.0003,0.23821574449539185,0.120703125,-0.6555323895066977,0.0081238095,,
,910000,,,,,22.304626840353013,-0.003986415220424533,11.594367027282715,0.2,4440,0.0003,0.27450644969940186,0.053173828125,-0.7360425680875778,0.0058273207,712.0,274.376
168.42860000000002,911360,1599,569,445,628.63,,,,,,,,,,,,
172.81400000000002,913408,1602,569,446,644.83,30.825831532478333,-0.009412647905992343,16.46305274963379,0.2,4450,0.0003,0.28269582986831665,0.09482421875,-0.7039178466424346,0.007670643,,
169.28400000000002,915456,1605,570,447,625.94,20.104360088706017,-0.004601503553567454,7.102700710296631,0.2,4460,0.0003,0.33380627632141113,0.05986328125,-0.6473263014107943,0.0065011233,,
171.1754,917504,1608,570,448,631.57,31.349126106500627,-0.009167779667768628,9.990211486816406,0.2,4470,0.0003,0.289550244808197,0.07099609375,-0.6487009702250361,0.006387813,,
175.23939999999996,919552,1611,570,449,643.8,19.483095109462738,-0.0023444665072020142,15.87932300567627,0.2,4480,0.0003,0.3059540390968323,0.044091796875,-0.6660529265180231,0.0056458255,,
,920000,,,,,18.047402107715605,-0.004872263877769001,7.229740142822266,0.2,4490,0.0003,0.4341028928756714,0.05673828125,-0.65344342533499,0.007647196,1038.8,370.044
178.771,921600,1616,569,450,657.6,,,,,,,,,,,,
180.3152,923648,1619,570,451,665.56,35.59541710615158,-0.007866781334450934,14.290112495422363,0.2,4500,0.0003,0.14755386114120483,0.0578125,-0.7369999861344695,0.0065010106,,
178.83679999999995,925696,1622,570,452,664.33,17.082725328207015,-0.005650290797348134,10.836553573608398,0.2,4510,0.0003,0.26541733741760254,0.06240234375,-0.7185685887932778,0.005830996,,
178.7394,927744,1625,570,453,664.19,27.71780503988266,-0.007071606640238315,19.74859046936035,0.2,4520,0.0003,0.19913095235824585,0.069970703125,-0.777222441509366,0.007711041,,
175.57120000000003,929792,1628,571,454,657.27,24.776772844791413,-0.007810090093698818,16.987136840820312,0.2,4530,0.0003,0.2338312864303589,0.077392578125,-0.7044061992317439,0.005850978,,
,930000,,,,,21.020988553762436,-0.005982541851699353,11.455342292785645,0.2,4540,0.0003,0.28867942094802856,0.071630859375,-0.7484932329505682,0.0065050623,1043.0,404.028
176.48140000000004,931840,1634,570,455,656.85,,,,,,,,,,,,
168.44900000000004,933888,1637,570,456,632.62,20.97836518585682,-0.005866800298099406,8.283110618591309,0.2,4550,0.0003,0.3087034821510315,0.05634765625,-0.6795008797198534,0.004831766,,
169.71640000000002,935936,1639,570,457,639.39,34.85514382123947,-0.006728615899919532,29.785608291625977,0.2,4560,0.0003,0.18853861093521118,0.06435546875,-0.7304100040346384,0.006392307,,
162.74740000000003,937984,1642,571,458,617.1,28.16014983057976,-0.006136802703258582,26.699565887451172,0.2,4570,0.0003,0.2789275646209717,0.08037109375,-0.7016673903912306,0.008605352,,
,940000,,,,,23.0533012971282,-0.008272886362101417,16.26776695251465,0.2,4580,0.0003,0.2419184446334839,0.081787109375,-0.7123765684664249,0.0060138092,1780.8,299.092
163.2452,940032,1650,569,459,622.27,,,,,,,,,,,,
160.5782,942080,1653,569,460,615.34,19.26038052737713,-0.005095088445523288,6.297878742218018,0.2,4590,0.0003,0.28177690505981445,0.0607421875,-0.6605639660730958,0.007603476,,
158.56719999999999,944128,1655,570,461,610.68,29.261139893531798,-0.00808162359171547,15.132692337036133,0.2,4600,0.0003,0.16758006811141968,0.069775390625,-0.6356803080067038,0.0052910354,,
151.358,946176,1658,570,462,590.38,31.821021237969397,-0.007037565580685623,17.69462776184082,0.2,4610,0.0003,0.28330498933792114,0.078466796875,-0.6522409155964851,0.0075949086,,
143.803,948224,1661,570,463,562.32,22.469619998335837,-0.003247706903493963,5.498347759246826,0.2,4620,0.0003,0.29727405309677124,0.06875,-0.6669801615178585,0.008634163,,
,950000,,,,,38.160389959812164,-0.006872721246327274,25.526247024536133,0.2,4630,0.0003,0.21663153171539307,0.066943359375,-0.6597818065434694,0.006140799,1295.8,360.896
143.11960000000002,950272,1668,569,464,561.42,,,,,,,,,,,,
143.4292,952320,1670,569,465,560.97,27.517958959937097,-0.004279498982941732,13.644373893737793,0.2,4640,0.0003,0.2849329113960266,0.06298828125,-0.6651403315365314,0.0071777385,,
143.02499999999998,954368,1673,570,466,561.14,33.94798184037209,-0.007126697522471659,16.978666305541992,0.2,4650,0.0003,0.24359971284866333,0.065185546875,-0.6856220347806812,0.0073530353,,
141.37179999999998,956416,1676,570,467,553.62,25.260933607816696,-0.010822717260452919,7.0078558921813965,0.2,4660,0.0003,0.3149917721748352,0.08544921875,-0.68653513379395,0.0077086063,,
142.92999999999998,958464,1679,570,468,560.88,30.171285808086395,-0.007895757594087626,14.640729904174805,0.2,4670,0.0003,0.22087329626083374,0.06533203125,-0.7212675683200359,0.0067814644,,
,960000,,,,,19.60679334998131,-0.004080244808574207,15.980096817016602,0.2,4680,0.0003,0.2017388939857483,0.045947265625,-0.6808647684752941,0.0049254093,1057.8,357.64
141.06140000000002,960512,1685,569,469,559.12,,,,,,,,,,,,
147.6202,962560,1688,570,470,581.88,22.0307136118412,-0.00784027193003567,8.364249229431152,0.2,4690,0.0003,0.22491687536239624,0.078369140625,-0.704871354997158,0.0060790135,,
151.81699999999998,964608,1690,570,471,597.49,29.67764636874199,-0.0034718837719992734,9.746963500976562,0.2,4700,0.0003,0.2901967763900757,0.046875,-0.6812065029516816,0.003929942,,
151.81699999999998,966656,1693,570,472,597.49,25.837940189242364,-0.005508515058318153,8.960258483886719,0.2,4710,0.0003,0.32483285665512085,0.056396484375,-0.6530609855428338,0.0054268115,,
159.5166,968704,1696,570,473,623.33,15.925096282362938,-0.004014517861651257,11.1241455078125,0.2,4720,0.0003,0.32544904947280884,0.06298828125,-0.6527641385793685,0.00720325,,
,970000,,,,,19.22925162613392,-0.004024207824841142,6.857184886932373,0.2,4730,0.0003,0.34721118211746216,0.051025390625,-0.6930134814232588,0.005440121,1632.8,422.29200000000003
160.3906,970752,1704,569,474,634.74,,,,,,,,,,,,
154.3556,972800,1706,569,475,615.85,25.790948086977004,-0.0064488537114812065,12.486098289489746,0.2,4740,0.0003,0.28623902797698975,0.0740234375,-0.7589908761903643,0.008713109,,
151.4812,974848,1709,570,476,604.26,34.31757705509663,-0.0066945079641300255,12.901406288146973,0.2,4750,0.0003,0.18630284070968628,0.051416015625,-0.7680542038753628,0.005820597,,
153.757,976896,1712,570,477,610.71,32.782500323653224,-0.008435676498629618,13.064668655395508,0.2,4760,0.0003,0.3355322480201721,0.06181640625,-0.6594969999045134,0.005528604,,
149.3694,978944,1715,570,478,599.63,25.802010357379913,-0.007611589980660938,11.862176895141602,0.2,4770,0.0003,0.259083092212677,0.08193359375,-0.661660848557949,0.009410627,,
,980000,,,,,17.749468812346457,-0.005088583126780577,3.9989964962005615,0.2,4780,0.0003,0.284684956073761,0.080419921875,-0.7128371078521013,0.005045017,1559.8,513.9320000000001
148.84779999999998,980992,1723,569,479,600.66,,,,,,,,,,,,
151.9216,983040,1725,569,480,612.3,21.233809673786162,-0.007710842380765826,10.854948997497559,0.2,4790,0.0003,0.327917218208313,0.06826171875,-0.6887310417369008,0.007837295,,
149.9256,985088,1728,569,481,596.87,18.199924878776073,-0.004307125991908833,5.18703031539917,0.2,4800,0.0003,0.3501971960067749,0.0650390625,-0.6515874667093158,0.0057065953,,
153.98819999999998,987136,1731,570,482,609.17,31.269705510139467,-0.00921439335361356,6.0650739669799805,0.2,4810,0.0003,0.2448691725730896,0.096826171875,-0.7354292962700129,0.0078825075,,
155.65519999999998,989184,1734,570,483,616.0,21.2157536059618,-0.007566561986459419,5.708014011383057,0.2,4820,0.0003,0.3170243501663208,0.077685546875,-0.6531593868508935,0.006785485,,
,990000,,,,,25.28771569132805,-0.011458510250668042,14.141687393188477,0.2,4830,0.0003,0.2997099757194519,0.093212890625,-0.6955157065764069,0.0070990394,1307.4,470.884
151.54859999999996,991232,1740,569,484,595.88,,,,,,,,,,,,
153.6348,993280,1743,569,485,601.79,30.639011853933333,-0.01059924901346676,16.03101348876953,0.2,4840,0.0003,0.2864767909049988,0.096533203125,-0.6640656493604183,0.007883296,,
157.209,995328,1746,569,486,613.46,22.179108819365503,-0.00975685183366295,28.46935272216797,0.2,4850,0.0003,0.32505548000335693,0.0818359375,-0.6072578383609653,0.008188871,,
157.71519999999998,997376,1749,570,487,613.2,22.166255366802215,-0.004931568299070932,6.585971832275391,0.2,4860,0.0003,0.2674216032028198,0.058935546875,-0.6264648494310677,0.004965662,,
163.4806,999424,1752,570,488,625.53,24.376038539409638,-0.0012149994174251333,9.783804893493652,0.2,4870,0.0003,0.3435981869697571,0.0560546875,-0.6121627149172127,0.0057651475,,
,1000000,,,,,23.066576626896858,-0.002357534656766802,13.84492015838623,0.2,4880,0.0003,0.39778679609298706,0.060888671875,-0.6188083108514547,0.00805998,1494.6,561.328
165.2376,1001472,1759,569,489,627.86,,,,,,,,,,,,
162.09840000000003,1003520,1762,569,490,614.48,27.281436014175416,-0.007335616050113458,17.007007598876953,0.2,4890,0.0003,0.32039397954940796,0.08173828125,-0.6458376599475741,0.0074163508,,
165.22640000000004,1005568,1765,569,491,633.43,27.078955587744712,-0.008686992630828172,15.252598762512207,0.2,4900,0.0003,0.22250735759735107,0.07666015625,-0.7244738530367613,0.007086951,,
166.67399999999998,1007616,1767,569,492,636.2,24.138060134649276,-0.006641393312020227,6.436816692352295,0.2,4910,0.0003,0.33561182022094727,0.08076171875,-0.6858888149261475,0.0076225773,,
167.92819999999995,1009664,1770,570,493,643.63,26.447932013869284,-0.0065521766984602435,16.701351165771484,0.2,4920,0.0003,0.20836108922958374,0.055859375,-0.6878726858645677,0.005451962,,
,1010000,,,,,23.630984184145927,-0.005542090121889487,13.447897911071777,0.2,4930,0.0003,0.29802483320236206,0.068212890625,-0.665457845851779,0.006116935,2006.4,366.72400000000005
171.5916,1011712,1779,568,494,655.85,,,,,,,,,,,,
166.23919999999998,1013760,1782,568,495,637.9,26.498844358325005,-0.006163195474073291,11.726740837097168,0.2,4940,0.0003,0.3075549006462097,0.055078125,-0.6680353680625558,0.006277588,,
169.27520000000004,1015808,1785,569,496,646.42,38.72891451120377,-0.006953747614170424,24.22426986694336,0.2,4950,0.0003,0.29034191370010376,0.06806640625,-0.7104607237502932,0.0066419253,,
173.41119999999998,1017856,1787,569,497,665.07,24.776052558422087,-0.0044645091300481,16.36483383178711,0.2,4960,0.0003,0.3178102374076843,0.060205078125,-0.6522497490048409,0.012523294,,
171.20640000000003,1019904,1790,569,498,660.08,26.24918431043625,-0.009216220973758026,16.199512481689453,0.2,4970,0.0003,0.2529943585395813,0.062109375,-0.651167836599052,0.007192926,,
,1020000,,,,,24.068901708722116,-0.003560432652011514,11.82139778137207,0.2,4980,0.0003,0.25928837060928345,0.07216796875,-0.6466874539852142,0.005822438,1098.4,434.98400000000004
169.8028,1021952,1796,568,499,660.12,,,,,,,,,,,,
174.00439999999995,1024000,1799,569,500,670.48,30.436254233121872,-0.005770193747594021,9.674103736877441,0.2,4990,0.0003,0.24102580547332764,0.06796875,-0.6703921128064394,0.0067854063,,
165.22560000000001,1026048,1802,569,501,638.48,19.12941706776619,-0.00880252788483631,10.20439338684082,0.2,5000,0.0003,0.3475326895713806,0.08642578125,-0.6411376824602485,0.0065844627,,
163.754,1028096,1804,569,502,631.9,36.24340037107468,-0.006327886725193821,9.221992492675781,0.2,5010,0.0003,0.21620196104049683,0.068359375,-0.6721774209290743,0.008564704,,
,1030000,,,,,28.116216748952866,-0.0060253407340496775,9.778534889221191,0.2,5020,0.0003,0.2276219129562378,0.072802734375,-0.70111638084054,0.0064807045,1277.6,239.016
162.81439999999998,1030144,1811,568,503,633.79,,,,,,,,,,,,
158.7122,1032192,1813,569,504,618.46,34.60909211039543,-0.005812775020604022,19.987932205200195,0.2,5030,0.0003,0.24595457315444946,0.05908203125,-0.6804114367812872,0.0059667015,,
160.35959999999997,1034240,1816,569,505,626.27,22.569535791873932,-0.005073524796171114,5.542768955230713,0.2,5040,0.0003,0.2964187264442444,0.068994140625,-0.7211807580664754,0.009788583,,
164.3632,1036288,1819,569,506,636.51,22.384532457590105,-0.009877764349221252,10.73577880859375,0.2,5050,0.0003,0.22454100847244263,0.0951171875,-0.7193940125405789,0.007461993,,
166.24980000000002,1038336,1822,569,507,642.38,33.21051058769226,-0.010250294409343042,20.80632781982422,0.2,5060,0.0003,0.31328803300857544,0.07783203125,-0.6990798220038414,0.0095865,,
,1040000,,,,,30.792054986953737,-0.0077398225956130775,17.31818962097168,0.2,5070,0.0003,0.2529873847961426,0.06552734375,-0.7625221190974116,0.00657849,889.2,22.336000000000002
162.19559999999998,1040384,1827,569,508,639.68,,,,,,,,,,,,
157.692,1042432,1830,569,509,624.38,22.4831232637167,-0.0076596723316470165,19.71371078491211,0.2,5080,0.0003,0.2909790873527527,0.099072265625,-0.7560986030846835,0.011204725,,
160.43280000000001,1044480,1833,569,510,637.64,26.438416157662868,-0.007698423857800662,12.679845809936523,0.2,5090,0.0003,0.22885006666183472,0.075,-0.7864596793428064,0.0064019402,,
158.4794,1046528,1836,569,511,630.1,23.579303050041197,-0.006234328466234729,21.0805606842041,0.2,5100,0.0003,0.28961288928985596,0.06181640625,-0.709569519944489,0.006520511,,
163.3684,1048576,1839,570,512,646.17,18.04909980595112,-0.009171775382128544,9.278532028198242,0.2,5110,0.0003,0.37447690963745117,0.084912109375,-0.6599401038140058,0.0063568354,,
,1050000,,,,,19.550971135497093,-0.00339159004506655,14.947422981262207,0.2,5120,0.0003,0.3237159848213196,0.06865234375,-0.6617066280916333,0.0083509255,1117.6,254.24
161.1884,1050624,1844,569,513,639.94,,,,,,,,,,,,
160.2194,1052672,1847,569,514,633.28,30.02622071802616,-0.00690423321648268,22.759899139404297,0.2,5130,0.0003,0.24333173036575317,0.054833984375,-0.6454516664147377,0.0052787834,,
153.57040000000003,1054720,1850,569,515,615.03,22.23659566640854,-0.008222904738795478,7.56509256362915,0.2,5140,0.0003,0.31832098960876465,0.1111328125,-0.6835217462852597,0.010788949,,
151.098,1056768,1853,570,516,613.4,37.518785551190376,-0.007474991012713872,17.512348175048828,0.2,5150,0.0003,0.13185656070709229,0.062109375,-0.7447398386895656,0.0056436607,,
142.96699999999998,1058816,1856,570,517,594.1,17.105385619401932,-0.008156215108465403,7.948226451873779,0.2,5160,0.0003,0.31108278036117554,0.08486328125,-0.7428045904263854,0.007388648,,
,1060000,,,,,23.34391692876816,-0.009430291538592428,7.642685413360596,0.2,5170,0.0003,0.24048882722854614,0.0640625,-0.7032413758337498,0.0052625583,772.8,327.268
143.3316,1060864,1861,570,518,595.91,,,,,,,,,,,,
142.4306,1062912,1863,570,519,595.87,15.337683176994323,-0.006276552169583738,4.449134349822998,0.2,5180,0.0003,0.40888166427612305,0.070556640625,-0.6483390768989921,0.007922454,,
137.90699999999998,1064960,1866,570,520,566.54,33.72668515145779,-0.010153145715594291,13.803993225097656,0.2,5190,0.0003,0.25037944316864014,0.08681640625,-0.6892514193430543,0.007433788,,
133.39620000000002,1067008,1869,570,521,556.61,36.24800815284252,-0.009162641706643626,13.583646774291992,0.2,5200,0.0003,0.24069446325302124,0.070166015625,-0.6949917528778314,0.007990586,,
136.0776,1069056,1872,570,522,567.83,18.740048193931578,-0.0049943941252422516,6.50786828994751,0.2,5210,0.0003,0.3042721152305603,0.05986328125,-0.6923356514424086,0.008903649,,
,1070000,,,,,27.029492476582526,-0.004572954226750881,13.894769668579102,0.2,5220,0.0003,0.34946495294570923,0.05498046875,-0.687317275069654,0.0032338002,1307.4,510.96400000000006
139.5266,1071104,1878,570,523,575.74,,,,,,,,,,,,
142.0902,1073152,1881,570,524,582.83,33.57353141307831,-0.008962049841647968,17.824203491210938,0.2,5230,0.0003,0.3497087359428406,0.083544921875,-0.6830263312906026,0.006943167,,
144.9554,1075200,1884,570,525,594.88,27.289543157815935,-0.005804089635785203,19.801265716552734,0.2,5240,0.0003,0.3115488886833191,0.072412109375,-0.6771479682996869,0.006861079,,
144.9604,1077248,1887,570,526,589.62,29.131718370318413,-0.008380414612474851,10.146634101867676,0.2,5250,0.0003,0.358436644077301,0.06689453125,-0.6314250824041665,0.009306887,,
148.4954,1079296,1890,571,527,603.25,27.19983965754509,-0.010196544507925865,17.150833129882812,0.2,5260,0.0003,0.2747271656990051,0.10087890625,-0.7166427487507463,0.012637284,,
,1080000,,,,,14.85991770029068,-0.005550802126526833,9.394318580627441,0.2,5270,0.0003,0.3163067102432251,0.07734375,-0.6707070488482714,0.005070446,4266.2,251.388
148.78099999999998,1081344,1904,567,528,604.0,,,,,,,,,,,,
145.81260000000003,1083392,1907,567,529,592.1,23.326703864336015,-0.010396594111807645,5.877513885498047,0.2,5280,0.0003,0.30528247356414795,0.08984375,-0.6850230388343335,0.0079867225,,
144.9214,1085440,1910,568,530,596.58,37.407421046495436,-0.007918917894130573,19.438865661621094,0.2,5290,0.0003,0.17153042554855347,0.10927734375,-0.72684032805264,0.008234799,,
146.0354,1087488,1913,568,531,601.0,24.90504787415266,-0.006635197205469012,10.082889556884766,0.2,5300,0.0003,0.3110523223876953,0.0884765625,-0.7427890483289957,0.007808498,,
144.5308,1089536,1916,568,532,596.07,22.021551087498665,-0.008413199108326807,6.709606647491455,0.2,5310,0.0003,0.32942086458206177,0.07958984375,-0.6447776725515724,0.01316943,,
,1090000,,,,,22.768664264678954,-0.007491668459260836,7.619138240814209,0.2,5320,0.0003,0.306148886680603,0.085986328125,-0.6555085081607104,0.0051652906,753.0,287.58399999999995
145.796,1091584,1921,567,533,602.95,,,,,,,,,,,,
145.7698,1093632,1924,568,534,599.25,20.09229186475277,-0.004570194258121774,10.094819068908691,0.2,5330,0.0003,0.24322688579559326,0.071484375,-0.7002653282135725,0.0045555406,,
147.4734,1095680,1927,568,535,609.26,24.178551840782166,-0.003405381747870706,15.91470718383789,0.2,5340,0.0003,0.2614735960960388,0.0435546875,-0.7493616055697203,0.0040166704,,
149.53060000000002,1097728,1930,568,536,621.63,18.250764670968056,-0.00515176124026766,12.7044095993042,0.2,5350,0.0003,0.3702126741409302,0.067822265625,-0.7121962027624249,0.0072101485,,
150.3578,1099776,1933,568,537,625.36,26.517321726679803,-0.007287824325612746,12.544785499572754,0.2,5360,0.0003,0.3717137575149536,0.092529296875,-0.7010785553604364,0.008531262,,
,1100000,,,,,22.462248462438584,-0.00464568569441326,14.279879570007324,0.2,5370,0.0003,0.2101806402206421,0.059033203125,-0.6710135964676738,0.0042656087,1020.4,370.412
155.7116,1101824,1939,568,538,643.24,,,,,,,,,,,,
156.3842,1103872,1942,568,539,634.66,21.605181017518042,-0.004542694799602032,15.920177459716797,0.2,5380,0.0003,0.36593109369277954,0.080224609375,-0.6651516258716583,0.005423871,,
158.16379999999998,1105920,1945,568,540,640.87,30.9097626298666,-0.008527258866524789,10.947463035583496,0.2,5390,0.0003,0.24652117490768433,0.0732421875,-0.6755224905908108,0.011539955,,
153.27999999999997,1107968,1948,568,541,624.54,25.415764880180358,-0.010664002213161439,17.08837890625,0.2,5400,0.0003,0.16553455591201782,0.079541015625,-0.6745902823284269,0.009833322,,
,1110000,,,,,21.722131085395812,-0.00776973147148965,14.304672241210938,0.2,5410,0.0003,0.2079143524169922,0.06416015625,-0.6700397029519081,0.006320338,1776.0,475.5400000000001
150.71959999999999,1110016,1956,567,542,612.28,,,,,,,,,,,,
157.44979999999998,1112064,1959,567,543,636.49,20.458104410767554,-0.003972762182820588,8.31779670715332,0.2,5420,0.0003,0.28106486797332764,0.053173828125,-0.6233666637912393,0.0056515858,,
160.48479999999998,1114112,1962,567,544,645.06,21.343520456552504,-0.005690994168980978,5.313507080078125,0.2,5430,0.0003,0.3740459084510803,0.064306640625,-0.5562826658599078,0.0055501396,,
163.3028,1116160,1965,567,545,654.46,18.779804944992065,-0.00836085015325807,6.926446437835693,0.2,5440,0.0003,0.3807350993156433,0.0662109375,-0.6035934348590672,0.00637707,,
165.5844,1118208,1968,568,546,660.62,24.533727142214776,-0.00798409571434604,14.535357475280762,0.2,5450,0.0003,0.33799564838409424,0.0748046875,-0.6233738935552537,0.0053974944,,
,1120000,,,,,22.118833062052726,-0.003570719694835134,10.644692420959473,0.2,5460,0.0003,0.25352615118026733,0.0720703125,-0.6474795484915375,0.009259934,1179.2,469.43999999999994
166.28440000000003,1120256,1974,567,547,665.7,,,,,,,,,,,,
168.97460000000004,1122304,1977,567,548,671.47,24.114405325055124,-0.005163683595310431,4.137228012084961,0.2,5470,0.0003,0.2207213044166565,0.06455078125,-0.6637824330478906,0.0060302136,,
173.54859999999996,1124352,1980,567,549,688.26,28.541513654589654,-0.005253807548433543,15.595970153808594,0.2,5480,0.0003,0.21770399808883667,0.053955078125,-0.6801602931693196,0.005943969,,
179.04639999999995,1126400,1983,567,550,703.95,14.973889777064324,-0.0066113761597080154,4.22760009765625,0.2,5490,0.0003,0.36225593090057373,0.099560546875,-0.6805652664974332,0.009732585,,
179.21119999999996,1128448,1986,567,551,705.73,28.724370619654657,-0.0024653709697304294,18.156240463256836,0.2,5500,0.0003,0.22784829139709473,0.04619140625,-0.6321041364222765,0.0044253785,,
,1130000,,,,,27.664453864097595,-0.00977319140220061,8.566298484802246,0.2,5510,0.0003,0.2666955590248108,0.085595703125,-0.7005250629037618,0.007006219,1053.2,333.6840000000001
172.82120000000006,1130496,1992,567,552,684.55,,,,,,,,,,,,
174.737,1132544,1995,567,553,688.96,27.038227438926697,-0.008963484445121139,15.924556732177734,0.2,5520,0.0003,0.14659887552261353,0.081787109375,-0.6665213882923127,0.008418933,,
177.95779999999996,1134592,1998,567,554,698.26,32.52279173135757,-0.00864957952289842,11.379213333129883,0.2,5530,0.0003,0.2717081308364868,0.07509765625,-0.6258139830082655,0.0057725855,,
180.44619999999998,1136640,2001,567,555,709.11,35.66753298044205,-0.0073889798833988605,14.405675888061523,0.2,5540,0.0003,0.27747172117233276,0.074267578125,-0.600322003196925,0.005852437,,
177.2406,1138688,2004,568,556,694.04,19.76107855141163,-0.00333218609157484,8.889363288879395,0.2,5550,0.0003,0.37792325019836426,0.06943359375,-0.650111006386578,0.0068471837,,
,1140000,,,,,25.719558241963387,-0.007190412192721851,20.826152801513672,0.2,5560,0.0003,0.27828747034072876,0.088330078125,-0.7341450592502952,0.007779395,725.6,264.084
176.53140000000002,1140736,2009,567,557,694.43,,,,,,,,,,,,
166.1002,1142784,2012,567,558,659.88,33.777403977513316,-0.008350398103357293,15.407087326049805,0.2,5570,0.0003,0.3254236578941345,0.077587890625,-0.7149143097922206,0.0075975657,,
169.91119999999998,1144832,2015,568,559,674.74,44.55142394900322,-0.007554071772028692,24.78260612487793,0.2,5580,0.0003,0.2574536204338074,0.05107421875,-0.7292395560070872,0.0068677207,,
165.084,1146880,2018,568,560,650.57,23.22094634473324,-0.006908992596436292,10.136358261108398,0.2,5590,0.0003,0.33820265531539917,0.077587890625,-0.6877139691263437,0.0069917454,,
167.7654,1148928,2021,568,561,661.79,37.103505718708035,-0.00784749561571516,22.33736228942871,0.2,5600,0.0003,0.29686498641967773,0.079931640625,-0.7047613242641091,0.008046593,,
,1150000,,,,,19.846669140458108,-0.0069127645110711455,9.153736114501953,0.2,5610,0.0003,0.32404494285583496,0.06376953125,-0.6733047069981695,0.0064328266,1738.8,245.82399999999998
169.72480000000004,1150976,2029,567,562,664.02,,,,,,,,,,,,
169.14820000000003,1153024,2032,567,563,662.79,33.21008249819279,-0.006308282530517318,8.41620922088623,0.2,5620,0.0003,0.2766699194908142,0.052392578125,-0.6896675890311599,0.0073186047,,
176.6058,1155072,2035,567,564,690.71,22.575353759527207,-0.00458457904169336,12.835176467895508,0.2,5630,0.0003,0.21453756093978882,0.06513671875,-0.6982025116682052,0.0074717975,,
176.82599999999994,1157120,2038,567,565,689.72,22.968083480000494,-0.010291716278879903,18.036298751831055,0.2,5640,0.0003,0.32026249170303345,0.1107421875,-0.6478946348652244,0.0077293334,,
173.05259999999998,1159168,2041,567,566,667.97,28.862009507417678,-0.005681395980354864,10.955843925476074,0.2,5650,0.0003,0.2997956871986389,0.060595703125,-0.6331773912534118,0.007254798,,
,1160000,,,,,32.25969784259796,-0.005297351285116747,13.58025074005127,0.2,5660,0.0003,0.29550206661224365,0.08046875,-0.6174786407500505,0.0066668736,1607.8,438.82399999999996
176.34619999999998,1161216,2049,566,567,678.64,,,,,,,,,,,,
182.0406,1163264,2052,566,568,689.51,21.176838517189026,-0.00476954419282265,15.109143257141113,0.2,5670,0.0003,0.26489561796188354,0.059228515625,-0.6938270125538111,0.0057445113,,
169.43439999999995,1165312,2054,567,569,638.46,16.310390020906926,-0.006521181191783398,7.54140043258667,0.2,5680,0.0003,0.42581063508987427,0.08291015625,-0.6501769300550222,0.008649247,,
170.172,1167360,2057,567,570,641.66,49.38649488091469,-0.005948869118583389,19.741378784179688,0.2,5690,0.0003,0.18013793230056763,0.039599609375,-0.6394591991789639,0.003435565,,
169.15380000000002,1169408,2060,567,571,637.46,29.134149062633515,-0.0033802881836891173,18.018068313598633,0.2,5700,0.0003,0.25995761156082153,0.05361328125,-0.6254806031472981,0.004334758,,
,1170000,,,,,21.572476829588414,-0.007740517469937913,8.633975982666016,0.2,5710,0.0003,0.3384166359901428,0.0986328125,-0.6539065707474947,0.009461557,1883.8,363.164
174.4776,1171456,2069,566,572,651.83,,,,,,,,,,,,
177.87419999999997,1173504,2071,566,573,662.36,26.685280564427377,-0.009560945359407925,18.38347053527832,0.2,5720,0.0003,0.264861524105072,0.070458984375,-0.6231723066419363,0.008133643,,
180.4832,1175552,2074,566,574,667.18,22.189481362700462,-0.005542825430165976,11.755914688110352,0.2,5730,0.0003,0.31331056356430054,0.039892578125,-0.6474929349496961,0.0053085033,,
174.07120000000003,1177600,2077,566,575,642.09,26.405718150734902,-0.003827904116769787,15.546935081481934,0.2,5740,0.0003,0.3097761273384094,0.04990234375,-0.5867758782580494,0.0066173924,,
172.6,1179648,2080,566,576,635.49,18.88527828156948,-0.003899785433895886,8.870407104492188,0.2,5750,0.0003,0.34974175691604614,0.054443359375,-0.6046566406264902,0.006340516,,
,1180000,,,,,33.09535972476006,-0.006051863374887034,15.345398902893066,0.2,5760,0.0003,0.2745208740234375,0.045849609375,-0.5971316082403064,0.0036895939,1127.4,456.44800000000004
166.3868,1181696,2087,566,577,610.48,,,,,,,,,,,,
162.8008,1183744,2090,566,578,599.4,25.571553739905358,-0.005189683896605857,8.428671836853027,0.2,5770,0.0003,0.2579411268234253,0.05107421875,-0.6304745488800109,0.0066303057,,
161.11159999999998,1185792,2093,566,579,588.67,32.64797787964344,-0.006040371814742684,19.813953399658203,0.2,5780,0.0003,0.28246527910232544,0.05498046875,-0.6801432350650429,0.005361138,,
163.7924,1187840,2095,566,580,594.91,29.28276768922806,-0.005678245714807417,43.117225646972656,0.2,5790,0.0003,0.2777004837989807,0.071337890625,-0.5719422868452966,0.005741422,,
168.35599999999994,1189888,2098,566,581,602.2,24.564874455332756,-0.0025527410020004027,9.495970726013184,0.2,5800,0.0003,0.40911865234375,0.06025390625,-0.6059258934110403,0.005796861,,
,1190000,,,,,28.972067058086395,-0.006250170557177625,10.540993690490723,0.2,5810,0.0003,0.31285256147384644,0.067626953125,-0.5930556353181601,0.0091671385,1672.2,353.36800000000005
167.91699999999997,1191936,2106,565,582,599.1,,,,,,,,,,,,
167.91699999999997,1193984,2109,565,583,599.1,29.08051079213619,-0.007001767079054843,22.53034019470215,0.2,5820,0.0003,0.1762099266052246,0.074658203125,-0.688719042763114,0.007620348,,
176.5228,1196032,2112,566,584,634.74,12.256155210733414,-0.0023900450236396865,5.482413291931152,0.2,5830,0.0003,0.3941672444343567,0.084375,-0.6536374161019921,0.009452619,,
177.44780000000006,1198080,2115,566,585,638.59,26.549535754323006,-0.006067119921499398,18.76371955871582,0.2,5840,0.0003,0.23570126295089722,0.1064453125,-0.619877926632762,0.010812525,,
,1200000,,,,,31.981229656934737,-0.005208237079204992,15.5811767578125,0.2,5850,0.0003,0.28387027978897095,0.0625,-0.6262332296930253,0.008942962,1363.4,543.912
173.69100000000003,1200128,2122,565,586,621.02,,,,,,,,,,,,
172.00059999999996,1202176,2125,565,587,615.36,33.2948093265295,-0.005962967019877396,11.565970420837402,0.2,5860,0.0003,0.26508432626724243,0.083203125,-0.6303012579679489,0.0075872354,,
174.218,1204224,2128,565,588,624.73,39.38906824290753,-0.00894993322144728,28.983413696289062,0.2,5870,0.0003,0.25955426692962646,0.069775390625,-0.6607264121994376,0.00632624,,
177.07659999999996,1206272,2131,565,589,637.11,19.74364997446537,-0.006475469082943164,11.735586166381836,0.2,5880,0.0003,0.3244785666465759,0.06611328125,-0.6581254526972771,0.007256973,,
178.17879999999997,1208320,2134,566,590,637.11,31.87923120558262,-0.006861431314609945,16.390901565551758,0.2,5890,0.0003,0.3199325203895569,0.053955078125,-0.721293475292623,0.006823372,,
,1210000,,,,,25.105495437979698,-0.006272327211627271,17.319570541381836,0.2,5900,0.0003,0.22974467277526855,0.065625,-0.6612645655870437,0.005792208,1961.6,323.53200000000004
179.2626,1210368,2143,564,591,643.04,,,,,,,,,,,,
184.0834,1212416,2146,564,592,662.52,23.409580099582673,-0.00527787471364718,20.218294143676758,0.2,5910,0.0003,0.3623514771461487,0.09189453125,-0.65836694072932,0.006974649,,
184.15919999999997,1214464,2149,565,593,658.73,18.400140208005904,-0.004074092385417316,11.910980224609375,0.2,5920,0.0003,0.2754700183868408,0.07373046875,-0.6590821174904704,0.006358121,,
176.41699999999997,1216512,2152,565,594,625.0,28.49505607485771,-0.005762280832277611,26.896404266357422,0.2,5930,0.0003,0.3132072687149048,0.054296875,-0.5975435071624815,0.0067347726,,
174.25819999999996,1218560,2155,565,595,617.71,32.066698440909384,-0.007269467270816676,10.469888687133789,0.2,5940,0.0003,0.2312321662902832,0.058447265625,-0.6330046612769366,0.0057316185,,
,1220000,,,,,27.35627623796463,-0.008190749053028412,14.00567626953125,0.2,5950,0.0003,0.270031213760376,0.118408203125,-0.585651652701199,0.007121918,1569.4,349.412
173.91859999999997,1220608,2162,564,596,619.66,,,,,,,,,,,,
173.14880000000002,1222656,2165,564,597,618.07,26.252975648641588,-0.004938719609344844,7.20815896987915,0.2,5960,0.0003,0.3205781579017639,0.070166015625,-0.6145755859091878,0.00594,,
171.44079999999997,1224704,2168,564,598,608.28,29.9772287607193,-0.007150396291399375,13.584301948547363,0.2,5970,0.0003,0.2665148377418518,0.059814453125,-0.5797781200148165,0.0050793854,,
173.5754,1226752,2171,564,599,621.79,17.889363393187523,-0.004683060856768862,11.454483032226562,0.2,5980,0.0003,0.360507607460022,0.068115234375,-0.5679057773202658,0.007134743,,
175.31100000000004,1228800,2174,565,600,630.2,16.709116113185882,-0.006688756594667211,3.99283504486084,0.2,5990,0.0003,0.37185120582580566,0.08837890625,-0.6649491658434272,0.008312608,,
,1230000,,,,,24.689526587724686,-0.006685427235788665,9.7899169921875,0.2,6000,0.0003,0.2856907248497009,0.06416015625,-0.637594969663769,0.0067536263,1344.4,526.256
182.65379999999996,1230848,2181,564,601,653.84,,,,,,,,,,,,
181.0366,1232896,2184,564,602,649.53,27.097193938493728,-0.004737836896674707,19.122541427612305,0.2,6010,0.0003,0.31132280826568604,0.0412109375,-0.5984537024050951,0.0057512685,,
178.26600000000002,1234944,2186,564,603,637.76,34.04181628525257,-0.008430573398072738,16.744869232177734,0.2,6020,0.0003,0.21748757362365723,0.05673828125,-0.6101043917238712,0.005406124,,
178.9176,1236992,2189,564,604,640.25,22.010347434878348,-0.009702115025720558,7.567577362060547,0.2,6030,0.0003,0.3405909538269043,0.071044921875,-0.629625478386879,0.007305585,,
175.953,1239040,2192,565,605,638.18,27.171211612224578,-0.00789514536736533,14.152494430541992,0.2,6040,0.0003,0.29199057817459106,0.070751953125,-0.6623927837237715,0.006574083,,
,1240000,,,,,22.308441320061682,-0.004808214472723194,7.069682598114014,0.2,6050,0.0003,0.3805146813392639,0.04638671875,-0.6409683097153902,0.005854226,1322.8,452.5400000000001
169.045,1241088,2199,564,606,612.84,,,,,,,,,,,,
168.21999999999997,1243136,2202,564,607,609.0,39.02234689295292,-0.00407349732122384,11.497415542602539,0.2,6060,0.0003,0.3029167652130127,0.042529296875,-0.6075741006992758,0.0046576597,,
157.76839999999999,1245184,2205,564,608,575.47,48.2196897149086,-0.00671983873762656,12.76375675201416,0.2,6070,0.0003,0.24073219299316406,0.067724609375,-0.6357431957498193,0.0067198128,,
158.6394,1247232,2207,564,609,582.02,49.57923248410225,-0.009366898599546402,14.593578338623047,0.2,6080,0.0003,0.19367825984954834,0.064794921875,-0.6481293709948659,0.0066091996,,
158.5032,1249280,2210,565,610,583.82,21.679198127985,-0.008838559710420668,6.765411853790283,0.2,6090,0.0003,0.28583788871765137,0.08125,-0.5863533903844654,0.0075468607,,
,1250000,,,,,20.271131603419782,-0.006199824955547229,12.829989433288574,0.2,6100,0.0003,0.2517293691635132,0.080615234375,-0.5901031290180981,0.0072835195,1178.2,469.46000000000004
162.28080000000003,1251328,2217,564,611,600.35,,,,,,,,,,,,
159.3284,1253376,2219,564,612,582.64,15.61650108397007,-0.004440785947372206,10.58360767364502,0.2,6110,0.0003,0.368968665599823,0.058203125,-0.6031679005362094,0.005812062,,
161.42020000000002,1255424,2222,564,613,588.27,23.127858555316926,-0.003563161561032757,9.251980781555176,0.2,6120,0.0003,0.3648878335952759,0.066015625,-0.6252704361453653,0.009106116,,
151.766,1257472,2225,565,614,564.97,27.647830829024315,-0.00816270267678192,8.433507919311523,0.2,6130,0.0003,0.2831727862358093,0.085498046875,-0.6782627424225212,0.009822356,,
153.2622,1259520,2228,565,615,570.32,37.79276994764805,-0.009503574637346902,11.932733535766602,0.2,6140,0.0003,0.14835870265960693,0.056103515625,-0.7341062348335982,0.006478444,,
,1260000,,,,,18.06360769122839,-0.00874204079300398,5.501760959625244,0.2,6150,0.0003,0.22928166389465332,0.09248046875,-0.6202181790955364,0.007235445,760.6,295.448
155.3858,1261568,2233,564,616,579.37,,,,,,,,,,,,
155.7334,1263616,2236,565,617,582.03,27.611755746603013,-0.006697107930085622,12.815401077270508,0.2,6160,0.0003,0.1723979115486145,0.057666015625,-0.6449185704812408,0.0067469343,,
159.64800000000002,1265664,2239,565,618,591.71,20.240395452082158,-0.005549875738506671,13.399199485778809,0.2,6170,0.0003,0.29251742362976074,0.070556640625,-0.6186414299532771,0.007289931,,
158.59400000000002,1267712,2241,565,619,589.3,22.324449881911278,-0.007894386962288991,19.888946533203125,0.2,6180,0.0003,0.3195216655731201,0.0771484375,-0.634747875481844,0.006563917,,
150.46599999999998,1269760,2244,565,620,559.83,19.187564125657083,-0.006260114550241269,9.408634185791016,0.2,6190,0.0003,0.3648684024810791,0.094384765625,-0.6775381941348314,0.008596821,,
,1270000,,,,,33.274120199680326,-0.012005960999522359,15.616928100585938,0.2,6200,0.0003,0.13880443572998047,0.112158203125,-0.6373813959769905,0.009732315,1803.2,230.50799999999998
150.99120000000002,1271808,2252,564,621,568.64,,,,,,,,,,,,
153.1026,1273856,2255,564,622,578.3,39.20829707980156,-0.00887146373570431,11.613317489624023,0.2,6210,0.0003,0.11941546201705933,0.095703125,-0.6806393750011921,0.012886323,,
150.2654,1275904,2258,564,623,564.85,22.307916650176047,-0.009757369960425422,8.781410217285156,0.2,6220,0.0003,0.22297871112823486,0.092626953125,-0.6832379894331098,0.010698738,,
151.43699999999998,1277952,2261,565,624,571.4,28.409050065279008,-0.004333358384610619,10.823387145996094,0.2,6230,0.0003,0.3182550072669983,0.047998046875,-0.6770145520567894,0.0079632485,,
,1280000,,,,,21.48061770796776,-0.00793355240020901,6.816521167755127,0.2,6240,0.0003,0.2912202477455139,0.08271484375,-0.6812051892280578,0.0074955705,1651.4,235.548
148.66240000000002,1280000,2268,564,625,564.84,,,,,,,,,,,,
143.12900000000002,1282048,2271,564,626,545.92,27.028642573952673,-0.006178630021167919,13.17657470703125,0.2,6250,0.0003,0.27679765224456787,0.070068359375,-0.7028913233429194,0.0057880287,,
147.5712,1284096,2274,564,627,559.28,21.77169177830219,-0.006348330725450069,11.972606658935547,0.2,6260,0.0003,0.3931843042373657,0.06259765625,-0.6813162198290229,0.0062926076,,
143.22179999999997,1286144,2277,564,628,546.29,28.948008051514627,-0.005824978656892199,13.057755470275879,0.2,6270,0.0003,0.12099015712738037,0.068603515625,-0.6913410717621445,0.0058776885,,
148.7618,1288192,2280,564,629,564.88,28.595977407693862,-0.007387826294871047,11.4644136428833,0.2,6280,0.0003,0.17086195945739746,0.05791015625,-0.6796754056587815,0.0055260495,,
,1290000,,,,,24.025181958079337,-0.00688492537883576,16.137935638427734,0.2,6290,0.0003,0.3639776110649109,0.05986328125,-0.6471383633092046,0.0057067224,1535.2,253.904
149.1408,1290240,2287,564,630,560.96,,,,,,,,,,,,
151.549,1292288,2290,564,631,570.81,22.57347345352173,-0.006130944387405179,6.858026504516602,0.2,6300,0.0003,0.3995179533958435,0.059716796875,-0.6437534051015973,0.006282681,,
149.16559999999998,1294336,2293,564,632,554.71,25.568642991781235,-0.0046518612449290234,10.741006851196289,0.2,6310,0.0003,0.34648895263671875,0.0744140625,-0.6533744188025594,0.008351072,,
148.093,1296384,2295,564,633,558.24,31.900337424874305,-0.0055890682560857385,25.200252532958984,0.2,6320,0.0003,0.2745804190635681,0.058447265625,-0.663366392813623,0.0063447286,,
149.5384,1298432,2298,564,634,566.13,28.83900170326233,-0.008024637753260322,13.987150192260742,0.2,6330,0.0003,0.2848427891731262,0.07734375,-0.6944110048934817,0.009475411,,
,1300000,,,,,24.436576771736146,-0.00968859653949039,5.524160861968994,0.2,6340,0.0003,0.2659780979156494,0.1037109375,-0.6877187116071581,0.009203649,2644.2,181.62399999999997
153.3408,1300480,2309,563,635,576.41,,,,,,,,,,,,
156.8886,1302528,2311,563,636,589.4,33.49298422634602,-0.005734002610552125,20.007553100585938,0.2,6350,0.0003,0.1720622181892395,0.03828125,-0.64616265501827,0.0037918226,,
157.14960000000002,1304576,2314,563,637,591.38,25.75010556280613,-0.006908053471124731,8.001416206359863,0.2,6360,0.0003,0.30966073274612427,0.07314453125,-0.6580503534525632,0.00753503,,
152.98839999999998,1306624,2317,563,638,579.0,42.3295804977417,-0.010455811527208425,19.181468963623047,0.2,6370,0.0003,0.19474643468856812,0.100830078125,-0.7219095151871443,0.007843934,,
146.7088,1308672,2320,563,639,557.31,24.02164000272751,-0.006778596909134649,12.249186515808105,0.2,6380,0.0003,0.22585797309875488,0.071044921875,-0.6821295335888863,0.0044056326,,
,1310000,,,,,23.730666330456735,-0.0053405428567202765,11.425764083862305,0.2,6390,0.0003,0.29101860523223877,0.07861328125,-0.7271121382713318,0.0155860735,1381.8,395.24799999999993
142.7744,1310720,2327,563,640,548.62,,,,,,,,,,,,
142.40480000000002,1312768,2329,563,641,547.06,27.231345131993294,-0.009351803141180426,21.293088912963867,0.2,6400,0.0003,0.18828517198562622,0.089111328125,-0.7375891670584679,0.010401351,,
136.56560000000002,1314816,2332,563,642,533.41,39.47156670689583,-0.004870846655103378,21.444917678833008,0.2,6410,0.0003,0.0827367901802063,0.04111328125,-0.8157880298793316,0.0041970173,,
138.72460000000004,1316864,2335,563,643,545.7,25.964948979020118,-0.013544194139831234,12.221419334411621,0.2,6420,0.0003,0.15958338975906372,0.097216796875,-0.765755051933229,0.0080147125,,
134.8984,1318912,2338,564,644,541.62,14.635501754283904,-0.007357851331471465,6.451614856719971,0.2,6430,0.0003,0.25231385231018066,0.121044921875,-0.756180776283145,0.013707998,,
,1320000,,,,,25.588565385341646,-0.009507550016860478,10.305830955505371,0.2,6440,0.0003,0.3285869359970093,0.08740234375,-0.7453346880152821,0.008362067,1652.4,261.58000000000004
130.4582,1320960,2345,563,645,528.16,,,,,,,,,,,,
129.29420000000002,1323008,2348,563,646,526.24,20.040519684553146,-0.009848551044706255,5.284363746643066,0.2,6450,0.0003,0.2904762029647827,0.1111328125,-0.8068147985264659,0.008776016,,
127.95939999999999,1325056,2351,563,647,522.84,35.259561252594,-0.013109904690645635,10.17131233215332,0.2,6460,0.0003,0.23947441577911377,0.104052734375,-0.7377420024946332,0.010770031,,
128.72879999999998,1327104,2354,563,648,524.45,29.27827252149582,-0.00663911788869882,18.398975372314453,0.2,6470,0.0003,0.3043367266654968,0.051123046875,-0.7542800126597285,0.0061640814,,
123.40320000000001,1329152,2357,563,649,505.16,25.90094239413738,-0.007330510937026702,17.09521484375,0.2,6480,0.0003,0.3917134404182434,0.061962890625,-0.7023167848587036,0.006850903,,
,1330000,,,,,24.056917107105257,-0.008459172301809304,13.84460163116455,0.2,6490,0.0003,0.23525571823120117,0.06865234375,-0.6552366314455866,0.0066700084,1145.0,436.05600000000004
130.9198,1331200,2363,563,650,530.13,,,,,,,,,,,,
134.1534,1333248,2366,563,651,538.79,16.251009072363377,-0.004540313789038919,7.224750518798828,0.2,6500,0.0003,0.4432430863380432,0.065283203125,-0.6799237245693803,0.0077719097,,
138.5506,1335296,2369,563,652,554.4,21.170572316646577,-0.007527761853998527,6.688149452209473,0.2,6510,0.0003,0.37126266956329346,0.0521484375,-0.655018200725317,0.007150694,,
141.55460000000002,1337344,2372,563,653,564.52,19.262444320321084,-0.008808697579661384,6.776741027832031,0.2,6520,0.0003,0.34621697664260864,0.077392578125,-0.6385601501911878,0.0064756745,,
140.91800000000003,1339392,2375,563,654,561.28,21.0477627068758,-0.006948422457207925,20.29451560974121,0.2,6530,0.0003,0.3576207756996155,0.06220703125,-0.6718775013461709,0.0075304853,,
,1340000,,,,,26.495856541395188,-0.005239328861352988,10.400086402893066,0.2,6540,0.0003,0.36941003799438477,0.047607421875,-0.662908474355936,0.005950463,1201.0,292.652
140.98239999999998,1341440,2381,563,655,558.06,,,,,,,,,,,,
136.97400000000002,1343488,2384,563,656,548.06,34.07403254508972,-0.004129913421638776,9.706911087036133,0.2,6550,0.0003,0.32836079597473145,0.037890625,-0.6870854381471873,0.004893421,,
139.24660000000003,1345536,2387,563,657,559.68,25.607415476441382,-0.010076088109053671,8.607606887817383,0.2,6560,0.0003,0.24825048446655273,0.088671875,-0.6960299655795097,0.010298051,,
133.63279999999997,1347584,2390,563,658,544.78,21.20585654079914,-0.00853549257881241,9.116337776184082,0.2,6570,0.0003,0.22600263357162476,0.07392578125,-0.6760455219075083,0.0061110333,,
133.16039999999998,1349632,2393,563,659,548.36,31.932117626070976,-0.009449190649320371,12.364679336547852,0.2,6580,0.0003,0.27574580907821655,0.078466796875,-0.7054118759930134,0.0068349685,,
,1350000,,,,,23.647327530384064,-0.006039086787495762,6.536656856536865,0.2,6590,0.0003,0.19981098175048828,0.0720703125,-0.6538182305172086,0.007313057,1105.2,422.82399999999996
131.78700000000003,1351680,2399,563,660,546.89,,,,,,,,,,,,
133.42880000000002,1353728,2402,563,661,549.97,22.607527196407318,-0.005049792444333434,11.83459186553955,0.2,6600,0.0003,0.24729317426681519,0.064404296875,-0.6682850662618876,0.0066527375,,
131.512,1355776,2405,563,662,545.61,26.22700899541378,-0.006335615838179365,20.360288619995117,0.2,6610,0.0003,0.37138497829437256,0.069287109375,-0.6697466421872378,0.008183598,,
132.4878,1357824,2408,563,663,546.92,27.81273585855961,-0.006454079769901,6.376832962036133,0.2,6620,0.0003,0.3399263620376587,0.044140625,-0.6475020391866565,0.005916499,,
133.23219999999998,1359872,2411,563,664,549.78,35.20428494513035,-0.008260924016940407,19.04209327697754,0.2,6630,0.0003,0.23659485578536987,0.08193359375,-0.688082929328084,0.007849843,,
,1360000,,,,,28.830542942881586,-0.004773643263615668,15.148558616638184,0.2,6640,0.0003,0.28118228912353516,0.06171875,-0.7134443540126085,0.005276844,1399.6,525.1519999999999
132.0522,1361920,2418,563,665,543.65,,,,,,,,,,,,
131.3956,1363968,2421,563,666,536.4,32.62244925200939,-0.008110957109602168,22.860530853271484,0.2,6650,0.0003,0.31822669506073,0.085498046875,-0.7067053701728583,0.009335642,,
133.267,1366016,2424,563,667,543.03,37.26124197840691,-0.005958819210354705,17.798133850097656,0.2,6660,0.0003,0.20840245485305786,0.06103515625,-0.674826325289905,0.0058588614,,
134.7928,1368064,2427,563,668,546.9,23.469844949245452,-0.0066184463765239345,14.801589012145996,0.2,6670,0.0003,0.3085212707519531,0.1201171875,-0.7198388068005442,0.010959515,,
,1370000,,,,,25.819142031669617,-0.00823314895387739,7.440803527832031,0.2,6680,0.0003,0.303653359413147,0.082666015625,-0.7430315228179097,0.0072844606,1289.6,511.32
140.68939999999998,1370112,2433,562,669,552.67,,,,,,,,,,,,
138.4732,1372160,2436,563,670,533.22,37.21898325681686,-0.005780204641632735,13.216265678405762,0.2,6690,0.0003,0.23180121183395386,0.0501953125,-0.6646317167207598,0.0056270184,,
138.8148,1374208,2439,563,671,541.19,26.327723890542984,-0.005669167512678541,15.994600296020508,0.2,6700,0.0003,0.30190056562423706,0.064208984375,-0.7180176934227347,0.006259705,,
141.3562,1376256,2442,563,672,544.38,25.882963263988493,-0.006487431621644646,8.67073917388916,0.2,6710,0.0003,0.34025412797927856,0.07431640625,-0.7244818741455674,0.007028877,,
145.393,1378304,2446,563,673,557.97,19.79666348397732,-0.007868081684864591,11.87845230102539,0.2,6720,0.0003,0.3588626980781555,0.088330078125,-0.6634558225050569,0.0095251305,,
,1380000,,,,,19.080198195576667,-0.007591375752235762,4.715634822845459,0.2,6730,0.0003,0.2797122597694397,0.08505859375,-0.7044257119297981,0.0076316497,1446.2,522.2160000000001
148.15540000000001,1380352,2453,562,674,570.15,,,,,,,,,,,,
150.43380000000002,1382400,2456,562,675,581.48,33.4290711581707,-0.007840934541309252,12.726868629455566,0.2,6740,0.0003,0.32409971952438354,0.076025390625,-0.6940749529749155,0.0078595,,
150.4612,1384448,2459,562,676,580.11,19.037843611836433,-0.00750793660117779,9.171830177307129,0.2,6750,0.0003,0.27515077590942383,0.08779296875,-0.6775251384824514,0.0074796686,,
152.9874,1386496,2462,563,677,589.07,33.236057728528976,-0.010184723633574321,15.354037284851074,0.2,6760,0.0003,0.2269417643547058,0.067138671875,-0.6879962000995874,0.0072203637,,
152.40679999999998,1388544,2465,563,678,588.04,21.89815134704113,-0.009885280378512107,7.307986736297607,0.2,6770,0.0003,0.19887512922286987,0.11083984375,-0.6302774664014578,0.008806195,,
,1390000,,,,,25.66215619444847,-0.009083767134870867,15.229722023010254,0.2,6780,0.0003,0.3242061138153076,0.069189453125,-0.6462796518579126,0.008915413,1790.0,256.824
151.985,1390592,2473,562,679,584.08,,,,,,,,,,,,
148.4706,1392640,2476,562,680,574.43,17.843266433477403,-0.00407192345301155,7.2552924156188965,0.2,6790,0.0003,0.34654998779296875,0.081298828125,-0.6569830505177379,0.0064921477,,
145.7064,1394688,2479,562,681,562.34,26.466417494416238,-0.005435690539889038,8.209750175476074,0.2,6800,0.0003,0.28168290853500366,0.07919921875,-0.6750223316252232,0.0056472057,,
148.2422,1396736,2482,562,682,570.82,18.96580569446087,-0.005862386105582118,5.900364398956299,0.2,6810,0.0003,0.2553168535232544,0.0611328125,-0.6472058250568807,0.0066975756,,
146.0532,1398784,2485,562,683,565.04,32.39844888746738,-0.007972633987083099,11.651988983154297,0.2,6820,0.0003,0.2842699885368347,0.0669921875,-0.6897694291546941,0.006617243,,
,1400000,,,,,26.263659808039666,-0.0064966501551680265,6.794241905212402,0.2,6830,0.0003,0.22151023149490356,0.07958984375,-0.7415161425247788,0.009399174,1094.0,469.14
149.1378,1400832,2491,562,684,576.14,,,,,,,,,,,,
147.33259999999999,1402880,2494,562,685,566.2,24.981223359704018,-0.005424411670537666,8.648541450500488,0.2,6840,0.0003,0.3019981384277344,0.053076171875,-0.6683915125206112,0.0061744484,,
146.1438,1404928,2497,562,686,560.51,36.614172759652135,-0.008420908340485766,20.8732967376709,0.2,6850,0.0003,0.2007119059562683,0.07626953125,-0.7011561207473278,0.009402779,,
144.90160000000003,1406976,2500,562,687,557.49,26.849158704280853,-0.006011007810593582,10.372365951538086,0.2,6860,0.0003,0.2522503137588501,0.0517578125,-0.7085016081109643,0.006293475,,
145.0208,1409024,2503,562,688,556.54,21.548470082879067,-0.004872131461161189,6.150997161865234,0.2,6870,0.0003,0.25401216745376587,0.077392578125,-0.7585493948310613,0.006827144,,
,1410000,,,,,28.77713719010353,-0.0058320866068243046,19.43635368347168,0.2,6880,0.0003,0.3775825500488281,0.06064453125,-0.7111404413357377,0.0063094595,750.8,197.448
146.4474,1411072,2508,562,689,565.37,,,,,,,,,,,,
147.2048,1413120,2511,562,690,572.59,28.318576714396478,-0.005459478482953273,7.169978141784668,0.2,6890,0.0003,0.2756662964820862,0.064990234375,-0.6922453129664063,0.0070342086,,
146.6194,1415168,2514,562,691,571.8,27.7080365806818,-0.006872967493836768,7.755230903625488,0.2,6900,0.0003,0.1420169472694397,0.068896484375,-0.710145684890449,0.007399719,,
147.957,1417216,2517,563,692,575.06,29.154847565293313,-0.007384674623608589,16.78580093383789,0.2,6910,0.0003,0.30776166915893555,0.052490234375,-0.7528302535414696,0.0063356576,,
150.17079999999999,1419264,2520,563,693,584.61,29.523732443153857,-0.007023827626835555,11.72739028930664,0.2,6920,0.0003,0.20638203620910645,0.05908203125,-0.6955559510737658,0.0065257596,,
,1420000,,,,,25.80056966841221,-0.007778640037577134,8.361101150512695,0.2,6930,0.0003,0.2826232314109802,0.089697265625,-0.7112185586243868,0.008798141,977.4,393.316
148.2982,1421312,2525,562,694,578.04,,,,,,,,,,,,
151.3658,1423360,2528,562,695,589.99,32.122501036524774,-0.007230628246907145,17.22947120666504,0.2,6940,0.0003,0.25057321786880493,0.058837890625,-0.710661300830543,0.0070257266,,
149.887,1425408,2531,563,696,583.77,28.956977328658105,-0.008330403271247632,13.517756462097168,0.2,6950,0.0003,0.2829076647758484,0.06748046875,-0.6861979100853205,0.0045108367,,
150.66039999999998,1427456,2534,563,697,580.17,33.54564588367939,-0.009080144498148002,13.50876235961914,0.2,6960,0.0003,0.23998016119003296,0.05986328125,-0.6818324252963066,0.0057482314,,
151.6402,1429504,2537,563,698,591.3,28.80128618478775,-0.006306934528402053,14.599106788635254,0.2,6970,0.0003,0.32395368814468384,0.0666015625,-0.624852854013443,0.009746462,,
,1430000,,,,,23.471048983931542,-0.009716856865270528,7.369363784790039,0.2,6980,0.0003,0.26443105936050415,0.103564453125,-0.7557394552975893,0.012505391,1477.0,349.256
152.2558,1431552,2545,562,699,595.59,,,,,,,,,,,,
157.9696,1433600,2547,562,700,610.5,39.32388346791267,-0.009401174038066529,14.425156593322754,0.2,6990,0.0003,0.33959144353866577,0.0705078125,-0.6837482586503029,0.0072238874,,
154.9204,1435648,2550,562,701,602.64,28.714369598031045,-0.007326785297482275,12.0524320602417,0.2,7000,0.0003,0.36613214015960693,0.068603515625,-0.6501093302853406,0.007834459,,
156.50719999999998,1437696,2553,562,702,603.46,24.941357347369195,-0.003695728795719333,11.112975120544434,0.2,7010,0.0003,0.321260929107666,0.0490234375,-0.6701727833598852,0.007362774,,
156.46980000000002,1439744,2556,563,703,595.31,24.999383094906808,-0.008747873632819392,9.854610443115234,0.2,7020,0.0003,0.24613887071609497,0.10146484375,-0.6538741704076528,0.013295073,,
,1440000,,,,,32.00372290313244,-0.004061721087782644,24.241439819335938,0.2,7030,0.0003,0.20498991012573242,0.0548828125,-0.6405204579234123,0.0051443414,1057.4,427.788
154.3274,1441792,2562,562,704,587.2,,,,,,,,,,,,
155.6514,1443840,2565,562,705,591.14,18.17826883494854,-0.007153629360254854,16.79682731628418,0.2,7040,0.0003,0.2819984555244446,0.089501953125,-0.6790055479854346,0.01026101,,
154.9594,1445888,2568,562,706,590.67,34.31769680082798,-0.008079363479919267,16.88118553161621,0.2,7050,0.0003,0.12062603235244751,0.0611328125,-0.7146699422970414,0.0057709934,,
154.25619999999998,1447936,2571,563,707,590.76,17.642172265052796,-0.004835491863195785,9.112517356872559,0.2,7060,0.0003,0.287541925907135,0.072412109375,-0.6961215766146779,0.006779616,,
150.7356,1449984,2574,563,708,586.43,21.57476729899645,-0.004844886716455221,17.341930389404297,0.2,7070,0.0003,0.316855251789093,0.046337890625,-0.7046374725177884,0.0047210534,,
,1450000,,,,,27.257679042220115,-0.01117050454049604,12.870003700256348,0.2,7080,0.0003,0.29770827293395996,0.09248046875,-0.676882853731513,0.0077897683,1235.2,510.4040000000001
153.47179999999997,1452032,2581,562,709,594.91,,,,,,,,,,,,
154.6526,1454080,2584,562,710,601.0,20.739425629377365,-0.004338105459464714,5.709164142608643,0.2,7090,0.0003,0.2669379711151123,0.065673828125,-0.6986565545201302,0.009173861,,
151.6208,1456128,2587,562,711,592.27,23.74907159805298,-0.007165419191005639,6.951945781707764,0.2,7100,0.0003,0.2816999554634094,0.0607421875,-0.6720578281208873,0.007312239,,
155.67339999999996,1458176,2590,562,712,605.07,23.21573229879141,-0.0053828546748263765,9.28515625,0.2,7110,0.0003,0.3126220703125,0.064208984375,-0.7077647740021348,0.00794598,,
,1460000,,,,,27.848372280597687,-0.007400516912457533,8.876168251037598,0.2,7120,0.0003,0.3051004409790039,0.082421875,-0.7063751688227058,0.0063706003,1168.0,465.65600000000006
151.03719999999998,1460224,2596,562,713,586.38,,,,,,,,,,,,
151.31420000000003,1462272,2599,562,714,587.56,43.76343656182289,-0.006965747619688045,18.232254028320312,0.2,7130,0.0003,0.28912490606307983,0.069677734375,-0.7068371376022696,0.0066738287,,
150.97299999999998,1464320,2602,562,715,589.59,28.686090865731238,-0.005165952007519081,11.34135913848877,0.2,7140,0.0003,0.2743472456932068,0.063818359375,-0.7348519360646606,0.006810428,,
147.601,1466368,2605,562,716,582.84,29.12974238395691,-0.00784911870578071,10.990138053894043,0.2,7150,0.0003,0.12438857555389404,0.066748046875,-0.7330007243901491,0.007236079,,
143.6294,1468416,2608,562,717,571.0,29.055144856870175,-0.005981948497355916,14.992162704467773,0.2,7160,0.0003,0.2221672534942627,0.0853515625,-0.7900185098871588,0.0074398904,,
,1470000,,,,,25.927888998389243,-0.009031824857811444,21.385488510131836,0.2,7170,0.0003,0.23295527696609497,0.074169921875,-0.699550174549222,0.0062229,2034.4,344.12
145.2634,1470464,2617,561,718,574.47,,,,,,,,,,,,
145.22899999999998,1472512,2620,561,719,571.18,22.390714140236376,-0.010144826371106318,6.783508777618408,0.2,7180,0.0003,0.3218710422515869,0.10537109375,-0.6702272599563003,0.0079419445,,
150.18699999999998,1474560,2623,562,720,588.81,25.12330183684826,-0.01019173554959707,14.253263473510742,0.2,7190,0.0003,0.25781774520874023,0.092919921875,-0.6608579311519861,0.007044789,,
152.8584,1476608,2626,562,721,595.52,23.0909782409668,-0.0047695610410301015,12.644716262817383,0.2,7200,0.0003,0.4633745551109314,0.058203125,-0.6300427386537194,0.0059980107,,
153.59699999999998,1478656,2629,562,722,593.66,28.436958828568457,-0.005857684058719314,8.16906452178955,0.2,7210,0.0003,0.16540545225143433,0.054052734375,-0.6769166244193912,0.005796768,,
,1480000,,,,,19.205338475108146,-0.006364436015428509,12.937102317810059,0.2,7220,0.0003,0.40953201055526733,0.092529296875,-0.6789153072983026,0.0087203905,1548.2,576.288
156.6072,1480704,2637,561,723,608.48,,,,,,,,,,,,
152.3006,1482752,2640,561,724,593.35,25.44438646733761,-0.009262774100352544,7.314875602722168,0.2,7230,0.0003,0.26718467473983765,0.101220703125,-0.6518822180107235,0.009343669,,
153.10180000000003,1484800,2643,561,725,593.37,44.930766105651855,-0.009480905640521087,18.681888580322266,0.2,7240,0.0003,0.17378884553909302,0.064501953125,-0.7056771865114569,0.0072074113,,
150.3578,1486848,2646,561,726,590.29,34.83196386396885,-0.008706892316695303,10.470643043518066,0.2,7250,0.0003,0.18416839838027954,0.0697265625,-0.63537972625345,0.0057264008,,
151.62359999999998,1488896,2649,562,727,592.13,31.672402024269104,-0.006727779602806549,23.078453063964844,0.2,7260,0.0003,0.2492195963859558,0.066748046875,-0.698001459799707,0.008590534,,
,1490000,,,,,19.12519327700138,-0.006755542295286432,10.531415939331055,0.2,7270,0.0003,0.3330819010734558,0.10322265625,-0.6508141139522194,0.006659657,1595.0,284.77200000000005
153.57239999999996,1490944,2656,561,728,599.9,,,,,,,,,,,,
144.83559999999997,1492992,2659,561,729,565.8,23.522261480987073,-0.007742872965172865,15.111441612243652,0.2,7280,0.0003,0.30187690258026123,0.089501953125,-0.7539517549797893,0.0057831937,,
144.03480000000002,1495040,2662,561,730,565.76,48.947874611616136,-0.012985856333398261,32.039207458496094,0.2,7290,0.0003,0.21980363130569458,0.07724609375,-0.6856177629902959,0.008687515,,
138.6202,1497088,2665,561,731,550.92,29.497486227750777,-0.01244097740855068,19.74907112121582,0.2,7300,0.0003,0.20595550537109375,0.12314453125,-0.6699944267049431,0.010097619,,
140.9224,1499136,2668,561,732,556.05,29.445623144507408,-0.011238732450874523,13.328410148620605,0.2,7310,0.0003,0.1790202260017395,0.100634765625,-0.6648560881614685,0.008939942,,
,1500000,,,,,28.289121159911154,-0.00936632633820409,16.81558609008789,0.2,7320,0.0003,0.33728736639022827,0.0630859375,-0.6276698328554631,0.0059130983,1214.0,484.77599999999995
146.484,1501184,2675,561,733,573.56,,,,,,,,,,,,
136.02740000000003,1503232,2678,561,734,525.25,20.10822220146656,-0.006363864740706049,9.01710033416748,0.2,7330,0.0003,0.32479047775268555,0.06923828125,-0.5994971578940749,0.007793683,,
135.8936,1505280,2680,561,735,521.92,50.79374434351921,-0.008529691990406717,20.57668685913086,0.2,7340,0.0003,0.22993844747543335,0.053369140625,-0.6030143389478326,0.0048162034,,
134.919,1507328,2683,561,736,515.54,23.352825854718684,-0.008287312588072382,5.573593616485596,0.2,7350,0.0003,0.3141234517097473,0.067578125,-0.6016731744632124,0.00648727,,
140.6442,1509376,2686,561,737,529.88,24.77284069955349,-0.006954107893398032,12.78412914276123,0.2,7360,0.0003,0.3058214783668518,0.0708984375,-0.5875082175247371,0.00522416,,
,1510000,,,,,30.489709043502806,-0.0041040228796191515,19.887035369873047,0.2,7370,0.0003,0.34819912910461426,0.06708984375,-0.5970502221956849,0.008062607,1316.0,496.764
138.8582,1511424,2693,561,738,523.99,,,,,,,,,,,,
142.01280000000003,1513472,2696,561,739,531.59,35.761103364825246,-0.006832711528113577,13.138251304626465,0.2,7380,0.0003,0.31519627571105957,0.06298828125,-0.6411462925374508,0.0044885045,,
140.96300000000002,1515520,2699,561,740,523.96,31.558191311359405,-0.005955159252334852,9.739540100097656,0.2,7390,0.0003,0.3163444995880127,0.079541015625,-0.6682686924934387,0.011700388,,
143.185,1517568,2702,561,741,523.08,41.53273189663887,-0.012526987941237166,16.64560317993164,0.2,7400,0.0003,0.1904510259628296,0.078857421875,-0.6841748861595989,0.007203956,,
145.96880000000002,1519616,2705,561,742,529.18,33.74417890012264,-0.00835413246823009,7.1771321296691895,0.2,7410,0.0003,0.17677372694015503,0.093017578125,-0.6558381533250213,0.007207852,,
,1520000,,,,,21.462698954343796,-0.006531825510319322,9.518587112426758,0.2,7420,0.0003,0.24582046270370483,0.079052734375,-0.6751953503116965,0.00842173,1136.6,418.18799999999993
146.1724,1521664,2712,561,743,524.01,,,,,,,,,,,,
142.3388,1523712,2715,561,744,520.3,27.588114976882935,-0.007342772261472419,12.505091667175293,0.2,7430,0.0003,0.2884056568145752,0.086669921875,-0.6689039738848805,0.0054636593,,
134.3382,1525760,2718,561,745,494.48,32.685667768120766,-0.00992226125090383,13.221406936645508,0.2,7440,0.0003,0.21253931522369385,0.072314453125,-0.7322351509705186,0.007856112,,
126.26780000000002,1527808,2721,561,746,462.13,34.611753672361374,-0.008573196857469156,10.591181755065918,0.2,7450,0.0003,0.20536649227142334,0.07412109375,-0.6832633772864938,0.0067636305,,
129.787,1529856,2724,561,747,471.54,46.23802819550038,-0.008241517897113226,26.85459327697754,0.2,7460,0.0003,0.20747077465057373,0.0548828125,-0.6473696488887072,0.0071939547,,
,1530000,,,,,38.867856526374815,-0.010284640413010493,15.340400695800781,0.2,7470,0.0003,0.2862367630004883,0.05849609375,-0.6141755376942456,0.0072263605,727.2,300.12399999999997
132.79319999999998,1531904,2729,561,748,481.55,,,,,,,,,,,,
132.30440000000002,1533952,2732,561,749,480.94,27.725398537516593,-0.0059524317155592145,9.119572639465332,0.2,7480,0.0003,0.3036113381385803,0.0626953125,-0.6090747269801795,0.006711237,,
128.53279999999998,1536000,2735,561,750,459.1,28.74571105837822,-0.004637410555733368,20.910261154174805,0.2,7490,0.0003,0.2876512408256531,0.053369140625,-0.6045857169665396,0.0043255915,,
131.26,1538048,2738,561,751,463.02,31.1808733522892,-0.008577145723393187,13.946414947509766,0.2,7500,0.0003,0.23123699426651,0.0638671875,-0.5911854905076325,0.0072770896,,
,1540000,,,,,31.683843359351158,-0.008041913420311176,11.77448844909668,0.2,7510,0.0003,0.2766512632369995,0.086328125,-0.6364688023924827,0.006598714,1037.0,410.16
133.02319999999997,1540096,2744,561,752,470.05,,,,,,,,,,,,
138.5726,1542144,2747,561,753,488.17,24.73973672091961,-0.00898127592226956,12.142881393432617,0.2,7520,0.0003,0.3135570287704468,0.070751953125,-0.6009487139061094,0.0060246,,
142.96159999999998,1544192,2750,561,754,504.19,14.895224539935588,-0.006034699740121141,3.786649465560913,0.2,7530,0.0003,0.36072587966918945,0.08828125,-0.6105927321128547,0.011367791,,
142.6014,1546240,2752,561,755,502.16,20.591366875171662,-0.0075233705516438935,7.172844886779785,0.2,7540,0.0003,0.28912901878356934,0.071630859375,-0.6091555675491691,0.00771739,,
146.1114,1548288,2755,561,756,512.03,31.222824102640153,-0.00656268611055566,23.315673828125,0.2,7550,0.0003,0.19920849800109863,0.08330078125,-0.6542627999559045,0.0071607577,,
,1550000,,,,,16.984110248088836,-0.0063448773900745435,5.916550636291504,0.2,7560,0.0003,0.39048999547958374,0.081201171875,-0.654993194527924,0.0068969363,1849.4,345.816
150.86759999999998,1550336,2764,560,757,524.72,,,,,,,,,,,,
149.2642,1552384,2766,561,758,519.72,22.595640602707864,-0.0066815737605793405,20.36583709716797,0.2,7570,0.0003,0.2745768427848816,0.067919921875,-0.6706968482583762,0.006481299,,
148.08399999999997,1554432,2769,561,759,518.61,25.444226402044297,-0.007762161659775302,11.079903602600098,0.2,7580,0.0003,0.21633684635162354,0.04931640625,-0.6554171750321984,0.0042300844,,
142.7038,1556480,2772,561,760,507.06,40.86926264166832,-0.008284816815285012,14.951641082763672,0.2,7590,0.0003,0.15492194890975952,0.047216796875,-0.6474522134289146,0.004515903,,
136.14800000000002,1558528,2775,561,761,489.16,40.73296811282635,-0.008304329152451828,15.690162658691406,0.2,7600,0.0003,0.1648045778274536,0.07763671875,-0.663826197758317,0.006370912,,
,1560000,,,,,36.26285817921162,-0.007650765035941731,18.624128341674805,0.2,7610,0.0003,0.19640707969665527,0.0583984375,-0.6518573243170976,0.0062209927,1459.4,389.688
139.72899999999998,1560576,2782,560,762,500.49,,,,,,,,,,,,
138.06499999999997,1562624,2785,561,763,498.52,20.85017073750496,-0.009262389849754981,6.302359104156494,0.2,7620,0.0003,0.2415143847465515,0.117724609375,-0.6415224322117865,0.012003019,,
141.7156,1564672,2787,561,764,506.37,32.48277545571327,-0.007635931842378341,9.352296829223633,0.2,7630,0.0003,0.15943855047225952,0.066162109375,-0.6262657513841987,0.008719521,,
145.28140000000002,1566720,2790,561,765,518.46,24.530997186899185,-0.011402299495239276,5.167369842529297,0.2,7640,0.0003,0.23788994550704956,0.083837890625,-0.6753180826082825,0.010329978,,
142.47000000000003,1568768,2793,561,766,508.73,18.88961941152811,-0.005220976009150035,4.96009635925293,0.2,7650,0.0003,0.17946314811706543,0.072314453125,-0.6740747535601258,0.007702069,,
,1570000,,,,,43.86802994608879,-0.011880329553969204,12.875310897827148,0.2,7660,0.0003,0.22119230031967163,0.0876953125,-0.7383670918643475,0.008667533,1086.0,268.9
139.4014,1570816,2799,561,767,501.84,,,,,,,,,,,,
140.08980000000003,1572864,2802,561,768,502.49,29.916799408197402,-0.007439439429435879,8.985154151916504,0.2,7670,0.0003,0.2565019726753235,0.066650390625,-0.7096116242930293,0.00598486,,
142.6268,1574912,2805,561,769,510.91,24.85444779396057,-0.009769201357266865,11.965710639953613,0.2,7680,0.0003,0.25086909532546997,0.085302734375,-0.7432798193767667,0.008888926,,
142.1824,1576960,2807,561,770,508.08,21.592923218011855,-0.006921900340239517,7.535135746002197,0.2,7690,0.0003,0.2325807809829712,0.073828125,-0.7021339315921068,0.0070363884,,
146.1152,1579008,2810,561,771,521.86,37.71421919763088,-0.009620237212220672,12.570382118225098,0.2,7700,0.0003,0.22496074438095093,0.070947265625,-0.7115183848887682,0.006480176,,
,1580000,,,,,16.00842297822237,-0.005630704731447622,7.637875080108643,0.2,7710,0.0003,0.24389934539794922,0.0681640625,-0.70464445091784,0.0072441804,718.8,294.28000000000003
143.4086,1581056,2815,561,772,521.92,,,,,,,,,,,,
141.4502,1583104,2818,561,773,519.64,37.45983709692955,-0.010103532919310964,13.919622421264648,0.2,7720,0.0003,0.20497512817382812,0.085498046875,-0.7430613033473492,0.0070439223,,
142.1156,1585152,2821,561,774,526.45,27.913513672351836,-0.008303399017313496,12.204001426696777,0.2,7730,0.0003,0.2495850920677185,0.069775390625,-0.7624282909557223,0.009504634,,
145.7516,1587200,2824,561,775,540.04,22.706817275285722,-0.00498463588883169,4.623213768005371,0.2,7740,0.0003,0.23303580284118652,0.06181640625,-0.691851994767785,0.0074231396,,
148.0282,1589248,2827,562,776,551.46,18.781232188642026,-0.010030900675337762,10.358695983886719,0.2,7750,0.0003,0.28075677156448364,0.092138671875,-0.7194350456818939,0.0075856866,,
,1590000,,,,,23.212979337573053,-0.008538098877761514,7.8449811935424805,0.2,7760,0.0003,0.25260066986083984,0.076904296875,-0.7195104176178575,0.008232139,1539.6,169.648
146.33080000000004,1591296,2834,561,777,551.16,,,,,,,,,,,,
145.58820000000003,1593344,2837,561,778,558.23,16.61591005027294,-0.011997733931639231,7.14785623550415,0.2,7770,0.0003,0.25742119550704956,0.073779296875,-0.7198832334950567,0.0077393753,,
143.7644,1595392,2840,561,779,559.24,20.34799994826317,-0.009450912971806247,7.748997211456299,0.2,7780,0.0003,0.23725366592407227,0.084521484375,-0.7329782461747527,0.007819226,,
136.5806,1597440,2843,561,780,537.67,28.33380306363106,-0.00865604679856915,14.591658592224121,0.2,7790,0.0003,0.20897549390792847,0.06689453125,-0.7343937857076526,0.0063570747,,
135.45420000000001,1599488,2845,562,781,533.87,21.664288452267648,-0.010096568148583174,8.774739265441895,0.2,7800,0.0003,0.32971203327178955,0.0619140625,-0.7101964924484492,0.0066541396,,
,1600000,,,,,26.045303311944007,-0.0061660909894271755,8.559588432312012,0.2,7810,0.0003,0.24291032552719116,0.058447265625,-0.6762828252278268,0.006230709,1520.0,252.204
130.52060000000003,1601536,2853,561,782,520.03,,,,,,,,,,,,
128.465,1603584,2855,561,783,517.6,21.537412852048874,-0.005010173033224419,9.019193649291992,0.2,7820,0.0003,0.3262755274772644,0.064111328125,-0.7077325578778982,0.007726917,,
128.3536,1605632,2858,561,784,518.16,26.342231303453445,-0.0065970706156804225,10.326869010925293,0.2,7830,0.0003,0.2857035994529724,0.065673828125,-0.754134220443666,0.0064764535,,
129.8228,1607680,2861,561,785,519.85,30.194453287124634,-0.010343035397818312,13.512795448303223,0.2,7840,0.0003,0.280677855014801,0.06787109375,-0.7270488277077675,0.0069867917,,
124.08539999999999,1609728,2864,561,786,506.12,27.66298338472843,-0.011740425039897672,20.349170684814453,0.2,7850,0.0003,0.2689576745033264,0.120361328125,-0.70515111181885,0.009918896,,
,1610000,,,,,49.82007696032524,-0.01266862609772943,14.344019889831543,0.2,7860,0.0003,0.19608283042907715,0.081103515625,-0.764938923344016,0.008006854,1423.4,270.168
119.60599999999997,1611776,2871,561,787,494.62,,,,,,,,,,,,
109.55859999999998,1613824,2873,561,788,465.93,29.15842469036579,-0.005116857311804779,9.437329292297363,0.2,7870,0.0003,0.32112962007522583,0.054443359375,-0.7399145001545548,0.006497099,,
113.86159999999998,1615872,2876,561,789,486.25,28.67332263290882,-0.00866486032900866,14.388195991516113,0.2,7880,0.0003,0.24058687686920166,0.068896484375,-0.7276758352294564,0.008341655,,
115.435,1617920,2879,561,790,492.75,16.970532439649105,-0.009488585375947878,8.29375171661377,0.2,7890,0.0003,0.2754368782043457,0.07431640625,-0.6730523947626352,0.0063302005,,
122.11239999999998,1619968,2882,561,791,514.59,28.109642133116722,-0.009002990630688146,19.3625545501709,0.2,7900,0.0003,0.1755104660987854,0.0568359375,-0.7198394425213337,0.0062360377,,
,1620000,,,,,27.164447513222694,-0.0062392828316660594,10.85095500946045,0.2,7910,0.0003,0.26597708463668823,0.05302734375,-0.7026521561667323,0.007236002,1187.0,130.608
121.4382,1622016,2888,561,792,513.23,,,,,,,,,,,,
121.96019999999999,1624064,2891,561,793,512.18,31.037968948483467,-0.00609577264112886,13.236445426940918,0.2,7920,0.0003,0.3008424639701843,0.0701171875,-0.7162365110591054,0.0069923657,,
123.47359999999998,1626112,2894,561,794,516.67,32.00841688811779,-0.01098473532765638,13.156327247619629,0.2,7930,0.0003,0.18079346418380737,0.11962890625,-0.70775758754462,0.011757524,,
125.08319999999999,1628160,2897,561,795,526.37,19.13527023792267,-0.008914106657903176,9.101241111755371,0.2,7940,0.0003,0.37274450063705444,0.10517578125,-0.673637711070478,0.009090805,,
,1630000,,,,,23.677137738466264,-0.0076850100391311574,17.5948543548584,0.2,7950,0.0003,0.30582964420318604,0.0681640625,-0.673733371682465,0.0077307,1382.6,537.5160000000001
127.4334,1630208,2904,561,796,539.12,,,,,,,,,,,,
131.136,1632256,2907,561,797,549.38,24.88824406862259,-0.007519646405125968,22.12247657775879,0.2,7960,0.0003,0.2632962465286255,0.072607421875,-0.702418677508831,0.008194323,,
129.5204,1634304,2910,561,798,544.99,23.474166294932367,-0.008936054218793288,7.731310844421387,0.2,7970,0.0003,0.270633339881897,0.07041015625,-0.6507592115551233,0.0077708494,,
137.5972,1636352,2913,561,799,567.0,17.574016311764716,-0.004264453327050432,10.564874649047852,0.2,7980,0.0003,0.34054696559906006,0.051708984375,-0.6414444217458367,0.0051864004,,
141.448,1638400,2915,561,800,579.87,20.138485145568847,-0.00856787288794294,6.603822231292725,0.2,7990,0.0003,0.32704293727874756,0.08017578125,-0.6385652827098965,0.009607851,,
,1640000,,,,,22.097410270571707,-0.005249183278647251,9.470507621765137,0.2,8000,0.0003,0.32759660482406616,0.07333984375,-0.6982245339080692,0.0069647394,2232.6,105.68800000000002
145.65800000000002,1640448,2925,560,801,584.8,,,,,,,,,,,,
148.16580000000002,1642496,2927,560,802,599.69,32.28045618534088,-0.006763502661488019,11.013367652893066,0.2,8010,0.0003,0.2634466886520386,0.066650390625,-0.6804863262921572,0.0059297625,,
146.6482,1644544,2930,561,803,590.4,21.85369538962841,-0.006418595732247923,16.972803115844727,0.2,8020,0.0003,0.4505128860473633,0.0720703125,-0.6995355729013681,0.0076739737,,
147.0568,1646592,2933,561,804,590.01,29.034897649288176,-0.005127040497609414,8.553422927856445,0.2,8030,0.0003,0.3294127583503723,0.0486328125,-0.7077874846756458,0.0042628534,,
146.66899999999998,1648640,2936,561,805,584.35,21.871957510709763,-0.008356165944132955,7.969175815582275,0.2,8040,0.0003,0.332283616065979,0.06669921875,-0.6726183135062456,0.0054056384,,
,1650000,,,,,25.565699675679205,-0.006396937981480733,21.808149337768555,0.2,8050,0.0003,0.25133007764816284,0.06796875,-0.6622029654681683,0.0071615186,1314.4,514.832
146.1982,1650688,2943,560,806,577.83,,,,,,,,,,,,
150.7976,1652736,2946,560,807,588.34,32.508946403861046,-0.009345623229455669,24.81786346435547,0.2,8060,0.0003,0.297929048538208,0.076513671875,-0.6764396026730537,0.0071440306,,
155.0092,1654784,2949,561,808,603.21,32.29267898797989,-0.008581966608471703,16.939722061157227,0.2,8070,0.0003,0.31953561305999756,0.06474609375,-0.6554377829656005,0.005697443,,
159.37260000000003,1656832,2951,561,809,615.5,19.544401901960374,-0.008394187557860278,8.322737693786621,0.2,8080,0.0003,0.38824188709259033,0.072021484375,-0.6901756133884192,0.008132631,,
156.3632,1658880,2954,561,810,600.64,23.081663313508034,-0.008962243917630985,16.872413635253906,0.2,8090,0.0003,0.2960776686668396,0.067822265625,-0.6892817057669163,0.0092466865,,
,1660000,,,,,45.73657223880291,-0.010000865880283528,22.27916145324707,0.2,8100,0.0003,0.19183826446533203,0.063330078125,-0.6772987231612205,0.006851762,2064.2,315.468
155.38660000000002,1660928,2963,560,811,594.36,,,,,,,,,,,,
153.42079999999999,1662976,2966,560,812,587.44,30.154481479525565,-0.00885570202372037,23.7357234954834,0.2,8110,0.0003,0.20075970888137817,0.09560546875,-0.6715087637305259,0.009818816,,
154.107,1665024,2969,560,813,593.21,29.842460760474204,-0.006482292713189963,14.362956047058105,0.2,8120,0.0003,0.2877347469329834,0.063916015625,-0.7120944652706385,0.0073582907,,
153.65779999999998,1667072,2972,560,814,595.63,24.84356931746006,-0.005295709383790381,6.438192367553711,0.2,8130,0.0003,0.26833516359329224,0.07509765625,-0.76921121571213,0.0070365276,,
154.1964,1669120,2975,561,815,603.77,22.273197701573373,-0.009952503023669124,10.560214042663574,0.2,8140,0.0003,0.26018011569976807,0.102587890625,-0.7758575456216932,0.011142183,,
,1670000,,,,,36.15450223386288,-0.011448293794092023,27.351484298706055,0.2,8150,0.0003,0.08916109800338745,0.06787109375,-0.8077155852690339,0.007427865,1464.2,251.31599999999997
153.38619999999997,1671168,2982,560,816,604.2,,,,,,,,,,,,
155.725,1673216,2984,560,817,612.51,32.794595670700076,-0.009574055692064576,17.716365814208984,0.2,8160,0.0003,0.14801102876663208,0.0814453125,-0.8015168871730566,0.008086956,,
149.96640000000002,1675264,2987,560,818,589.82,27.258791202306746,-0.011910605858429336,15.473289489746094,0.2,8170,0.0003,0.20107555389404297,0.10791015625,-0.7879585647955537,0.009522082,,
147.3904,1677312,2990,560,819,578.34,33.41030925214291,-0.010468900518026203,18.135934829711914,0.2,8180,0.0003,0.2002611756324768,0.07919921875,-0.7323886815458536,0.008172385,,
140.78979999999999,1679360,2993,561,820,552.66,30.06064581274986,-0.006318906288652215,9.98185920715332,0.2,8190,0.0003,0.15772604942321777,0.054052734375,-0.7217794835567475,0.0072005,,
,1680000,,,,,35.31877250671387,-0.009862794967193621,21.653350830078125,0.2,8200,0.0003,0.24726027250289917,0.077392578125,-0.7410548377782107,0.0076859714,1212.4,410.65999999999997
130.8402,1681408,2999,560,821,514.07,,,,,,,,,,,,
131.28599999999997,1683456,3002,560,822,516.83,35.47765028774738,-0.00985279469168745,11.148140907287598,0.2,8210,0.0003,0.2924233675003052,0.056787109375,-0.7461937492713332,0.0060347677,,
123.25200000000001,1685504,3005,560,823,492.68,21.121209532022476,-0.011127288307761773,7.2485480308532715,0.2,8220,0.0003,0.28119564056396484,0.100048828125,-0.7171329947188496,0.010337943,,
117.377,1687552,3007,561,824,480.82,29.284152820706367,-0.010931384340801742,19.173185348510742,0.2,8230,0.0003,0.13121628761291504,0.090087890625,-0.7750035438686609,0.008163943,,
109.0574,1689600,3010,561,825,455.92,32.40277656614781,-0.014154437527759,18.6865234375,0.2,8240,0.0003,0.2237061858177185,0.115576171875,-0.7453936584293842,0.010169317,,
,1690000,,,,,31.170486205816267,-0.00749828684492968,9.957776069641113,0.2,8250,0.0003,0.21550244092941284,0.049609375,-0.7907959030941129,0.008271974,882.0,254.94399999999996
103.07739999999998,1691648,3015,560,826,439.29,,,,,,,,,,,,
98.2446,1693696,3018,561,827,420.41,26.69213317334652,-0.008895469395793044,18.52783966064453,0.2,8260,0.0003,0.26238417625427246,0.09228515625,-0.766432274505496,0.00820344,,
93.95700000000001,1695744,3021,561,828,404.33,33.89131691455841,-0.010668587355758064,23.12809944152832,0.2,8270,0.0003,0.2644074559211731,0.062255859375,-0.6924378380179406,0.0072284723,,
94.68119999999999,1697792,3024,561,829,403.19,27.760956862568854,-0.009228741744300351,11.866809844970703,0.2,8280,0.0003,0.22594934701919556,0.069580078125,-0.6603555766865611,0.005771631,,
94.39560000000002,1699840,3027,561,830,402.44,28.917549860477447,-0.005581067128514405,11.021629333496094,0.2,8290,0.0003,0.3049675226211548,0.0419921875,-0.6682743240147829,0.0048498106,,
,1700000,,,,,21.196233648061753,-0.00784534751001047,9.769126892089844,0.2,8300,0.0003,0.3850216865539551,0.065771484375,-0.6784997357055544,0.0075389035,1401.8,587.2320000000001
97.5196,1701888,3034,560,831,411.57,,,,,,,,,,,,
97.64099999999999,1703936,3037,561,832,420.53,20.45112701058388,-0.006985507406352553,10.2443208694458,0.2,8310,0.0003,0.2439911961555481,0.06953125,-0.6594826567918062,0.008185984,,
100.6664,1705984,3039,561,833,429.58,26.35498785674572,-0.007089080449077301,16.517364501953125,0.2,8320,0.0003,0.20244050025939941,0.05166015625,-0.6853771783411503,0.005699577,,
102.2966,1708032,3042,561,834,433.24,22.377082604169846,-0.005788881244370714,6.95402193069458,0.2,8330,0.0003,0.31168997287750244,0.05830078125,-0.6782076066359878,0.0056939335,,
,1710000,,,,,17.541909427940844,-0.0056238518736790866,8.417706489562988,0.2,8340,0.0003,0.34439021348953247,0.07548828125,-0.6914355978369713,0.006905701,1091.4,399.052
99.67379999999999,1710080,3048,560,835,419.09,,,,,,,,,,,,
100.09459999999999,1712128,3051,561,836,418.09,34.88902725577354,-0.009280475330888294,9.828343391418457,0.2,8350,0.0003,0.2393782138824463,0.06357421875,-0.7151204295456409,0.0061145243,,
101.52459999999999,1714176,3054,561,837,421.74,27.077647376060487,-0.00929167443246115,9.746542930603027,0.2,8360,0.0003,0.2229142189025879,0.073193359375,-0.7347249871119856,0.008109353,,
102.63219999999997,1716224,3057,561,838,431.49,27.276323747634887,-0.012056675256462767,13.106058120727539,0.2,8370,0.0003,0.2614481449127197,0.102685546875,-0.7234725635498762,0.009740531,,
108.64179999999999,1718272,3059,561,839,451.65,20.64329151213169,-0.006808161654043942,8.880067825317383,0.2,8380,0.0003,0.3416788578033447,0.072509765625,-0.7302643913775683,0.0059039113,,
,1720000,,,,,16.784877163171767,-0.00546602594840806,7.747414588928223,0.2,8390,0.0003,0.3682400584220886,0.0763671875,-0.6626134529709816,0.009032872,1125.8,478.524
109.07639999999999,1720320,3065,561,840,449.96,,,,,,,,,,,,
115.35239999999997,1722368,3068,561,841,471.83,18.80383108854294,-0.007920199859654531,7.099535942077637,0.2,8400,0.0003,0.37953513860702515,0.103515625,-0.6631385186687112,0.0081856195,,
118.17379999999997,1724416,3071,561,842,481.06,25.93959215581417,-0.007746470315032639,12.249495506286621,0.2,8410,0.0003,0.25760525465011597,0.048388671875,-0.6425761828199029,0.0049515106,,
119.45159999999998,1726464,3074,561,843,487.31,33.01061656773091,-0.006857841458986514,13.685754776000977,0.2,8420,0.0003,0.274466872215271,0.066357421875,-0.6884410178288818,0.008901656,,
122.0328,1728512,3077,561,844,498.53,18.655563193559647,-0.008017737665795721,8.214604377746582,0.2,8430,0.0003,0.337421178817749,0.0943359375,-0.6793001513928175,0.006661332,,
,1730000,,,,,16.08700139373541,-0.0030467418517218904,5.784907341003418,0.2,8440,0.0003,0.32681143283843994,0.06630859375,-0.661418772302568,0.006175835,1613.2,566.972
125.96779999999998,1730560,3084,561,845,517.21,,,,,,,,,,,,
129.6946,1732608,3087,561,846,526.26,17.984396225214006,-0.005349802644923329,7.0290985107421875,0.2,8450,0.0003,0.35107243061065674,0.06416015625,-0.6578481774777174,0.0057725217,,
130.74519999999998,1734656,3090,561,847,528.84,46.52184175252914,-0.00866863708361052,18.02773666381836,0.2,8460,0.0003,0.21202963590621948,0.052783203125,-0.6565833825618028,0.0061169313,,
128.6386,1736704,3093,561,848,528.96,15.702720990777015,-0.004220778222952503,4.677119731903076,0.2,8470,0.0003,0.19716507196426392,0.056640625,-0.6440912405960262,0.0061190003,,
131.13320000000002,1738752,3096,561,849,534.49,26.34403575062752,-0.009911338234087453,6.896795272827148,0.2,8480,0.0003,0.3001852035522461,0.106396484375,-0.714372462593019,0.008999351,,
,1740000,,,,,19.703331062197684,-0.008134071590029634,7.215468406677246,0.2,8490,0.0003,0.3196346163749695,0.086474609375,-0.6569087309762836,0.011046354,1555.2,600.1960000000001
135.77700000000002,1740800,3103,560,850,552.8,,,,,,,,,,,,
134.18740000000003,1742848,3106,560,851,542.1,20.658482122421265,-0.006979313137708232,8.200359344482422,0.2,8500,0.0003,0.21452641487121582,0.078076171875,-0.6793195545673371,0.008046271,,
140.89520000000002,1744896,3109,561,852,557.41,31.345375764369965,-0.006626491984934546,14.430862426757812,0.2,8510,0.0003,0.2029321789741516,0.06884765625,-0.6787575747817755,0.0074075134,,
143.0514,1746944,3112,561,853,569.84,26.933465650677682,-0.00826028960000258,20.895483016967773,0.2,8520,0.0003,0.27207839488983154,0.10087890625,-0.7010305104777217,0.009667253,,
147.00959999999998,1748992,3115,561,854,587.36,30.426292046904564,-0.008743002876872196,18.445985794067383,0.2,8530,0.0003,0.2075272798538208,0.08974609375,-0.7463030239567161,0.007504948,,
,1750000,,,,,13.120276096463204,-0.007892818510299549,6.824072360992432,0.2,8540,0.0003,0.31673699617385864,0.10927734375,-0.7086768615990877,0.0070825494,1053.8,353.712
147.29319999999998,1751040,3121,560,855,583.2,,,,,,,,,,,,
149.555,1753088,3124,561,856,590.35,28.66830660700798,-0.010755121780675836,7.560572624206543,0.2,8550,0.0003,0.2412092685699463,0.09462890625,-0.6231584400869906,0.007366797,,
149.2866,1755136,3127,561,857,588.74,31.61746795475483,-0.007723866638843902,15.448277473449707,0.2,8560,0.0003,0.3011247515678406,0.04833984375,-0.6466686161234975,0.0063027823,,
149.3458,1757184,3130,561,858,590.79,27.159748250246047,-0.007541969418525696,11.214638710021973,0.2,8570,0.0003,0.2530566453933716,0.059375,-0.6607753995805978,0.0062143253,,
152.74480000000003,1759232,3133,561,859,601.2,36.01419033706188,-0.014881843482726254,18.427736282348633,0.2,8580,0.0003,0.2938026785850525,0.09345703125,-0.6694847999140621,0.0064851926,,
,1760000,,,,,34.09100355803967,-0.008869551157113164,8.197690963745117,0.2,8590,0.0003,0.2636420726776123,0.056201171875,-0.6618081836029888,0.006171367,962.6,395.616
149.0854,1761280,3138,561,860,588.78,,,,,,,,,,,,
150.3624,1763328,3141,561,861,590.06,35.35290898084641,-0.008105892286403104,10.43877124786377,0.2,8600,0.0003,0.368111252784729,0.063427734375,-0.6715654790401459,0.005410691,,
155.8432,1765376,3144,561,862,606.6,22.978079813718796,-0.011713762723957188,11.036933898925781,0.2,8610,0.0003,0.2557639479637146,0.09130859375,-0.6443013195879758,0.0077836784,,
152.64459999999997,1767424,3147,561,863,591.18,19.47058247923851,-0.003046271682251245,8.43028450012207,0.2,8620,0.0003,0.35375505685806274,0.054736328125,-0.6288310116156935,0.0059725433,,
154.20420000000001,1769472,3150,561,864,593.36,35.564938250184056,-0.007919361899257637,11.266535758972168,0.2,8630,0.0003,0.1837151050567627,0.076318359375,-0.6849156314507127,0.006648399,,
,1770000,,,,,28.563998427987098,-0.009151831497729291,19.63420295715332,0.2,8640,0.0003,0.32529622316360474,0.0541015625,-0.6739724831655621,0.0071728104,1399.8,148.396
157.81100000000004,1771520,3157,561,865,603.4,,,,,,,,,,,,
161.31799999999998,1773568,3159,561,866,613.42,39.48933659791946,-0.010078675198019482,27.52686309814453,0.2,8650,0.0003,0.3147030472755432,0.075439453125,-0.6747087286785245,0.007191901,,
166.6652,1775616,3162,561,867,626.62,23.30655743777752,-0.00854463390132878,6.892237186431885,0.2,8660,0.0003,0.15848231315612793,0.06904296875,-0.6493533674627543,0.008961774,,
169.23660000000004,1777664,3165,561,868,623.3,31.0865015655756,-0.006127740067313425,15.499326705932617,0.2,8670,0.0003,0.2924266457557678,0.050439453125,-0.6308738110587001,0.0057383785,,
164.99720000000002,1779712,3168,561,869,609.82,34.09879910945892,-0.010507362204953097,26.016368865966797,0.2,8680,0.0003,0.2428988218307495,0.10947265625,-0.59941202448681,0.008720465,,
,1780000,,,,,26.159124127030374,-0.006245145930733997,7.850225925445557,0.2,8690,0.0003,0.2646520137786865,0.056640625,-0.6477507995441556,0.0070009893,951.8,171.384
161.0382,1781760,3173,561,870,597.35,,,,,,,,,,,,
160.32220000000004,1783808,3176,561,871,598.08,31.576571696996687,-0.007661786233074963,8.792390823364258,0.2,8700,0.0003,0.24036502838134766,0.069384765625,-0.6853576662018895,0.007977516,,
155.36979999999997,1785856,3179,561,872,580.17,35.18950062096119,-0.008622699754778296,13.748448371887207,0.2,8710,0.0003,0.1603735089302063,0.0658203125,-0.6746035516262054,0.006571152,,
152.6932,1787904,3182,561,873,563.7,26.42381244003773,-0.008664474674151278,13.356937408447266,0.2,8720,0.0003,0.2997663617134094,0.078662109375,-0.7000588016584516,0.007629605,,
156.0058,1789952,3185,561,874,573.42,41.08385442495346,-0.007993641565553844,16.38509750366211,0.2,8730,0.0003,0.25155723094940186,0.067919921875,-0.6579331958666443,0.007860605,,
,1790000,,,,,22.23930417597294,-0.005379844873095863,10.395328521728516,0.2,8740,0.0003,0.35273051261901855,0.095751953125,-0.6933111106976867,0.015072921,1131.4,241.93999999999997
152.7196,1792000,3191,561,875,562.38,,,,,,,,,,,,
144.77519999999998,1794048,3194,561,876,533.75,42.506055465340616,-0.012380569195374846,15.839810371398926,0.2,8750,0.0003,0.22155249118804932,0.091650390625,-0.7091476615518332,0.0077103567,,
146.85219999999998,1796096,3197,561,877,545.13,38.0639733672142,-0.00774005016501178,22.379213333129883,0.2,8760,0.0003,0.19213378429412842,0.057568359375,-0.710709840245545,0.0074245334,,
141.87500000000003,1798144,3199,561,878,528.46,26.479158520698547,-0.00740298415767029,21.799985885620117,0.2,8770,0.0003,0.23657947778701782,0.06328125,-0.6945046057924629,0.0068602106,,
,1800000,,,,,27.557925015687943,-0.0087206383162993,9.637040138244629,0.2,8780,0.0003,0.2558462619781494,0.072314453125,-0.7000506049022078,0.007849257,1437.4,287.924
145.80620000000002,1800192,3206,561,879,542.32,,,,,,,,,,,,
142.4924,1802240,3209,561,880,522.64,26.44116542339325,-0.007840132889396046,13.27884292602539,0.2,8790,0.0003,0.3239057660102844,0.07177734375,-0.6930945899337531,0.006474809,,
145.3066,1804288,3212,561,881,532.23,37.51675867140293,-0.008295954979257659,14.656928062438965,0.2,8800,0.0003,0.26763325929641724,0.0728515625,-0.6932783626019955,0.0075081475,,
147.1926,1806336,3215,561,882,543.14,28.369666293263435,-0.011654406567686237,12.7072172164917,0.2,8810,0.0003,0.2649351954460144,0.09677734375,-0.6813900820910931,0.009291519,,
141.5302,1808384,3218,561,883,525.66,20.287465074658392,-0.00428977886622306,6.588518142700195,0.2,8820,0.0003,0.3758563995361328,0.0580078125,-0.7052477698773145,0.006649884,,
,1810000,,,,,39.243214258551596,-0.007311978453071788,21.164735794067383,0.2,8830,0.0003,0.2585397958755493,0.0671875,-0.6776959169656038,0.008180946,2529.6,215.98000000000002
143.1472,1810432,3228,560,884,534.99,,,,,,,,,,,,
138.714,1812480,3231,560,885,521.18,21.329333290457726,-0.011192660211236216,6.225435256958008,0.2,8840,0.0003,0.3124980926513672,0.087744140625,-0.6805796394124627,0.008836556,,
132.6088,1814528,3234,561,886,500.79,40.92627673745155,-0.010229522199369966,24.146793365478516,0.2,8850,0.0003,0.14748847484588623,0.075439453125,-0.6984069889411331,0.0074902987,,
132.5926,1816576,3237,561,887,501.6,35.717957800626756,-0.007765098512754776,12.907509803771973,0.2,8860,0.0003,0.21685051918029785,0.054052734375,-0.6957185516133905,0.0073036486,,
129.97600000000003,1818624,3239,561,888,492.15,28.141512498259544,-0.006436470977496356,9.937225341796875,0.2,8870,0.0003,0.26014798879623413,0.063427734375,-0.6790959572419524,0.0056923795,,
,1820000,,,,,31.240671327710153,-0.005947330233175308,14.108034133911133,0.2,8880,0.0003,0.2408924698829651,0.052978515625,-0.7252251533791423,0.0061633172,762.0,133.096
124.5074,1820672,3244,561,889,475.0,,,,,,,,,,,,
124.5626,1822720,3247,561,890,477.25,39.46918874979019,-0.011811255945940503,13.946355819702148,0.2,8890,0.0003,0.29103702306747437,0.114306640625,-0.7183594305068255,0.008940308,,
120.715,1824768,3250,561,891,479.25,26.725991621613503,-0.0076232903724303466,18.05980682373047,0.2,8900,0.0003,0.352722704410553,0.092626953125,-0.7030190968886018,0.011541596,,
114.5692,1826816,3253,561,892,460.89,26.368213647603987,-0.008449525997275487,19.08207893371582,0.2,8910,0.0003,0.18037855625152588,0.093701171875,-0.7420020569115877,0.0092582535,,
111.41640000000001,1828864,3256,561,893,453.2,26.36425736695528,-0.008798350096913054,11.41072940826416,0.2,8920,0.0003,0.19410187005996704,0.07490234375,-0.7281765772029758,0.005551217,,
,1830000,,,,,25.564038348197936,-0.010496222684741952,19.61760711669922,0.2,8930,0.0003,0.2606927752494812,0.098388671875,-0.7349756525829434,0.009674497,1423.0,526.6879999999999
111.16220000000001,1830912,3262,561,894,445.87,,,,,,,,,,,,
110.92880000000001,1832960,3265,561,895,452.53,40.456498897075654,-0.008818540975335054,14.094953536987305,0.2,8940,0.0003,0.2237885594367981,0.07509765625,-0.7167395999655127,0.0072861044,,
108.293,1835008,3268,561,896,449.05,23.46317349076271,-0.010529969244089443,5.636076927185059,0.2,8950,0.0003,0.18775159120559692,0.073388671875,-0.7511928597465157,0.0075418362,,
110.72040000000001,1837056,3271,561,897,457.94,21.165395903587342,-0.009542912075994536,5.980742931365967,0.2,8960,0.0003,0.24174535274505615,0.065673828125,-0.7269109429791569,0.008129578,,
110.836,1839104,3274,561,898,462.18,26.39664945602417,-0.00859883364464622,12.021787643432617,0.2,8970,0.0003,0.25566327571868896,0.06552734375,-0.703701899945736,0.004833098,,
,1840000,,,,,25.950231891870498,-0.010962240304797888,9.975728034973145,0.2,8980,0.0003,0.2474890947341919,0.1033203125,-0.7206077815964818,0.0081165265,1730.6,306.108
112.3852,1841152,3281,560,899,474.9,,,,,,,,,,,,
116.27239999999998,1843200,3284,561,900,485.95,13.967145252227784,-0.008191538215032778,4.699373245239258,0.2,8990,0.0003,0.4229145050048828,0.086572265625,-0.733724856376648,0.009859182,,
118.916,1845248,3287,561,901,494.05,32.639158049225806,-0.009757275632000528,17.879749298095703,0.2,9000,0.0003,0.33774763345718384,0.072509765625,-0.660994865745306,0.0061554853,,
119.62180000000001,1847296,3290,561,902,498.84,18.189384979009628,-0.008660799358040094,9.494477272033691,0.2,9010,0.0003,0.40604203939437866,0.09072265625,-0.7067816967144609,0.0080392845,,
125.79979999999999,1849344,3292,561,903,520.6,24.85447478592396,-0.009360608767019584,6.347291946411133,0.2,9020,0.0003,0.3685009479522705,0.096044921875,-0.6360871051438153,0.0066602314,,
,1850000,,,,,20.13170140683651,-0.007278311873960774,6.744295120239258,0.2,9030,0.0003,0.37019115686416626,0.06142578125,-0.6542783735319972,0.0065761744,1216.8,186.124
124.67819999999998,1851392,3299,561,904,511.55,,,,,,,,,,,,
125.26379999999999,1853440,3301,561,905,517.34,29.243371668457986,-0.008017890236806125,16.31218719482422,0.2,9040,0.0003,0.3036004304885864,0.07119140625,-0.6451377796009183,0.006166962,,
130.22760000000002,1855488,3304,561,906,534.68,15.779634130001067,-0.004677815304603428,6.9796037673950195,0.2,9050,0.0003,0.3038748502731323,0.072705078125,-0.6387435799464584,0.008264742,,
128.9458,1857536,3307,561,907,528.63,24.999734956026078,-0.007154716679360717,18.66788101196289,0.2,9060,0.0003,0.28480595350265503,0.0486328125,-0.5828831673599779,0.00633471,,
134.6664,1859584,3310,561,908,548.21,25.63208112716675,-0.010404315695632249,15.054372787475586,0.2,9070,0.0003,0.3116602301597595,0.071533203125,-0.5875060156919062,0.00797533,,
,1860000,,,,,16.08128828406334,-0.007003067297046073,6.656528949737549,0.2,9080,0.0003,0.3795487880706787,0.07353515625,-0.6132770398631692,0.007271515,2019.0,350.44
134.3646,1861632,3318,560,909,543.26,,,,,,,,,,,,
132.91899999999998,1863680,3321,561,910,535.38,28.464294853806496,-0.011346860954654403,11.544476509094238,0.2,9090,0.0003,0.2831352949142456,0.132861328125,-0.6226398777216673,0.009460426,,
132.9658,1865728,3324,561,911,538.05,27.677987897396086,-0.0043748152238549665,9.564786911010742,0.2,9100,0.0003,0.2627333402633667,0.0576171875,-0.6879972467198968,0.005768842,,
140.9694,1867776,3326,561,912,563.72,17.97161593735218,-0.00824013344827108,5.527771949768066,0.2,9110,0.0003,0.3957909941673279,0.07001953125,-0.6023206049576402,0.006735603,,
138.4968,1869824,3329,561,913,557.09,22.146479246020316,-0.00762617995205801,5.767670631408691,0.2,9120,0.0003,0.3257068991661072,0.098681640625,-0.662228548899293,0.009404855,,
,1870000,,,,,44.86377310156822,-0.011205037269974127,17.82402992248535,0.2,9130,0.0003,0.12534743547439575,0.077001953125,-0.6853330489248037,0.00798846,2056.8,572.1279999999999
134.639,1871872,3337,560,914,549.58,,,,,,,,,,,,
136.0558,1873920,3340,560,915,553.89,28.921131464838982,-0.010218595361220651,8.270519256591797,0.2,9140,0.0003,0.20380592346191406,0.0662109375,-0.688944105245173,0.007303468,,
139.2734,1875968,3343,561,916,563.35,33.34877172112465,-0.00587282553606201,11.868895530700684,0.2,9150,0.0003,0.2611544728279114,0.063134765625,-0.6737702894955874,0.006272882,,
138.1648,1878016,3345,561,917,558.66,22.85832784175873,-0.005227679936797358,7.5980401039123535,0.2,9160,0.0003,0.1899658441543579,0.06962890625,-0.6694647265598178,0.006576643,,
,1880000,,,,,31.824486061930656,-0.008799785359587985,11.71597671508789,0.2,9170,0.0003,0.24531853199005127,0.075146484375,-0.6822036180645228,0.008796556,852.4,299.624
136.1776,1880064,3350,561,918,552.81,,,,,,,,,,,,
138.21940000000004,1882112,3353,561,919,565.95,21.139445865154265,-0.01054145927191712,10.327853202819824,0.2,9180,0.0003,0.2426580786705017,0.088671875,-0.7009659633040428,0.009543461,,
140.50400000000002,1884160,3356,561,920,571.96,19.480362558364867,-0.0067356816667597744,6.4736223220825195,0.2,9190,0.0003,0.33525270223617554,0.0802734375,-0.7083040595054626,0.008475408,,
143.1646,1886208,3359,561,921,579.21,21.93393413722515,-0.005422362223907839,5.672689437866211,0.2,9200,0.0003,0.2408064603805542,0.058056640625,-0.6535835687071085,0.0052526374,,
148.3632,1888256,3361,561,922,599.84,21.026125413179397,-0.00637219734780956,6.9866485595703125,0.2,9210,0.0003,0.22835177183151245,0.079931640625,-0.682538141310215,0.008241892,,
,1890000,,,,,14.807263824343682,-0.0088496239943197,5.319136619567871,0.2,9220,0.0003,0.39792102575302124,0.086279296875,-0.6509566271677614,0.007119012,2154.6,449.93199999999996
149.0434,1890304,3370,560,923,600.9,,,,,,,,,,,,
151.2658,1892352,3372,561,924,610.02,22.861601102352143,-0.007901268263231032,7.131204605102539,0.2,9230,0.0003,0.35740017890930176,0.084130859375,-0.6506664486601949,0.009029425,,
157.8074,1894400,3375,561,925,628.63,27.328922015428542,-0.006637469009729102,13.20392894744873,0.2,9240,0.0003,0.278425395488739,0.054345703125,-0.6603496890515089,0.0072012125,,
157.1998,1896448,3378,561,926,618.93,24.280328774452208,-0.010079749120632187,11.267675399780273,0.2,9250,0.0003,0.41789209842681885,0.08818359375,-0.6179052166640758,0.0065421714,,
162.0858,1898496,3380,561,927,635.15,27.283825081586837,-0.007194948206597473,9.052107810974121,0.2,9260,0.0003,0.21342217922210693,0.079150390625,-0.5935221901163459,0.008062949,,
,1900000,,,,,20.340505787730216,-0.006699993027723394,5.887710094451904,0.2,9270,0.0003,0.2558401823043823,0.06806640625,-0.6059431244619191,0.005172268,1396.2,509.18799999999993
162.9466,1900544,3387,561,928,632.19,,,,,,,,,,,,
168.04919999999998,1902592,3390,561,929,647.6,24.51408072113991,-0.0073704329086467625,13.780512809753418,0.2,9280,0.0003,0.24767953157424927,0.089111328125,-0.5847320447675883,0.0060904566,,
170.485,1904640,3393,561,930,656.07,24.40960956811905,-0.004779397044330835,11.497895240783691,0.2,9290,0.0003,0.26790356636047363,0.066357421875,-0.6280623031780124,0.006857971,,
169.97240000000002,1906688,3395,561,931,646.63,15.722672370076179,-0.007277792788227089,7.000482559204102,0.2,9300,0.0003,0.3484257459640503,0.0779296875,-0.6625968316569925,0.009213544,,
170.7358,1908736,3398,561,932,648.54,26.488117644190787,-0.008352828727220185,16.569326400756836,0.2,9310,0.0003,0.25001049041748047,0.07529296875,-0.5978504620492459,0.0065137967,,
,1910000,,,,,22.30357695519924,-0.005963376857107505,18.587051391601562,0.2,9320,0.0003,0.2890833616256714,0.073095703125,-0.5989414575509727,0.006356802,1404.8,537.072
173.8938,1910784,3405,561,933,650.96,,,,,,,,,,,,
172.15959999999998,1912832,3407,561,934,647.49,22.929031303524972,-0.004447043107938952,8.793577194213867,0.2,9330,0.0003,0.39078861474990845,0.05166015625,-0.6311081579886377,0.0065701846,,
171.1852,1914880,3410,561,935,641.1,27.615550979971886,-0.007853414205601438,9.430831909179688,0.2,9340,0.0003,0.34534597396850586,0.080615234375,-0.6419962449930608,0.009410724,,
167.8466,1916928,3413,561,936,627.67,22.254784020781518,-0.006900469455285929,11.888789176940918,0.2,9350,0.0003,0.3347693681716919,0.087255859375,-0.6041189923882484,0.006261263,,
167.6818,1918976,3416,561,937,630.9,30.623227071762084,-0.00966651809285395,7.376652717590332,0.2,9360,0.0003,0.2649838328361511,0.076318359375,-0.6438136888667941,0.0074818055,,
,1920000,,,,,35.381803223490714,-0.0076086440531071275,15.965487480163574,0.2,9370,0.0003,0.3312860131263733,0.061279296875,-0.6554532730951905,0.0053383186,1176.0,429.424
160.87779999999998,1921024,3421,561,938,605.37,,,,,,,,,,,,
161.6714,1923072,3424,561,939,610.78,34.832970118522645,-0.005818265464040451,19.242355346679688,0.2,9380,0.0003,0.2862693667411804,0.072265625,-0.6665429525077343,0.009943843,,
163.9504,1925120,3427,561,940,617.07,27.641248178482055,-0.007992041390389204,11.729782104492188,0.2,9390,0.0003,0.2826812267303467,0.084912109375,-0.6566947989165783,0.007107798,,
171.10940000000002,1927168,3430,561,941,639.88,24.33834832906723,-0.009080515478854068,14.894953727722168,0.2,9400,0.0003,0.22996360063552856,0.07998046875,-0.6259798377752304,0.0060628615,,
163.412,1929216,3432,561,942,613.93,23.22532952129841,-0.007376159964769613,8.754508018493652,0.2,9410,0.0003,0.3756672143936157,0.100634765625,-0.6736079974099993,0.014981659,,
,1930000,,,,,33.88074393868446,-0.012779724369465839,25.252971649169922,0.2,9420,0.0003,0.2806087136268616,0.092626953125,-0.6679425230249763,0.0068445443,1463.2,519.872
166.8096,1931264,3439,561,943,624.41,,,,,,,,,,,,
170.09960000000004,1933312,3442,561,944,640.27,21.451063334941864,-0.006729894908494316,7.050956726074219,0.2,9430,0.0003,0.3065025210380554,0.067626953125,-0.6913166334852576,0.0073789377,,
173.36560000000006,1935360,3445,561,945,652.32,18.104276166856287,-0.01110024683875963,5.515356540679932,0.2,9440,0.0003,0.2921198010444641,0.097509765625,-0.6814583145081997,0.009122562,,
176.59799999999998,1937408,3448,561,946,661.04,25.667144706845285,-0.0076822790142614394,5.704516410827637,0.2,9450,0.0003,0.2646235227584839,0.061181640625,-0.6671919766813517,0.006721681,,
181.1814,1939456,3451,561,947,677.36,32.82852757275104,-0.011722179123898968,11.138092994689941,0.2,9460,0.0003,0.25089484453201294,0.102099609375,-0.6614959508180618,0.008929436,,
,1940000,,,,,17.68995307981968,-0.007642718785791658,8.174088478088379,0.2,9470,0.0003,0.3565385341644287,0.0896484375,-0.645198336802423,0.0068955626,1093.2,421.05999999999995
181.9082,1941504,3457,561,948,681.1,,,,,,,,,,,,
183.02699999999996,1943552,3459,561,949,685.28,32.586280551552775,-0.0093216561304871,22.189781188964844,0.2,9480,0.0003,0.2999882698059082,0.058154296875,-0.6562096768058836,0.00511562,,
182.2816,1945600,3462,561,950,687.48,28.433799660205842,-0.009197940569720231,12.538113594055176,0.2,9490,0.0003,0.22863531112670898,0.104638671875,-0.6600684588775039,0.009660002,,
181.62040000000002,1947648,3465,562,951,685.47,31.376630121469496,-0.008775076104211622,7.9682135581970215,0.2,9500,0.0003,0.14939618110656738,0.093896484375,-0.7227098261937499,0.01051458,,
186.47359999999998,1949696,3468,562,952,703.33,22.227196916937828,-0.006974950770381838,14.842275619506836,0.2,9510,0.0003,0.24534189701080322,0.099267578125,-0.7427076186984778,0.008549148,,
,1950000,,,,,22.652049294114114,-0.010153059422736987,15.433684349060059,0.2,9520,0.0003,0.34918445348739624,0.0857421875,-0.6906020075082779,0.008696127,1503.8,134.29199999999997
184.84879999999998,1951744,3475,561,953,689.38,,,,,,,,,,,,
191.95120000000003,1953792,3478,561,954,710.01,26.084412944316863,-0.007694643575814552,6.078522205352783,0.2,9530,0.0003,0.24528324604034424,0.06533203125,-0.6677571050822735,0.0049690683,,
186.31960000000004,1955840,3481,561,955,685.98,18.117289616167547,-0.00864496860303916,9.40257453918457,0.2,9540,0.0003,0.41376417875289917,0.08671875,-0.636172450799495,0.0067095803,,
190.60999999999996,1957888,3484,561,956,696.91,29.85376143157482,-0.008535289816791192,5.461844444274902,0.2,9550,0.0003,0.23755449056625366,0.0673828125,-0.6014266488142311,0.005764626,,
192.42680000000001,1959936,3486,562,957,701.26,22.175745466351508,-0.010900700793717988,9.072372436523438,0.2,9560,0.0003,0.34326857328414917,0.08603515625,-0.6552162531763315,0.008753032,,
,1960000,,,,,25.306378212571143,-0.00997034456813708,15.82190227508545,0.2,9570,0.0003,0.3034858703613281,0.078759765625,-0.6321714051067829,0.0060893837,1558.8,257.43999999999994
187.35280000000003,1961984,3494,561,958,679.41,,,,,,,,,,,,
189.15000000000003,1964032,3496,561,959,679.73,43.61088757514953,-0.011139880817790982,18.5843505859375,0.2,9580,0.0003,0.2787722945213318,0.078857421875,-0.5951519285328686,0.009507376,,
189.06840000000003,1966080,3499,561,960,678.8,30.51148855984211,-0.008343817399872933,19.619014739990234,0.2,9590,0.0003,0.22794276475906372,0.059423828125,-0.6236151572316885,0.0064926464,,
186.59039999999996,1968128,3502,561,961,672.44,20.988794866204262,-0.00872070750920102,10.31794548034668,0.2,9600,0.0003,0.36336982250213623,0.0970703125,-0.6730597453191877,0.009700954,,
,1970000,,,,,36.490378788113595,-0.009793883335078135,16.250829696655273,0.2,9610,0.0003,0.2619670629501343,0.070361328125,-0.6163200579583645,0.007983906,2500.6,310.748
183.0416,1970176,3512,560,962,659.5,,,,,,,,,,,,
183.3034,1972224,3515,561,963,656.43,28.587605372071266,-0.009339887218084186,6.231360912322998,0.2,9620,0.0003,0.3414761424064636,0.06953125,-0.6472411900758743,0.0067910175,,
181.37279999999998,1974272,3517,561,964,652.76,32.69564586281776,-0.00847796939779073,23.41421890258789,0.2,9630,0.0003,0.2609044909477234,0.08466796875,-0.6562912190333009,0.00527453,,
176.78719999999998,1976320,3520,561,965,641.56,35.11415002048015,-0.0070616884418996054,14.17251205444336,0.2,9640,0.0003,0.17040354013442993,0.0822265625,-0.6687293463386595,0.006830044,,
171.3716,1978368,3523,561,966,621.76,27.498812556266785,-0.008747949797543697,12.620219230651855,0.2,9650,0.0003,0.24342793226242065,0.084619140625,-0.6774964669719339,0.0072281295,,
,1980000,,,,,35.45349907577038,-0.009273449055035599,25.91891098022461,0.2,9660,0.0003,0.2079368233680725,0.068798828125,-0.6485580660402774,0.005790563,1410.4,350.58799999999997
171.68120000000002,1980416,3530,561,967,621.31,,,,,,,,,,,,
179.1774,1982464,3532,561,968,647.3,26.608464595675468,-0.007644110600813292,12.936882972717285,0.2,9670,0.0003,0.2965572476387024,0.055615234375,-0.613994403462857,0.0061511802,,
179.45720000000006,1984512,3535,561,969,648.34,18.427664399147034,-0.008173471095506101,8.805008888244629,0.2,9680,0.0003,0.44521182775497437,0.08115234375,-0.6501952638849616,0.007102193,,
176.3832,1986560,3538,561,970,636.71,29.02684133052826,-0.009633111940638628,12.618095397949219,0.2,9690,0.0003,0.2923457622528076,0.0603515625,-0.6442484902217984,0.0068848366,,
176.72220000000004,1988608,3541,561,971,644.81,27.672007915377616,-0.00912339618516853,10.15402889251709,0.2,9700,0.0003,0.20277190208435059,0.1087890625,-0.6711146699264645,0.011500404,,
,1990000,,,,,21.741214028000833,-0.007777483004610985,11.069445610046387,0.2,9710,0.0003,0.43037712574005127,0.0845703125,-0.703960763849318,0.008637199,2852.4,341.788
169.5614,1990656,3551,560,972,622.09,,,,,,,,,,,,
163.0094,1992704,3554,560,973,588.97,32.15378186404705,-0.006128671046462841,15.120944023132324,0.2,9720,0.0003,0.3331397771835327,0.04814453125,-0.67590293250978,0.0054951385,,
149.47840000000002,1994752,3557,560,974,544.08,44.20520173311233,-0.00846239935781341,25.816818237304688,0.2,9730,0.0003,0.19991916418075562,0.070361328125,-0.6583126960322261,0.008144837,,
153.30799999999996,1996800,3559,560,975,547.99,46.608112561702725,-0.011108330555725843,25.094608306884766,0.2,9740,0.0003,0.1414322853088379,0.09951171875,-0.6500456139445305,0.0080989245,,
148.66719999999998,1998848,3562,561,976,529.53,28.179226776957513,-0.009533032804029062,15.333377838134766,0.2,9750,0.0003,0.281450092792511,0.07822265625,-0.6288499287329614,0.0077112247,,
,2000000,,,,,44.30101765692234,-0.008354834927013144,16.198949813842773,0.2,9760,0.0003,0.19656425714492798,0.089453125,-0.6537310626357794,0.0073640887,1054.4,437.86800000000005
143.2848,2000896,3568,560,977,503.06,,,,,,,,,,,,
