rollout/ep_rew_mean,time/fps,rollout/ep_len_mean,time/time_elapsed,time/total_timesteps,time/iterations,train/learning_rate,train/explained_variance,train/clip_range,train/n_updates,train/loss,train/approx_kl,train/clip_fraction,train/policy_gradient_loss,train/entropy_loss,train/value_loss,eval/mean_ep_length,eval/mean_reward
-9.356129032258064,959,65.7741935483871,2,2048,1,,,,,,,,,,,,
-10.000338983050845,797,68.94915254237289,5,4096,2,0.0003,-0.0036933422088623047,0.2,10,3.8718957901000977,0.010078537,0.0626953125,-0.011093433998757974,-1.0917571261525154,8.7285865098238,,
-10.116444444444445,759,68.05555555555556,8,6144,3,0.0003,0.2799389958381653,0.2,20,2.1278903484344482,0.010238392,0.07216796875,-0.010366913542384282,-1.0866638273000717,4.31788383051753,,
-10.188600000000001,736,70.55,11,8192,4,0.0003,0.37942999601364136,0.2,30,1.5891200304031372,0.0101754535,0.091064453125,-0.012768360340851359,-1.0687998685985804,3.669063476845622,,
,,,,10000,,0.0003,0.44587260484695435,0.2,40,0.7568007707595825,0.0100670755,0.080419921875,-0.00959289045422338,-1.069937103241682,2.589692221954465,301.0,-16.0
-10.249,682,68.56,15,10240,5,,,,,,,,,,,,
-9.767599999999998,680,69.54,18,12288,6,0.0003,0.3694576621055603,0.2,50,1.2607372999191284,0.008631268,0.040380859375,-0.007404389593284577,-1.056170780211687,3.6139070302248,,
-10.213399999999998,680,76.8,21,14336,7,0.0003,0.3715021014213562,0.2,60,1.465295433998108,0.010243801,0.092919921875,-0.009384707390563563,-1.0677122216671706,3.5635697040706873,,
-10.125399999999999,679,82.42,24,16384,8,0.0003,0.4114748239517212,0.2,70,0.7024290561676025,0.007619545,0.039599609375,-0.006883245188510046,-1.063615906238556,1.2765668412670492,,
-10.5852,681,85.37,27,18432,9,0.0003,0.3526458740234375,0.2,80,0.5619343519210815,0.008002933,0.06640625,-0.009795973301515914,-1.043364818766713,2.5784310491755607,,
,,,,20000,,0.0003,0.19212418794631958,0.2,90,0.5552647113800049,0.013055618,0.14501953125,-0.01997473028895911,-1.01703030616045,1.3514602415263652,301.0,-16.0
-11.098600000000001,661,96.01,30,20480,10,,,,,,,,,,,,
-11.046599999999996,662,108.44,34,22528,11,0.0003,0.3744550943374634,0.2,100,1.3451682329177856,0.008546019,0.0958984375,-0.011989227548474446,-1.0364673383533956,1.2975356008857488,,
-11.2316,663,122.7,37,24576,12,0.0003,0.1501220464706421,0.2,110,0.9466188549995422,0.010735149,0.073974609375,-0.011001251226116438,-1.026808805577457,2.6194662055000664,,
-11.2972,665,136.0,39,26624,13,0.0003,0.24793249368667603,0.2,120,0.9511284232139587,0.008119689,0.084619140625,-0.012076036917278543,-0.9894836166873574,1.0311417021788656,,
-11.34,665,148.16,43,28672,14,0.0003,0.2239549160003662,0.2,130,0.30773261189460754,0.006532928,0.066943359375,-0.006092388230899815,-0.9716847529634833,1.3645407694391907,,
,,,,30000,,0.0003,0.27606749534606934,0.2,140,0.3639591932296753,0.007064471,0.07744140625,-0.007384717043896672,-1.0067705826833844,1.2584711897652596,342.2,-12.815999999999999
-11.551999999999998,652,163.77,47,30720,15,,,,,,,,,,,,
-11.549799999999998,655,173.68,49,32768,16,0.0003,0.2062011957168579,0.2,150,1.3865725994110107,0.007706313,0.094775390625,-0.005958284295047633,-0.9971449622884393,1.2387901170179247,,
-11.659,657,184.15,52,34816,17,0.0003,0.20285260677337646,0.2,160,0.7261794805526733,0.008210632,0.079736328125,-0.012504670037014876,-0.9723184695467353,2.305114226229489,,
-11.419800000000002,658,197.24,55,36864,18,0.0003,0.11199623346328735,0.2,170,0.3451087474822998,0.0077390345,0.08046875,-0.009551604751322884,-0.9590507009997964,2.3742767189629377,,
-11.444599999999998,658,213.51,59,38912,19,0.0003,0.2939029335975647,0.2,180,1.574894666671753,0.0068427827,0.05966796875,-0.006318117490445729,-1.00622330699116,2.5523452401161193,,
,,,,40000,,0.0003,-0.09286320209503174,0.2,190,0.7815330028533936,0.010644235,0.116357421875,-0.007266597668058239,-1.0169637337327004,2.3855036729946733,301.0,-16.0
-11.288,651,225.72,62,40960,20,,,,,,,,,,,,
-11.3666,653,239.67,65,43008,21,0.0003,0.14178448915481567,0.2,200,1.7776618003845215,0.0075172437,0.064404296875,-0.005941764255112503,-1.0069132080301642,2.4470277067273853,,
-11.363400000000002,654,249.53,68,45056,22,0.0003,-0.1388036012649536,0.2,210,0.47055584192276,0.008043601,0.09765625,-0.0054795321397250515,-1.0138357566669582,1.9954495511949062,,
-11.386400000000002,656,260.7,71,47104,23,0.0003,0.06703692674636841,0.2,220,0.4653955101966858,0.00892834,0.065087890625,-0.0061410353941028,-1.0114319436252117,2.3351679923944175,,
-11.203800000000003,657,266.6,74,49152,24,0.0003,0.07617378234863281,0.2,230,0.7981275320053101,0.011415393,0.16240234375,-0.012200530206609984,-0.9966474957764149,3.0498431736603377,,
,,,,50000,,0.0003,0.0728406310081482,0.2,240,0.9146773815155029,0.011371905,0.103759765625,-0.008727446012198926,-1.0246996980160474,2.933030609600246,301.0,-16.0
-10.6184,650,267.39,78,51200,25,,,,,,,,,,,,
-10.417,651,272.35,81,53248,26,0.0003,0.07802122831344604,0.2,250,2.2920455932617188,0.0075365016,0.072265625,-0.010241283316281624,-1.017180224508047,3.199462271295488,,
-10.1858,652,270.81,84,55296,27,0.0003,0.22216224670410156,0.2,260,0.8229365348815918,0.008805232,0.088623046875,-0.009456021033111028,-1.0299516258761288,3.397083588130772,,
-9.877199999999998,653,270.41,87,57344,28,0.0003,0.08565545082092285,0.2,270,0.40905705094337463,0.00921865,0.11650390625,-0.010139589765458368,-1.0199118020012974,3.3788613056764008,,
-10.2502,654,274.03,90,59392,29,0.0003,0.042413175106048584,0.2,280,0.6446881294250488,0.006601588,0.064404296875,-0.006694457927369513,-1.0025750312954187,3.7788685547187923,,
,,,,60000,,0.0003,-0.17284893989562988,0.2,290,0.59048992395401,0.008826561,0.09169921875,-0.005062450526747852,-0.9703588657081127,1.538239739369601,301.0,-16.0
-10.1668,650,279.88,94,61440,30,,,,,,,,,,,,
-9.904599999999999,652,276.79,97,63488,31,0.0003,0.16482383012771606,0.2,300,1.078843355178833,0.009591797,0.07607421875,-0.010243263532174751,-0.9959361799061298,2.458198307454586,,
-9.348400000000002,654,279.04,100,65536,32,0.0003,0.0524212121963501,0.2,310,2.266486883163452,0.00605613,0.060107421875,-0.007314930460415781,-0.9982620434835553,3.8486934464424847,,
-9.3572,655,269.46,103,67584,33,0.0003,0.15599948167800903,0.2,320,2.1141016483306885,0.009919664,0.101025390625,-0.009719727345509455,-1.0144696816802026,5.160195607692003,,
-8.2158,656,267.5,105,69632,34,0.0003,0.17430168390274048,0.2,330,0.9381834864616394,0.007994201,0.090771484375,-0.010011691099498421,-1.0182790404185653,3.0611563991755246,,
,,,,70000,,0.0003,0.16371291875839233,0.2,340,2.5123417377471924,0.0062586274,0.038671875,-0.006472634099191054,-1.0116317769512535,5.304197499901056,273.8,-9.443999999999999
-7.9144,653,272.47,109,71680,35,,,,,,,,,,,,
-7.888400000000001,653,271.17,112,73728,36,0.0003,0.14188188314437866,0.2,350,1.1240696907043457,0.010838356,0.14384765625,-0.008816467151336837,-1.0177647748962044,2.7237024653702973,,
-8.1922,655,261.31,115,75776,37,0.0003,0.047946274280548096,0.2,360,1.3837175369262695,0.0082272375,0.05810546875,-0.0077526248438516635,-0.9989551723003387,3.4020662205293775,,
-8.5144,656,267.4,118,77824,38,0.0003,-0.06970632076263428,0.2,370,1.4610861539840698,0.007113359,0.07314453125,-0.006457621083245613,-0.9781100386753678,2.825495347008109,,
-8.736,657,273.47,121,79872,39,0.0003,0.1169080138206482,0.2,380,2.048192024230957,0.008722788,0.0828125,-0.0065881158952834085,-0.9961855979636312,3.31207101624459,,
,,,,80000,,0.0003,0.09942764043807983,0.2,390,0.459028035402298,0.00893916,0.10439453125,-0.00835296693694545,-1.0096274077892304,2.432894654944539,348.6,-12.943999999999999
-8.088000000000001,653,271.13,125,81920,40,,,,,,,,,,,,
-7.589999999999999,654,261.26,128,83968,41,0.0003,0.17761504650115967,0.2,400,2.1491713523864746,0.010542881,0.100537109375,-0.009224936692044139,-1.0003109453245997,4.716304578259587,,
-7.265,655,260.04,131,86016,42,0.0003,0.19143766164779663,0.2,410,2.7151708602905273,0.009441042,0.1107421875,-0.014853098790626972,-1.016455644927919,4.50930896550417,,
-6.903200000000001,656,251.97,134,88064,43,0.0003,0.20096975564956665,0.2,420,2.0706260204315186,0.008215006,0.08056640625,-0.008605089061893523,-1.0084674146026373,3.034521489404142,,
,,,,90000,,0.0003,0.03327929973602295,0.2,430,2.513317108154297,0.010150478,0.12265625,-0.013672196463448926,-1.0099579399451613,4.042540216073394,206.2,3.932000000000001
-6.8416,654,258.91,137,90112,44,,,,,,,,,,,,
-6.617799999999999,655,262.75,140,92160,45,0.0003,0.09038561582565308,0.2,440,0.9020928144454956,0.008763239,0.106591796875,-0.00917036695900606,-1.0237272253260017,2.954859856516123,,
-6.4014,656,266.96,143,94208,46,0.0003,0.15557140111923218,0.2,450,3.1139707565307617,0.0072234506,0.05654296875,-0.006563001514587085,-1.013507319241762,4.090483878180384,,
-7.038800000000001,657,268.77,146,96256,47,0.0003,0.11659383773803711,0.2,460,1.6711395978927612,0.010670079,0.116650390625,-0.011494669513194822,-1.030893585830927,3.7954528724774717,,
-6.4078,658,257.26,149,98304,48,0.0003,0.12239933013916016,0.2,470,1.4902046918869019,0.008831702,0.111962890625,-0.009726975893136114,-1.0403545420616864,3.576445798575878,,
,,,,100000,,0.0003,0.09485989809036255,0.2,480,3.3887288570404053,0.008718657,0.106005859375,-0.012099862705508713,-1.037399361655116,5.705274471640587,253.4,0.984
-5.1288,655,258.44,153,100352,49,,,,,,,,,,,,
-4.7126,655,262.68,156,102400,50,0.0003,0.1886293888092041,0.2,490,2.1855437755584717,0.00454005,0.039111328125,-0.006819019460817799,-1.0107463819906115,7.454522988200187,,
-4.6036,656,267.25,159,104448,51,0.0003,0.14964771270751953,0.2,500,2.6863200664520264,0.008580959,0.059619140625,-0.0072267538009327835,-1.0222613129764795,5.133998933434486,,
-3.7096,657,257.62,162,106496,52,0.0003,0.04404592514038086,0.2,510,2.6806111335754395,0.01023346,0.121923828125,-0.007900798093760385,-1.0214686524122953,2.996706482581794,,
-4.150799999999999,658,259.64,164,108544,53,0.0003,0.10745847225189209,0.2,520,1.7009745836257935,0.00915305,0.104931640625,-0.012674509271164425,-1.0059891238808631,7.1549424938857555,,
,,,,110000,,0.0003,0.17289209365844727,0.2,530,1.5628225803375244,0.008077829,0.075146484375,-0.008002014667727052,-1.0163242604583502,2.947586756013334,416.0,-8.28
-4.3072,654,267.46,168,110592,54,,,,,,,,,,,,
-3.9864000000000006,655,276.47,171,112640,55,0.0003,0.058622896671295166,0.2,540,2.4502995014190674,0.0116213,0.12041015625,-0.008064015660784208,-1.0170062527060508,3.0946452781558036,,
-4.0974,655,272.0,174,114688,56,0.0003,0.16632014513015747,0.2,550,0.7866842746734619,0.008453547,0.099267578125,-0.008682716707699,-1.00661183539778,3.4178317062556745,,
-3.7794,656,276.14,177,116736,57,0.0003,0.13159453868865967,0.2,560,1.50322687625885,0.006580784,0.04453125,-0.005231485488184262,-0.9932623254135251,5.398265877738595,,
-3.971,657,280.71,180,118784,58,0.0003,0.22865235805511475,0.2,570,1.2135381698608398,0.009065026,0.1064453125,-0.010415526924771257,-1.008387822471559,4.405110579356551,,
,,,,120000,,0.0003,0.1600753664970398,0.2,580,1.0710805654525757,0.009483446,0.068017578125,-0.008450673075276426,-0.9811759248375893,4.934098237752915,286.8,-9.703999999999999
-4.098400000000001,655,282.07,184,120832,59,,,,,,,,,,,,
-3.9614,655,280.23,187,122880,60,0.0003,0.07404327392578125,0.2,590,1.9978042840957642,0.007785649,0.06591796875,-0.006580953978118487,-0.9809411071240902,4.844233945384621,,
-4.1042000000000005,656,282.36,190,124928,61,0.0003,0.19218754768371582,0.2,600,2.9970524311065674,0.010410686,0.0943359375,-0.007087598671205342,-0.9926105296239257,5.660534433647991,,
-4.2410000000000005,657,294.21,193,126976,62,0.0003,0.199212908744812,0.2,610,1.1882107257843018,0.009012893,0.08173828125,-0.008105630436330103,-0.999813093058765,4.436066755838692,,
-4.9164,658,297.92,196,129024,63,0.0003,0.05340230464935303,0.2,620,2.8661766052246094,0.011315813,0.11005859375,-0.008624752159812487,-1.0010994078591466,3.9031386718153955,,
,,,,130000,,0.0003,0.18673741817474365,0.2,630,3.2493197917938232,0.0061674314,0.05966796875,-0.006627852271776646,-0.9937233220785856,5.89323198646307,491.6,-5.784000000000001
-5.070200000000001,653,290.58,200,131072,64,,,,,,,,,,,,
-4.962799999999999,654,285.21,203,133120,65,0.0003,0.15925085544586182,0.2,640,2.3797404766082764,0.0072313705,0.106201171875,-0.010993336990941316,-0.9965557381510735,4.754664790630341,,
-5.1684,655,290.48,206,135168,66,0.0003,0.11766314506530762,0.2,650,1.5266544818878174,0.0061686253,0.049365234375,-0.00949875819933368,-0.9890687242150307,5.231994854658842,,
-5.7418000000000005,655,294.1,209,137216,67,0.0003,0.08525407314300537,0.2,660,1.8773260116577148,0.006086201,0.048486328125,-0.006113119622750673,-0.9925521893426776,4.704311486706137,,
-4.972600000000001,655,285.7,212,139264,68,0.0003,0.09666365385055542,0.2,670,1.6481847763061523,0.009749015,0.134375,-0.011541299600503407,-0.9961645400151611,2.7720478417351844,,
,,,,140000,,0.0003,0.16887015104293823,0.2,680,1.7058008909225464,0.0076455385,0.09638671875,-0.012149850712739862,-0.9921784464269876,7.1578109953552485,543.6,-4.819999999999999
-5.004999999999999,651,282.31,216,141312,69,,,,,,,,,,,,
-4.8144,652,292.82,219,143360,70,0.0003,0.18248724937438965,0.2,690,1.2380236387252808,0.008033331,0.10419921875,-0.007713174790842459,-1.0056924695149063,3.7713649209588764,,
-3.6889999999999996,652,266.61,222,145408,71,0.0003,0.1885787844657898,0.2,700,2.4960033893585205,0.010906992,0.089453125,-0.00802615640568547,-0.9924360668286681,4.571239357627928,,
-3.9177999999999997,652,258.01,225,147456,72,0.0003,0.1911858320236206,0.2,710,7.033849716186523,0.009283751,0.085009765625,-0.008630304700636771,-0.9887308979406952,11.049066697061061,,
-2.8310000000000004,653,253.77,228,149504,73,0.0003,0.12542736530303955,0.2,720,0.8592879772186279,0.00875981,0.115185546875,-0.0103810627682833,-1.0069315766915679,3.5168451141566037,,
,,,,150000,,0.0003,0.20460832118988037,0.2,730,3.9422242641448975,0.007304631,0.062744140625,-0.009160919893474784,-0.9947692021727562,7.587854065001011,336.6,-0.6799999999999994
-2.7547999999999995,651,244.95,232,151552,74,,,,,,,,,,,,
-2.5418000000000003,651,244.32,235,153600,75,0.0003,0.17064785957336426,0.2,740,3.1273083686828613,0.0072630662,0.093603515625,-0.010350297194963786,-1.0010951723903418,6.656542015820742,,
-2.906999999999999,652,247.55,238,155648,76,0.0003,0.10418093204498291,0.2,750,1.581447720527649,0.009909837,0.116064453125,-0.01053875331999734,-0.9922663759440183,4.707980902493,,
-2.563799999999999,653,250.43,241,157696,77,0.0003,0.13242387771606445,0.2,760,1.7900344133377075,0.011512287,0.11279296875,-0.010464528165175579,-1.0159846853464842,5.5300607338547705,,
-1.9018000000000002,653,247.39,244,159744,78,0.0003,0.1425701379776001,0.2,770,3.14107608795166,0.009255573,0.097314453125,-0.009424011409282684,-1.0000277416780592,4.986979235336184,,
,,,,160000,,0.0003,0.12050497531890869,0.2,780,2.1641740798950195,0.0075448425,0.068359375,-0.005691407760605216,-1.003906726464629,5.446022478491068,532.2,-0.584
-1.521,650,248.39,248,161792,79,,,,,,,,,,,,
-1.9218000000000004,650,253.4,251,163840,80,0.0003,0.1421276330947876,0.2,790,0.9992504715919495,0.007869072,0.109619140625,-0.007796972796495538,-1.0234338097274303,3.7916566195432098,,
-1.7650000000000003,651,255.58,254,165888,81,0.0003,0.1817687749862671,0.2,800,2.0623085498809814,0.0074988315,0.083642578125,-0.006377914838958531,-1.026331052184105,4.561855316162109,,
-0.9970000000000003,651,242.23,257,167936,82,0.0003,0.1508474349975586,0.2,810,2.722973346710205,0.007177312,0.06806640625,-0.007216011923446786,-1.0139556217938661,5.666934287548065,,
-1.3792000000000002,652,251.32,260,169984,83,0.0003,0.1295737624168396,0.2,820,3.7670440673828125,0.005930343,0.039013671875,-0.00571806569059845,-1.007783141359687,8.395074719190598,,
,,,,170000,,0.0003,0.24177920818328857,0.2,830,2.677980661392212,0.010113383,0.076220703125,-0.007440159932593815,-1.012073289975524,8.278061620146037,364.8,14.788
-1.3512,650,254.93,264,172032,84,,,,,,,,,,,,
-1.4322000000000004,651,258.98,267,174080,85,0.0003,0.21000224351882935,0.2,840,3.7371129989624023,0.008951943,0.113623046875,-0.008686489771935157,-1.0094489412382246,6.112422106415034,,
-1.5622,651,265.48,270,176128,86,0.0003,0.19040244817733765,0.2,850,2.0007259845733643,0.008154267,0.074072265625,-0.0076554415776627135,-1.005684657767415,4.14316256120801,,
-1.4669999999999999,652,265.73,273,178176,87,0.0003,0.19699829816818237,0.2,860,2.9075663089752197,0.010470942,0.10185546875,-0.010375071670569013,-0.9869147429242731,6.689556703716517,,
,,,,180000,,0.0003,0.17158353328704834,0.2,870,2.733302116394043,0.0075489115,0.0671875,-0.006644309181137942,-0.9855599211528897,5.43753606826067,572.2,-1.3839999999999992
-0.4816,648,261.55,277,180224,88,,,,,,,,,,,,
-0.29280000000000006,649,267.14,280,182272,89,0.0003,0.21150851249694824,0.2,880,3.6778788566589355,0.009752032,0.091357421875,-0.011409568414092065,-0.9757586054503917,7.828828712552786,,
-0.19039999999999996,649,272.04,283,184320,90,0.0003,0.2350885272026062,0.2,890,3.1498186588287354,0.007304198,0.095654296875,-0.008389597164932639,-0.9843724483624101,8.245858175307513,,
-0.16620000000000004,650,265.82,286,186368,91,0.0003,0.17730659246444702,0.2,900,1.9507864713668823,0.011402462,0.129052734375,-0.011224774739821442,-0.9976571386680007,6.021478632092476,,
-0.10420000000000025,650,267.73,289,188416,92,0.0003,0.22070646286010742,0.2,910,2.7843494415283203,0.0060911607,0.065185546875,-0.007502066854794975,-0.9924049803987145,6.612102264910936,,
,,,,190000,,0.0003,0.1604589819908142,0.2,920,1.3287057876586914,0.007132641,0.05634765625,-0.006075480088475161,-0.9779062995687127,5.2609435126185415,444.4,25.220000000000002
0.46719999999999984,647,264.21,294,190464,93,,,,,,,,,,,,
0.6537999999999999,648,264.9,296,192512,94,0.0003,0.20637774467468262,0.2,930,2.492487668991089,0.008134557,0.08447265625,-0.011764294642489403,-0.9656914567574859,7.927714629098773,,
0.8927999999999997,648,267.98,299,194560,95,0.0003,0.14261847734451294,0.2,940,4.288580417633057,0.007656176,0.087841796875,-0.006743103587359656,-0.9655661331489682,6.884412179142236,,
1.281,648,273.62,303,196608,96,0.0003,0.15870672464370728,0.2,950,3.3769004344940186,0.007348112,0.083837890625,-0.009469492083007935,-0.9711032215505838,10.39576677903533,,
2.734,648,276.12,306,198656,97,0.0003,0.24416881799697876,0.2,960,2.2171072959899902,0.009324027,0.075341796875,-0.01237886366143357,-0.9493089916184545,9.201151872426271,,
,,,,200000,,0.0003,0.20838052034378052,0.2,970,4.0518012046813965,0.0047263736,0.03818359375,-0.006789797585224733,-0.9228267353028059,13.044377158582211,612.4,29.875999999999998
2.5482,645,275.39,311,200704,98,,,,,,,,,,,,
4.149,645,265.49,314,202752,99,0.0003,0.2027297019958496,0.2,980,3.722931146621704,0.008682403,0.08291015625,-0.010489778671762906,-0.9207342745736241,9.3755141235888,,
4.5334,645,271.32,317,204800,100,0.0003,0.21700245141983032,0.2,990,11.47043228149414,0.006400042,0.05654296875,-0.008085705715348012,-0.9020981512963772,14.551952838897705,,
3.832,645,271.32,320,206848,101,0.0003,0.1438990831375122,0.2,1000,3.9392104148864746,0.0086406795,0.1103515625,-0.006352062746009324,-0.9268741320818663,6.901384956389665,,
4.1688,646,274.52,323,208896,102,0.0003,0.21330678462982178,0.2,1010,3.448983907699585,0.007871129,0.083935546875,-0.005693839266314171,-0.9264529662206769,5.700838530808687,,
,,,,210000,,0.0003,0.23103660345077515,0.2,1020,3.3936543464660645,0.0094444025,0.09482421875,-0.006337994181376416,-0.9328034238889813,7.27773250862956,630.2,5.4719999999999995
4.981999999999999,642,273.94,328,210944,103,,,,,,,,,,,,
4.5306,643,271.46,331,212992,104,0.0003,0.1885519027709961,0.2,1030,8.874938011169434,0.008511115,0.06943359375,-0.008313514650217258,-0.9074208488687873,11.945911206305027,,
4.686999999999999,644,273.66,333,215040,105,0.0003,0.18455630540847778,0.2,1040,2.9212446212768555,0.006687937,0.069384765625,-0.00817624356423039,-0.9395886106416583,8.825706300139426,,
6.157800000000001,644,275.27,337,217088,106,0.0003,0.12342822551727295,0.2,1050,2.456840753555298,0.009681635,0.12998046875,-0.012355060959816911,-0.9357724737375974,6.308873991668224,,
6.101,644,273.1,340,219136,107,0.0003,0.21141541004180908,0.2,1060,5.217492580413818,0.0065643825,0.08134765625,-0.0077969168894924225,-0.9448205970227719,10.908471368253231,,
,,,,220000,,0.0003,0.20726382732391357,0.2,1070,5.00613260269165,0.0069316714,0.08134765625,-0.007145986522664316,-0.9674201976507902,10.193537712097168,498.2,-1.908
6.518400000000001,641,282.29,344,221184,108,,,,,,,,,,,,
6.735999999999999,642,291.45,347,223232,109,0.0003,0.15019667148590088,0.2,1080,2.6842117309570312,0.0067749256,0.082275390625,-0.0092463061271701,-0.9364928411319852,7.8334595412015915,,
7.125600000000002,642,292.01,350,225280,110,0.0003,0.24323350191116333,0.2,1090,1.7611865997314453,0.006965731,0.06044921875,-0.004533355277089868,-0.9437557999044657,7.419372885674238,,
5.9998000000000005,643,293.19,353,227328,111,0.0003,0.17413634061813354,0.2,1100,2.9963998794555664,0.007300163,0.081591796875,-0.009019172698026523,-0.9224159697070717,8.23253113105893,,
6.861199999999999,643,285.19,356,229376,112,0.0003,0.18644672632217407,0.2,1110,3.954491376876831,0.01059314,0.10693359375,-0.005138614703901112,-0.9587578043341637,7.78320687264204,,
,,,,230000,,0.0003,0.23594599962234497,0.2,1120,4.206117153167725,0.0058389637,0.050830078125,-0.006849669152870774,-0.9341377718374133,13.526423048973083,469.6,58.784000000000006
6.892,641,288.66,361,231424,113,,,,,,,,,,,,
6.678,641,299.36,363,233472,114,0.0003,0.16019600629806519,0.2,1130,9.54754638671875,0.0080006905,0.077734375,-0.011731820862041786,-0.927406688593328,12.303671698272229,,
7.2002,641,293.29,367,235520,115,0.0003,0.15616291761398315,0.2,1140,1.9144407510757446,0.009954998,0.105712890625,-0.006862633783021011,-0.9504741871729493,6.43181258328259,,
8.0158,642,297.6,370,237568,116,0.0003,0.2168228030204773,0.2,1150,5.288046360015869,0.007955927,0.115966796875,-0.009987153793917968,-0.9485650554299354,8.215536929666996,,
8.183,642,304.27,373,239616,117,0.0003,0.20305418968200684,0.2,1160,3.841658592224121,0.010773618,0.09296875,-0.008246047594002447,-0.9393020078539849,8.475668331980705,,
,,,,240000,,0.0003,0.18254435062408447,0.2,1170,4.3630475997924805,0.008050717,0.091064453125,-0.007852310917223803,-0.9415101252496243,8.692999012768269,727.0,47.623999999999995
8.845,639,301.23,378,241664,118,,,,,,,,,,,,
10.1172,639,287.72,381,243712,119,0.0003,0.22156846523284912,0.2,1180,7.084705829620361,0.0052614426,0.0380859375,-0.003964194832951762,-0.9345920469611884,14.305247336626053,,
10.421599999999998,639,292.54,384,245760,120,0.0003,0.18814796209335327,0.2,1190,6.780640602111816,0.005412347,0.052392578125,-0.007612302276538685,-0.9265710424631834,10.669599229842424,,
10.602599999999997,640,288.5,386,247808,121,0.0003,0.238325297832489,0.2,1200,2.4589974880218506,0.0067469445,0.07763671875,-0.008906367885356304,-0.945258684642613,7.520471049100161,,
10.807399999999998,640,283.27,389,249856,122,0.0003,0.25518304109573364,0.2,1210,7.5861663818359375,0.007787577,0.068603515625,-0.010308149876073003,-0.9317253604531288,14.9777956366539,,
,,,,250000,,0.0003,0.09202247858047485,0.2,1220,4.084340572357178,0.0065145604,0.0681640625,-0.0054273885441944005,-0.9583622369915247,12.071202076226474,500.4,28.108000000000004
11.007800000000005,638,278.26,394,251904,123,,,,,,,,,,,,
11.1808,639,284.64,397,253952,124,0.0003,0.2490946650505066,0.2,1230,3.155806303024292,0.008624856,0.085888671875,-0.009445447073085233,-0.935290558449924,11.152707276493311,,
12.154399999999999,639,281.05,400,256000,125,0.0003,0.2742955684661865,0.2,1240,4.7252197265625,0.007602685,0.071533203125,-0.00762004800781142,-0.9413293324410915,10.210779143869877,,
11.8776,640,274.85,402,258048,126,0.0003,0.20421624183654785,0.2,1250,6.893123149871826,0.007914633,0.072802734375,-0.007619522674940526,-0.9356540134176612,12.83689422160387,,
,,,,260000,,0.0003,0.21436810493469238,0.2,1260,8.017082214355469,0.007815023,0.072900390625,-0.010462576446298045,-0.9023079499602318,17.920204737782477,882.2,18.468
12.7818,637,284.75,408,260096,127,,,,,,,,,,,,
14.2262,637,282.67,411,262144,128,0.0003,0.22179174423217773,0.2,1270,5.45092248916626,0.010174356,0.111572265625,-0.006547560125181917,-0.9397645894438028,11.658780752122402,,
15.403200000000004,638,288.95,414,264192,129,0.0003,0.19725453853607178,0.2,1280,4.736821174621582,0.008456629,0.08076171875,-0.010773635489749722,-0.9142303867265582,11.976614788919687,,
15.482000000000001,638,274.99,416,266240,130,0.0003,0.26060426235198975,0.2,1290,5.023437023162842,0.0063051987,0.049951171875,-0.008283448868314735,-0.9253251068294048,11.153883995115757,,
15.736,638,282.33,419,268288,131,0.0003,0.22921067476272583,0.2,1300,8.590662956237793,0.0070806453,0.075048828125,-0.009354201427777297,-0.8988740464672447,17.11935016810894,,
,,,,270000,,0.0003,0.23539257049560547,0.2,1310,8.128044128417969,0.008700098,0.081591796875,-0.010625456526759081,-0.8953780541196465,14.012586782872678,728.8,11.516
17.232600000000005,636,277.64,425,270336,132,,,,,,,,,,,,
18.491600000000002,636,289.84,428,272384,133,0.0003,0.226077139377594,0.2,1320,8.262081146240234,0.008114002,0.06552734375,-0.006437637837370858,-0.9087659064680338,19.532979053258895,,
18.002200000000002,636,279.24,431,274432,134,0.0003,0.22993874549865723,0.2,1330,3.547844409942627,0.008516688,0.075,-0.008123587307636626,-0.8803837290033698,15.842660076916218,,
18.186799999999998,637,290.05,434,276480,135,0.0003,0.2238215208053589,0.2,1340,7.901088714599609,0.0074441237,0.08662109375,-0.008599886146839708,-0.9163297114893794,17.735781031847,,
18.4102,637,288.9,436,278528,136,0.0003,0.22487878799438477,0.2,1350,1.731682300567627,0.013174623,0.142138671875,-0.013318415652611293,-0.9284898126497865,10.365819390118123,,
,,,,280000,,0.0003,0.2813747525215149,0.2,1360,7.222972393035889,0.0080862865,0.06767578125,-0.006521793382125907,-0.9003839254379272,13.80077018290758,1042.6,31.292
18.709600000000002,633,283.95,442,280576,137,,,,,,,,,,,,
19.3248,633,293.27,445,282624,138,0.0003,0.2348383665084839,0.2,1370,5.461523056030273,0.0072380314,0.118896484375,-0.01119157845096197,-0.892168796993792,11.661380346119405,,
18.5262,634,283.1,448,284672,139,0.0003,0.2222781777381897,0.2,1380,6.358484268188477,0.00650067,0.056103515625,-0.006731242878595367,-0.9026785368099809,13.322216565907002,,
17.901999999999997,634,289.26,451,286720,140,0.0003,0.23808574676513672,0.2,1390,11.613131523132324,0.008292337,0.0845703125,-0.008414313754474278,-0.8946966541931033,17.750526739656927,,
17.1808,635,270.21,454,288768,141,0.0003,0.30250442028045654,0.2,1400,10.200089454650879,0.006686722,0.09462890625,-0.008218321419553832,-0.900249476917088,11.558185069262981,,
,,,,290000,,0.0003,0.2417055368423462,0.2,1410,7.17418098449707,0.007050003,0.0759765625,-0.010610865542548708,-0.8457285605370999,15.642715883255004,1317.0,124.0
16.9876,630,264.84,461,290816,142,,,,,,,,,,,,
17.0932,630,264.57,464,292864,143,0.0003,0.23485976457595825,0.2,1420,9.163860321044922,0.008356464,0.066943359375,-0.007247184714651666,-0.8728031052276493,16.81142956316471,,
17.8798,630,270.33,467,294912,144,0.0003,0.21988004446029663,0.2,1430,8.041719436645508,0.008522162,0.10537109375,-0.01033333555678837,-0.8599683247506619,16.63929876089096,,
17.2968,631,264.41,470,296960,145,0.0003,0.22037744522094727,0.2,1440,4.78284215927124,0.007826519,0.072509765625,-0.009073544698185287,-0.8782679377123713,10.801862320303917,,
18.432,631,262.76,473,299008,146,0.0003,0.21509724855422974,0.2,1450,7.858240127563477,0.008065842,0.064990234375,-0.010197976813651621,-0.855266777984798,20.299562606215478,,
,,,,300000,,0.0003,0.20077931880950928,0.2,1460,8.635042190551758,0.006587739,0.06806640625,-0.00783832744054962,-0.8363095866516232,20.42933357357979,1063.8,30.867999999999995
19.7008,628,264.45,479,301056,147,,,,,,,,,,,,
22.0292,628,278.29,482,303104,148,0.0003,0.24285954236984253,0.2,1470,10.070463180541992,0.005515908,0.0587890625,-0.006207316619111225,-0.8491317130625248,15.201462645828723,,
24.737800000000004,628,278.13,485,305152,149,0.0003,0.28072571754455566,0.2,1480,4.9200615882873535,0.008829929,0.093310546875,-0.009712552351993508,-0.8371860606595873,20.210853388905527,,
24.72620000000001,629,273.7,488,307200,150,0.0003,0.24950659275054932,0.2,1490,12.031448364257812,0.0075359624,0.07822265625,-0.010536428782506846,-0.814756784401834,21.97126640677452,,
25.297800000000006,629,260.15,491,309248,151,0.0003,0.19261819124221802,0.2,1500,8.882437705993652,0.00866164,0.100244140625,-0.010944522748468443,-0.8456663966178894,18.89991339147091,,
,,,,310000,,0.0003,0.2962055802345276,0.2,1510,9.239415168762207,0.006875882,0.078125,-0.00903605034109205,-0.8162973871454596,21.246121808886528,2033.0,89.64
27.362399999999997,622,272.15,500,311296,152,,,,,,,,,,,,
29.119999999999994,622,279.46,502,313344,153,0.0003,0.32150816917419434,0.2,1520,4.879541397094727,0.007097964,0.08134765625,-0.007288904953747987,-0.82950488794595,17.380270731449126,,
31.158200000000008,623,292.78,505,315392,154,0.0003,0.300162672996521,0.2,1530,7.711319446563721,0.007037339,0.08017578125,-0.005975750510697253,-0.8272039387375116,16.67912614494562,,
32.855,623,303.13,508,317440,155,0.0003,0.363283634185791,0.2,1540,8.492554664611816,0.0062992945,0.10322265625,-0.011074601579457522,-0.8554840287193656,17.536867697536945,,
33.6242,624,314.77,511,319488,156,0.0003,0.21894383430480957,0.2,1550,10.739704132080078,0.009771363,0.118212890625,-0.010355809365864842,-0.8533666346222162,16.217861427366735,,
,,,,320000,,0.0003,0.2901797890663147,0.2,1560,12.690703392028809,0.008855086,0.090234375,-0.009006379952188582,-0.8386537037789822,17.947918605804443,1041.0,31.324
33.4538,620,323.29,517,321536,157,,,,,,,,,,,,
36.516000000000005,621,330.5,520,323584,158,0.0003,0.2192867398262024,0.2,1570,5.186720371246338,0.008217056,0.077880859375,-0.004846465840819292,-0.8982340248301626,16.35623270049691,,
37.247800000000005,621,339.0,523,325632,159,0.0003,0.28982824087142944,0.2,1580,13.263838768005371,0.0059659057,0.058935546875,-0.008050422169617377,-0.7986397314816713,25.784214946627618,,
39.1238,621,345.4,526,327680,160,0.0003,0.2979479432106018,0.2,1590,10.89541244506836,0.0085593555,0.11396484375,-0.013522004781407304,-0.8323770226910711,17.97919230759144,,
40.9658,622,338.47,529,329728,161,0.0003,0.32056111097335815,0.2,1600,11.982405662536621,0.005251715,0.075341796875,-0.010136878670891747,-0.7874436479061842,21.022861871123315,,
,,,,330000,,0.0003,0.20380020141601562,0.2,1610,15.913640975952148,0.005320127,0.04921875,-0.007200473576085642,-0.7748175464570523,32.297886124253274,2159.0,177.3
41.8288,615,350.43,539,331776,162,,,,,,,,,,,,
40.4858,615,342.43,542,333824,163,0.0003,0.22726476192474365,0.2,1620,12.607358932495117,0.0076459153,0.090087890625,-0.011915826398762874,-0.828477393090725,16.14709441512823,,
41.181400000000004,616,332.7,545,335872,164,0.0003,0.20988965034484863,0.2,1630,16.44051742553711,0.007034963,0.07412109375,-0.00941046783409547,-0.7939992673695088,26.19217135310173,,
43.968799999999995,616,333.61,548,337920,165,0.0003,0.25538522005081177,0.2,1640,15.84864330291748,0.008652167,0.08837890625,-0.010064422298455611,-0.7822568878531456,28.648603349924088,,
45.28639999999999,616,342.88,551,339968,166,0.0003,0.2604721188545227,0.2,1650,9.636445045471191,0.006311713,0.056640625,-0.007048244748148136,-0.7565625855699182,27.634378072619437,,
,,,,340000,,0.0003,0.2738608121871948,0.2,1660,8.360772132873535,0.006282877,0.05029296875,-0.005064583910279907,-0.786390153504908,23.432015535235404,1027.0,31.604000000000003
47.86019999999999,613,349.46,557,342016,167,,,,,,,,,,,,
49.5142,614,356.94,560,344064,168,0.0003,0.24900329113006592,0.2,1670,7.950388431549072,0.0066268677,0.063671875,-0.009172529313946142,-0.7889714749529958,23.920645707845686,,
50.805800000000005,614,362.5,563,346112,169,0.0003,0.2946128249168396,0.2,1680,14.099757194519043,0.007503002,0.06884765625,-0.007858278637286276,-0.7904218027368188,23.532564720511438,,
51.03479999999999,615,346.04,566,348160,170,0.0003,0.23332840204238892,0.2,1690,9.21416187286377,0.00621881,0.05791015625,-0.005726497547584586,-0.8178388996049761,24.46197629272938,,
,,,,350000,,0.0003,0.16238504648208618,0.2,1700,17.504484176635742,0.0069979588,0.075927734375,-0.010849840752780438,-0.7726270096376538,35.77288908362389,2228.0,105.78
52.352,608,345.31,575,350208,171,,,,,,,,,,,,
53.451,608,345.47,578,352256,172,0.0003,0.206881582736969,0.2,1710,10.732719421386719,0.008705969,0.101220703125,-0.009683224713080562,-0.7697837509214878,19.88647177517414,,
56.8672,609,350.01,581,354304,173,0.0003,0.2944943308830261,0.2,1720,6.7631683349609375,0.009175107,0.10107421875,-0.01080280950118322,-0.7496308775618672,19.177194567024706,,
58.276199999999996,609,349.7,584,356352,174,0.0003,0.22174620628356934,0.2,1730,12.806493759155273,0.00711755,0.07919921875,-0.009420870942994953,-0.7260924773290753,17.429942789673806,,
61.6462,610,356.55,587,358400,175,0.0003,0.28781116008758545,0.2,1740,12.910967826843262,0.007077978,0.075830078125,-0.00572153894463554,-0.7628485983237624,25.05347785949707,,
,,,,360000,,0.0003,0.32511723041534424,0.2,1750,4.5882134437561035,0.008041322,0.0953125,-0.009186386878718622,-0.7554070625454188,13.322998324036599,1307.0,116.184
62.44179999999999,606,376.89,593,360448,176,,,,,,,,,,,,
62.846799999999995,607,371.67,596,362496,177,0.0003,0.29727983474731445,0.2,1760,13.766193389892578,0.005822054,0.06181640625,-0.005633196473354474,-0.7709275618195534,25.73150006830692,,
63.907999999999994,607,378.73,599,364544,178,0.0003,0.18226855993270874,0.2,1770,11.07968521118164,0.009011199,0.1013671875,-0.009524748005787842,-0.792167641967535,21.76375137269497,,
61.655599999999986,608,381.13,602,366592,179,0.0003,0.2622026205062866,0.2,1780,4.789885520935059,0.0061723096,0.08828125,-0.005192455247743056,-0.8149726916104555,15.95152676999569,,
63.832200000000014,608,392.54,605,368640,180,0.0003,0.23060399293899536,0.2,1790,8.256878852844238,0.012170247,0.123291015625,-0.011568179211462849,-0.7930525355041027,15.054117991030216,,
,,,,370000,,0.0003,0.24883979558944702,0.2,1800,8.843790054321289,0.004979039,0.05537109375,-0.004733649155241437,-0.7780388394370675,25.145706540346147,1580.8,64.616
66.769,604,401.01,612,370688,181,,,,,,,,,,,,
68.4748,605,405.9,615,372736,182,0.0003,0.2440585494041443,0.2,1810,17.090179443359375,0.007700351,0.079541015625,-0.012167649769980925,-0.7676467282697559,25.374147129058837,,
71.9484,605,417.59,618,374784,183,0.0003,0.2546539902687073,0.2,1820,7.054754257202148,0.008279491,0.08837890625,-0.00843580729124369,-0.7725995214655995,23.527162954211235,,
73.3372,605,428.31,621,376832,184,0.0003,0.20119595527648926,0.2,1830,14.469447135925293,0.0067937393,0.0751953125,-0.008792406652355566,-0.7441419923678041,20.14695253968239,,
74.6292,606,438.86,624,378880,185,0.0003,0.28475290536880493,0.2,1840,12.951284408569336,0.008931056,0.09560546875,-0.009119794942671433,-0.7725884700194001,24.71581813097,,
,,,,380000,,0.0003,0.38995105028152466,0.2,1850,9.038387298583984,0.007950192,0.086376953125,-0.007399802125291899,-0.7705174306407571,20.798745465278625,1349.0,103.32000000000001
73.593,602,445.58,631,380928,186,,,,,,,,,,,,
73.76740000000001,603,451.89,634,382976,187,0.0003,0.3022236227989197,0.2,1860,5.821743011474609,0.007419035,0.0751953125,-0.007152603563736193,-0.7792948080226779,20.14966753423214,,
77.38499999999999,603,456.38,637,385024,188,0.0003,0.2702811360359192,0.2,1870,13.110498428344727,0.006381723,0.07216796875,-0.006581335922237486,-0.7658557210117578,25.668642622232436,,
78.3704,604,462.22,640,387072,189,0.0003,0.31434524059295654,0.2,1880,21.200838088989258,0.006655953,0.068359375,-0.008124408507137559,-0.704749528132379,32.92743911743164,,
78.95459999999999,604,458.06,643,389120,190,0.0003,0.24741441011428833,0.2,1890,13.409403800964355,0.006999706,0.06396484375,-0.008591971942223608,-0.7520227774977684,31.712893876433373,,
,,,,390000,,0.0003,0.23552751541137695,0.2,1900,14.566876411437988,0.006167379,0.06806640625,-0.005637541791656986,-0.7786468025296926,26.81387942433357,1668.8,98.928
79.236,600,459.02,651,391168,191,,,,,,,,,,,,
80.86059999999999,600,462.96,654,393216,192,0.0003,0.1808910369873047,0.2,1910,15.251230239868164,0.008812404,0.108349609375,-0.010685662884498015,-0.7178624216467142,26.034338819980622,,
82.40379999999999,600,470.97,657,395264,193,0.0003,0.17519813776016235,0.2,1920,11.963967323303223,0.006203823,0.07138671875,-0.008649627240083646,-0.7428836254402995,29.99135586619377,,
84.09899999999999,601,486.41,660,397312,194,0.0003,0.31803327798843384,0.2,1930,4.477356433868408,0.012875493,0.114697265625,-0.010764569042657967,-0.7691257184371352,18.628133875131606,,
86.43940000000002,601,489.63,663,399360,195,0.0003,0.25476187467575073,0.2,1940,15.205375671386719,0.0079448605,0.080908203125,-0.008581175256404094,-0.751486854813993,27.9700110912323,,
,,,,400000,,0.0003,0.23539328575134277,0.2,1950,12.556994438171387,0.005773668,0.058544921875,-0.005793576163705438,-0.7169892398640514,27.748594239354134,1203.6,138.292
85.29619999999998,598,486.67,670,401408,196,,,,,,,,,,,,
86.56400000000002,599,483.4,673,403456,197,0.0003,0.18467730283737183,0.2,1960,28.166324615478516,0.004503892,0.05732421875,-0.005293083103606477,-0.7304602969437838,28.03127189874649,,
89.6136,599,491.24,676,405504,198,0.0003,0.3204613924026489,0.2,1970,11.09008502960205,0.0069643077,0.100146484375,-0.009459897884516977,-0.6528365133330226,23.10842411518097,,
88.8434,600,479.65,679,407552,199,0.0003,0.19896292686462402,0.2,1980,12.360390663146973,0.00860399,0.125830078125,-0.013096291909459979,-0.7304910857230424,24.601617015898228,,
90.7574,600,489.16,682,409600,200,0.0003,0.3272806406021118,0.2,1990,11.269339561462402,0.0067196777,0.08349609375,-0.009362414400675334,-0.6839020175859332,20.829986009001733,,
,,,,410000,,0.0003,0.2503175139427185,0.2,2000,9.991729736328125,0.008237091,0.088037109375,-0.00883864133793395,-0.7222381617873908,25.842885383963583,702.4,198.416
92.1268,599,490.83,686,411648,201,,,,,,,,,,,,
94.63960000000002,599,485.43,689,413696,202,0.0003,0.25459372997283936,0.2,2010,15.587200164794922,0.0064649065,0.073193359375,-0.00759027085150592,-0.6951863899827003,25.81621073484421,,
94.694,599,472.69,692,415744,203,0.0003,0.22181075811386108,0.2,2020,13.549933433532715,0.0076851044,0.089697265625,-0.008094027066545096,-0.6918717024847865,32.3486333578825,,
94.7616,600,474.32,695,417792,204,0.0003,0.2153887152671814,0.2,2030,26.050230026245117,0.005082502,0.076953125,-0.00738518463622313,-0.7039276039227843,44.992550909519196,,
96.09619999999997,600,482.74,698,419840,205,0.0003,0.3265572190284729,0.2,2040,14.869363784790039,0.0060974825,0.059326171875,-0.004696731339208782,-0.737971201352775,28.194889599084853,,
,,,,420000,,0.0003,0.24536031484603882,0.2,2050,12.922157287597656,0.008759478,0.079345703125,-0.007477916128118522,-0.7400187758728862,26.07270514667034,1248.8,45.204
92.98579999999998,597,452.89,705,421888,206,,,,,,,,,,,,
95.0864,598,463.09,708,423936,207,0.0003,0.2559511065483093,0.2,2060,15.267807006835938,0.0071516233,0.057373046875,-0.007828679098747671,-0.6823613276705146,35.98708413541317,,
98.85879999999997,598,464.85,711,425984,208,0.0003,0.2489490509033203,0.2,2070,15.93928337097168,0.005422802,0.06611328125,-0.006028407992562279,-0.7187792245298624,29.671708807349205,,
98.21639999999998,598,461.9,714,428032,209,0.0003,0.26444703340530396,0.2,2080,17.96263885498047,0.007883351,0.090576171875,-0.007481381144316401,-0.6669816985726357,29.560482400655747,,
,,,,430000,,0.0003,0.23470067977905273,0.2,2090,12.808523178100586,0.009569639,0.111865234375,-0.010956398013513535,-0.7764013076201082,20.87208259552717,2297.8,108.39200000000001
97.014,593,461.9,724,430080,210,,,,,,,,,,,,
96.33480000000002,593,455.78,727,432128,211,0.0003,0.3069881796836853,0.2,2100,17.673709869384766,0.0059422296,0.06572265625,-0.007420814811484888,-0.7203065808862448,27.107118922472,,
99.25980000000001,594,464.84,730,434176,212,0.0003,0.22836846113204956,0.2,2110,16.584070205688477,0.004689954,0.060107421875,-0.007976941918605008,-0.7027217391878366,33.46805517673492,,
98.50580000000002,594,462.46,733,436224,213,0.0003,0.2203274369239807,0.2,2120,10.983734130859375,0.007928965,0.076416015625,-0.0049105237965704875,-0.7238065360113979,23.435503178834914,,
98.53960000000001,595,470.79,736,438272,214,0.0003,0.26150310039520264,0.2,2130,16.721324920654297,0.0058467737,0.0896484375,-0.00779083832167089,-0.7489711303263903,33.108660605549815,,
,,,,440000,,0.0003,0.29312336444854736,0.2,2140,2.5380916595458984,0.0071664415,0.06162109375,-0.004498856319696642,-0.7495846912264824,18.37500111758709,804.2,208.404
97.9912,593,473.16,741,440320,215,,,,,,,,,,,,
99.09060000000001,594,478.31,744,442368,216,0.0003,0.32396751642227173,0.2,2150,17.308549880981445,0.006529282,0.06171875,-0.00986721109948121,-0.7191217847168445,24.588580602407454,,
99.00880000000001,594,477.39,747,444416,217,0.0003,0.29381483793258667,0.2,2160,18.770923614501953,0.008263933,0.101708984375,-0.0069806847692234445,-0.731178255751729,23.966217756271362,,
96.73499999999999,594,465.83,750,446464,218,0.0003,0.3556869626045227,0.2,2170,12.026934623718262,0.005001281,0.047802734375,-0.00529158396384446,-0.7010330701246857,23.639528587460518,,
92.13380000000001,595,450.4,753,448512,219,0.0003,0.27035748958587646,0.2,2180,24.627124786376953,0.006664852,0.082470703125,-0.010591665332322009,-0.7357067035511136,31.84334489405155,,
,,,,450000,,0.0003,0.2671290636062622,0.2,2190,10.440882682800293,0.010946851,0.118798828125,-0.006841888750204817,-0.8014172038063407,24.08641619682312,2362.8,169.216
90.3232,590,460.77,763,450560,220,,,,,,,,,,,,
91.0116,590,456.41,766,452608,221,0.0003,0.3592584729194641,0.2,2200,15.79404354095459,0.010568919,0.12578125,-0.006141274821129627,-0.8120025279000401,17.78909678310156,,
90.08040000000001,591,452.87,769,454656,222,0.0003,0.29945993423461914,0.2,2210,7.839391231536865,0.0054913675,0.0388671875,-0.004649732100369874,-0.6912075405940413,25.035947862267495,,
88.825,591,455.52,771,456704,223,0.0003,0.31202763319015503,0.2,2220,5.043550968170166,0.0085096145,0.090771484375,-0.005885000212583691,-0.8052439028397202,15.796516808122396,,
86.605,591,451.29,775,458752,224,0.0003,0.26069098711013794,0.2,2230,9.721153259277344,0.0068115895,0.067431640625,-0.00565419853082858,-0.7928131438791752,28.260439723730087,,
,,,,460000,,0.0003,0.17947643995285034,0.2,2240,14.886801719665527,0.0075578922,0.08623046875,-0.007505184679757804,-0.7805724883452058,26.695256039500237,998.8,118.33999999999999
88.08400000000002,590,462.51,780,460800,225,,,,,,,,,,,,
86.23859999999999,590,459.59,783,462848,226,0.0003,0.2763569951057434,0.2,2250,9.141237258911133,0.00827927,0.0958984375,-0.009145145722141024,-0.7562368864193558,20.05427131205797,,
88.77599999999998,590,467.99,786,464896,227,0.0003,0.24477022886276245,0.2,2260,8.81611156463623,0.006663054,0.086083984375,-0.007930310818483121,-0.8016067700460553,24.3027746707201,,
89.86060000000002,591,473.88,789,466944,228,0.0003,0.2808101773262024,0.2,2270,6.9245147705078125,0.006358616,0.08544921875,-0.008039563545025885,-0.7843601794913411,25.396652171015738,,
90.80699999999997,591,481.67,792,468992,229,0.0003,0.31557154655456543,0.2,2280,11.7976655960083,0.0072174054,0.071826171875,-0.0035740161198191344,-0.770442034676671,22.331197914481162,,
,,,,470000,,0.0003,0.261926531791687,0.2,2290,6.590643405914307,0.005046608,0.05673828125,-0.006732711696531624,-0.778761295415461,23.399099692702293,580.8,2.452
90.80900000000001,590,481.57,797,471040,230,,,,,,,,,,,,
85.94220000000003,591,469.4,800,473088,231,0.0003,0.3038634657859802,0.2,2300,10.680046081542969,0.006994961,0.084716796875,-0.011956807743990794,-0.7323671579360962,31.049977666139604,,
86.3242,591,465.33,803,475136,232,0.0003,0.3290916681289673,0.2,2310,14.68312931060791,0.00922287,0.093798828125,-0.008488273725379258,-0.7768684346228838,19.033832520246506,,
89.4126,591,471.23,806,477184,233,0.0003,0.25531303882598877,0.2,2320,10.690274238586426,0.0067154043,0.071435546875,-0.007861550935194828,-0.7827696572989226,31.23993664085865,,
91.39039999999999,592,477.55,809,479232,234,0.0003,0.26424485445022583,0.2,2330,8.943041801452637,0.0058020623,0.0705078125,-0.0068853853415930645,-0.6800495820119977,27.417749705910683,,
,,,,480000,,0.0003,0.25059717893600464,0.2,2340,8.131598472595215,0.00661787,0.072021484375,-0.00783221367164515,-0.7380875634029508,26.49209775030613,1443.4,145.51999999999998
90.7174,589,476.13,816,481280,235,,,,,,,,,,,,
94.1004,589,487.34,819,483328,236,0.0003,0.32422196865081787,0.2,2350,18.3038272857666,0.008140592,0.077197265625,-0.007366064062807709,-0.7092933079227806,25.475838413834573,,
94.99180000000003,590,482.85,822,485376,237,0.0003,0.3087107539176941,0.2,2360,11.321202278137207,0.005172744,0.054345703125,-0.006071167410118506,-0.7006108116358518,26.47710238099098,,
91.46799999999999,590,463.65,825,487424,238,0.0003,0.3055642247200012,0.2,2370,12.314376831054688,0.006239907,0.048779296875,-0.006612557329935953,-0.74322424903512,28.9561778396368,,
93.65859999999999,590,474.36,828,489472,239,0.0003,0.21537423133850098,0.2,2380,14.607316017150879,0.007164295,0.083349609375,-0.006736642149917316,-0.7773925764486194,29.173941472172736,,
,,,,490000,,0.0003,0.28053176403045654,0.2,2390,10.350897789001465,0.0068282876,0.080419921875,-0.008713268597784918,-0.7056073740124702,30.24359105527401,1362.0,129.11200000000002
93.3434,588,465.07,835,491520,240,,,,,,,,,,,,
94.494,588,472.67,838,493568,241,0.0003,0.3020343780517578,0.2,2400,25.143386840820312,0.0071666157,0.07275390625,-0.009864871954778209,-0.702687681093812,38.500963187217714,,
96.5998,589,477.6,841,495616,242,0.0003,0.2743634581565857,0.2,2410,5.1861491203308105,0.006052166,0.09345703125,-0.00741708527202718,-0.7643600728362798,15.770233599841594,,
100.94799999999998,589,475.62,844,497664,243,0.0003,0.2634434700012207,0.2,2420,15.089085578918457,0.006568592,0.0623046875,-0.007874393813835923,-0.7055996486917138,33.55755955576897,,
103.29839999999999,589,483.35,847,499712,244,0.0003,0.3367922902107239,0.2,2430,14.139596939086914,0.0057927733,0.07236328125,-0.008900321973487734,-0.7041479928418994,25.908967673778534,,
,,,,500000,,0.0003,0.31787508726119995,0.2,2440,9.111767768859863,0.0068132086,0.076025390625,-0.007290325374924578,-0.6894115913659334,22.9798455029726,1912.8,152.16400000000002
101.20700000000001,586,477.7,856,501760,245,,,,,,,,,,,,
106.2458,586,481.27,859,503808,246,0.0003,0.30824893712997437,0.2,2450,9.538346290588379,0.0075356066,0.084326171875,-0.008894301729742437,-0.7110398044809699,29.46026013493538,,
108.72420000000002,586,487.61,862,505856,247,0.0003,0.32142484188079834,0.2,2460,18.9934139251709,0.0060359254,0.065283203125,-0.008367577216995414,-0.6824212884530425,31.16658960580826,,
110.22099999999999,587,487.92,865,507904,248,0.0003,0.272882342338562,0.2,2470,9.86061954498291,0.007995712,0.096875,-0.010983714190660975,-0.6715987265110016,28.46825729608536,,
107.96660000000001,587,470.38,868,509952,249,0.0003,0.22394102811813354,0.2,2480,19.073659896850586,0.005719252,0.071435546875,-0.008518883908982389,-0.6971758911386132,42.94594389796257,,
,,,,510000,,0.0003,0.23315340280532837,0.2,2490,14.566396713256836,0.006522403,0.080859375,-0.011076324101304635,-0.6859781997278332,40.92257212400436,1397.8,220.58
105.07920000000001,584,449.42,875,512000,250,,,,,,,,,,,,
104.23340000000002,585,441.61,878,514048,251,0.0003,0.2820175290107727,0.2,2500,23.228796005249023,0.010471936,0.110205078125,-0.011722607506089843,-0.6998353276401759,35.93267247378826,,
104.14759999999998,585,445.9,881,516096,252,0.0003,0.26156896352767944,0.2,2510,12.45890998840332,0.006617753,0.06416015625,-0.007135625186492689,-0.6924639821052552,32.337438595294955,,
102.81600000000002,585,437.33,884,518144,253,0.0003,0.23459011316299438,0.2,2520,12.664567947387695,0.008771457,0.09482421875,-0.009371011715848,-0.7537465119734407,31.656988766789436,,
,,,,520000,,0.0003,0.13265764713287354,0.2,2530,15.567407608032227,0.008165487,0.079052734375,-0.00854535505786771,-0.6885661505162716,32.34132550060749,1617.4,154.06399999999996
106.62340000000002,582,452.37,892,520192,254,,,,,,,,,,,,
106.24360000000003,583,446.31,895,522240,255,0.0003,0.3080251216888428,0.2,2540,9.911141395568848,0.008017639,0.11953125,-0.013169180785189383,-0.7381881233304739,30.322375586628915,,
105.8884,583,449.04,898,524288,256,0.0003,0.24622505903244019,0.2,2550,23.115493774414062,0.008649975,0.08095703125,-0.007006626547081396,-0.7099519504234195,33.69895305633545,,
99.96619999999999,583,429.52,901,526336,257,0.0003,0.3010868430137634,0.2,2560,20.205028533935547,0.007439431,0.085498046875,-0.006435938263894059,-0.7255547074601054,23.192096042633057,,
101.50959999999999,584,432.51,904,528384,258,0.0003,0.2109673023223877,0.2,2570,18.66123390197754,0.0070416164,0.079931640625,-0.008129251628997736,-0.7428158774971962,37.32164205312729,,
,,,,530000,,0.0003,0.24407678842544556,0.2,2580,5.086490631103516,0.0062499633,0.061328125,-0.006562806424335576,-0.6914993390440941,29.530414178967476,1053.6,215.44
104.82499999999999,582,442.09,910,530432,259,,,,,,,,,,,,
99.13839999999999,583,420.81,913,532480,260,0.0003,0.23067373037338257,0.2,2590,20.97606658935547,0.0069401963,0.0708984375,-0.01078546159551479,-0.7160623569041491,36.68792254030704,,
104.84659999999998,583,441.01,916,534528,261,0.0003,0.17695403099060059,0.2,2600,11.346758842468262,0.007866077,0.099072265625,-0.011312135844491422,-0.7496271295472979,29.84007132649422,,
105.08600000000003,583,444.07,919,536576,262,0.0003,0.3404046297073364,0.2,2610,9.998159408569336,0.0064884666,0.05595703125,-0.006772567989537492,-0.670788937062025,26.77826116979122,,
104.4404,583,436.27,922,538624,263,0.0003,0.3229970932006836,0.2,2620,6.169800281524658,0.009248451,0.10068359375,-0.011511017000884749,-0.6694816431030631,23.41713342666626,,
,,,,540000,,0.0003,0.19221431016921997,0.2,2630,11.879694938659668,0.005697163,0.06240234375,-0.004529803991317749,-0.7061461249366403,30.795001474022865,1920.8,250.2
106.42019999999998,580,442.49,930,540672,264,,,,,,,,,,,,
100.59339999999999,581,423.21,933,542720,265,0.0003,0.2993183732032776,0.2,2640,8.249587059020996,0.008126284,0.093896484375,-0.00858659153309418,-0.6804880959913134,25.34336525797844,,
99.84899999999999,581,420.35,936,544768,266,0.0003,0.2517056465148926,0.2,2650,13.714972496032715,0.0053492556,0.04404296875,-0.006158260101801716,-0.6622737925499678,34.69454346001148,,
93.3144,581,401.39,939,546816,267,0.0003,0.2959773540496826,0.2,2660,25.449478149414062,0.006650487,0.09248046875,-0.009807788737816736,-0.6869552718475461,29.708437544107436,,
95.7626,582,404.23,942,548864,268,0.0003,0.2123621702194214,0.2,2670,24.905517578125,0.005574112,0.070166015625,-0.008816727765952237,-0.6844625668600202,45.36311539411545,,
,,,,550000,,0.0003,0.24032068252563477,0.2,2680,18.61403465270996,0.008937282,0.092138671875,-0.009676417168520857,-0.6503518356010318,32.887460488080976,2051.2,171.44
95.30699999999999,578,406.97,951,550912,269,,,,,,,,,,,,
98.6832,579,413.51,954,552960,270,0.0003,0.13656938076019287,0.2,2690,10.60531234741211,0.006032877,0.06455078125,-0.008509341458557173,-0.705970554612577,36.682981836795804,,
102.39260000000004,579,428.44,957,555008,271,0.0003,0.1774558424949646,0.2,2700,19.30094337463379,0.009965291,0.0841796875,-0.005941389070358127,-0.6624172681942582,32.79162068068981,,
101.5248,580,426.74,960,557056,272,0.0003,0.20999926328659058,0.2,2710,7.0891242027282715,0.0076222615,0.083447265625,-0.0074464768287725745,-0.6690556447952986,22.302753806114197,,
103.17040000000001,580,434.64,963,559104,273,0.0003,0.2613508105278015,0.2,2720,17.685218811035156,0.008684717,0.10380859375,-0.007919803078402765,-0.686134922131896,32.60522776842117,,
,,,,560000,,0.0003,0.2548331022262573,0.2,2730,6.714605331420898,0.005921065,0.080615234375,-0.00685115608794149,-0.6850133763626218,25.023457276821137,944.4,157.50400000000002
105.40340000000002,579,438.22,969,561152,274,,,,,,,,,,,,
108.20900000000002,579,443.23,972,563200,275,0.0003,0.22581052780151367,0.2,2740,13.483734130859375,0.0077134324,0.077978515625,-0.00908809716347605,-0.6473852526396513,34.46331645548344,,
112.51639999999998,579,453.31,975,565248,276,0.0003,0.3033090829849243,0.2,2750,11.582769393920898,0.007909309,0.08935546875,-0.009352006189874373,-0.6332470853812993,28.152864012122155,,
108.61859999999999,579,437.78,978,567296,277,0.0003,0.28666168451309204,0.2,2760,17.419931411743164,0.008317202,0.070458984375,-0.004417205971549265,-0.6315328426659107,26.866057801246644,,
107.93679999999999,580,436.8,981,569344,278,0.0003,0.2986030578613281,0.2,2770,14.279387474060059,0.006547287,0.080419921875,-0.007802014709159266,-0.6555861800909042,33.88880210518837,,
,,,,570000,,0.0003,0.21699810028076172,0.2,2780,12.360518455505371,0.0067485846,0.07373046875,-0.006503971427446231,-0.669765398837626,21.150796177983285,1285.6,288.956
106.65360000000001,578,430.82,987,571392,279,,,,,,,,,,,,
107.46340000000001,578,430.41,990,573440,280,0.0003,0.22413140535354614,0.2,2790,20.368667602539062,0.008487626,0.089208984375,-0.01119047412648797,-0.6717057906091213,47.39183046221733,,
110.69420000000002,579,439.21,993,575488,281,0.0003,0.23225486278533936,0.2,2800,13.178324699401855,0.005733406,0.051611328125,-0.006256593407306355,-0.659515506029129,28.84848344922066,,
106.404,579,423.26,996,577536,282,0.0003,0.2470913529396057,0.2,2810,15.394355773925781,0.0089047095,0.117578125,-0.009322074940428138,-0.689321442693472,33.63048169016838,,
106.719,579,417.53,999,579584,283,0.0003,0.19768524169921875,0.2,2820,7.916491985321045,0.006525116,0.06005859375,-0.005357074781204574,-0.6669379774481058,31.38058320879936,,
,,,,580000,,0.0003,0.2283240556716919,0.2,2830,18.841903686523438,0.00550537,0.062451171875,-0.007545030451728963,-0.6630939850583673,37.7556792140007,531.0,133.708
103.8308,579,411.64,1003,581632,284,,,,,,,,,,,,
106.539,579,421.52,1006,583680,285,0.0003,0.2728157639503479,0.2,2840,13.56766128540039,0.008339959,0.103125,-0.011577656635199673,-0.6984292272478342,28.45003972053528,,
104.5514,580,410.68,1009,585728,286,0.0003,0.32330501079559326,0.2,2850,22.556562423706055,0.005900883,0.080908203125,-0.006767684417718555,-0.6850441919639707,23.250984588265418,,
108.6058,580,423.39,1012,587776,287,0.0003,0.25576162338256836,0.2,2860,16.565881729125977,0.006168639,0.080419921875,-0.00686573083512485,-0.6729817189276218,40.22002539336681,,
109.63860000000001,580,426.86,1015,589824,288,0.0003,0.3501718044281006,0.2,2870,17.376605987548828,0.011580678,0.13828125,-0.015524361628922633,-0.692294886149466,36.03842167556286,,
,,,,590000,,0.0003,0.2122269868850708,0.2,2880,25.740678787231445,0.0065994803,0.055810546875,-0.0068803133995970715,-0.6792651355266571,42.016528910398485,1087.0,240.82399999999998
109.62459999999999,579,427.56,1021,591872,289,,,,,,,,,,,,
113.85840000000002,579,436.31,1024,593920,290,0.0003,0.2451092004776001,0.2,2890,10.077312469482422,0.007383678,0.084716796875,-0.00953766338643618,-0.6669541513547301,34.820474344491956,,
115.04560000000001,579,442.08,1028,595968,291,0.0003,0.3389351963996887,0.2,2900,11.939971923828125,0.007839221,0.08583984375,-0.007961574275395834,-0.6659453261643649,33.42327184081078,,
111.17700000000002,580,430.1,1030,598016,292,0.0003,0.27490872144699097,0.2,2910,13.519518852233887,0.0064819236,0.09072265625,-0.008924026921158656,-0.6738625220954418,29.141247940063476,,
,,,,600000,,0.0003,0.23659801483154297,0.2,2920,12.844430923461914,0.008302363,0.09814453125,-0.00975567253481131,-0.655444897338748,25.156482756137848,1591.0,228.74
110.6266,577,432.57,1038,600064,293,,,,,,,,,,,,
111.973,578,440.4,1041,602112,294,0.0003,0.25104403495788574,0.2,2930,18.15947914123535,0.008473265,0.084716796875,-0.007918071741005405,-0.7200846707448363,31.578556367754935,,
107.56960000000002,578,430.11,1044,604160,295,0.0003,0.3225208520889282,0.2,2940,29.081741333007812,0.008351035,0.11201171875,-0.007593206237652339,-0.7311923110857605,20.412463504076005,,
99.89500000000002,578,413.04,1047,606208,296,0.0003,0.19889014959335327,0.2,2950,18.844226837158203,0.007251633,0.079736328125,-0.00607206900313031,-0.7529699942097068,37.51643448174,,
101.95859999999999,579,425.09,1050,608256,297,0.0003,0.31872838735580444,0.2,2960,10.171170234680176,0.0087489225,0.0828125,-0.007879485469311475,-0.6791335651651025,21.261237221956254,,
,,,,610000,,0.0003,0.33407169580459595,0.2,2970,6.661153316497803,0.006634458,0.0828125,-0.008695620002981741,-0.6915711557492614,20.192986953258515,1708.4,196.33199999999997
102.9272,576,426.76,1058,610304,298,,,,,,,,,,,,
104.6972,577,433.45,1061,612352,299,0.0003,0.3154836893081665,0.2,2980,15.833799362182617,0.003443224,0.05712890625,-0.006025294349819887,-0.6550478795543313,30.07839854359627,,
107.6706,577,445.1,1064,614400,300,0.0003,0.3065180778503418,0.2,2990,9.230533599853516,0.0079896245,0.076806640625,-0.0064093604072695595,-0.672880251891911,23.08158298432827,,
111.19640000000003,577,454.18,1067,616448,301,0.0003,0.2845739722251892,0.2,3000,13.63864803314209,0.0076849763,0.072900390625,-0.007382568006869405,-0.6654731826856732,30.603437387943266,,
111.4726,578,455.4,1070,618496,302,0.0003,0.41141951084136963,0.2,3010,8.842336654663086,0.0064197164,0.058544921875,-0.005512214393820614,-0.6311648847535253,18.796613320708275,,
,,,,620000,,0.0003,0.17108649015426636,0.2,3020,17.989953994750977,0.008568701,0.083544921875,-0.00826435973867774,-0.6770026387646795,34.342776203155516,924.8,201.984
112.90699999999998,576,453.82,1075,620544,303,,,,,,,,,,,,
114.89800000000001,577,464.49,1078,622592,304,0.0003,0.2763214111328125,0.2,3030,17.767940521240234,0.0064212214,0.07041015625,-0.008631722460268065,-0.6250686302781105,38.21035853922367,,
114.05079999999998,577,461.76,1081,624640,305,0.0003,0.1641198992729187,0.2,3040,13.627099990844727,0.0076471195,0.079345703125,-0.005022916929738131,-0.7546682745218277,19.072203622758387,,
116.00059999999999,578,469.48,1084,626688,306,0.0003,0.19797706604003906,0.2,3050,24.130598068237305,0.006044323,0.04912109375,-0.0077972473693080245,-0.6460268789902329,48.84782913923264,,
117.641,578,472.63,1087,628736,307,0.0003,0.2892161011695862,0.2,3060,8.495287895202637,0.005070286,0.06591796875,-0.004294046066934243,-0.6818156860768795,26.738227239251138,,
,,,,630000,,0.0003,0.2282291054725647,0.2,3070,11.229921340942383,0.0073518287,0.086669921875,-0.009714539640117436,-0.6626648003235459,29.352718418836595,845.2,231.63199999999998
119.93879999999999,577,477.98,1092,630784,308,,,,,,,,,,,,
118.9638,577,476.63,1095,632832,309,0.0003,0.22626954317092896,0.2,3080,6.5411272048950195,0.005171838,0.05771484375,-0.007573974007391371,-0.6291403759270906,25.38716117441654,,
117.76240000000001,577,471.57,1098,634880,310,0.0003,0.251434326171875,0.2,3090,11.454557418823242,0.008338692,0.076611328125,-0.007351836052839645,-0.6912080163136125,31.931625160574914,,
116.87819999999999,578,470.69,1101,636928,311,0.0003,0.21486997604370117,0.2,3100,18.347579956054688,0.0059353556,0.066650390625,-0.007060098124202341,-0.6717203570529818,31.423661476373674,,
118.77640000000001,578,475.98,1104,638976,312,0.0003,0.19807785749435425,0.2,3110,19.654844284057617,0.008177822,0.1107421875,-0.010918640252202749,-0.6740366937592626,30.48687413930893,,
,,,,640000,,0.0003,0.2985345721244812,0.2,3120,15.053365707397461,0.007806536,0.084130859375,-0.009261072377557866,-0.6489760290831328,35.21392375528812,962.0,249.336
122.1558,577,487.37,1110,641024,313,,,,,,,,,,,,
119.54259999999998,577,477.75,1113,643072,314,0.0003,0.3702269196510315,0.2,3130,7.271565914154053,0.007475522,0.103173828125,-0.011361944285454229,-0.6402229018509388,21.06881904900074,,
116.4642,577,461.33,1116,645120,315,0.0003,0.2257888913154602,0.2,3140,19.106109619140625,0.006940515,0.078125,-0.008539266214938834,-0.6753101143985987,37.299264127016066,,
117.63679999999998,578,457.81,1119,647168,316,0.0003,0.2208927869796753,0.2,3150,14.866230010986328,0.007252101,0.071484375,-0.00988342790515162,-0.6844304950907827,49.78204194903374,,
119.9332,578,458.22,1122,649216,317,0.0003,0.3222707509994507,0.2,3160,8.004014015197754,0.0074176444,0.098388671875,-0.0085824537120061,-0.6330711435526609,25.051366898417474,,
,,,,650000,,0.0003,0.29784631729125977,0.2,3170,8.287323951721191,0.006167729,0.057861328125,-0.006965672882506624,-0.6214803372509777,26.322608056664468,1871.4,152.99200000000002
124.56080000000001,576,467.32,1130,651264,318,,,,,,,,,,,,
124.28740000000002,576,465.96,1133,653312,319,0.0003,0.2474987506866455,0.2,3180,27.646053314208984,0.007503613,0.081103515625,-0.010966917035693769,-0.6261434134095907,37.86331385672092,,
120.904,576,449.76,1136,655360,320,0.0003,0.2486758828163147,0.2,3190,15.26596736907959,0.00779316,0.07255859375,-0.007952683744952083,-0.6453780489042401,26.113586407899856,,
124.67040000000001,576,461.84,1139,657408,321,0.0003,0.22469931840896606,0.2,3200,22.485248565673828,0.008545499,0.091748046875,-0.007164729884243571,-0.6623001543805003,39.864041936397555,,
121.46520000000001,577,451.76,1142,659456,322,0.0003,0.3003866672515869,0.2,3210,4.993959426879883,0.008605685,0.0810546875,-0.006820131826680153,-0.6628235859796405,18.317161375284194,,
,,,,660000,,0.0003,0.23712408542633057,0.2,3220,8.876948356628418,0.006462334,0.09013671875,-0.006758966603956651,-0.7456851050257682,32.45241463184357,1054.8,117.22
114.98539999999998,575,440.08,1148,661504,323,,,,,,,,,,,,
115.27539999999999,576,445.62,1151,663552,324,0.0003,0.26642686128616333,0.2,3230,9.704882621765137,0.0077442136,0.11083984375,-0.007352250465191901,-0.8050819460302592,34.30681439936161,,
118.73320000000001,576,458.1,1154,665600,325,0.0003,0.31575286388397217,0.2,3240,16.995037078857422,0.006049488,0.06923828125,-0.006041902683500666,-0.7261973338201642,32.71073777675629,,
119.071,576,466.26,1157,667648,326,0.0003,0.33901363611221313,0.2,3250,8.802865028381348,0.004672682,0.052294921875,-0.006221781083149835,-0.6838168079033494,27.939009299874307,,
119.40799999999999,577,464.44,1160,669696,327,0.0003,0.37238675355911255,0.2,3260,8.800435066223145,0.0066167694,0.082080078125,-0.00814422578259837,-0.6985803261399269,22.784648621082304,,
,,,,670000,,0.0003,0.26404738426208496,0.2,3270,14.31074333190918,0.0061347755,0.0716796875,-0.006941001341328956,-0.7290311101824045,31.778836706280707,840.6,187.636
115.12579999999998,575,453.1,1166,671744,328,,,,,,,,,,,,
105.20780000000002,576,417.94,1169,673792,329,0.0003,0.2655802369117737,0.2,3280,16.702987670898438,0.008425512,0.086572265625,-0.01170412256178679,-0.6667887218296528,48.036712390184405,,
104.57979999999998,576,419.28,1172,675840,330,0.0003,0.25496989488601685,0.2,3290,24.48270606994629,0.0072601708,0.090283203125,-0.012713381728099193,-0.6875347148627042,42.3548691034317,,
107.36840000000001,576,425.14,1175,677888,331,0.0003,0.19599050283432007,0.2,3300,22.255151748657227,0.006280622,0.0826171875,-0.007483699017029721,-0.7019104460254312,31.98746324777603,,
110.04399999999998,577,436.65,1178,679936,332,0.0003,0.18874800205230713,0.2,3310,7.712338447570801,0.00606673,0.071435546875,-0.007857903106196319,-0.6535409150645137,28.210707411170006,,
,,,,680000,,0.0003,0.30041074752807617,0.2,3320,10.741767883300781,0.007670571,0.120068359375,-0.014040949993068352,-0.677578391507268,30.27989568412304,1329.8,175.848
103.73899999999999,575,421.24,1185,681984,333,,,,,,,,,,,,
100.7624,575,409.75,1187,684032,334,0.0003,0.33022481203079224,0.2,3330,14.254629135131836,0.009271699,0.124853515625,-0.013253813848132267,-0.7034271527081728,35.468831753730775,,
100.91939999999998,576,411.92,1190,686080,335,0.0003,0.18565809726715088,0.2,3340,13.604828834533691,0.0064512626,0.076123046875,-0.0051001200525206515,-0.6551439333707094,30.85616672039032,,
105.0998,576,423.34,1193,688128,336,0.0003,0.21416378021240234,0.2,3350,20.895523071289062,0.0063174814,0.063525390625,-0.007706086797406897,-0.6543110929429531,35.85239028930664,,
,,,,690000,,0.0003,0.16268259286880493,0.2,3360,16.53329849243164,0.0052133687,0.063525390625,-0.008325496542238398,-0.6313909834250808,34.05223472714424,1684.4,108.63600000000001
101.54999999999998,574,415.46,1201,690176,337,,,,,,,,,,,,
101.26319999999998,574,414.77,1204,692224,338,0.0003,0.2601713538169861,0.2,3370,11.064334869384766,0.0052509205,0.061572265625,-0.006483695155475288,-0.6800216875970364,34.04190659224987,,
102.78300000000002,575,423.95,1207,694272,339,0.0003,0.3111385703086853,0.2,3380,10.507440567016602,0.005456676,0.066552734375,-0.006489854538813233,-0.6904614156112074,29.343859121203423,,
99.68500000000002,575,413.52,1210,696320,340,0.0003,0.32248204946517944,0.2,3390,9.639606475830078,0.011302343,0.12041015625,-0.013572152063716203,-0.7622196903452277,25.587775376439094,,
101.96900000000001,575,429.58,1213,698368,341,0.0003,0.23648369312286377,0.2,3400,25.848695755004883,0.006094872,0.08037109375,-0.005999931821133941,-0.7360223319381476,32.630035030841825,,
,,,,700000,,0.0003,0.3038618564605713,0.2,3410,8.564152717590332,0.0071886983,0.0755859375,-0.005796507964259945,-0.6840058587491512,26.54278059899807,1177.2,297.136
97.44760000000001,574,415.17,1219,700416,342,,,,,,,,,,,,
102.8336,574,431.44,1222,702464,343,0.0003,0.3438693881034851,0.2,3420,12.449869155883789,0.0068943864,0.082421875,-0.007329692074563354,-0.7217425702139735,31.931941363215447,,
105.15519999999998,574,435.6,1225,704512,344,0.0003,0.3118240237236023,0.2,3430,17.36310386657715,0.008456245,0.109765625,-0.007023459777701646,-0.6706096762791276,26.50237942636013,,
111.3334,575,452.34,1228,706560,345,0.0003,0.3063018321990967,0.2,3440,19.01618766784668,0.0071431533,0.080517578125,-0.009072300276602618,-0.6804061936214566,29.18012892603874,,
106.5714,575,429.92,1231,708608,346,0.0003,0.2861129641532898,0.2,3450,8.823139190673828,0.0067059537,0.08583984375,-0.010501795809250324,-0.6683666760101914,34.14003202021122,,
,,,,710000,,0.0003,0.29147768020629883,0.2,3460,12.944841384887695,0.0054829717,0.0498046875,-0.00730103294190485,-0.663173027522862,46.41020703315735,1233.2,173.772
104.69200000000002,574,413.67,1237,710656,347,,,,,,,,,,,,
103.56840000000003,574,409.73,1240,712704,348,0.0003,0.21479976177215576,0.2,3470,41.14643478393555,0.0069242883,0.095458984375,-0.011274728560238145,-0.6600989753380417,46.57804100513458,,
108.21760000000002,574,422.76,1243,714752,349,0.0003,0.2206537127494812,0.2,3480,17.2215633392334,0.0068717403,0.063671875,-0.008428704462130555,-0.6716215904802084,41.5139662027359,,
111.0358,574,432.15,1246,716800,350,0.0003,0.27828967571258545,0.2,3490,17.51418113708496,0.00636983,0.076904296875,-0.009728605466079898,-0.6513660363852978,30.867333883047102,,
113.2044,575,438.95,1249,718848,351,0.0003,0.17555570602416992,0.2,3500,12.068153381347656,0.010605715,0.10498046875,-0.009532292507356033,-0.6951943615451455,28.19239842891693,,
,,,,720000,,0.0003,0.26501286029815674,0.2,3510,26.687936782836914,0.0068240105,0.078271484375,-0.007709119949140586,-0.6484236599877476,34.422290325164795,951.4,429.908
117.76160000000002,574,451.57,1255,720896,352,,,,,,,,,,,,
123.3466,574,467.91,1258,722944,353,0.0003,0.3220922350883484,0.2,3520,15.093059539794922,0.0060562408,0.062255859375,-0.006778991867031436,-0.6559576265513897,33.9651077747345,,
120.77600000000002,574,456.16,1261,724992,354,0.0003,0.3506062626838684,0.2,3530,11.393052101135254,0.0071437582,0.076171875,-0.007714154488348867,-0.6203413072042168,22.76983525753021,,
123.98099999999998,575,466.25,1264,727040,355,0.0003,0.22516244649887085,0.2,3540,19.043916702270508,0.007413544,0.092822265625,-0.008270953479222954,-0.6753277659416199,34.01398720145225,,
127.00319999999998,575,470.45,1267,729088,356,0.0003,0.31583553552627563,0.2,3550,11.018471717834473,0.00606305,0.074560546875,-0.006224830984137952,-0.6407944964244962,23.726288226246833,,
,,,,730000,,0.0003,0.23354876041412354,0.2,3560,14.846296310424805,0.009774984,0.09228515625,-0.009106416378926951,-0.6584006095305085,30.925356698036193,618.8,258.204
129.7688,574,477.46,1271,731136,357,,,,,,,,,,,,
130.13019999999997,575,474.42,1274,733184,358,0.0003,0.2897913455963135,0.2,3570,19.242666244506836,0.007196636,0.11103515625,-0.01324831525562331,-0.6516284514218569,34.61253844201565,,
129.9672,575,477.56,1277,735232,359,0.0003,0.21136391162872314,0.2,3580,15.393855094909668,0.006804799,0.075537109375,-0.008710285351844505,-0.6657323461025954,39.76402795314789,,
128.5144,575,475.05,1280,737280,360,0.0003,0.3450990915298462,0.2,3590,17.575008392333984,0.0076252017,0.1,-0.008359062930685468,-0.643042747117579,25.632580998539925,,
128.55360000000002,575,483.11,1283,739328,361,0.0003,0.24158918857574463,0.2,3600,16.754474639892578,0.009138465,0.077099609375,-0.010259767944808118,-0.7280393740162253,38.5728904902935,,
,,,,740000,,0.0003,0.2595590353012085,0.2,3610,10.546649932861328,0.0072292597,0.080859375,-0.007394092585309408,-0.6800169656053185,24.643839246034624,1603.6,64.16
127.12359999999997,573,474.45,1291,741376,362,,,,,,,,,,,,
129.06159999999997,574,482.76,1294,743424,363,0.0003,0.24447780847549438,0.2,3620,11.718050003051758,0.009782901,0.08720703125,-0.011418357962975278,-0.6909298162907362,25.5870452105999,,
134.39919999999998,574,501.45,1297,745472,364,0.0003,0.3310813903808594,0.2,3630,11.024019241333008,0.007696514,0.06474609375,-0.006457979607512243,-0.7144236527383327,26.505462227761747,,
135.6856,574,502.26,1300,747520,365,0.0003,0.3555896282196045,0.2,3640,9.642719268798828,0.0049953647,0.05830078125,-0.006940350896911696,-0.6348039643839002,25.960192838311194,,
137.9802,574,502.76,1303,749568,366,0.0003,0.21389096975326538,0.2,3650,12.955479621887207,0.0073225703,0.093896484375,-0.009422948269639164,-0.6362816914916039,24.36677179336548,,
,,,,750000,,0.0003,0.28682947158813477,0.2,3660,33.718849182128906,0.0072418274,0.07646484375,-0.010986276960466057,-0.6302386537194252,27.229724991321564,2364.6,113.06800000000001
134.7574,572,488.55,1313,751616,367,,,,,,,,,,,,
129.38199999999998,572,471.75,1316,753664,368,0.0003,0.257704496383667,0.2,3670,12.47712516784668,0.0068247006,0.09130859375,-0.01007020214747172,-0.6966740343719721,34.10310480892658,,
127.5768,572,476.84,1319,755712,369,0.0003,0.20204424858093262,0.2,3680,14.371472358703613,0.007746487,0.107177734375,-0.013221989385783672,-0.6690438052639365,39.0864951044321,,
130.4114,572,490.42,1322,757760,370,0.0003,0.24677282571792603,0.2,3690,11.55778980255127,0.012297973,0.114453125,-0.009379525654367171,-0.7273449499160052,28.375944101810454,,
128.429,573,489.34,1325,759808,371,0.0003,0.321255624294281,0.2,3700,9.3513765335083,0.00699657,0.088916015625,-0.007058144557231571,-0.6389407380484045,26.026314836740493,,
,,,,760000,,0.0003,0.2848696708679199,0.2,3710,19.906787872314453,0.006087941,0.066162109375,-0.009695081342943012,-0.651421426795423,39.07015765309334,1063.4,195.204
130.5648,572,497.78,1331,761856,372,,,,,,,,,,,,
132.8352,572,504.5,1334,763904,373,0.0003,0.26447832584381104,0.2,3720,12.438352584838867,0.0063886745,0.07734375,-0.008204324392136187,-0.6294426340609789,25.135704857110976,,
127.0794,572,486.68,1337,765952,374,0.0003,0.2300981879234314,0.2,3730,17.982229232788086,0.007301584,0.080810546875,-0.00887500394601375,-0.6402377623133362,30.690601965785028,,
126.1692,572,487.1,1340,768000,375,0.0003,0.18852609395980835,0.2,3740,20.023725509643555,0.0054287217,0.092529296875,-0.010325705843570177,-0.6557672737166286,38.26849033236503,,
,,,,770000,,0.0003,0.1387520432472229,0.2,3750,19.113378524780273,0.010841019,0.13935546875,-0.010163873256533406,-0.7192582778632641,30.535121288895606,1391.4,136.54
125.38939999999998,571,491.02,1348,770048,376,,,,,,,,,,,,
123.68379999999999,571,491.13,1351,772096,377,0.0003,0.2751767635345459,0.2,3760,10.105338096618652,0.008175854,0.1,-0.008230904871015809,-0.6821722071617842,23.729925194382666,,
125.4038,571,500.32,1354,774144,378,0.0003,0.310296893119812,0.2,3770,7.682490825653076,0.011566935,0.108837890625,-0.008262911284691653,-0.6661522484384477,16.41490655094385,,
119.53960000000002,571,487.92,1357,776192,379,0.0003,0.2903149127960205,0.2,3780,8.283493041992188,0.0075974786,0.097265625,-0.00891185482905712,-0.7005277650430799,29.331206852197646,,
118.4832,572,485.63,1360,778240,380,0.0003,0.287006676197052,0.2,3790,9.301745414733887,0.010337055,0.10234375,-0.012681602599332108,-0.7042062113061547,32.113595366477966,,
,,,,780000,,0.0003,0.32784712314605713,0.2,3800,13.426922798156738,0.006702602,0.088720703125,-0.011286339673097246,-0.6785064987838269,30.24448343217373,521.8,183.99200000000002
117.36280000000001,571,486.54,1364,780288,381,,,,,,,,,,,,
111.84899999999998,571,476.66,1367,782336,382,0.0003,0.28184008598327637,0.2,3810,11.240342140197754,0.006324132,0.060986328125,-0.0075361592986155305,-0.7274309711530804,29.705048763751982,,
115.043,572,482.29,1370,784384,383,0.0003,0.19554609060287476,0.2,3820,35.04231643676758,0.009137075,0.09921875,-0.011488917193491942,-0.6599717903882265,35.110772928595544,,
119.796,572,495.14,1373,786432,384,0.0003,0.2833736538887024,0.2,3830,8.4205904006958,0.0071836384,0.089599609375,-0.01085497976600891,-0.6153273293748498,20.143486961722374,,
121.75539999999997,572,492.36,1376,788480,385,0.0003,0.292999804019928,0.2,3840,9.080230712890625,0.005732052,0.077587890625,-0.007606024693814106,-0.5940199991688132,29.421162408590316,,
,,,,790000,,0.0003,0.26968634128570557,0.2,3850,19.6441593170166,0.0064388793,0.069140625,-0.008830077535822056,-0.6594056971371174,36.468143817782405,1409.8,198.296
122.3698,571,496.71,1383,790528,386,,,,,,,,,,,,
124.7042,571,505.24,1386,792576,387,0.0003,0.4260610342025757,0.2,3860,7.938941478729248,0.007017198,0.070849609375,-0.0057572308753151445,-0.6609697056934237,19.742712473869325,,
115.62660000000001,571,473.15,1389,794624,388,0.0003,0.30650806427001953,0.2,3870,12.557085990905762,0.0059340065,0.069970703125,-0.007476423092884943,-0.633848556317389,27.21269283890724,,
113.1464,572,466.9,1392,796672,389,0.0003,0.27374207973480225,0.2,3880,10.377967834472656,0.008039586,0.10966796875,-0.010272274969611316,-0.6813261017203331,35.206665334105494,,
112.01159999999999,572,458.51,1395,798720,390,0.0003,0.28898680210113525,0.2,3890,14.426545143127441,0.0053944783,0.05,-0.006287127669202164,-0.6295634829439223,32.97326490581035,,
,,,,800000,,0.0003,0.17802691459655762,0.2,3900,21.467449188232422,0.0076520885,0.07890625,-0.010803228974691593,-0.634889860637486,48.74065549373627,669.4,34.748000000000005
116.0346,572,472.79,1399,800768,391,,,,,,,,,,,,
119.10220000000001,572,479.73,1402,802816,392,0.0003,0.3701367974281311,0.2,3910,12.025301933288574,0.007070396,0.063720703125,-0.004176554181321989,-0.6358645163476467,25.10904169976711,,
118.03479999999998,572,472.98,1405,804864,393,0.0003,0.29368335008621216,0.2,3920,15.371541976928711,0.006553827,0.075927734375,-0.006535288026498165,-0.69825888145715,28.56006560921669,,
121.2238,572,483.87,1408,806912,394,0.0003,0.2659105658531189,0.2,3930,15.233646392822266,0.0067234,0.0625,-0.006777046204661019,-0.6683957057073713,23.046590876579284,,
122.1482,573,482.74,1411,808960,395,0.0003,0.2960432171821594,0.2,3940,7.284539699554443,0.004141022,0.041552734375,-0.0035815550669212825,-0.6110860443674028,25.940933471918108,,
,,,,810000,,0.0003,0.26356351375579834,0.2,3950,8.797686576843262,0.006354125,0.08935546875,-0.010567663234542123,-0.6527719298377633,29.084569904208184,664.8,303.37600000000003
119.99960000000002,572,479.95,1416,811008,396,,,,,,,,,,,,
119.10400000000001,572,484.65,1419,813056,397,0.0003,0.21147656440734863,0.2,3960,16.08061981201172,0.0073163984,0.06591796875,-0.00852639477525372,-0.6281220186501741,33.087036716938016,,
120.9622,573,491.94,1422,815104,398,0.0003,0.2942136526107788,0.2,3970,12.669123649597168,0.0077274726,0.081103515625,-0.008127514510124455,-0.7757051415741444,24.905549615621567,,
121.499,573,485.14,1425,817152,399,0.0003,0.3188774585723877,0.2,3980,13.16146469116211,0.006036969,0.071044921875,-0.006306726617913228,-0.6749730952084064,25.184173503518103,,
112.6718,573,455.56,1428,819200,400,0.0003,0.27226489782333374,0.2,3990,9.7942476272583,0.006694631,0.07607421875,-0.0084856107190717,-0.6026465500704944,40.24074957370758,,
,,,,820000,,0.0003,0.3273964524269104,0.2,4000,9.8724946975708,0.007442287,0.0716796875,-0.007508607720956207,-0.7055038139224052,25.958992674946785,811.8,338.512
113.1468,572,451.85,1433,821248,401,,,,,,,,,,,,
113.5492,573,451.77,1436,823296,402,0.0003,0.201904296875,0.2,4010,24.64314079284668,0.0053302273,0.052197265625,-0.006959630598430522,-0.6005726467818022,42.496839648485185,,
115.01199999999999,573,448.77,1439,825344,403,0.0003,0.277898907661438,0.2,4020,8.708003997802734,0.009532045,0.072216796875,-0.007099906331859529,-0.600960218720138,27.863354444503784,,
115.50239999999998,573,454.31,1442,827392,404,0.0003,0.27716124057769775,0.2,4030,10.133362770080566,0.007143434,0.082275390625,-0.006932407688873354,-0.6504047917202115,30.360328710079195,,
113.82679999999999,573,452.92,1445,829440,405,0.0003,0.36695945262908936,0.2,4040,10.249134063720703,0.010038699,0.08818359375,-0.011431524774525314,-0.6665814504027366,19.345959800481797,,
,,,,830000,,0.0003,0.31918269395828247,0.2,4050,17.95659828186035,0.0056479694,0.056591796875,-0.006348822425934486,-0.6337349591776729,34.718929675221446,1341.8,315.88800000000003
113.6226,572,453.11,1452,831488,406,,,,,,,,,,,,
113.65360000000001,572,451.56,1455,833536,407,0.0003,0.34887057542800903,0.2,4060,9.5087308883667,0.007908825,0.0759765625,-0.006336737706442363,-0.6444568943232298,28.757729649543762,,
114.88380000000001,572,445.16,1458,835584,408,0.0003,0.36425334215164185,0.2,4070,11.09605598449707,0.0070529925,0.07216796875,-0.007869243368622847,-0.6644596669822931,33.38511546254158,,
112.8786,573,440.21,1461,837632,409,0.0003,0.15046077966690063,0.2,4080,10.623406410217285,0.0063292757,0.062890625,-0.0062035443828790445,-0.6456551522016525,34.73634835779667,,
111.3396,573,437.0,1464,839680,410,0.0003,0.24418747425079346,0.2,4090,13.980477333068848,0.007349776,0.086767578125,-0.008523079921724274,-0.654961000289768,28.834550547599793,,
,,,,840000,,0.0003,0.24666637182235718,0.2,4100,16.064624786376953,0.006579974,0.10439453125,-0.010989209957187995,-0.6916371867060661,28.500034204125406,1457.0,213.38400000000001
112.6752,571,445.37,1471,841728,411,,,,,,,,,,,,
111.3766,572,445.17,1474,843776,412,0.0003,0.18325257301330566,0.2,4110,19.46282196044922,0.006908107,0.080517578125,-0.00989185612561414,-0.6868055703118443,43.96389206647873,,
109.309,572,438.33,1477,845824,413,0.0003,0.2250385880470276,0.2,4120,6.820639610290527,0.008448034,0.102490234375,-0.01056869246676797,-0.6918821947649121,25.554825234413148,,
111.54520000000001,572,446.76,1480,847872,414,0.0003,0.22563523054122925,0.2,4130,16.810897827148438,0.008786853,0.104248046875,-0.0074658435638411905,-0.7003386851400137,23.466663679480554,,
114.77439999999999,572,455.64,1483,849920,415,0.0003,0.31104862689971924,0.2,4140,6.515825271606445,0.0061813463,0.083056640625,-0.007164435120648705,-0.6602845864370466,20.32020866572857,,
,,,,850000,,0.0003,0.4060264825820923,0.2,4150,11.284838676452637,0.0064141667,0.081787109375,-0.00954234036616981,-0.6540472412481904,24.32527305185795,862.4,149.124
109.62999999999998,572,437.31,1489,851968,416,,,,,,,,,,,,
112.59599999999999,572,444.32,1492,854016,417,0.0003,0.28295767307281494,0.2,4160,17.90862464904785,0.008015441,0.08896484375,-0.011350509258045349,-0.6555895905941724,35.577225148677826,,
112.31200000000001,572,443.49,1494,856064,418,0.0003,0.2191905379295349,0.2,4170,14.37051010131836,0.006489574,0.0515625,-0.00624944137816783,-0.6761400762945413,28.784760105609895,,
115.9918,572,449.88,1497,858112,419,0.0003,0.2835546135902405,0.2,4180,8.68215274810791,0.008022025,0.087841796875,-0.009255933019449002,-0.7012664757668972,30.906418532133102,,
,,,,860000,,0.0003,0.17423707246780396,0.2,4190,15.562638282775879,0.007636984,0.07734375,-0.009951722237747162,-0.735284754820168,31.878970792889596,1486.8,120.604
115.31820000000002,571,443.48,1505,860160,420,,,,,,,,,,,,
112.03900000000002,571,437.1,1508,862208,421,0.0003,0.29773223400115967,0.2,4200,7.279370307922363,0.007922187,0.08583984375,-0.009856169423437677,-0.7247853204607964,25.173920080065727,,
117.16160000000002,571,456.52,1511,864256,422,0.0003,0.18036526441574097,0.2,4210,8.503053665161133,0.008821111,0.087060546875,-0.010730424389475957,-0.7232663748785854,30.491637405753135,,
120.5406,572,462.92,1514,866304,423,0.0003,0.2386338710784912,0.2,4220,4.610540390014648,0.006137683,0.06845703125,-0.007709164840343874,-0.6523506883531809,23.389854410290717,,
120.9496,572,467.52,1517,868352,424,0.0003,0.29671913385391235,0.2,4230,11.765851020812988,0.008756908,0.07744140625,-0.009952796786092222,-0.627720105741173,32.410619363188744,,
,,,,870000,,0.0003,0.1319240927696228,0.2,4240,8.54555892944336,0.008224979,0.091455078125,-0.011495382682187482,-0.6421582587063313,29.072248965501785,922.0,51.74000000000001
119.08200000000001,571,470.72,1522,870400,425,,,,,,,,,,,,
119.17920000000002,571,475.88,1525,872448,426,0.0003,0.2818230390548706,0.2,4250,13.24683952331543,0.007727453,0.091455078125,-0.005483570895739831,-0.741072547622025,18.898585717380048,,
122.08659999999998,572,485.82,1528,874496,427,0.0003,0.2805781364440918,0.2,4260,12.46395492553711,0.0053059873,0.054541015625,-0.0065601480746408924,-0.6174816687591373,26.995509368181228,,
119.95439999999999,572,472.19,1531,876544,428,0.0003,0.34868842363357544,0.2,4270,9.398538589477539,0.005735495,0.07646484375,-0.008303740300470963,-0.633902801387012,24.370728406310082,,
116.70980000000002,572,464.08,1534,878592,429,0.0003,0.25371766090393066,0.2,4280,12.268301010131836,0.0057857223,0.054150390625,-0.006303373277478386,-0.638677671737969,41.810807943344116,,
,,,,880000,,0.0003,0.2921859622001648,0.2,4290,20.677040100097656,0.007737809,0.088232421875,-0.00866463766724337,-0.7143419852480293,34.051757398247716,597.6,206.52399999999997
115.23020000000001,572,462.91,1539,880640,430,,,,,,,,,,,,
114.32119999999998,572,468.28,1542,882688,431,0.0003,0.2731533646583557,0.2,4300,20.499942779541016,0.005995093,0.08125,-0.00892394312832039,-0.6588286103680729,34.15254123806953,,
112.52019999999999,572,463.14,1545,884736,432,0.0003,0.3017081618309021,0.2,4310,10.946064949035645,0.009338174,0.088525390625,-0.010481162054929882,-0.716422233171761,23.43879698216915,,
112.2006,572,459.08,1548,886784,433,0.0003,0.2764401435852051,0.2,4320,16.01764678955078,0.008072434,0.115625,-0.011037730250973255,-0.7525371363386512,24.084276658296584,,
110.1434,572,451.72,1551,888832,434,0.0003,0.20660614967346191,0.2,4330,17.932933807373047,0.0067219026,0.06982421875,-0.008110605736146682,-0.6504139246419072,36.092540237307546,,
,,,,890000,,0.0003,0.2621801495552063,0.2,4340,20.835220336914062,0.006559072,0.079736328125,-0.010782457650930156,-0.6536025542765855,25.799552088975908,1174.6,36.668
112.1892,571,454.64,1557,890880,435,,,,,,,,,,,,
110.38659999999999,572,444.57,1560,892928,436,0.0003,0.21600443124771118,0.2,4350,16.233579635620117,0.0056098234,0.059716796875,-0.00673301103815902,-0.6573479874059558,27.899571052193643,,
109.30199999999996,572,438.68,1563,894976,437,0.0003,0.251947283744812,0.2,4360,22.475147247314453,0.008981384,0.105078125,-0.01200226463843137,-0.6391074633225798,29.52535261809826,,
110.50440000000002,572,443.69,1566,897024,438,0.0003,0.24110418558120728,0.2,4370,10.250739097595215,0.0061326018,0.06748046875,-0.008522273832932114,-0.6558021105825901,26.604186150431634,,
112.0862,572,449.77,1569,899072,439,0.0003,0.2851792573928833,0.2,4380,13.8818359375,0.00787453,0.077001953125,-0.0083361818571575,-0.6157367212697864,26.372521743178368,,
,,,,900000,,0.0003,0.3016088008880615,0.2,4390,6.47829532623291,0.0070600277,0.07421875,-0.0045632261229911816,-0.6177940427325666,20.59649739265442,1415.2,112.016
113.4532,571,456.57,1576,901120,440,,,,,,,,,,,,
116.0812,571,465.45,1578,903168,441,0.0003,0.33627110719680786,0.2,4400,7.338588237762451,0.0067298533,0.083203125,-0.007233963822363876,-0.6285027137026191,19.2037395760417,,
115.1966,572,464.59,1581,905216,442,0.0003,0.2691398859024048,0.2,4410,13.219364166259766,0.00787722,0.094287109375,-0.012379810023412574,-0.6658703338354826,30.6164019882679,,
119.0918,572,480.25,1584,907264,443,0.0003,0.26356691122055054,0.2,4420,10.03997802734375,0.009471455,0.11103515625,-0.009884051137487405,-0.7265728484839201,25.143023303151132,,
119.82780000000001,572,483.53,1587,909312,444,0.0003,0.35828089714050293,0.2,4430,4.834549427032471,0.0071178125,0.08193359375,-0.007267807028256357,-0.6672146920114755,17.098177361488343,,
,,,,910000,,0.0003,0.34226804971694946,0.2,4440,20.845504760742188,0.0070809117,0.080224609375,-0.008017408644082024,-0.6428446648642421,27.209179592132568,642.2,231.68400000000003
120.97600000000003,572,481.23,1592,911360,445,,,,,,,,,,,,
118.56559999999999,572,471.49,1595,913408,446,0.0003,0.21630233526229858,0.2,4450,11.140026092529297,0.0043778997,0.05009765625,-0.007201061426894739,-0.6312699567526578,28.500754994153976,,
123.54040000000003,572,488.28,1598,915456,447,0.0003,0.22824084758758545,0.2,4460,27.072507858276367,0.0050116577,0.049560546875,-0.00883659242244903,-0.5765889537520706,41.50561059713364,,
123.7878,572,480.92,1601,917504,448,0.0003,0.4127879738807678,0.2,4470,8.03357982635498,0.00636507,0.063818359375,-0.007874839694704861,-0.6099202558398247,21.549913316965103,,
123.78080000000001,573,471.25,1604,919552,449,0.0003,0.32389187812805176,0.2,4480,15.1069917678833,0.007878275,0.0833984375,-0.010648487531580032,-0.6556445917114615,40.74738814234733,,
,,,,920000,,0.0003,0.22236257791519165,0.2,4490,4.831960678100586,0.007337018,0.0701171875,-0.00723532738047652,-0.6349079493433237,29.780619895458223,711.0,304.456
122.384,572,465.94,1609,921600,450,,,,,,,,,,,,
121.436,572,468.25,1612,923648,451,0.0003,0.16258782148361206,0.2,4500,27.5696964263916,0.006530935,0.088525390625,-0.008181755407713353,-0.6039132841862738,41.52508460879326,,
121.05599999999998,572,467.21,1615,925696,452,0.0003,0.29263949394226074,0.2,4510,24.772903442382812,0.005884066,0.08671875,-0.009342743779416195,-0.6626489395275712,37.01960915923119,,
123.475,573,476.52,1619,927744,453,0.0003,0.2309926152229309,0.2,4520,17.492658615112305,0.006107079,0.08251953125,-0.008763904173974879,-0.6411440759897232,30.835002076625823,,
125.9076,573,490.16,1622,929792,454,0.0003,0.2916707992553711,0.2,4530,17.968189239501953,0.005531014,0.081494140625,-0.004160080492147245,-0.680464301072061,21.99413928091526,,
,,,,930000,,0.0003,0.4122862219810486,0.2,4540,5.650719165802002,0.008296648,0.08798828125,-0.007928266478120349,-0.6742120550945401,17.762650802731514,1511.2,258.392
127.3766,571,491.86,1629,931840,455,,,,,,,,,,,,
129.67659999999998,572,502.11,1632,933888,456,0.0003,0.2135578989982605,0.2,4550,16.15300750732422,0.006761986,0.05791015625,-0.006809417458134704,-0.6688611976802349,35.9161179959774,,
130.64339999999999,572,503.87,1635,935936,457,0.0003,0.277615487575531,0.2,4560,10.740530014038086,0.0076403683,0.071484375,-0.0059693094983231275,-0.6988864175975322,24.098194366693498,,
132.1948,572,516.48,1638,937984,458,0.0003,0.3306945562362671,0.2,4570,21.240856170654297,0.0067265676,0.082763671875,-0.006807563616894186,-0.6820260809734464,28.023428627848624,,
,,,,940000,,0.0003,0.38495510816574097,0.2,4580,6.956421375274658,0.005973857,0.0806640625,-0.008999131470045541,-0.7019079096615315,22.022812247276306,610.6,126.104
133.40480000000002,571,526.12,1643,940032,459,,,,,,,,,,,,
138.33499999999998,572,545.14,1646,942080,460,0.0003,0.2904052138328552,0.2,4590,12.8085298538208,0.0068572303,0.0662109375,-0.006532149360282347,-0.7230451652780175,31.593090200424193,,
137.17520000000002,572,543.01,1649,944128,461,0.0003,0.22401219606399536,0.2,4600,6.881053447723389,0.008154625,0.08642578125,-0.008687993459170684,-0.6671046623960137,21.317082607746123,,
135.4792,572,542.64,1652,946176,462,0.0003,0.29418665170669556,0.2,4610,10.464563369750977,0.005838399,0.079296875,-0.007499060654663481,-0.6770404759794474,21.571145543456076,,
138.566,572,553.63,1655,948224,463,0.0003,0.24433475732803345,0.2,4620,11.801745414733887,0.007778315,0.10771484375,-0.011538047302747146,-0.7112582433968783,26.717618677020074,,
,,,,950000,,0.0003,0.37190157175064087,0.2,4630,10.007802963256836,0.0071663437,0.0623046875,-0.005876315481145866,-0.6596943372860551,20.07457296550274,1246.6,155.46800000000002
138.629,571,555.49,1662,950272,464,,,,,,,,,,,,
140.2212,571,566.06,1665,952320,465,0.0003,0.27426230907440186,0.2,4640,12.037835121154785,0.0070649367,0.09384765625,-0.010620644097798504,-0.6242300752550364,27.35692671239376,,
133.2854,572,547.12,1668,954368,466,0.0003,0.27413368225097656,0.2,4650,8.220409393310547,0.006734576,0.069482421875,-0.006060811903444119,-0.7255963705480099,20.603247132897376,,
131.575,572,542.46,1671,956416,467,0.0003,0.15663206577301025,0.2,4660,20.22285270690918,0.006217671,0.065673828125,-0.00831659610121278,-0.7132395260035992,31.038512977957726,,
132.6506,572,543.79,1673,958464,468,0.0003,0.3197099566459656,0.2,4670,12.597599029541016,0.0070208637,0.079833984375,-0.008562561660073697,-0.6703354496508837,27.48423581123352,,
,,,,960000,,0.0003,0.3452078700065613,0.2,4680,13.454243659973145,0.008969833,0.086767578125,-0.01176019691483816,-0.6755541142076253,26.816744509339333,645.4,259.67600000000004
134.695,572,551.79,1678,960512,469,,,,,,,,,,,,
133.4536,572,543.72,1682,962560,470,0.0003,0.32534199953079224,0.2,4690,12.465076446533203,0.008094024,0.1123046875,-0.011065298621542752,-0.6659156994894146,23.224692478775978,,
131.9526,572,538.61,1685,964608,471,0.0003,0.38443976640701294,0.2,4700,20.327098846435547,0.0070638843,0.076416015625,-0.00795713156403508,-0.65320667270571,25.05484852194786,,
133.204,572,541.17,1688,966656,472,0.0003,0.2780619263648987,0.2,4710,6.343889236450195,0.006653739,0.07138671875,-0.009796145357540809,-0.6547641314566135,27.266837093234063,,
129.0722,572,532.33,1691,968704,473,0.0003,0.3147273063659668,0.2,4720,9.942756652832031,0.0072106756,0.0806640625,-0.009797557588899507,-0.6105824905447662,29.861479380726813,,
,,,,970000,,0.0003,0.25139403343200684,0.2,4730,21.36012840270996,0.007945299,0.072119140625,-0.009763228578958661,-0.6916568119078874,33.77287685275078,945.0,249.67600000000002
131.5744,572,542.49,1697,970752,474,,,,,,,,,,,,
133.4808,572,547.37,1699,972800,475,0.0003,0.3217045068740845,0.2,4740,6.917613983154297,0.010442068,0.089404296875,-0.008613714002422057,-0.6726742077618837,31.34456254541874,,
127.3176,572,529.88,1702,974848,476,0.0003,0.3010159730911255,0.2,4750,10.145401954650879,0.009399559,0.082958984375,-0.009839156945236027,-0.6819535182788968,33.94384961724281,,
133.572,572,552.83,1705,976896,477,0.0003,0.2878948450088501,0.2,4760,18.423322677612305,0.0070712212,0.08720703125,-0.010725430827005767,-0.678418604657054,29.720774012804032,,
136.6434,573,559.58,1708,978944,478,0.0003,0.19369643926620483,0.2,4770,23.72088050842285,0.006582286,0.074365234375,-0.008171516875154338,-0.6528777601197362,30.27051684856415,,
,,,,980000,,0.0003,0.2689982056617737,0.2,4780,30.87786102294922,0.005962215,0.061181640625,-0.007988215718069114,-0.6143692523241043,33.09234060943127,1531.6,229.92799999999997
138.9392,571,565.03,1715,980992,479,,,,,,,,,,,,
138.63260000000002,572,565.33,1717,983040,480,0.0003,0.3117617964744568,0.2,4790,14.446828842163086,0.009285628,0.09287109375,-0.011539662833092735,-0.6596808446571231,26.697709330916403,,
136.9072,572,551.4,1720,985088,481,0.0003,0.23285996913909912,0.2,4800,13.150960922241211,0.007952791,0.082666015625,-0.007700920975185,-0.665834535844624,24.196810948848725,,
134.27419999999998,572,537.76,1723,987136,482,0.0003,0.27249449491500854,0.2,4810,17.56329345703125,0.007053585,0.08486328125,-0.00904590989521239,-0.6500495923683047,32.38900201320648,,
133.6598,572,533.41,1726,989184,483,0.0003,0.24059325456619263,0.2,4820,14.510096549987793,0.0089227855,0.106298828125,-0.01229312441428192,-0.6394034316763282,34.83650417327881,,
,,,,990000,,0.0003,0.2515310049057007,0.2,4830,12.672636032104492,0.0068490603,0.076025390625,-0.007498592705815099,-0.6747818566858769,24.79301964044571,1117.4,290.316
131.9338,572,519.51,1732,991232,484,,,,,,,,,,,,
127.94740000000002,572,503.4,1735,993280,485,0.0003,0.20194119215011597,0.2,4840,12.782561302185059,0.007254909,0.0779296875,-0.009355829027481378,-0.6675696827471256,35.418498161435124,,
128.2392,572,503.84,1738,995328,486,0.0003,0.26771414279937744,0.2,4850,4.758674621582031,0.010418893,0.10107421875,-0.011215436761267484,-0.7160525031387805,23.977757480740546,,
120.77080000000002,572,471.45,1741,997376,487,0.0003,0.3115002512931824,0.2,4860,13.415534019470215,0.0072706705,0.087744140625,-0.009689881128724664,-0.6437959926202893,28.04232294857502,,
120.05719999999998,572,457.03,1744,999424,488,0.0003,0.18835628032684326,0.2,4870,39.224876403808594,0.0058826413,0.04951171875,-0.008706060980330221,-0.6485616693273186,39.79859102666378,,
,,,,1000000,,0.0003,0.21411985158920288,0.2,4880,14.09465217590332,0.0050256904,0.052880859375,-0.007827520959835965,-0.6256763122975826,34.79283059239388,1300.4,294.67199999999997
121.37399999999998,571,461.33,1751,1001472,489,,,,,,,,,,,,
121.2538,572,452.31,1753,1003520,490,0.0003,0.2746148109436035,0.2,4890,23.419403076171875,0.007170629,0.080517578125,-0.009274566025123932,-0.6787559932097793,32.32273983061314,,
121.43299999999999,572,448.36,1756,1005568,491,0.0003,0.2237180471420288,0.2,4900,9.069692611694336,0.0065340456,0.07001953125,-0.010632910593994894,-0.6198319748975336,38.96277256309986,,
116.4902,572,429.97,1759,1007616,492,0.0003,0.20249313116073608,0.2,4910,12.22725772857666,0.007342941,0.065966796875,-0.0069440713617950674,-0.648603711463511,31.835452696681024,,
112.00319999999999,573,423.86,1762,1009664,493,0.0003,0.20381659269332886,0.2,4920,12.572543144226074,0.00550226,0.0642578125,-0.007129506132332608,-0.6415735135786236,35.73752825558186,,
,,,,1010000,,0.0003,0.13984638452529907,0.2,4930,9.627862930297852,0.008920014,0.085888671875,-0.007932858145795762,-0.7170603325590491,28.844998943805695,690.2,282.828
112.09199999999998,572,424.43,1766,1011712,494,,,,,,,,,,,,
111.05019999999999,572,421.41,1769,1013760,495,0.0003,0.2339126467704773,0.2,4940,23.558094024658203,0.008926487,0.096923828125,-0.011003020165662746,-0.6587377347052097,33.62389708459377,,
112.65279999999998,573,426.45,1772,1015808,496,0.0003,0.24027782678604126,0.2,4950,18.3456974029541,0.0069114156,0.08310546875,-0.008649355033412576,-0.6125161888077855,25.652761644124986,,
113.62200000000003,573,428.09,1775,1017856,497,0.0003,0.2279776930809021,0.2,4960,12.90004825592041,0.006761876,0.084619140625,-0.011792756023351104,-0.6305894691497087,39.245458480715754,,
103.35880000000002,573,400.17,1777,1019904,498,0.0003,0.30953335762023926,0.2,4970,14.131672859191895,0.007618947,0.068505859375,-0.009025702616781928,-0.6269963035359979,35.3711571007967,,
,,,,1020000,,0.0003,0.2623642683029175,0.2,4980,14.488251686096191,0.008110239,0.082861328125,-0.011029137295554391,-0.6890123836696148,38.876043882966044,642.0,93.412
101.97200000000001,573,399.37,1782,1021952,499,,,,,,,,,,,,
101.10079999999998,573,392.83,1785,1024000,500,0.0003,0.30298328399658203,0.2,4990,9.2257719039917,0.006643368,0.06962890625,-0.006298042854177765,-0.6674960605800152,26.38656194806099,,
103.5822,573,404.03,1787,1026048,501,0.0003,0.20253616571426392,0.2,5000,16.020214080810547,0.005565105,0.066796875,-0.007791535509750247,-0.6473475711420178,33.10637273490429,,
101.0036,574,392.68,1790,1028096,502,0.0003,0.27537816762924194,0.2,5010,20.390308380126953,0.0058957785,0.066552734375,-0.006315703914151527,-0.621114123146981,28.69535689949989,,
,,,,1030000,,0.0003,0.21488863229751587,0.2,5020,12.091054916381836,0.0065618223,0.083837890625,-0.010732825522427446,-0.6187517318874598,33.49200019836426,1298.8,146.408
99.58040000000001,573,388.69,1796,1030144,503,,,,,,,,,,,,
102.40719999999999,573,392.64,1799,1032192,504,0.0003,0.26678258180618286,0.2,5030,25.26177978515625,0.00727172,0.089990234375,-0.009499151670024731,-0.6231166519224643,34.59860424697399,,
105.65599999999999,573,405.55,1802,1034240,505,0.0003,0.31492727994918823,0.2,5040,7.3552045822143555,0.0075367857,0.083203125,-0.00708718724490609,-0.6018092186190188,21.486808690428735,,
110.23639999999999,573,417.01,1805,1036288,506,0.0003,0.30754101276397705,0.2,5050,14.047199249267578,0.004218444,0.044482421875,-0.004037335905013606,-0.6221336206421256,18.80560590326786,,
111.36359999999999,573,420.77,1808,1038336,507,0.0003,0.3831748366355896,0.2,5060,17.139245986938477,0.009354038,0.127294921875,-0.015170592133654282,-0.5792251039296389,25.770025366544722,,
,,,,1040000,,0.0003,0.3009382486343384,0.2,5070,18.722919464111328,0.008207341,0.099072265625,-0.012713761680060998,-0.6116079727187753,33.59075311720371,1648.0,209.56400000000002
113.616,572,428.39,1816,1040384,508,,,,,,,,,,,,
110.90979999999999,572,423.42,1819,1042432,509,0.0003,0.29907840490341187,0.2,5080,25.21092414855957,0.01156079,0.10341796875,-0.010171462658036035,-0.6561231212690473,36.925999474525455,,
112.7752,573,430.35,1822,1044480,510,0.0003,0.23101180791854858,0.2,5090,20.73882484436035,0.0064632804,0.07822265625,-0.009373112523462623,-0.7043642899021506,44.872056645154956,,
109.74680000000001,573,426.46,1825,1046528,511,0.0003,0.29563987255096436,0.2,5100,14.375930786132812,0.009534638,0.10283203125,-0.0082005910895532,-0.6709944693371653,29.61925112307072,,
110.4918,573,434.3,1828,1048576,512,0.0003,0.16171354055404663,0.2,5110,28.70384407043457,0.0066549173,0.07431640625,-0.00942936455248855,-0.6748104183003306,36.79391125440598,,
,,,,1050000,,0.0003,0.27379757165908813,0.2,5120,10.236013412475586,0.010279303,0.09501953125,-0.008687013934832066,-0.6924272190779448,22.402008372545243,623.0,264.13199999999995
113.2724,572,445.57,1833,1050624,513,,,,,,,,,,,,
115.6166,573,453.61,1836,1052672,514,0.0003,0.2969108819961548,0.2,5130,14.528802871704102,0.00738401,0.072314453125,-0.007519694216898643,-0.6392183493822813,24.21078943014145,,
120.12960000000001,573,463.43,1839,1054720,515,0.0003,0.3280242681503296,0.2,5140,6.220846176147461,0.005612581,0.073388671875,-0.007250915565236937,-0.6299607147462666,24.524848541617395,,
118.9592,573,451.81,1842,1056768,516,0.0003,0.31297922134399414,0.2,5150,10.292314529418945,0.007029463,0.08857421875,-0.011559149748063647,-0.6183163003996015,31.001745933294295,,
120.6662,573,456.64,1845,1058816,517,0.0003,0.1592084765434265,0.2,5160,9.649574279785156,0.0073788725,0.078759765625,-0.010528785397764296,-0.6977012990042567,40.71815125346184,,
,,,,1060000,,0.0003,0.28911292552948,0.2,5170,16.72256088256836,0.00683194,0.064990234375,-0.0072231448692036794,-0.6322938479483128,23.810600952804087,639.8,293.85600000000005
119.3608,573,456.78,1850,1060864,518,,,,,,,,,,,,
120.23939999999999,573,462.95,1853,1062912,519,0.0003,0.25519412755966187,0.2,5180,15.94990348815918,0.006419581,0.08388671875,-0.011398866880335845,-0.6317974291741848,32.869109600782394,,
121.14239999999998,573,467.9,1856,1064960,520,0.0003,0.3958336114883423,0.2,5190,12.252488136291504,0.008952253,0.087451171875,-0.010496010168571957,-0.6665874550119042,32.44716816842556,,
122.0914,573,465.54,1859,1067008,521,0.0003,0.34888070821762085,0.2,5200,16.018592834472656,0.0070283334,0.0849609375,-0.00918611191737,-0.6384147139266133,24.144976209104062,,
120.3716,573,456.34,1862,1069056,522,0.0003,0.2810257077217102,0.2,5210,12.671273231506348,0.009498787,0.085595703125,-0.011483532737474888,-0.6436645632609725,37.20925618708134,,
,,,,1070000,,0.0003,0.23011285066604614,0.2,5220,14.429384231567383,0.006601613,0.076318359375,-0.010283928290300537,-0.6436858352273702,37.52814661562443,902.8,386.79200000000003
118.17440000000002,573,450.97,1868,1071104,523,,,,,,,,,,,,
121.97100000000002,573,466.55,1871,1073152,524,0.0003,0.3407468795776367,0.2,5230,13.645307540893555,0.009294704,0.124462890625,-0.010368884369381704,-0.6499942300841213,22.35515574812889,,
123.4348,573,468.51,1874,1075200,525,0.0003,0.3991338014602661,0.2,5240,11.139727592468262,0.00864296,0.089111328125,-0.008628773098462262,-0.6765121021308005,21.923495629429816,,
124.11380000000001,573,469.63,1876,1077248,526,0.0003,0.2766231298446655,0.2,5250,15.215164184570312,0.00795204,0.083740234375,-0.01266383652400691,-0.6722050864249468,30.854629710316658,,
123.2612,574,467.17,1879,1079296,527,0.0003,0.2508847117424011,0.2,5260,16.581787109375,0.0065912297,0.0568359375,-0.010000248908181675,-0.6539791390299797,37.91155533194542,,
,,,,1080000,,0.0003,0.353817880153656,0.2,5270,11.422441482543945,0.0047376417,0.059228515625,-0.008026959735434502,-0.66581552606076,30.251835414767264,812.4,360.54400000000004
117.1112,573,449.02,1885,1081344,528,,,,,,,,,,,,
116.71719999999998,573,453.69,1888,1083392,529,0.0003,0.3152228593826294,0.2,5280,8.330972671508789,0.0074153324,0.0791015625,-0.008748553422628902,-0.6664708452299237,20.971359553933144,,
119.04180000000001,573,462.71,1891,1085440,530,0.0003,0.18362212181091309,0.2,5290,7.797134876251221,0.008371696,0.089111328125,-0.010352610267000273,-0.670406911149621,27.61954119503498,,
120.28099999999999,574,465.88,1894,1087488,531,0.0003,0.19223159551620483,0.2,5300,23.171724319458008,0.006978771,0.063525390625,-0.008199362517916597,-0.6781911876052618,33.297385758161546,,
116.59919999999998,574,454.58,1897,1089536,532,0.0003,0.2868872880935669,0.2,5310,21.25151252746582,0.0073481747,0.097216796875,-0.010090726302587427,-0.7084130480885505,32.27799113690853,,
,,,,1090000,,0.0003,0.17034566402435303,0.2,5320,17.241178512573242,0.011230887,0.087548828125,-0.011896840165718459,-0.7511963089928031,41.66279786527157,1501.8,214.49200000000002
118.06639999999999,573,461.38,1904,1091584,533,,,,,,,,,,,,
116.20060000000001,573,454.47,1907,1093632,534,0.0003,0.2555255889892578,0.2,5330,8.461185455322266,0.009296581,0.098388671875,-0.009411283647932579,-0.658699931949377,30.121166691184044,,
101.7706,573,409.44,1910,1095680,535,0.0003,0.33219337463378906,0.2,5340,6.300121307373047,0.0067071575,0.07080078125,-0.006322044250555337,-0.7453656170517207,21.151731514930724,,
103.00739999999998,573,412.73,1913,1097728,536,0.0003,0.1721363663673401,0.2,5350,20.54495620727539,0.0067533287,0.05224609375,-0.008642877101374324,-0.6657123437151313,39.7851845741272,,
99.70559999999999,573,402.47,1916,1099776,537,0.0003,0.3189294934272766,0.2,5360,14.91141128540039,0.008333432,0.081982421875,-0.011220107779081445,-0.643698868714273,30.43399676680565,,
,,,,1100000,,0.0003,0.2865949869155884,0.2,5370,19.111066818237305,0.0076545984,0.084423828125,-0.01016910787584493,-0.6777537995949388,28.788874235749244,1137.0,247.84
98.68299999999999,572,398.49,1923,1101824,538,,,,,,,,,,,,
100.564,573,404.64,1926,1103872,539,0.0003,0.22619950771331787,0.2,5380,12.12578296661377,0.0065896423,0.081787109375,-0.008909645453968551,-0.6543793575838208,25.393736791610717,,
99.83759999999998,573,400.88,1929,1105920,540,0.0003,0.300637423992157,0.2,5390,8.839102745056152,0.0058222394,0.064208984375,-0.008206461397639942,-0.6252975784242153,23.32831520140171,,
103.72059999999999,573,412.14,1932,1107968,541,0.0003,0.26392924785614014,0.2,5400,13.662759780883789,0.0066060647,0.0939453125,-0.008885739119432402,-0.6955175504088402,26.470844760537148,,
,,,,1110000,,0.0003,0.18073558807373047,0.2,5410,20.27248764038086,0.007652931,0.0849609375,-0.011094971734564751,-0.6981526559218765,35.62185446321964,1088.0,172.668
102.56379999999997,572,414.87,1938,1110016,542,,,,,,,,,,,,
100.53020000000001,572,406.33,1941,1112064,543,0.0003,0.2996910810470581,0.2,5420,6.6521687507629395,0.0073346687,0.08154296875,-0.006652433058479801,-0.7331241518259048,19.521757197380065,,
98.8206,572,401.63,1944,1114112,544,0.0003,0.29293251037597656,0.2,5430,8.47430419921875,0.00629636,0.063037109375,-0.008041180555301253,-0.6884770061820745,30.74595010280609,,
98.37180000000002,573,404.03,1947,1116160,545,0.0003,0.11782664060592651,0.2,5440,24.448619842529297,0.0058821035,0.056884765625,-0.008463874534936622,-0.7263108037412167,32.91194894611836,,
102.71520000000002,573,412.31,1950,1118208,546,0.0003,0.29106980562210083,0.2,5450,15.3370943069458,0.006900187,0.06884765625,-0.007784944918239489,-0.6541353991255164,30.909666562080382,,
,,,,1120000,,0.0003,0.3271104097366333,0.2,5460,11.653505325317383,0.006572521,0.076611328125,-0.009213669638847932,-0.6638701060786844,27.734732723236085,581.6,250.93200000000002
100.60499999999998,572,407.6,1955,1120256,547,,,,,,,,,,,,
103.34740000000002,573,420.78,1958,1122304,548,0.0003,0.29207170009613037,0.2,5470,8.389577865600586,0.007404395,0.076171875,-0.009452004567719996,-0.6434507183730602,30.02927002608776,,
105.42960000000001,573,421.88,1961,1124352,549,0.0003,0.30622363090515137,0.2,5480,9.078606605529785,0.0065790815,0.077099609375,-0.007681930603575892,-0.6632027968764305,24.145155531167983,,
105.9334,573,421.74,1964,1126400,550,0.0003,0.3485892415046692,0.2,5490,11.109984397888184,0.005794673,0.061669921875,-0.008315417397534474,-0.5953205283731222,26.55208784341812,,
108.42039999999999,573,432.66,1967,1128448,551,0.0003,0.28116124868392944,0.2,5500,14.73555850982666,0.0063578766,0.06416015625,-0.009252982198086101,-0.6552378471940756,26.562554356455802,,
,,,,1130000,,0.0003,0.3105263113975525,0.2,5510,9.013060569763184,0.0070066466,0.049853515625,-0.006603552328306251,-0.6255364468321204,18.758106303215026,1203.0,306.64
109.21679999999998,572,437.93,1973,1130496,552,,,,,,,,,,,,
110.22680000000003,573,437.53,1976,1132544,553,0.0003,0.27202314138412476,0.2,5520,20.294628143310547,0.0063827336,0.062548828125,-0.0062905989267164845,-0.6679142838343978,29.580380511283874,,
115.713,573,453.8,1979,1134592,554,0.0003,0.2718932032585144,0.2,5530,12.924132347106934,0.0063143587,0.062353515625,-0.006944062327966094,-0.6473297161981464,30.632259300351144,,
121.34140000000004,573,467.97,1982,1136640,555,0.0003,0.3417204022407532,0.2,5540,14.414533615112305,0.006572584,0.066455078125,-0.007232950237812475,-0.6325164036825299,23.182400465011597,,
123.03280000000001,573,473.58,1985,1138688,556,0.0003,0.24625366926193237,0.2,5550,17.632902145385742,0.0063615316,0.04951171875,-0.00857651850383263,-0.625631945952773,36.669675552845,,
,,,,1140000,,0.0003,0.2789587378501892,0.2,5560,14.104020118713379,0.0061195446,0.0697265625,-0.0070711010484956205,-0.6580585286021232,31.866919606924057,573.0,178.96
123.84160000000001,573,473.22,1990,1140736,557,,,,,,,,,,,,
127.90880000000001,573,485.29,1993,1142784,558,0.0003,0.36152952909469604,0.2,5570,16.537891387939453,0.0066358973,0.0876953125,-0.008744230101001449,-0.6862640326842666,22.7756780564785,,
131.481,573,497.06,1996,1144832,559,0.0003,0.27896177768707275,0.2,5580,15.549365043640137,0.0050790263,0.0662109375,-0.007175744828418829,-0.6556424595415592,35.22356612086296,,
137.4978,573,511.85,1999,1146880,560,0.0003,0.27008599042892456,0.2,5590,7.248974800109863,0.006030211,0.07470703125,-0.009497993145487271,-0.6340923359617591,24.947820189595223,,
141.2046,573,526.91,2002,1148928,561,0.0003,0.34134089946746826,0.2,5600,19.08527374267578,0.0056494223,0.076220703125,-0.010134231057600118,-0.5995653159916401,23.705370488762856,,
,,,,1150000,,0.0003,0.3274991512298584,0.2,5610,20.661056518554688,0.0067698364,0.075927734375,-0.008309485114295967,-0.6518372852355242,25.139217108488083,1341.6,259.78000000000003
144.2064,572,532.13,2008,1150976,562,,,,,,,,,,,,
143.87519999999998,573,538.67,2012,1153024,563,0.0003,0.2535361647605896,0.2,5620,18.58078384399414,0.007558638,0.077099609375,-0.008244451758218928,-0.6319012593477964,29.969391360878944,,
144.17620000000002,573,543.66,2014,1155072,564,0.0003,0.3497599959373474,0.2,5630,9.941468238830566,0.0066746823,0.05732421875,-0.004985413129907102,-0.7096252150833606,21.742527893185617,,
141.53840000000002,573,535.27,2017,1157120,565,0.0003,0.2882217764854431,0.2,5640,12.155159950256348,0.0066804998,0.057080078125,-0.007531113641744014,-0.718225559219718,29.85621020793915,,
140.49380000000002,573,537.4,2020,1159168,566,0.0003,0.32107388973236084,0.2,5650,8.224356651306152,0.006980861,0.082373046875,-0.009512713467120192,-0.7063104109838605,27.28982232809067,,
,,,,1160000,,0.0003,0.33564049005508423,0.2,5660,13.430439949035645,0.006059061,0.064208984375,-0.006074200314469635,-0.641890899091959,25.133227655291556,1333.4,249.92399999999998
146.49759999999998,572,562.86,2027,1161216,567,,,,,,,,,,,,
146.3046,572,557.48,2030,1163264,568,0.0003,0.40530604124069214,0.2,5670,8.195578575134277,0.009265203,0.106298828125,-0.009926659787015523,-0.6686264302581548,19.275751078128813,,
150.53539999999998,573,566.38,2033,1165312,569,0.0003,0.21757423877716064,0.2,5680,24.702877044677734,0.0072033415,0.072607421875,-0.00884143753501121,-0.6660357162356376,39.0531114757061,,
152.9556,573,565.61,2036,1167360,570,0.0003,0.3042173981666565,0.2,5690,14.250056266784668,0.005092142,0.0453125,-0.006684404233237728,-0.6071041392162442,32.066514587402345,,
155.929,573,577.26,2039,1169408,571,0.0003,0.18874335289001465,0.2,5700,12.134883880615234,0.00603553,0.052978515625,-0.0063724579493282365,-0.6838450213894248,39.200741374492644,,
,,,,1170000,,0.0003,0.3252262473106384,0.2,5710,4.273308277130127,0.008351578,0.099609375,-0.008559829578734935,-0.6783337738364935,23.7261183321476,675.4,239.03599999999997
157.49020000000002,572,584.37,2044,1171456,572,,,,,,,,,,,,
158.5804,573,579.96,2047,1173504,573,0.0003,0.2133074402809143,0.2,5720,19.467893600463867,0.0047525866,0.04873046875,-0.008325004793005065,-0.6468133873306214,35.43134190142155,,
148.6966,573,548.1,2050,1175552,574,0.0003,0.2821311950683594,0.2,5730,18.329853057861328,0.0071679717,0.087353515625,-0.009685571878799237,-0.6869850138202309,39.536646145582196,,
140.74280000000002,573,529.96,2053,1177600,575,0.0003,0.22032326459884644,0.2,5740,15.144719123840332,0.0052565564,0.060498046875,-0.009458083307254127,-0.6717315236106515,54.82549340128899,,
137.77620000000002,573,517.97,2056,1179648,576,0.0003,0.2902182340621948,0.2,5750,15.353835105895996,0.008165935,0.073583984375,-0.009922970898333005,-0.734819819778204,24.419456958770752,,
,,,,1180000,,0.0003,0.269237756729126,0.2,5760,20.816524505615234,0.0066199033,0.067333984375,-0.009245904756244271,-0.6893676286563277,34.262435156106946,728.2,93.69200000000001
135.6834,573,507.38,2061,1181696,577,,,,,,,,,,,,
132.36700000000002,573,497.85,2064,1183744,578,0.0003,0.26937592029571533,0.2,5770,12.651177406311035,0.0051987614,0.05654296875,-0.006458321859827265,-0.6417565846815705,29.897382575273515,,
131.71759999999998,573,495.25,2067,1185792,579,0.0003,0.2141941785812378,0.2,5780,10.608882904052734,0.0062136725,0.0869140625,-0.009134711371734739,-0.6928230829536914,29.173421743512154,,
128.0162,573,489.94,2070,1187840,580,0.0003,0.23821550607681274,0.2,5790,23.208585739135742,0.007447587,0.067333984375,-0.006447835460130591,-0.6565159512683749,35.00792792737484,,
128.53200000000004,573,489.2,2073,1189888,581,0.0003,0.2771088480949402,0.2,5800,24.769752502441406,0.005869071,0.0640625,-0.008425512289977632,-0.7242354894056916,43.493836775422096,,
,,,,1190000,,0.0003,0.30793994665145874,0.2,5810,14.182262420654297,0.00746568,0.08388671875,-0.0073649252750328745,-0.6782373946160078,24.967662596702574,807.4,158.23999999999998
130.68860000000004,573,496.6,2078,1191936,582,,,,,,,,,,,,
123.007,573,479.88,2081,1193984,583,0.0003,0.34333884716033936,0.2,5820,6.672636032104492,0.0075633302,0.079833984375,-0.008508146472740919,-0.6449906198307872,19.14521504342556,,
123.1958,573,480.46,2084,1196032,584,0.0003,0.24448364973068237,0.2,5830,14.758129119873047,0.006869171,0.09296875,-0.010721077499329112,-0.7131936931982636,36.161731311678885,,
120.89779999999999,573,480.13,2087,1198080,585,0.0003,0.3205047845840454,0.2,5840,14.009452819824219,0.0055398736,0.050732421875,-0.006811890269455034,-0.6863916199654341,24.59537605047226,,
,,,,1200000,,0.0003,0.37888532876968384,0.2,5850,15.609807014465332,0.008595269,0.096875,-0.010567790651111863,-0.6651542767882347,21.190851643681526,1359.6,383.668
118.999,572,474.87,2094,1200128,586,,,,,,,,,,,,
120.957,573,477.17,2097,1202176,587,0.0003,0.21595531702041626,0.2,5860,4.733311653137207,0.007110486,0.0642578125,-0.009217006561812013,-0.6258610673248768,25.054434809088708,,
123.38820000000004,573,480.86,2100,1204224,588,0.0003,0.3130454421043396,0.2,5870,10.48998737335205,0.0052780053,0.063623046875,-0.006135453496244736,-0.6001666318625212,24.58573007285595,,
116.49060000000001,573,444.98,2103,1206272,589,0.0003,0.2632160186767578,0.2,5880,7.73384428024292,0.0062475307,0.0576171875,-0.006365570102934726,-0.600724877603352,26.284141364693642,,
115.79200000000003,573,449.85,2106,1208320,590,0.0003,0.18390977382659912,0.2,5890,12.772019386291504,0.005673002,0.0529296875,-0.010402895929291844,-0.647447631880641,36.87268228530884,,
,,,,1210000,,0.0003,0.25727421045303345,0.2,5900,7.526146411895752,0.007580187,0.0826171875,-0.007818039048288483,-0.6531662616878748,27.028436067700387,779.8,321.11600000000004
115.0378,572,452.49,2112,1210368,591,,,,,,,,,,,,
114.24820000000001,573,451.89,2115,1212416,592,0.0003,0.27015113830566406,0.2,5910,7.817000865936279,0.005515795,0.06416015625,-0.007464252499630675,-0.6149892397224903,26.619923293590546,,
108.74459999999999,573,431.48,2118,1214464,593,0.0003,0.23345059156417847,0.2,5920,13.071925163269043,0.0065385518,0.062353515625,-0.0065799171396065505,-0.6151486597955227,31.87684451341629,,
109.94740000000002,573,436.47,2121,1216512,594,0.0003,0.19530028104782104,0.2,5930,26.145872116088867,0.0067919143,0.059326171875,-0.009122427119291388,-0.6549618579447269,43.857385349273684,,
112.50559999999997,573,443.83,2124,1218560,595,0.0003,0.1878962516784668,0.2,5940,9.931231498718262,0.0066938587,0.093896484375,-0.009495122788939625,-0.6552058059722186,24.07174994647503,,
,,,,1220000,,0.0003,0.3206627368927002,0.2,5950,11.230789184570312,0.00811341,0.071044921875,-0.010034480830654502,-0.6571322988718749,26.70637528002262,1550.0,263.62800000000004
114.0556,572,451.5,2131,1220608,596,,,,,,,,,,,,
119.8576,572,467.01,2134,1222656,597,0.0003,0.2780091166496277,0.2,5960,20.053686141967773,0.005592555,0.05185546875,-0.00860173186083557,-0.6536928866058588,32.786731326580046,,
122.32979999999999,572,468.65,2137,1224704,598,0.0003,0.24814975261688232,0.2,5970,13.363774299621582,0.0065347794,0.060302734375,-0.009082405318622477,-0.6057897431775927,31.438347083330154,,
117.87739999999998,573,455.8,2140,1226752,599,0.0003,0.20631670951843262,0.2,5980,11.468572616577148,0.0067294072,0.087255859375,-0.008596330031286925,-0.6697368102148176,34.754116895794866,,
120.29320000000001,573,465.27,2143,1228800,600,0.0003,0.2517238259315491,0.2,5990,9.295916557312012,0.008173979,0.089892578125,-0.012500263992114924,-0.6746965121477843,30.225626480579376,,
,,,,1230000,,0.0003,0.3352596163749695,0.2,6000,11.804990768432617,0.008866256,0.090576171875,-0.011501187854446471,-0.6543452763929963,20.684704965353014,860.2,349.568
122.81759999999998,572,474.32,2148,1230848,601,,,,,,,,,,,,
123.079,573,476.28,2151,1232896,602,0.0003,0.21517932415008545,0.2,6010,18.72521209716797,0.007594877,0.087060546875,-0.00878749936237,-0.6318876450881362,35.89741328060627,,
123.33519999999999,573,473.49,2154,1234944,603,0.0003,0.24123728275299072,0.2,6020,11.354246139526367,0.006380299,0.082568359375,-0.009264023636933415,-0.6378158582374454,30.701302173733712,,
126.38959999999997,573,491.11,2157,1236992,604,0.0003,0.2854563593864441,0.2,6030,21.85042381286621,0.009529197,0.109814453125,-0.015667660406325012,-0.6237616561353206,22.714837846159934,,
119.27860000000001,573,465.9,2160,1239040,605,0.0003,0.2528987526893616,0.2,6040,11.232500076293945,0.0064278613,0.07607421875,-0.009190366152324714,-0.7263381354510784,23.242718330025674,,
,,,,1240000,,0.0003,0.18785864114761353,0.2,6050,21.804059982299805,0.0051431954,0.0513671875,-0.006922528245195281,-0.6672360168769955,36.95265160799026,914.4,366.5199999999999
121.8474,572,472.73,2166,1241088,606,,,,,,,,,,,,
119.9874,573,465.53,2169,1243136,607,0.0003,0.19520461559295654,0.2,6060,14.808767318725586,0.005783931,0.058349609375,-0.007670670535298995,-0.6445580307394266,29.755878415703773,,
114.61359999999999,573,443.64,2172,1245184,608,0.0003,0.2221875786781311,0.2,6070,9.291510581970215,0.008508615,0.086279296875,-0.01096015840448672,-0.7099414942786098,32.89464193880558,,
112.8864,573,439.82,2175,1247232,609,0.0003,0.174669086933136,0.2,6080,23.30351448059082,0.0068529313,0.07568359375,-0.007552768677123822,-0.6873393246904016,34.82081429064274,,
116.3152,573,448.74,2178,1249280,610,0.0003,0.23309844732284546,0.2,6090,7.767149925231934,0.0065368623,0.061376953125,-0.009376374920248055,-0.6534245863556862,25.093291541934015,,
,,,,1250000,,0.0003,0.30419033765792847,0.2,6100,22.667165756225586,0.0065182922,0.064794921875,-0.007615370268467814,-0.6367829989641904,40.970618003606795,633.2,263.928
118.88839999999999,573,460.36,2183,1251328,611,,,,,,,,,,,,
110.98460000000001,573,429.7,2186,1253376,612,0.0003,0.3168119788169861,0.2,6110,7.5430521965026855,0.0070491894,0.0775390625,-0.006737657703342848,-0.6768647249788046,25.338182696700095,,
112.404,573,433.88,2188,1255424,613,0.0003,0.1878332495689392,0.2,6120,26.075756072998047,0.006156014,0.060595703125,-0.010829937923699618,-0.6825717654079199,50.10127499103546,,
112.64659999999999,573,436.78,2192,1257472,614,0.0003,0.32013392448425293,0.2,6130,12.14528751373291,0.007455687,0.07333984375,-0.006787712778896093,-0.6690716248005628,22.059093287587167,,
116.5276,573,453.15,2194,1259520,615,0.0003,0.32837748527526855,0.2,6140,14.17296314239502,0.006621301,0.09072265625,-0.008296357086510397,-0.6863141870126128,23.95351645946503,,
,,,,1260000,,0.0003,0.36385780572891235,0.2,6150,6.200165271759033,0.0068816566,0.0943359375,-0.011204150589765049,-0.6962135449051857,18.538630014657976,1094.4,288.772
114.87219999999999,573,450.75,2200,1261568,616,,,,,,,,,,,,
114.26719999999999,573,450.94,2203,1263616,617,0.0003,0.34770601987838745,0.2,6160,10.603975296020508,0.005838529,0.051123046875,-0.007596978594665416,-0.670000271499157,33.7012700676918,,
117.9144,573,463.97,2207,1265664,618,0.0003,0.17503708600997925,0.2,6170,6.298018455505371,0.010097031,0.112060546875,-0.01131067575479392,-0.6776570826768875,20.473762133717536,,
117.6542,573,461.95,2210,1267712,619,0.0003,0.31647759675979614,0.2,6180,16.03294563293457,0.0052893227,0.061669921875,-0.005523898606770672,-0.6550922179594636,20.609670695662498,,
118.70860000000002,573,469.35,2213,1269760,620,0.0003,0.24123543500900269,0.2,6190,12.80066967010498,0.008828374,0.092724609375,-0.010118148823676166,-0.6430950469337404,27.859734466671945,,
,,,,1270000,,0.0003,0.31136810779571533,0.2,6200,11.050996780395508,0.007430394,0.0708984375,-0.008541979637811892,-0.6529693996533752,26.568820232152937,1245.0,271.732
119.81639999999999,572,474.08,2219,1271808,621,,,,,,,,,,,,
119.5932,573,470.21,2222,1273856,622,0.0003,0.16355806589126587,0.2,6210,6.959068298339844,0.006062692,0.0607421875,-0.007430481316987425,-0.6199890688993037,31.85607313811779,,
116.58360000000002,573,455.36,2225,1275904,623,0.0003,0.22842025756835938,0.2,6220,11.320850372314453,0.011342986,0.1166015625,-0.011740042985184117,-0.6889900019392371,31.572811818122865,,
120.6192,573,469.01,2228,1277952,624,0.0003,0.22026479244232178,0.2,6230,17.269283294677734,0.007118743,0.074169921875,-0.01022776475874707,-0.5998808328993619,40.72591732740402,,
,,,,1280000,,0.0003,0.44967520236968994,0.2,6240,5.464570999145508,0.006512398,0.073193359375,-0.008125021163141354,-0.592189621925354,17.019895987212657,914.8,376.532
121.38380000000001,572,470.86,2234,1280000,625,,,,,,,,,,,,
122.26019999999998,572,472.13,2237,1282048,626,0.0003,0.331296443939209,0.2,6250,7.201188087463379,0.0046762847,0.06142578125,-0.006744129245635122,-0.6125164682976901,23.200200739502908,,
125.88239999999998,573,481.4,2240,1284096,627,0.0003,0.25472450256347656,0.2,6260,12.611682891845703,0.007547141,0.081396484375,-0.009320540638873354,-0.6133357043378055,28.234851893782615,,
129.95839999999998,573,483.01,2243,1286144,628,0.0003,0.30904722213745117,0.2,6270,7.248851299285889,0.006178133,0.065625,-0.005374805824249052,-0.5984634133055806,24.414543756842612,,
131.8816,573,492.06,2246,1288192,629,0.0003,0.2708754539489746,0.2,6280,17.274497985839844,0.0058069583,0.063916015625,-0.0063418185251066465,-0.6217591043561697,32.61890507638454,,
,,,,1290000,,0.0003,0.31666994094848633,0.2,6290,21.289552688598633,0.007251541,0.07080078125,-0.007987192180007697,-0.6348329808562994,30.31314791738987,2128.6,334.21999999999997
130.8662,571,487.72,2255,1290240,630,,,,,,,,,,,,
132.63840000000002,572,494.3,2258,1292288,631,0.0003,0.21826016902923584,0.2,6300,7.389031887054443,0.006049036,0.0517578125,-0.006323843187419698,-0.6486528113484382,34.87572815716267,,
135.5822,572,502.42,2261,1294336,632,0.0003,0.3821760416030884,0.2,6310,8.894750595092773,0.0064776987,0.069091796875,-0.007365834139636718,-0.6320153100416064,19.44956978559494,,
138.1134,572,501.11,2264,1296384,633,0.0003,0.3225622773170471,0.2,6320,9.911828994750977,0.0063486067,0.072314453125,-0.008071486395783723,-0.5817169445566833,32.05073809623718,,
143.52239999999998,572,511.22,2267,1298432,634,0.0003,0.09385281801223755,0.2,6330,11.284117698669434,0.008883521,0.091455078125,-0.013784340946585871,-0.5994663579389453,40.81165205240249,,
,,,,1300000,,0.0003,0.2768799662590027,0.2,6340,20.068531036376953,0.0055623422,0.058349609375,-0.005803049630776514,-0.6071734848432243,33.02765477895737,1176.2,231.02399999999997
144.74220000000003,571,515.36,2274,1300480,635,,,,,,,,,,,,
144.52419999999998,572,516.24,2277,1302528,636,0.0003,0.2785605788230896,0.2,6350,14.58373737335205,0.008226276,0.090234375,-0.009656760188227054,-0.6380325995385647,38.975007218122485,,
149.1388,572,525.99,2280,1304576,637,0.0003,0.35312962532043457,0.2,6360,11.111940383911133,0.008088871,0.074560546875,-0.007005600916454568,-0.60384660679847,33.61033635437489,,
153.6134,572,537.73,2282,1306624,638,0.0003,0.2841199040412903,0.2,6370,12.673382759094238,0.0068483725,0.066796875,-0.009239438266376965,-0.5968677122145891,34.66701576113701,,
158.92520000000002,572,552.7,2285,1308672,639,0.0003,0.3091675043106079,0.2,6380,11.716652870178223,0.006836497,0.077001953125,-0.008027366301394067,-0.6158460742793977,37.68428321182728,,
,,,,1310000,,0.0003,0.2929116487503052,0.2,6390,17.827333450317383,0.005215943,0.06923828125,-0.007433235514326952,-0.596963572409004,27.096378484368323,1065.4,183.14000000000001
163.3736,571,565.75,2292,1310720,640,,,,,,,,,,,,
162.3188,571,558.37,2295,1312768,641,0.0003,0.2119540572166443,0.2,6400,17.721527099609375,0.0072923983,0.0810546875,-0.007663268197211437,-0.6195420447736979,26.19597462117672,,
161.57760000000002,572,550.34,2298,1314816,642,0.0003,0.21819865703582764,0.2,6410,10.951114654541016,0.0052523105,0.061572265625,-0.007685249476344325,-0.6303813831880689,39.62710754573345,,
163.91960000000003,572,558.49,2301,1316864,643,0.0003,0.33553963899612427,0.2,6420,11.484567642211914,0.0069267573,0.078759765625,-0.00857076805550605,-0.6242270013317466,18.97197409272194,,
168.4274,572,573.58,2304,1318912,644,0.0003,0.3824632167816162,0.2,6430,11.681845664978027,0.0065079182,0.076220703125,-0.009795438218861818,-0.6028281471692025,29.6915206938982,,
,,,,1320000,,0.0003,0.3444059491157532,0.2,6440,13.381696701049805,0.006937094,0.072314453125,-0.007260382099775598,-0.5925816266797483,28.23341177403927,1103.0,146.31599999999997
164.06019999999998,571,556.47,2310,1320960,645,,,,,,,,,,,,
164.14460000000003,571,562.27,2313,1323008,646,0.0003,0.29665011167526245,0.2,6450,17.119367599487305,0.0068817027,0.04267578125,-0.006727476071682758,-0.6506786363199353,35.32837428152561,,
165.3908,572,565.09,2315,1325056,647,0.0003,0.3565368056297302,0.2,6460,11.336647033691406,0.0074115023,0.082373046875,-0.009121362716541626,-0.680717802233994,20.981625348329544,,
164.51800000000003,572,563.64,2318,1327104,648,0.0003,0.2315840721130371,0.2,6470,13.50211238861084,0.006677704,0.081494140625,-0.009657750109909102,-0.6149244761094451,28.644434633851052,,
165.77720000000002,572,570.82,2321,1329152,649,0.0003,0.23664075136184692,0.2,6480,9.338412284851074,0.007371595,0.078515625,-0.0069035925960633905,-0.658209958858788,37.132501411437985,,
,,,,1330000,,0.0003,0.2879366874694824,0.2,6490,9.44491195678711,0.008109233,0.066650390625,-0.007578047583228909,-0.6220918973907829,23.522099658846855,824.2,290.168
166.466,572,571.45,2327,1331200,650,,,,,,,,,,,,
166.8364,572,577.98,2329,1333248,651,0.0003,0.21152114868164062,0.2,6500,9.679121971130371,0.008127191,0.09287109375,-0.010136765980860218,-0.6497579552233219,35.720347568392754,,
160.78099999999998,572,555.1,2332,1335296,652,0.0003,0.20805686712265015,0.2,6510,13.265511512756348,0.007162351,0.07529296875,-0.009281788198859432,-0.6331636801362037,27.582458570599556,,
155.63699999999997,572,541.76,2335,1337344,653,0.0003,0.27639901638031006,0.2,6520,27.623746871948242,0.0087231565,0.09052734375,-0.011818443360971287,-0.6046272171661258,37.66703225374222,,
153.57319999999999,572,534.73,2338,1339392,654,0.0003,0.13289302587509155,0.2,6530,12.695152282714844,0.006396886,0.05400390625,-0.010665763658471406,-0.6428278278559446,31.460047182440757,,
,,,,1340000,,0.0003,0.19386965036392212,0.2,6540,17.4707088470459,0.007533468,0.07958984375,-0.011655076695024035,-0.58019163524732,33.239946821331976,951.4,379.808
154.3716,572,534.89,2344,1341440,655,,,,,,,,,,,,
157.61159999999998,572,543.23,2347,1343488,656,0.0003,0.36954981088638306,0.2,6550,12.796236038208008,0.0046945643,0.068603515625,-0.005152121707214974,-0.6196449453942477,27.634554314613343,,
158.9564,572,546.13,2350,1345536,657,0.0003,0.27394598722457886,0.2,6560,22.574865341186523,0.004980246,0.061083984375,-0.006485279541811906,-0.6314987771213054,35.10800350904465,,
160.0436,572,541.87,2353,1347584,658,0.0003,0.35772794485092163,0.2,6570,7.923321723937988,0.005713921,0.06025390625,-0.006061521917581558,-0.5987892655655742,23.895116141438486,,
151.9134,572,527.54,2356,1349632,659,0.0003,0.21645194292068481,0.2,6580,15.590692520141602,0.005851316,0.067138671875,-0.008955818139656912,-0.59404585827142,38.325567945837975,,
,,,,1350000,,0.0003,0.20074105262756348,0.2,6590,17.49290657043457,0.005775322,0.07783203125,-0.010327694882289507,-0.6353634390980005,46.92963879108429,913.2,354.52
141.15800000000002,572,499.18,2362,1351680,660,,,,,,,,,,,,
140.1668,572,493.63,2365,1353728,661,0.0003,0.13268405199050903,0.2,6600,8.720569610595703,0.0078859,0.0919921875,-0.01068456873181276,-0.6430329563096165,40.87155920565128,,
139.923,572,495.8,2368,1355776,662,0.0003,0.24696528911590576,0.2,6610,10.93331241607666,0.0066654356,0.069482421875,-0.008480794966453686,-0.5794513648375869,32.0420516371727,,
126.5394,572,453.56,2370,1357824,663,0.0003,0.12974977493286133,0.2,6620,12.54758358001709,0.010070399,0.08388671875,-0.009125454328022897,-0.6354083279147744,36.588266876339915,,
122.18239999999996,572,435.94,2373,1359872,664,0.0003,0.19259828329086304,0.2,6630,30.660932540893555,0.0068425117,0.064697265625,-0.011264741385821253,-0.6721085349097848,53.99727157354355,,
,,,,1360000,,0.0003,0.25936752557754517,0.2,6640,13.621503829956055,0.006513401,0.101416015625,-0.010567596516921185,-0.6716214124113321,38.81739937365055,1275.0,345.28
117.9244,572,418.38,2380,1361920,665,,,,,,,,,,,,
118.59419999999996,572,414.95,2383,1363968,666,0.0003,0.31739693880081177,0.2,6650,15.353650093078613,0.006570757,0.063134765625,-0.008584933544625528,-0.6065931558609009,31.52303795516491,,
116.17239999999998,572,400.77,2386,1366016,667,0.0003,0.29788392782211304,0.2,6660,16.039377212524414,0.0051098308,0.060302734375,-0.008904218400130049,-0.6376876359805465,39.921381211280824,,
110.72200000000001,572,387.72,2389,1368064,668,0.0003,0.2632068991661072,0.2,6670,15.211479187011719,0.006945071,0.06298828125,-0.0071792823277064596,-0.6408826556056738,34.56909944415092,,
,,,,1370000,,0.0003,0.24758636951446533,0.2,6680,15.841117858886719,0.0072920723,0.077294921875,-0.005773548115394078,-0.6779325347393751,28.298319524526597,725.4,181.924
105.04240000000001,572,366.09,2394,1370112,669,,,,,,,,,,,,
105.83,572,371.8,2397,1372160,670,0.0003,0.17945575714111328,0.2,6690,22.395723342895508,0.00939894,0.095166015625,-0.011721561854938046,-0.6621089406311512,50.675749242305756,,
107.1,572,373.43,2400,1374208,671,0.0003,0.30947577953338623,0.2,6700,13.319034576416016,0.0076013347,0.096240234375,-0.011052167050365824,-0.6548688650131226,22.792301976680754,,
109.9526,572,386.11,2403,1376256,672,0.0003,0.17856621742248535,0.2,6710,18.385299682617188,0.0075499113,0.07509765625,-0.007862038566963747,-0.6132464161142707,29.71902968287468,,
111.6152,572,393.16,2406,1378304,673,0.0003,0.21255433559417725,0.2,6720,15.48812484741211,0.0062249694,0.065576171875,-0.009111718766507692,-0.6450368899852037,37.97671469151974,,
,,,,1380000,,0.0003,0.23254597187042236,0.2,6730,12.058106422424316,0.0056890734,0.065283203125,-0.00837748581834603,-0.6681310433894396,29.586020532250405,2206.0,198.404
112.949,571,401.62,2416,1380352,674,,,,,,,,,,,,
111.19760000000002,571,399.01,2419,1382400,675,0.0003,0.43734264373779297,0.2,6740,12.894824981689453,0.005963128,0.10654296875,-0.011231787333963439,-0.6436830097809434,16.90258531868458,,
109.472,571,395.11,2422,1384448,676,0.0003,0.23912614583969116,0.2,6750,20.966379165649414,0.0045929737,0.05283203125,-0.007534620755177457,-0.655017801001668,38.89242512583733,,
110.95800000000001,571,395.96,2425,1386496,677,0.0003,0.3096458911895752,0.2,6760,8.840771675109863,0.007163752,0.075146484375,-0.007837854928220622,-0.6798194196075201,23.553616762161255,,
111.32260000000001,571,402.78,2428,1388544,678,0.0003,0.2741978168487549,0.2,6770,13.719193458557129,0.0060041454,0.070703125,-0.008876181606319733,-0.6064676319248974,34.1850717574358,,
,,,,1390000,,0.0003,0.3821774125099182,0.2,6780,15.1744966506958,0.0076579372,0.08017578125,-0.010345101295388303,-0.6378728238865733,20.860313960909842,1081.6,264.98
114.9772,571,410.43,2434,1390592,679,,,,,,,,,,,,
118.2526,571,422.01,2437,1392640,680,0.0003,0.22058886289596558,0.2,6790,12.203130722045898,0.00749861,0.07783203125,-0.010708744438306893,-0.6403780177235603,28.935957637429237,,
120.1636,571,421.65,2440,1394688,681,0.0003,0.26514148712158203,0.2,6800,22.02482032775879,0.006679758,0.06982421875,-0.007490755335311405,-0.6329978043213487,30.560541877150534,,
120.11160000000001,571,424.25,2443,1396736,682,0.0003,0.23420661687850952,0.2,6810,24.97602081298828,0.005419208,0.0357421875,-0.006986319499264937,-0.6219174738973379,45.529332959651946,,
117.14039999999999,571,422.51,2446,1398784,683,0.0003,0.44657593965530396,0.2,6820,8.168392181396484,0.00698949,0.098583984375,-0.011293586189276538,-0.6588733913376927,23.96675692498684,,
,,,,1400000,,0.0003,0.16883701086044312,0.2,6830,12.761540412902832,0.0070144664,0.06669921875,-0.010538834414910525,-0.715289899148047,40.17455692887306,1717.6,288.332
119.8766,570,430.99,2454,1400832,684,,,,,,,,,,,,
123.8228,570,444.1,2457,1402880,685,0.0003,0.18920528888702393,0.2,6840,19.0633602142334,0.007597784,0.0994140625,-0.011334871384315192,-0.6633671091869473,29.404182490706443,,
125.2784,571,451.48,2460,1404928,686,0.0003,0.3140718340873718,0.2,6850,6.949075222015381,0.0058634244,0.05576171875,-0.007952510850736871,-0.61370879849419,30.906697326898573,,
127.34300000000003,571,458.47,2463,1406976,687,0.0003,0.35399770736694336,0.2,6860,13.961470603942871,0.008435588,0.08291015625,-0.0097592103673378,-0.6735510539263487,21.261926165223123,,
132.19,571,476.64,2466,1409024,688,0.0003,0.2261025309562683,0.2,6870,21.653390884399414,0.009118976,0.0794921875,-0.009160677465843037,-0.6504502451047302,28.993051481246948,,
,,,,1410000,,0.0003,0.2731326222419739,0.2,6880,7.124431610107422,0.008317627,0.069775390625,-0.008867250075854826,-0.6286491776816547,19.895132052898408,864.0,329.452
131.76020000000003,570,478.09,2471,1411072,689,,,,,,,,,,,,
130.1354,570,474.16,2474,1413120,690,0.0003,0.2704692482948303,0.2,6890,16.018281936645508,0.00536842,0.047802734375,-0.006067094998434186,-0.6142971212044358,34.89245609045029,,
132.1776,571,482.27,2477,1415168,691,0.0003,0.34124642610549927,0.2,6900,17.001468658447266,0.008885971,0.10869140625,-0.011983208250603639,-0.6695690784603358,29.96933569908142,,
135.41379999999998,571,490.8,2480,1417216,692,0.0003,0.21387732028961182,0.2,6910,19.162105560302734,0.0073010796,0.07705078125,-0.010335832112468779,-0.6414137154817581,36.761278194189074,,
136.417,571,495.75,2483,1419264,693,0.0003,0.313018262386322,0.2,6920,14.140268325805664,0.0075945114,0.082373046875,-0.011119110172148793,-0.6029880676418543,28.87046127319336,,
,,,,1420000,,0.0003,0.2557603716850281,0.2,6930,21.00995445251465,0.0074429438,0.09267578125,-0.015031673913472331,-0.6543045288883149,46.72121821045876,1520.4,250.192
135.83499999999998,570,489.78,2490,1421312,694,,,,,,,,,,,,
136.9634,570,493.48,2493,1423360,695,0.0003,0.25499099493026733,0.2,6940,10.990640640258789,0.0070932447,0.0751953125,-0.008948044438147918,-0.5906415518373251,24.85890828371048,,
137.7762,570,502.94,2496,1425408,696,0.0003,0.26629120111465454,0.2,6950,12.327940940856934,0.0075768135,0.0826171875,-0.009957722670515068,-0.5888561385683715,26.724648815393447,,
138.6342,571,510.14,2499,1427456,697,0.0003,0.2494264841079712,0.2,6960,16.476905822753906,0.010183414,0.0859375,-0.008104396692942828,-0.6759072279557585,32.37097802460194,,
135.451,571,498.96,2502,1429504,698,0.0003,0.36803269386291504,0.2,6970,12.312718391418457,0.005870697,0.06669921875,-0.007135783272678964,-0.6734834987670183,23.49748368859291,,
,,,,1430000,,0.0003,0.28587472438812256,0.2,6980,8.055477142333984,0.007122497,0.05830078125,-0.006537934276275336,-0.6519435180351139,28.490205335617066,1098.0,252.628
137.15640000000002,570,498.86,2508,1431552,699,,,,,,,,,,,,
136.25959999999998,570,498.61,2511,1433600,700,0.0003,0.22947758436203003,0.2,6990,14.748383522033691,0.0058195437,0.08076171875,-0.01177800218865741,-0.6136019068770111,36.97996236085892,,
129.22,570,479.85,2514,1435648,701,0.0003,0.306188702583313,0.2,7000,14.725343704223633,0.00704638,0.064892578125,-0.007773039001040161,-0.7039065068587661,27.088044610619544,,
125.4428,571,478.33,2517,1437696,702,0.0003,0.17980629205703735,0.2,7010,33.40271759033203,0.0059955744,0.068310546875,-0.008303193833853584,-0.7190842384472489,37.075176233053206,,
119.92119999999997,571,463.83,2520,1439744,703,0.0003,0.27345359325408936,0.2,7020,12.124166488647461,0.008861225,0.09306640625,-0.008689062148914673,-0.7339777201414108,28.12159166932106,,
,,,,1440000,,0.0003,0.3733590245246887,0.2,7030,14.178866386413574,0.008609824,0.1017578125,-0.011217346458579414,-0.6653787733986973,25.46409837603569,601.6,242.516
121.03739999999999,570,473.15,2525,1441792,704,,,,,,,,,,,,
123.7708,571,481.77,2528,1443840,705,0.0003,0.304363489151001,0.2,7040,12.087695121765137,0.006776418,0.07060546875,-0.009322078221885022,-0.7133332386612892,29.841640654206277,,
121.35379999999998,571,477.37,2531,1445888,706,0.0003,0.30973517894744873,0.2,7050,11.745661735534668,0.007014891,0.072265625,-0.008108844058006071,-0.62799002090469,25.712024241685867,,
126.4314,571,494.03,2534,1447936,707,0.0003,0.19221729040145874,0.2,7060,36.50873565673828,0.0076901168,0.050439453125,-0.0080421258113347,-0.7334601137787103,40.02341252267361,,
125.58660000000002,571,491.18,2537,1449984,708,0.0003,0.3339880108833313,0.2,7070,19.291940689086914,0.005883882,0.06962890625,-0.0067838724222383465,-0.656939160823822,27.653346309065817,,
,,,,1450000,,0.0003,0.28258419036865234,0.2,7080,8.27951717376709,0.00809797,0.10361328125,-0.01171223727578763,-0.6411064943298698,23.149581226706506,648.4,125.348
121.44319999999999,571,477.91,2541,1452032,709,,,,,,,,,,,,
119.91939999999998,571,473.94,2544,1454080,710,0.0003,0.18955475091934204,0.2,7090,11.468208312988281,0.009315174,0.09599609375,-0.011480260238749906,-0.6574333747848868,36.151871129870415,,
113.76819999999998,571,460.86,2547,1456128,711,0.0003,0.3214268088340759,0.2,7100,12.008056640625,0.008998391,0.07802734375,-0.009835955523885786,-0.6869034964591265,23.16512786448002,,
111.00019999999999,571,448.96,2550,1458176,712,0.0003,0.3162703514099121,0.2,7110,22.015369415283203,0.007638946,0.090625,-0.011579878639895468,-0.7148767750710249,28.974277746677398,,
,,,,1460000,,0.0003,0.29608649015426636,0.2,7120,11.7955904006958,0.0079055,0.07236328125,-0.007585793864564039,-0.6845244850963355,27.83402245938778,1898.0,346.848
112.81,570,453.66,2559,1460224,713,,,,,,,,,,,,
114.16099999999999,570,461.26,2561,1462272,714,0.0003,0.2814367413520813,0.2,7130,13.532541275024414,0.0063847536,0.088232421875,-0.010126527689862996,-0.6778634546324611,25.609245166182518,,
117.17219999999999,570,471.02,2564,1464320,715,0.0003,0.1937042474746704,0.2,7140,12.246973037719727,0.006158635,0.061572265625,-0.0074596871389076115,-0.6485355442389846,24.818008372187613,,
117.91040000000001,571,469.18,2567,1466368,716,0.0003,0.37554579973220825,0.2,7150,9.225086212158203,0.006323237,0.061474609375,-0.006371126533485949,-0.6192064825445414,21.903423339128494,,
115.90620000000001,571,469.19,2570,1468416,717,0.0003,0.3141825199127197,0.2,7160,19.10610008239746,0.008052036,0.077880859375,-0.01015535274054855,-0.6400905312970281,36.26477185189724,,
,,,,1470000,,0.0003,0.2944113612174988,0.2,7170,17.327287673950195,0.0073542325,0.071240234375,-0.007453666187939234,-0.7272679040208458,31.09462210536003,1589.8,294.896
112.0358,570,452.29,2578,1470464,718,,,,,,,,,,,,
105.42380000000001,570,427.18,2581,1472512,719,0.0003,0.09854632616043091,0.2,7180,8.122793197631836,0.006339089,0.048583984375,-0.008237840357469394,-0.6858585087582469,33.5952345341444,,
100.3566,570,415.01,2584,1474560,720,0.0003,0.2676190137863159,0.2,7190,7.410984039306641,0.008153195,0.0900390625,-0.01014337853412144,-0.68601303845644,26.039304000139236,,
105.73379999999999,570,426.71,2587,1476608,721,0.0003,0.17117589712142944,0.2,7200,10.83219051361084,0.0077490825,0.070849609375,-0.011230943746340927,-0.6415106114931405,36.15270572900772,,
109.21339999999998,570,433.09,2590,1478656,722,0.0003,0.32893043756484985,0.2,7210,8.191394805908203,0.0072211297,0.0634765625,-0.008915390531183221,-0.6075735834427178,32.91876119375229,,
,,,,1480000,,0.0003,0.20034915208816528,0.2,7220,17.343172073364258,0.004896947,0.05283203125,-0.00759389340528287,-0.6195896454155445,35.18553654849529,2049.4,239.612
109.8998,569,428.83,2599,1480704,723,,,,,,,,,,,,
109.2916,569,429.18,2602,1482752,724,0.0003,0.20563805103302002,0.2,7230,21.935413360595703,0.008456467,0.09541015625,-0.01119324704632163,-0.6890300838276744,32.474772080779076,,
107.24040000000001,570,416.51,2604,1484800,725,0.0003,0.3124634623527527,0.2,7240,17.565448760986328,0.0069960956,0.075927734375,-0.007196522486628965,-0.7307069512084127,31.301341450214387,,
109.08800000000002,570,419.32,2607,1486848,726,0.0003,0.19207537174224854,0.2,7250,9.640643119812012,0.0066148425,0.073583984375,-0.00922412216605153,-0.6689330695196987,41.14148444533348,,
113.80619999999999,570,433.91,2610,1488896,727,0.0003,0.3126950263977051,0.2,7260,16.877933502197266,0.0076699443,0.08564453125,-0.010149866520077922,-0.6523909382522106,34.88906118273735,,
,,,,1490000,,0.0003,0.3709372282028198,0.2,7270,14.101814270019531,0.007694476,0.074755859375,-0.009677123115397989,-0.6470207618549466,21.19294050335884,656.2,257.456
106.81540000000001,570,407.7,2614,1490944,728,,,,,,,,,,,,
108.30760000000001,570,413.25,2617,1492992,729,0.0003,0.1633753776550293,0.2,7280,19.218997955322266,0.005112614,0.039599609375,-0.007782475888961926,-0.668781234882772,45.87277046442032,,
110.37200000000001,570,420.25,2620,1495040,730,0.0003,0.293443500995636,0.2,7290,8.696703910827637,0.006832931,0.081103515625,-0.009164034391869792,-0.6709508888423443,24.598481553792954,,
108.9656,570,425.44,2623,1497088,731,0.0003,0.19187641143798828,0.2,7300,9.756877899169922,0.008300235,0.09169921875,-0.009801489286473952,-0.6997913956642151,22.1348231241107,,
108.4158,570,417.86,2626,1499136,732,0.0003,0.27042657136917114,0.2,7310,9.73184585571289,0.011019984,0.13408203125,-0.011036417572177016,-0.7820902867242694,24.588052751123904,,
,,,,1500000,,0.0003,0.25583672523498535,0.2,7320,25.234025955200195,0.0070315115,0.078515625,-0.010064300148223992,-0.6734200019389391,44.249643832445145,1598.8,178.484
104.95660000000002,570,405.45,2633,1501184,733,,,,,,,,,,,,
104.64000000000001,570,406.25,2636,1503232,734,0.0003,0.2861873507499695,0.2,7330,15.881942749023438,0.0076881866,0.07392578125,-0.009448096073174383,-0.6803294222801923,40.0314239859581,,
107.0158,570,417.72,2638,1505280,735,0.0003,0.28121817111968994,0.2,7340,5.501178741455078,0.013450289,0.12958984375,-0.012929352399078197,-0.7101342307403684,16.206914666295052,,
104.4922,570,413.64,2641,1507328,736,0.0003,0.28553467988967896,0.2,7350,12.20251178741455,0.006019061,0.05927734375,-0.006968895078171044,-0.6865171110257506,26.823373982310294,,
105.98960000000002,570,418.93,2643,1509376,737,0.0003,0.30877506732940674,0.2,7360,14.893927574157715,0.007849546,0.073974609375,-0.010965253977337852,-0.6907758673653006,30.020716562867165,,
,,,,1510000,,0.0003,0.3214993476867676,0.2,7370,21.363758087158203,0.00738259,0.07861328125,-0.009992060574586504,-0.6833610605448485,28.037195324897766,1194.4,194.588
108.27779999999998,570,424.76,2649,1511424,738,,,,,,,,,,,,
110.3312,570,437.32,2652,1513472,739,0.0003,0.32665419578552246,0.2,7380,7.153786659240723,0.0068109576,0.06826171875,-0.009734984989336226,-0.6797228410840035,25.142140877246856,,
110.49239999999998,570,434.27,2655,1515520,740,0.0003,0.2778164744377136,0.2,7390,9.566380500793457,0.0072195074,0.081494140625,-0.009693413288914599,-0.711351333744824,27.969017139077188,,
111.04899999999999,570,436.5,2658,1517568,741,0.0003,0.2385876178741455,0.2,7400,8.293872833251953,0.0062719802,0.05966796875,-0.006641775404568761,-0.6741664294153452,38.76568431556225,,
113.0058,571,443.87,2660,1519616,742,0.0003,0.224744975566864,0.2,7410,24.36907958984375,0.008507132,0.089306640625,-0.01124698400235502,-0.7439587900415063,33.95208016335964,,
,,,,1520000,,0.0003,0.31347107887268066,0.2,7420,12.649799346923828,0.0062615806,0.059033203125,-0.008747980138286949,-0.6944355564191937,26.485266000032425,2169.4,311.36
109.69080000000002,570,439.28,2669,1521664,743,,,,,,,,,,,,
108.67480000000002,570,439.98,2672,1523712,744,0.0003,0.24763590097427368,0.2,7430,19.82533836364746,0.008380517,0.077685546875,-0.01112665281398222,-0.6838376833125949,37.33416337966919,,
111.4206,570,437.96,2674,1525760,745,0.0003,0.3040483593940735,0.2,7440,11.638421058654785,0.0083121415,0.06787109375,-0.008928941984777339,-0.7622150626033545,25.894987374544144,,
111.08359999999999,570,439.78,2677,1527808,746,0.0003,0.24672311544418335,0.2,7450,15.67908000946045,0.0065404894,0.060546875,-0.010250891832401975,-0.6395364391617477,38.73891128897667,,
113.47980000000001,570,445.22,2680,1529856,747,0.0003,0.34439653158187866,0.2,7460,12.926580429077148,0.0074387845,0.098486328125,-0.013075884798308835,-0.6732555443421007,30.96365853250027,,
,,,,1530000,,0.0003,0.3905598521232605,0.2,7470,8.480301856994629,0.0060118907,0.06962890625,-0.008207243145443499,-0.6269611997529865,28.19347522854805,1490.4,196.68400000000003
112.90799999999999,570,443.75,2686,1531904,748,,,,,,,,,,,,
110.84580000000001,570,436.64,2689,1533952,749,0.0003,0.23970448970794678,0.2,7480,15.021663665771484,0.010784112,0.115380859375,-0.014154496460105293,-0.6797556633129715,36.49707072973251,,
108.9366,570,436.91,2692,1536000,750,0.0003,0.23695498704910278,0.2,7490,13.885886192321777,0.0073835603,0.088134765625,-0.010412613848166075,-0.6632622590288519,41.07792264223099,,
107.58700000000003,570,429.24,2694,1538048,751,0.0003,0.2738368511199951,0.2,7500,16.823083877563477,0.007464514,0.077880859375,-0.009398444667021976,-0.7400267971679568,33.89927386939526,,
,,,,1540000,,0.0003,0.2691333293914795,0.2,7510,8.92070484161377,0.009019916,0.089990234375,-0.010194891403079965,-0.7282258601859212,35.20867520570755,1338.4,243.81200000000004
108.50300000000001,570,423.52,2701,1540096,752,,,,,,,,,,,,
110.26200000000003,570,430.76,2703,1542144,753,0.0003,0.22881877422332764,0.2,7520,13.574504852294922,0.004960332,0.0681640625,-0.007411194199812598,-0.6922817150130868,29.092718282341956,,
111.00600000000003,570,433.64,2706,1544192,754,0.0003,0.241610586643219,0.2,7530,20.024864196777344,0.00817177,0.0955078125,-0.013619538897182792,-0.6796651381999255,46.19357068538666,,
108.82960000000003,570,422.22,2709,1546240,755,0.0003,0.30465924739837646,0.2,7540,11.375184059143066,0.007625439,0.093212890625,-0.008088691617012955,-0.7179445778951049,17.783716365695,,
103.7948,570,403.42,2712,1548288,756,0.0003,0.28525733947753906,0.2,7550,21.6633243560791,0.00599017,0.061767578125,-0.011329750114236958,-0.6505204329267145,40.14723002910614,,
,,,,1550000,,0.0003,0.20695340633392334,0.2,7560,14.666271209716797,0.004598136,0.047216796875,-0.009669030901568476,-0.6653873417526484,46.35698626637459,887.2,194.71999999999997
102.165,570,399.74,2717,1550336,757,,,,,,,,,,,,
98.80699999999999,570,382.27,2720,1552384,758,0.0003,0.2524709701538086,0.2,7570,16.560791015625,0.009243397,0.084228515625,-0.011528529314091429,-0.6668503800407052,33.44654075205326,,
101.1766,570,394.05,2722,1554432,759,0.0003,0.3200536370277405,0.2,7580,16.3940486907959,0.0061263205,0.054833984375,-0.008407843865279574,-0.6790325544774533,33.25550617277622,,
103.50039999999997,571,403.11,2725,1556480,760,0.0003,0.26115256547927856,0.2,7590,8.523782730102539,0.007892009,0.106494140625,-0.01165108937129844,-0.6899476112797857,21.34778464138508,,
107.44579999999998,571,416.26,2728,1558528,761,0.0003,0.3245497941970825,0.2,7600,12.72877025604248,0.0067293365,0.07958984375,-0.01103610634454526,-0.6278612427413464,19.152931644022466,,
,,,,1560000,,0.0003,0.33445286750793457,0.2,7610,4.667367935180664,0.008833595,0.08583984375,-0.010194316442357377,-0.6556289631873369,23.851572191715242,916.8,170.07999999999998
108.5704,570,425.16,2733,1560576,762,,,,,,,,,,,,
107.383,571,414.39,2736,1562624,763,0.0003,0.3431514501571655,0.2,7620,14.428491592407227,0.008516612,0.12890625,-0.012599691432842518,-0.657808499597013,21.929555052518843,,
108.5892,571,419.21,2738,1564672,764,0.0003,0.240520179271698,0.2,7630,19.51642417907715,0.007537937,0.080126953125,-0.011888036411255598,-0.6170072056353092,40.07038414478302,,
109.24740000000001,571,421.37,2741,1566720,765,0.0003,0.28908711671829224,0.2,7640,22.952423095703125,0.0053555015,0.063232421875,-0.008051682799123227,-0.6698213690891862,30.642560487985612,,
107.65440000000001,571,420.86,2744,1568768,766,0.0003,0.284004807472229,0.2,7650,9.93117904663086,0.006827633,0.080126953125,-0.010230348698678426,-0.652075320109725,28.973900657892226,,
,,,,1570000,,0.0003,0.29049360752105713,0.2,7660,12.124954223632812,0.009506244,0.102294921875,-0.013121245117508807,-0.6594906754791736,32.35817949771881,762.0,321.472
107.91859999999998,571,422.68,2748,1570816,767,,,,,,,,,,,,
108.07379999999999,571,419.93,2751,1572864,768,0.0003,0.20651006698608398,0.2,7670,11.172279357910156,0.0060836626,0.069384765625,-0.0068339440418640155,-0.6113581609912216,33.939321076869966,,
113.20320000000001,571,434.0,2754,1574912,769,0.0003,0.2969737648963928,0.2,7680,16.858041763305664,0.007518528,0.09091796875,-0.01222324296250008,-0.6378187842667102,35.75403234362602,,
113.18819999999998,571,434.75,2756,1576960,770,0.0003,0.3013151288032532,0.2,7690,22.11840057373047,0.008629373,0.08974609375,-0.008909488172503189,-0.6245065493509173,22.46542100608349,,
113.11319999999999,572,438.5,2759,1579008,771,0.0003,0.25577735900878906,0.2,7700,21.75543785095215,0.007015408,0.086669921875,-0.009623199020279572,-0.6264402102679014,34.87544562220573,,
,,,,1580000,,0.0003,0.3549039363861084,0.2,7710,13.138684272766113,0.0082344925,0.09150390625,-0.010065259761177003,-0.6911891888827085,19.605874760448934,1833.8,101.64
115.98220000000003,571,445.35,2767,1581056,772,,,,,,,,,,,,
116.5448,571,442.27,2770,1583104,773,0.0003,0.28014570474624634,0.2,7720,10.572327613830566,0.004376524,0.038232421875,-0.005323925425182096,-0.6653982607647777,28.241751343011856,,
119.01140000000001,571,449.2,2773,1585152,774,0.0003,0.2817392945289612,0.2,7730,16.76358985900879,0.006950563,0.064501953125,-0.010599689968512394,-0.6323058843612671,32.285122248530385,,
122.02780000000001,571,458.7,2775,1587200,775,0.0003,0.30851560831069946,0.2,7740,12.759284973144531,0.0067818426,0.084130859375,-0.011003069637808949,-0.6304532459005714,26.97102646827698,,
121.7836,571,465.9,2778,1589248,776,0.0003,0.27742499113082886,0.2,7750,10.11666202545166,0.006528189,0.06796875,-0.007822733190550935,-0.6584300020709634,27.26475570201874,,
,,,,1590000,,0.0003,0.2625928521156311,0.2,7760,5.335239410400391,0.00785449,0.08984375,-0.009761059508309699,-0.7043642306700348,22.049115291237833,1624.8,286.18
121.84540000000001,571,462.81,2785,1591296,777,,,,,,,,,,,,
120.80199999999999,571,464.88,2788,1593344,778,0.0003,0.29607486724853516,0.2,7770,8.90093994140625,0.00832705,0.09228515625,-0.012115160291432402,-0.6408628782257437,27.871422830224038,,
123.06280000000001,571,477.09,2791,1595392,779,0.0003,0.2655314803123474,0.2,7780,28.93119239807129,0.0050291177,0.063720703125,-0.008482568204635754,-0.6669516937807203,31.732183340191842,,
123.19139999999999,571,475.67,2793,1597440,780,0.0003,0.2729461193084717,0.2,7790,10.02680492401123,0.0070413165,0.05869140625,-0.008717181396787056,-0.7378410959616304,29.354132153093815,,
122.8364,571,478.39,2796,1599488,781,0.0003,0.2219141721725464,0.2,7800,8.913033485412598,0.0051343753,0.0572265625,-0.007443237814004533,-0.6787079563364387,32.649284809827805,,
,,,,1600000,,0.0003,0.3395395278930664,0.2,7810,18.07004737854004,0.0076230075,0.06142578125,-0.007737208460457623,-0.7213299322873354,24.74037061035633,2276.0,259.12800000000004
121.1586,570,467.09,2805,1601536,782,,,,,,,,,,,,
116.52980000000001,571,453.04,2808,1603584,783,0.0003,0.16254723072052002,0.2,7820,17.300148010253906,0.0054967394,0.05302734375,-0.010125893681833985,-0.6582627141848206,40.07419149279595,,
116.27680000000001,571,445.65,2810,1605632,784,0.0003,0.27073103189468384,0.2,7830,21.40222930908203,0.007000137,0.078076171875,-0.0101931848883396,-0.6777176788076759,29.26581766307354,,
117.56999999999998,571,456.14,2813,1607680,785,0.0003,0.28692007064819336,0.2,7840,18.537309646606445,0.005325825,0.0466796875,-0.007060319847369101,-0.631843688711524,29.946750897169114,,
116.77339999999998,571,455.89,2816,1609728,786,0.0003,0.3651702404022217,0.2,7850,18.834808349609375,0.008246212,0.078173828125,-0.007705650210846215,-0.6838419985026121,26.93182539641857,,
,,,,1610000,,0.0003,0.14725148677825928,0.2,7860,12.3829984664917,0.006266837,0.076171875,-0.008752723835641518,-0.6772796530276537,31.44772617816925,756.4,219.38000000000002
114.29159999999997,571,449.72,2820,1611776,787,,,,,,,,,,,,
117.23800000000003,571,452.7,2823,1613824,788,0.0003,0.33132654428482056,0.2,7870,17.250564575195312,0.0059052105,0.084130859375,-0.009168964470154606,-0.6684419563040137,29.51157688200474,,
119.45439999999999,571,462.12,2826,1615872,789,0.0003,0.2830404043197632,0.2,7880,21.94334602355957,0.008362838,0.066796875,-0.008614282100461423,-0.6716003157198429,34.985213071107864,,
116.00679999999998,571,454.14,2828,1617920,790,0.0003,0.2285594940185547,0.2,7890,16.888118743896484,0.0076642297,0.087451171875,-0.01111093971412629,-0.6795289166271686,27.744923636317253,,
114.35539999999999,572,456.55,2831,1619968,791,0.0003,0.2825378179550171,0.2,7900,7.374641418457031,0.0069218613,0.08076171875,-0.01015948180720443,-0.7121781021356582,31.207736214995386,,
,,,,1620000,,0.0003,0.2848506569862366,0.2,7910,7.545068264007568,0.0063201827,0.07578125,-0.008358600712381304,-0.6772912019863725,26.697976636886597,2445.2,169.572
111.256,570,441.18,2841,1622016,792,,,,,,,,,,,,
107.3116,571,432.99,2843,1624064,793,0.0003,0.19634270668029785,0.2,7920,17.6160831451416,0.007893791,0.08076171875,-0.010653308685868978,-0.7014288259670138,39.7206124663353,,
109.54660000000001,571,441.48,2846,1626112,794,0.0003,0.30654871463775635,0.2,7930,12.433618545532227,0.008333776,0.096728515625,-0.012094086229626554,-0.7284098166972399,24.52107178270817,,
107.94059999999999,571,436.61,2849,1628160,795,0.0003,0.2390264868736267,0.2,7940,13.23083209991455,0.0079119,0.0607421875,-0.009044334429199807,-0.6770846793428064,25.572072765231134,,
,,,,1630000,,0.0003,0.2613692879676819,0.2,7950,15.355916023254395,0.0076063075,0.074169921875,-0.00956680825620424,-0.6881953340023756,26.35456552505493,885.0,268.912
101.95959999999997,571,415.02,2854,1630208,796,,,,,,,,,,,,
102.09379999999999,571,413.32,2856,1632256,797,0.0003,0.1490154266357422,0.2,7960,11.306754112243652,0.0070059663,0.09658203125,-0.011941242014290764,-0.7266828002408147,34.04826636612415,,
103.72300000000003,571,422.04,2859,1634304,798,0.0003,0.33655327558517456,0.2,7970,6.5609450340271,0.0066576023,0.070849609375,-0.008918377547524869,-0.716536540351808,25.137637984752654,,
101.13680000000001,571,416.08,2862,1636352,799,0.0003,0.36562037467956543,0.2,7980,21.082256317138672,0.0067251194,0.068212890625,-0.00976807453262154,-0.6615876011550427,28.5080353140831,,
100.99520000000001,571,413.14,2864,1638400,800,0.0003,0.2897492051124573,0.2,7990,5.638020992279053,0.010323707,0.105908203125,-0.01196673993690638,-0.7548608550801873,28.884280094504355,,
,,,,1640000,,0.0003,0.32572853565216064,0.2,8000,24.448427200317383,0.0067344224,0.071630859375,-0.010046744035207666,-0.6969523742794991,39.472333908081055,1349.4,93.292
97.20340000000004,571,397.32,2871,1640448,801,,,,,,,,,,,,
97.76019999999998,571,404.55,2874,1642496,802,0.0003,0.32793229818344116,0.2,8010,16.726346969604492,0.0086802,0.0857421875,-0.011963486584136263,-0.6882991936057806,35.04802671968937,,
98.369,571,399.16,2876,1644544,803,0.0003,0.2875699996948242,0.2,8020,16.803510665893555,0.007167164,0.073583984375,-0.008216652268311008,-0.7494481492787599,32.944395473599435,,
92.06480000000002,571,383.71,2879,1646592,804,0.0003,0.2940734624862671,0.2,8030,20.45747947692871,0.0062260544,0.0642578125,-0.010191010884591378,-0.6535025274381041,36.627857798337935,,
91.7554,572,389.16,2882,1648640,805,0.0003,0.28368479013442993,0.2,8040,17.23876190185547,0.009506054,0.10439453125,-0.012744563369778916,-0.7557425847277045,31.09653582274914,,
,,,,1650000,,0.0003,0.3116530776023865,0.2,8050,11.299291610717773,0.012762553,0.123681640625,-0.013892973208567128,-0.7300480615347624,23.857118040323257,1829.6,312.14399999999995
94.41859999999998,571,396.28,2890,1650688,806,,,,,,,,,,,,
94.3898,571,397.72,2892,1652736,807,0.0003,0.32925570011138916,0.2,8060,13.422233581542969,0.0071644373,0.079931640625,-0.010246975593327079,-0.6566887319087982,21.986543288826944,,
93.72159999999998,571,391.05,2895,1654784,808,0.0003,0.3286300301551819,0.2,8070,12.095331192016602,0.0068645244,0.055224609375,-0.007312326281680726,-0.6385535603389144,23.622852659225465,,
91.9622,571,378.82,2897,1656832,809,0.0003,0.2591482996940613,0.2,8080,32.1696662902832,0.0074981893,0.076171875,-0.012577810615766793,-0.6409482122398913,32.54224309027195,,
90.5538,571,379.1,2900,1658880,810,0.0003,0.21802783012390137,0.2,8090,36.218505859375,0.006761579,0.06416015625,-0.01043417617911473,-0.6525818631052971,50.58471847176552,,
,,,,1660000,,0.0003,0.2786458134651184,0.2,8100,24.671720504760742,0.008390766,0.085498046875,-0.01187311862304341,-0.7226506803184748,34.79317872822285,1469.6,289.284
87.60740000000001,571,361.09,2907,1660928,811,,,,,,,,,,,,
85.97059999999999,571,357.76,2910,1662976,812,0.0003,0.24983751773834229,0.2,8110,10.72064208984375,0.008599918,0.099853515625,-0.012126667317352258,-0.6943804454058409,40.76964256167412,,
87.2274,571,360.05,2914,1665024,813,0.0003,0.253126859664917,0.2,8120,13.037715911865234,0.0078260945,0.085205078125,-0.01091540076304227,-0.7035791708156467,33.51176159381866,,
87.13699999999999,571,354.55,2917,1667072,814,0.0003,0.3197094202041626,0.2,8130,11.965201377868652,0.0062679118,0.062841796875,-0.009030717119458131,-0.6804231332615018,26.58374392390251,,
81.1076,571,335.38,2920,1669120,815,0.0003,0.27037668228149414,0.2,8140,21.49016761779785,0.008173846,0.07587890625,-0.011386870054411701,-0.6956944908946753,44.387591540813446,,
,,,,1670000,,0.0003,0.22438067197799683,0.2,8150,19.06032943725586,0.0076654167,0.08544921875,-0.011448957613902166,-0.666226913779974,28.030948287248613,1555.2,265.52799999999996
85.435,570,349.47,2928,1671168,816,,,,,,,,,,,,
86.52580000000003,570,350.04,2931,1673216,817,0.0003,0.21021831035614014,0.2,8160,10.308755874633789,0.008102316,0.097314453125,-0.011655128556594719,-0.7079006221145392,28.824281695485116,,
88.83239999999999,570,354.95,2934,1675264,818,0.0003,0.28178441524505615,0.2,8170,8.99088191986084,0.006462625,0.05576171875,-0.009613238254678436,-0.6371517188847065,35.15025591254234,,
93.10039999999998,570,367.0,2937,1677312,819,0.0003,0.24084711074829102,0.2,8180,13.201411247253418,0.007763612,0.0716796875,-0.010308094581705517,-0.6120629786513746,27.80679969191551,,
94.58080000000001,571,368.13,2940,1679360,820,0.0003,0.34034544229507446,0.2,8190,12.433127403259277,0.007001821,0.069140625,-0.009364726161584258,-0.6198274998925626,21.47253796160221,,
,,,,1680000,,0.0003,0.23241591453552246,0.2,8200,12.489107131958008,0.0074849194,0.09287109375,-0.01275770937500056,-0.6956100672483444,25.94120496213436,781.8,309.052
92.74619999999999,570,369.68,2946,1681408,821,,,,,,,,,,,,
97.66640000000001,570,379.18,2949,1683456,822,0.0003,0.21892237663269043,0.2,8210,17.35736083984375,0.0055637266,0.057763671875,-0.008153381045849529,-0.6854104172438383,34.01348043680191,,
99.30460000000001,570,377.43,2952,1685504,823,0.0003,0.2429388165473938,0.2,8220,15.041312217712402,0.008195603,0.08408203125,-0.011933343278360552,-0.6260750574991107,31.977436491847037,,
100.6444,570,380.58,2955,1687552,824,0.0003,0.35200929641723633,0.2,8230,9.973431587219238,0.0069290334,0.0705078125,-0.009091190627077594,-0.601625208556652,29.315191891789436,,
100.44659999999998,571,375.44,2958,1689600,825,0.0003,0.25951260328292847,0.2,8240,14.833979606628418,0.007248914,0.083984375,-0.010927194802206941,-0.6498607413843274,28.28733285665512,,
,,,,1690000,,0.0003,0.27876216173171997,0.2,8250,18.007108688354492,0.0076502026,0.06884765625,-0.009661133735789917,-0.624227711930871,32.11382308900356,985.4,359.08799999999997
99.03599999999999,570,375.83,2965,1691648,826,,,,,,,,,,,,
100.37980000000003,570,378.78,2968,1693696,827,0.0003,0.29084599018096924,0.2,8260,17.456937789916992,0.013136558,0.07890625,-0.007957021334732417,-0.6574975647032261,28.844183921813965,,
105.08340000000003,570,394.1,2971,1695744,828,0.0003,0.24570327997207642,0.2,8270,9.340728759765625,0.0040914533,0.058837890625,-0.00887608520424692,-0.6113856088370084,41.49895775020123,,
106.43279999999999,570,396.77,2974,1697792,829,0.0003,0.39657366275787354,0.2,8280,11.194046020507812,0.008906104,0.11328125,-0.015590792780858464,-0.6145639668218792,18.06733565032482,,
112.77199999999999,570,415.48,2977,1699840,830,0.0003,0.13897597789764404,0.2,8290,21.683177947998047,0.0063671535,0.0814453125,-0.011136887935572303,-0.5959992637857795,39.12261550426483,,
,,,,1700000,,0.0003,0.24824655055999756,0.2,8300,10.671207427978516,0.007849673,0.098779296875,-0.012264241679804399,-0.6038541018031538,26.850624084472656,1051.2,313.684
115.45119999999999,570,416.79,2983,1701888,831,,,,,,,,,,,,
120.7976,570,435.04,2987,1703936,832,0.0003,0.23580992221832275,0.2,8310,23.278669357299805,0.005337022,0.05126953125,-0.005246265532332472,-0.6450737342238426,40.37057710289955,,
121.62660000000001,570,433.67,2990,1705984,833,0.0003,0.28588008880615234,0.2,8320,11.95304012298584,0.008606898,0.076806640625,-0.008303876518039034,-0.608159967046231,30.88469567298889,,
118.38040000000002,570,420.63,2993,1708032,834,0.0003,0.20652270317077637,0.2,8330,28.40923500061035,0.008396046,0.098095703125,-0.016785661748144776,-0.6419263508170843,40.053420421481135,,
,,,,1710000,,0.0003,0.3467023968696594,0.2,8340,20.45850372314453,0.006285963,0.071240234375,-0.00842919040878769,-0.6958942271769046,35.68423382639885,1595.0,268.74
121.2694,569,436.5,3001,1710080,835,,,,,,,,,,,,
122.666,569,441.82,3004,1712128,836,0.0003,0.3594556450843811,0.2,8350,9.700519561767578,0.008468581,0.098828125,-0.01113852225826122,-0.684399357251823,27.4977970123291,,
122.36359999999999,569,436.9,3008,1714176,837,0.0003,0.35253679752349854,0.2,8360,6.965348243713379,0.006741672,0.055859375,-0.007879087179026101,-0.6631691999733448,23.496281844377517,,
127.1188,569,444.63,3011,1716224,838,0.0003,0.3109222650527954,0.2,8370,14.189041137695312,0.0077807372,0.08681640625,-0.010438685346161946,-0.6461148073896765,27.783126375079156,,
124.18620000000001,570,435.95,3013,1718272,839,0.0003,0.2566184401512146,0.2,8380,24.922496795654297,0.0050769346,0.057177734375,-0.007402829121565447,-0.5968544840812683,40.277490919828416,,
,,,,1720000,,0.0003,0.19392037391662598,0.2,8390,22.77680778503418,0.007550642,0.058935546875,-0.006998805241892114,-0.6376874098554254,35.40832976102829,796.0,320.79200000000003
116.35860000000001,569,411.5,3018,1720320,840,,,,,,,,,,,,
120.26840000000001,570,421.42,3021,1722368,841,0.0003,0.1537652611732483,0.2,8400,19.532371520996094,0.0070588766,0.060205078125,-0.011949616542551666,-0.6482091454789043,46.740030056238176,,
123.74640000000001,570,427.88,3024,1724416,842,0.0003,0.3029283881187439,0.2,8410,14.103490829467773,0.009387762,0.094384765625,-0.011928733160311822,-0.588452295679599,29.047480043768882,,
120.25020000000002,570,422.33,3026,1726464,843,0.0003,0.2610854506492615,0.2,8420,19.268508911132812,0.008228796,0.104345703125,-0.01245055318577215,-0.6793956980109215,29.01296275258064,,
118.46080000000002,570,421.62,3029,1728512,844,0.0003,0.19365078210830688,0.2,8430,17.698999404907227,0.0067707226,0.086376953125,-0.010240572487236931,-0.7070359645411373,36.23508405387402,,
,,,,1730000,,0.0003,0.2848981022834778,0.2,8440,14.027694702148438,0.007157777,0.089794921875,-0.010678375264978968,-0.6347725547850132,25.380822053551675,773.6,192.984
115.73539999999998,570,412.6,3034,1730560,845,,,,,,,,,,,,
113.82719999999999,570,407.81,3037,1732608,846,0.0003,0.2765734791755676,0.2,8450,16.4122314453125,0.008827988,0.077685546875,-0.008251692293561064,-0.6309753248468042,35.91819308102131,,
115.92820000000002,570,417.99,3040,1734656,847,0.0003,0.23972094058990479,0.2,8460,18.95514678955078,0.007833591,0.099072265625,-0.00928069461369887,-0.692372602596879,26.3540909409523,,
109.89879999999998,570,403.83,3042,1736704,848,0.0003,0.31426918506622314,0.2,8470,9.997136116027832,0.006622754,0.073486328125,-0.009680690988898278,-0.6234413493424654,23.956793695688248,,
110.90379999999999,570,413.7,3045,1738752,849,0.0003,0.28174012899398804,0.2,8480,10.178319931030273,0.006935504,0.0818359375,-0.00868332526879385,-0.6707286585122347,29.764883080124854,,
,,,,1740000,,0.0003,0.26611459255218506,0.2,8490,6.008170127868652,0.010629943,0.115234375,-0.010025506641250103,-0.664290197007358,20.175382328033447,1670.4,72.84400000000001
107.8004,570,403.54,3052,1740800,850,,,,,,,,,,,,
107.6958,570,413.78,3055,1742848,851,0.0003,0.2707180380821228,0.2,8500,10.726690292358398,0.006724909,0.0828125,-0.011259942851029336,-0.6697854457423091,27.744372659921645,,
106.09540000000001,570,408.63,3058,1744896,852,0.0003,0.28374648094177246,0.2,8510,9.932679176330566,0.0057307696,0.070166015625,-0.0081600069970591,-0.6870625644922257,28.233110350370406,,
104.85379999999999,570,410.59,3061,1746944,853,0.0003,0.31475406885147095,0.2,8520,10.960741996765137,0.006396034,0.08427734375,-0.00927459027589066,-0.6883488668128848,28.935407668352127,,
108.3242,570,417.43,3064,1748992,854,0.0003,0.2724050283432007,0.2,8530,12.480683326721191,0.0068574497,0.07578125,-0.009848520177183673,-0.6864239590242505,30.49214822649956,,
,,,,1750000,,0.0003,0.33041203022003174,0.2,8540,12.36523151397705,0.00826874,0.066552734375,-0.010407870871131309,-0.6445757076144218,34.081143483519554,1125.6,284.14
108.61039999999998,570,418.15,3069,1751040,855,,,,,,,,,,,,
107.38499999999998,570,409.28,3072,1753088,856,0.0003,0.26884329319000244,0.2,8550,19.168411254882812,0.0068326746,0.075390625,-0.01204660476942081,-0.6773793386295438,32.351945352554324,,
106.23099999999998,570,401.85,3075,1755136,857,0.0003,0.2548961043357849,0.2,8560,33.048519134521484,0.007866604,0.069873046875,-0.01067889871337684,-0.685161885432899,30.079033428430556,,
108.8712,570,410.12,3078,1757184,858,0.0003,0.17844313383102417,0.2,8570,8.469184875488281,0.00659767,0.070703125,-0.010927015848574228,-0.6609066823497415,35.28406558930874,,
109.8422,571,421.69,3080,1759232,859,0.0003,0.28363603353500366,0.2,8580,11.907909393310547,0.0077869873,0.080322265625,-0.008589692012174055,-0.6612465558573604,30.65276890695095,,
,,,,1760000,,0.0003,0.2991061210632324,0.2,8590,12.890946388244629,0.007586856,0.08876953125,-0.010921566092292778,-0.6687581622973084,28.95142687857151,1223.2,165.956
112.057,570,431.19,3086,1761280,860,,,,,,,,,,,,
114.7688,570,440.89,3089,1763328,861,0.0003,0.2897758483886719,0.2,8600,21.41141128540039,0.009540648,0.083251953125,-0.009863998176297174,-0.6145543706603348,31.15248964726925,,
119.2844,570,455.59,3092,1765376,862,0.0003,0.21323269605636597,0.2,8610,22.782804489135742,0.0047767856,0.064794921875,-0.006968544409028254,-0.6562206724658608,36.26788164973259,,
120.55320000000003,571,462.29,3094,1767424,863,0.0003,0.4253150224685669,0.2,8620,9.797125816345215,0.0058596632,0.07958984375,-0.00894445063895546,-0.6850440703332424,19.475559568405153,,
121.50680000000003,571,469.72,3097,1769472,864,0.0003,0.29080623388290405,0.2,8630,15.538503646850586,0.0066282684,0.06943359375,-0.008823392482008785,-0.6947375437244773,27.33438048362732,,
,,,,1770000,,0.0003,0.23903173208236694,0.2,8640,10.64922046661377,0.0061224094,0.06669921875,-0.00878953053324949,-0.6124267846345901,29.320905876159667,1982.0,182.844
123.52799999999998,570,473.87,3105,1771520,865,,,,,,,,,,,,
120.1718,570,461.32,3108,1773568,866,0.0003,0.3294905424118042,0.2,8650,13.232239723205566,0.008847808,0.075048828125,-0.007437246917106677,-0.6516228888183833,27.89423114955425,,
119.03779999999999,570,457.9,3111,1775616,867,0.0003,0.22562170028686523,0.2,8660,15.193866729736328,0.005820279,0.04541015625,-0.007304971115081571,-0.7089456995949149,47.78356767892838,,
123.14219999999999,570,473.12,3113,1777664,868,0.0003,0.24843132495880127,0.2,8670,12.788505554199219,0.006684705,0.061865234375,-0.01050379077787511,-0.6852639866992831,33.70516477525234,,
123.4946,571,470.53,3116,1779712,869,0.0003,0.3472359776496887,0.2,8680,11.57354736328125,0.007307874,0.066259765625,-0.008642998794675805,-0.6435572579503059,23.068526276946066,,
,,,,1780000,,0.0003,0.2874358296394348,0.2,8690,21.5098876953125,0.010749031,0.1177734375,-0.012569175940006972,-0.6762345740571618,33.264477488398555,1534.4,71.55600000000001
122.21320000000001,570,469.47,3123,1781760,870,,,,,,,,,,,,
125.7592,570,477.54,3126,1783808,871,0.0003,0.33452552556991577,0.2,8700,6.753101348876953,0.0071928366,0.072021484375,-0.0077624373661819845,-0.6932492543011903,22.295245134830473,,
125.82939999999999,570,479.04,3129,1785856,872,0.0003,0.26685774326324463,0.2,8710,10.645987510681152,0.006913089,0.07509765625,-0.01014568226528354,-0.6601748190820217,28.721621876955034,,
126.96300000000001,570,477.47,3131,1787904,873,0.0003,0.26387059688568115,0.2,8720,19.911521911621094,0.0069852667,0.081201171875,-0.009547532245051116,-0.6646480357274414,34.71746425628662,,
127.22319999999999,571,489.51,3134,1789952,874,0.0003,0.4109554886817932,0.2,8730,5.586640357971191,0.01079105,0.0958984375,-0.0100363038451178,-0.7119365464895964,14.800224711000919,,
,,,,1790000,,0.0003,0.26891589164733887,0.2,8740,9.88852310180664,0.007866707,0.1041015625,-0.012025853543309494,-0.7219377355650067,28.622948142886163,1422.8,252.14399999999995
124.514,570,484.69,3141,1792000,875,,,,,,,,,,,,
123.5404,570,478.26,3143,1794048,876,0.0003,0.27806931734085083,0.2,8750,9.85489273071289,0.0053021736,0.039990234375,-0.00798211815781542,-0.7343653678894043,25.55798971951008,,
125.96339999999998,570,482.36,3146,1796096,877,0.0003,0.21972167491912842,0.2,8760,11.415512084960938,0.0074738692,0.090185546875,-0.011036668473389,-0.6414867717772722,27.161708730459214,,
125.33060000000002,570,488.95,3149,1798144,878,0.0003,0.3442081809043884,0.2,8770,13.884334564208984,0.006395839,0.0546875,-0.011400775614310988,-0.6411386022344232,31.101089227199555,,
,,,,1800000,,0.0003,0.3450963497161865,0.2,8780,21.60162353515625,0.008032529,0.116259765625,-0.014486637742083985,-0.6807112621143461,29.322861725091933,1256.8,193.33999999999997
125.69580000000002,570,495.74,3155,1800192,879,,,,,,,,,,,,
130.05100000000002,570,503.43,3158,1802240,880,0.0003,0.3068399429321289,0.2,8790,6.127777576446533,0.008327406,0.096142578125,-0.008194893410836812,-0.6963487638160586,30.458628979325294,,
131.49499999999998,570,511.39,3160,1804288,881,0.0003,0.3385978937149048,0.2,8800,24.917186737060547,0.0054968484,0.051220703125,-0.008704158281034324,-0.6501736015081405,33.37507122755051,,
134.1188,570,525.49,3163,1806336,882,0.0003,0.3605498671531677,0.2,8810,21.324663162231445,0.0087058,0.08349609375,-0.007736704837589059,-0.6705473132431508,31.477143928408623,,
132.2824,571,522.12,3166,1808384,883,0.0003,0.3079935312271118,0.2,8820,17.483598709106445,0.0064132228,0.064990234375,-0.00841622554580681,-0.6563797803595662,32.06029992699623,,
,,,,1810000,,0.0003,0.2819121479988098,0.2,8830,28.482707977294922,0.0068430076,0.0611328125,-0.007714483904419467,-0.6490368521772325,27.81993716955185,815.8,138.03199999999998
128.5312,570,504.27,3171,1810432,884,,,,,,,,,,,,
130.4808,570,512.0,3174,1812480,885,0.0003,0.18458819389343262,0.2,8840,30.09357261657715,0.0045196284,0.048583984375,-0.008269629624555819,-0.6025385343469679,47.73438007831574,,
131.3108,571,515.59,3177,1814528,886,0.0003,0.29430466890335083,0.2,8850,7.661605358123779,0.008065174,0.07431640625,-0.007104807021096349,-0.6709638865664601,19.996362613141535,,
128.102,571,505.69,3179,1816576,887,0.0003,0.3530225157737732,0.2,8860,16.454626083374023,0.00743199,0.0853515625,-0.009866883754148148,-0.639115332532674,30.80042158663273,,
128.33100000000002,571,504.26,3182,1818624,888,0.0003,0.34130728244781494,0.2,8870,18.06218719482422,0.007431288,0.080029296875,-0.01132818153273547,-0.6626132968813181,32.68394449949265,,
,,,,1820000,,0.0003,0.2937358021736145,0.2,8880,9.136129379272461,0.0050322684,0.047998046875,-0.007178768742596731,-0.6785453591495753,26.40206585228443,1569.6,112.936
122.34820000000002,570,492.78,3189,1820672,889,,,,,,,,,,,,
123.07900000000004,570,501.33,3192,1822720,890,0.0003,0.2712642550468445,0.2,8890,15.583549499511719,0.0072224652,0.08291015625,-0.010166124088573269,-0.6804511373862624,36.82417680025101,,
126.84200000000001,571,513.58,3195,1824768,891,0.0003,0.2294093370437622,0.2,8900,6.945047378540039,0.0055082086,0.06708984375,-0.00792506157013122,-0.6679309756495059,29.684191396832468,,
131.7768,571,532.37,3197,1826816,892,0.0003,0.27046769857406616,0.2,8910,8.39552116394043,0.0075596976,0.0822265625,-0.009680439389194362,-0.6632298508659005,22.808769351243974,,
133.3018,571,531.27,3200,1828864,893,0.0003,0.3632444739341736,0.2,8920,11.087867736816406,0.007991345,0.085693359375,-0.010301851446274667,-0.5943579974584281,18.66158309876919,,
,,,,1830000,,0.0003,0.3388398289680481,0.2,8930,12.731411933898926,0.007228392,0.08310546875,-0.00983280120708514,-0.5978959877975285,25.02031475007534,1189.2,292.88800000000003
133.595,571,531.64,3206,1830912,894,,,,,,,,,,,,
131.1044,571,515.89,3209,1832960,895,0.0003,0.28380733728408813,0.2,8940,14.326041221618652,0.004960495,0.048095703125,-0.006973229383584112,-0.6066521414555609,28.12958650290966,,
127.23979999999997,571,498.7,3211,1835008,896,0.0003,0.19946330785751343,0.2,8950,13.159798622131348,0.0061743623,0.06201171875,-0.00935089049016824,-0.6427438294515013,40.30546024143696,,
126.92699999999996,571,489.29,3214,1837056,897,0.0003,0.23146897554397583,0.2,8960,22.8841609954834,0.0055763824,0.05732421875,-0.007807295587554108,-0.6085883451625704,34.58239363133907,,
129.0534,571,493.19,3217,1839104,898,0.0003,0.34835004806518555,0.2,8970,12.343931198120117,0.008114466,0.0892578125,-0.01116568876459496,-0.5836538051255047,25.44942813515663,,
,,,,1840000,,0.0003,0.3049182891845703,0.2,8980,9.481302261352539,0.008183046,0.077978515625,-0.0068993106338894,-0.6505133043974638,25.185135635733605,837.8,358.032
125.59960000000002,571,475.5,3222,1841152,899,,,,,,,,,,,,
125.82039999999999,571,474.48,3225,1843200,900,0.0003,0.22807258367538452,0.2,8990,16.632360458374023,0.0069655934,0.078125,-0.013725529244402424,-0.6549545247107744,47.144822084903716,,
123.79440000000001,571,460.55,3227,1845248,901,0.0003,0.3164979815483093,0.2,9000,6.947596549987793,0.008288941,0.07822265625,-0.008392406289931386,-0.6647895783185959,29.354726585745812,,
121.44099999999999,571,452.97,3230,1847296,902,0.0003,0.20349806547164917,0.2,9010,11.148099899291992,0.0063884757,0.07802734375,-0.012514334078878165,-0.6673000240698457,34.593440583348276,,
119.59379999999997,571,445.13,3233,1849344,903,0.0003,0.1942867636680603,0.2,9020,15.543261528015137,0.008529751,0.0978515625,-0.012519401431200094,-0.6735094286501407,34.067512756586076,,
,,,,1850000,,0.0003,0.2578394412994385,0.2,9030,8.325824737548828,0.0057094945,0.056787109375,-0.006567621981957927,-0.6824935235083103,34.26035122275353,932.8,85.592
115.7508,571,431.87,3238,1851392,904,,,,,,,,,,,,
114.2502,571,431.75,3241,1853440,905,0.0003,0.23432093858718872,0.2,9040,20.6402645111084,0.0061180936,0.05283203125,-0.008012333890656009,-0.6745608624070882,36.69109023809433,,
109.50460000000001,571,413.52,3243,1855488,906,0.0003,0.27440279722213745,0.2,9050,8.533283233642578,0.010326859,0.108935546875,-0.012348570022732019,-0.6663613442331553,35.730469045042994,,
108.98020000000002,572,414.69,3246,1857536,907,0.0003,0.2570606470108032,0.2,9060,13.480568885803223,0.008862536,0.0705078125,-0.010305265206261538,-0.6833338754251599,31.21920062303543,,
106.74880000000002,572,406.02,3249,1859584,908,0.0003,0.20345664024353027,0.2,9070,15.236886024475098,0.0068507427,0.087451171875,-0.00943330894515384,-0.7189165875315666,24.253535649180414,,
,,,,1860000,,0.0003,0.30739057064056396,0.2,9080,12.528666496276855,0.009185835,0.1009765625,-0.01179406389419455,-0.686383193358779,32.75566249191761,694.4,156.49200000000002
109.71600000000001,572,417.98,3254,1861632,909,,,,,,,,,,,,
109.18180000000001,572,409.62,3256,1863680,910,0.0003,0.3028826117515564,0.2,9090,11.508255004882812,0.0063190334,0.059521484375,-0.007911379288998432,-0.6990575423464179,23.46666833460331,,
99.87659999999998,572,383.9,3259,1865728,911,0.0003,0.31140750646591187,0.2,9100,10.580668449401855,0.006083171,0.053857421875,-0.008431210854905658,-0.7187622535973788,34.94457938373089,,
98.5248,572,381.35,3262,1867776,912,0.0003,0.12683796882629395,0.2,9110,18.65056800842285,0.008991851,0.083642578125,-0.011494576834957115,-0.7193073822185397,34.08340365588665,,
99.1636,572,384.48,3265,1869824,913,0.0003,0.25693029165267944,0.2,9120,10.007603645324707,0.0068579037,0.07294921875,-0.007301538498722948,-0.7103858841583133,24.77493312507868,,
,,,,1870000,,0.0003,0.2612379789352417,0.2,9130,15.670938491821289,0.008436078,0.0912109375,-0.011974558286601678,-0.7043822467327118,27.4327131152153,2079.6,104.74000000000001
95.54960000000003,571,384.82,3273,1871872,914,,,,,,,,,,,,
91.96799999999999,571,378.53,3276,1873920,915,0.0003,0.27352988719940186,0.2,9140,17.48127555847168,0.0063846754,0.065576171875,-0.008468605048255995,-0.7974717225879431,32.70966957509518,,
87.04719999999999,572,364.05,3279,1875968,916,0.0003,0.15998661518096924,0.2,9150,9.959220886230469,0.005947794,0.06005859375,-0.010397987721080425,-0.6693803815171122,30.582401245832443,,
90.37200000000001,572,378.17,3281,1878016,917,0.0003,0.26490306854248047,0.2,9160,19.98675537109375,0.006998704,0.065380859375,-0.010417640433297492,-0.664843069948256,36.004141223430636,,
,,,,1880000,,0.0003,0.3761069178581238,0.2,9170,17.836599349975586,0.009018985,0.086083984375,-0.009148763645498548,-0.6992052383720875,25.964572045207024,685.2,282.928
83.0634,572,357.83,3286,1880064,918,,,,,,,,,,,,
81.518,572,354.94,3289,1882112,919,0.0003,0.20614725351333618,0.2,9180,16.510391235351562,0.007148915,0.09765625,-0.013711111224256455,-0.7218540273606777,38.86553070247173,,
82.55239999999999,572,363.34,3291,1884160,920,0.0003,0.22494232654571533,0.2,9190,17.06000328063965,0.008766981,0.10400390625,-0.015833535650745034,-0.7300267696380616,33.45419055223465,,
79.13759999999999,572,353.72,3294,1886208,921,0.0003,0.24812448024749756,0.2,9200,17.09299087524414,0.0082892915,0.089501953125,-0.009450570546323433,-0.6904437728226185,26.09958707392216,,
79.33879999999998,572,358.69,3297,1888256,922,0.0003,0.2962194085121155,0.2,9210,10.309362411499023,0.007839942,0.07568359375,-0.012405200586363208,-0.7470844384282828,30.803686973452567,,
,,,,1890000,,0.0003,0.27375030517578125,0.2,9220,9.328901290893555,0.008995234,0.105419921875,-0.01308938503934769,-0.747992754355073,28.521730771660806,497.2,164.44400000000002
80.47099999999999,572,362.2,3301,1890304,923,,,,,,,,,,,,
83.2572,572,368.18,3303,1892352,924,0.0003,0.24672013521194458,0.2,9230,13.55014705657959,0.007948576,0.08369140625,-0.010495558839465957,-0.6699579952284693,32.25897318124771,,
82.3488,572,363.5,3306,1894400,925,0.0003,0.2946425676345825,0.2,9240,9.244345664978027,0.008921423,0.07353515625,-0.010840285407903138,-0.6968716990202666,34.99826128482819,,
79.2102,573,355.1,3309,1896448,926,0.0003,0.2743412256240845,0.2,9250,28.171337127685547,0.008593274,0.099169921875,-0.010299558512633667,-0.7262124307453632,31.705989012122153,,
80.54560000000001,573,358.47,3312,1898496,927,0.0003,0.20935916900634766,0.2,9260,7.808313846588135,0.0073393453,0.081396484375,-0.010073963773902506,-0.7420262195169925,31.74968519806862,,
,,,,1900000,,0.0003,0.28503990173339844,0.2,9270,16.92938995361328,0.007800443,0.09345703125,-0.011290111095877364,-0.7010649867355824,30.77465102672577,754.0,81.152
79.5398,573,343.63,3316,1900544,928,,,,,,,,,,,,
78.2252,573,344.23,3319,1902592,929,0.0003,0.15809357166290283,0.2,9280,11.082895278930664,0.006151025,0.06611328125,-0.010072806978132575,-0.6790082387626171,39.35191205739975,,
78.387,573,346.16,3322,1904640,930,0.0003,0.26984453201293945,0.2,9290,10.731791496276855,0.006758923,0.088232421875,-0.01065724723157473,-0.7522400623187423,26.849950742721557,,
85.2398,573,359.23,3324,1906688,931,0.0003,0.3517687916755676,0.2,9300,18.306076049804688,0.010861903,0.10986328125,-0.00980010872008279,-0.6834781214594841,22.707948487997054,,
90.00879999999998,573,371.28,3327,1908736,932,0.0003,0.28629082441329956,0.2,9310,18.801666259765625,0.0076905848,0.08564453125,-0.010244618883007206,-0.6506229285150766,33.1612492620945,,
,,,,1910000,,0.0003,0.3619324564933777,0.2,9320,17.761066436767578,0.007172485,0.079296875,-0.01145115530816838,-0.6833110639825464,32.05292239189148,1100.0,80.244
92.16760000000001,573,378.57,3333,1910784,933,,,,,,,,,,,,
93.34300000000002,573,384.93,3335,1912832,934,0.0003,0.2864091396331787,0.2,9330,13.912939071655273,0.0065987026,0.069384765625,-0.011258895318314898,-0.6809369195252657,30.395332038402557,,
94.0368,573,380.3,3338,1914880,935,0.0003,0.28340840339660645,0.2,9340,9.510639190673828,0.0061571035,0.0576171875,-0.008478341886075214,-0.7156732503324748,29.121811947226526,,
94.28360000000002,573,382.99,3341,1916928,936,0.0003,0.2460063099861145,0.2,9350,20.682130813598633,0.0066318475,0.078271484375,-0.012458610921748913,-0.6811836332082748,37.97423585653305,,
97.54279999999999,573,395.38,3344,1918976,937,0.0003,0.19380807876586914,0.2,9360,13.686266899108887,0.008097089,0.07861328125,-0.009405169618548825,-0.6928252233192325,31.777341774106027,,
,,,,1920000,,0.0003,0.2692400813102722,0.2,9370,14.302702903747559,0.0076961336,0.099755859375,-0.009947453261702321,-0.7286173475906252,32.3195422321558,691.0,144.536
100.5504,573,405.32,3348,1921024,938,,,,,,,,,,,,
103.66120000000001,573,415.11,3351,1923072,939,0.0003,0.30043333768844604,0.2,9380,16.82991600036621,0.006646732,0.08544921875,-0.012403013979201205,-0.7110576579347253,34.219165694713595,,
102.06760000000003,573,409.62,3353,1925120,940,0.0003,0.24796587228775024,0.2,9390,17.577280044555664,0.006019652,0.053955078125,-0.010892251317272894,-0.6777034347876907,29.873498579859735,,
101.9112,574,407.42,3356,1927168,941,0.0003,0.3163130283355713,0.2,9400,12.79848575592041,0.010096306,0.12021484375,-0.011907446495024487,-0.7504150876775384,23.249881073832512,,
104.5122,574,417.65,3359,1929216,942,0.0003,0.1689131259918213,0.2,9410,32.435184478759766,0.008921164,0.08505859375,-0.012799225040362216,-0.6619886667467654,45.94481567144394,,
,,,,1930000,,0.0003,0.2627381682395935,0.2,9420,10.377860069274902,0.007088991,0.086962890625,-0.009901846968568861,-0.7027019379660487,22.000044015049934,1696.2,278.73999999999995
101.60040000000001,573,407.93,3366,1931264,943,,,,,,,,,,,,
103.7766,573,419.36,3369,1933312,944,0.0003,0.2532263398170471,0.2,9430,12.757193565368652,0.00836811,0.092333984375,-0.013410851132357493,-0.6602821793407202,39.44099805355072,,
103.4766,573,424.34,3372,1935360,945,0.0003,0.31629884243011475,0.2,9440,13.243213653564453,0.009808232,0.10029296875,-0.01123597669211449,-0.695798140577972,22.36416540443897,,
104.95859999999999,574,425.39,3374,1937408,946,0.0003,0.3234042525291443,0.2,9450,10.195202827453613,0.0084014125,0.09990234375,-0.009960203300579451,-0.7057456441223622,21.904130774736405,,
107.42460000000001,574,432.35,3377,1939456,947,0.0003,0.15257596969604492,0.2,9460,9.720850944519043,0.0077614784,0.07744140625,-0.009120089543284849,-0.6951249556615948,22.243234223127367,,
,,,,1940000,,0.0003,0.3189353346824646,0.2,9470,8.623108863830566,0.0073784795,0.10234375,-0.01199817479646299,-0.7010646099224687,25.860953187942506,774.8,285.144
107.5388,574,431.65,3382,1941504,948,,,,,,,,,,,,
109.561,574,440.76,3385,1943552,949,0.0003,0.2938709259033203,0.2,9480,31.308578491210938,0.006820953,0.0583984375,-0.009709477698197588,-0.6588754853233695,30.895280817151068,,
110.3936,574,444.22,3387,1945600,950,0.0003,0.32463085651397705,0.2,9490,16.04474449157715,0.008227708,0.105908203125,-0.015037190273869783,-0.660393676161766,21.912186984717845,,
115.74,574,457.46,3390,1947648,951,0.0003,0.33951443433761597,0.2,9500,16.037845611572266,0.0060516945,0.0759765625,-0.012020614696666598,-0.6456034297123552,35.50434049665928,,
113.82260000000001,574,448.12,3393,1949696,952,0.0003,0.26291126012802124,0.2,9510,7.320699214935303,0.007566481,0.075537109375,-0.008841404115082696,-0.66207618676126,21.216571936011313,,
,,,,1950000,,0.0003,0.3041509985923767,0.2,9520,11.88211441040039,0.005582537,0.049853515625,-0.008358999904885422,-0.6258567783981561,29.418511208891868,2110.0,94.11200000000001
113.97619999999999,573,445.45,3401,1951744,953,,,,,,,,,,,,
114.24839999999999,573,451.88,3404,1953792,954,0.0003,0.25056660175323486,0.2,9530,20.112075805664062,0.007531848,0.07568359375,-0.009767211342114024,-0.6150717775337398,32.871785044670105,,
114.48900000000002,574,449.87,3406,1955840,955,0.0003,0.3500813841819763,0.2,9540,7.570182800292969,0.007845598,0.084765625,-0.011127092427341268,-0.6446661271154881,17.692584969103336,,
114.82239999999997,574,448.23,3409,1957888,956,0.0003,0.26091456413269043,0.2,9550,14.415620803833008,0.0071760495,0.062890625,-0.010370467050233857,-0.6614500628784299,36.099256184697154,,
120.0514,574,467.34,3412,1959936,957,0.0003,0.3508712649345398,0.2,9560,7.630211353302002,0.0054562287,0.05419921875,-0.008772743967710994,-0.6462362464517355,28.855772149562835,,
,,,,1960000,,0.0003,0.2742522358894348,0.2,9570,11.861432075500488,0.00686927,0.08681640625,-0.013619945556274615,-0.6398413762450218,32.65864867568016,1678.2,68.67999999999999
119.773,573,466.23,3419,1961984,958,,,,,,,,,,,,
118.27100000000002,573,466.18,3422,1964032,959,0.0003,0.22592586278915405,0.2,9580,7.078608989715576,0.006397527,0.07470703125,-0.010167441054363735,-0.6494181105867028,24.792488449811934,,
119.67380000000003,574,471.19,3424,1966080,960,0.0003,0.25413042306900024,0.2,9590,18.04974365234375,0.004713837,0.059716796875,-0.007281946772127412,-0.6940622756257653,34.88378092944622,,
122.6068,574,479.85,3427,1968128,961,0.0003,0.3372490406036377,0.2,9600,16.988712310791016,0.0060498836,0.056298828125,-0.008022671239450574,-0.649545079935342,25.215229058265685,,
,,,,1970000,,0.0003,0.38381755352020264,0.2,9610,10.176789283752441,0.007333664,0.085400390625,-0.01114089166803751,-0.6303832344710827,29.98860302567482,1086.2,216.792
122.25200000000002,573,477.55,3433,1970176,962,,,,,,,,,,,,
123.15100000000001,574,477.69,3435,1972224,963,0.0003,0.2535727024078369,0.2,9620,17.47691535949707,0.0072466633,0.07880859375,-0.008743895171210169,-0.679144456423819,41.09969325661659,,
125.9312,574,483.97,3438,1974272,964,0.0003,0.1900826096534729,0.2,9630,7.986064434051514,0.0075654937,0.084033203125,-0.00929285799502395,-0.6839981684461236,34.151552855968475,,
129.46140000000003,574,497.84,3441,1976320,965,0.0003,0.2118198275566101,0.2,9640,10.248970985412598,0.008059409,0.07685546875,-0.01275056702143047,-0.6388326110318303,31.63533270955086,,
134.03840000000002,574,509.47,3443,1978368,966,0.0003,0.33912432193756104,0.2,9650,9.759398460388184,0.006924482,0.073095703125,-0.008252688555512578,-0.6622232776135206,24.386182284355165,,
,,,,1980000,,0.0003,0.27479398250579834,0.2,9660,15.208712577819824,0.005723484,0.05751953125,-0.01097267348668538,-0.6252582604065537,36.123822724819185,2119.4,386.50800000000004
135.03040000000001,573,509.97,3452,1980416,967,,,,,,,,,,,,
134.05360000000002,573,508.71,3455,1982464,968,0.0003,0.34576982259750366,0.2,9670,12.229972839355469,0.010109974,0.100439453125,-0.010252520765061491,-0.6205502482131123,26.191477903723715,,
136.2424,573,519.51,3458,1984512,969,0.0003,0.26900947093963623,0.2,9680,12.23914623260498,0.0071800062,0.077197265625,-0.009380566622712649,-0.6701767006888986,27.079621398448943,,
134.18760000000003,574,507.02,3460,1986560,970,0.0003,0.1686011552810669,0.2,9690,11.775618553161621,0.0060256915,0.070361328125,-0.011106409772764891,-0.6456555688753725,35.32689760923385,,
133.951,574,498.81,3463,1988608,971,0.0003,0.17488127946853638,0.2,9700,11.874198913574219,0.008736741,0.0908203125,-0.011911968039930798,-0.6642004506662488,31.485502707958222,,
,,,,1990000,,0.0003,0.20058393478393555,0.2,9710,22.270925521850586,0.00700549,0.074609375,-0.012046534722321667,-0.631617235019803,35.45287035703659,722.4,246.112
130.96919999999997,573,487.58,3468,1990656,972,,,,,,,,,,,,
131.6658,574,487.82,3470,1992704,973,0.0003,0.21321290731430054,0.2,9720,26.24123191833496,0.007912258,0.09296875,-0.010817482857964933,-0.6708086000755429,35.991395980119705,,
134.19039999999998,574,496.86,3473,1994752,974,0.0003,0.18783646821975708,0.2,9730,13.041979789733887,0.0066541843,0.070263671875,-0.011138751584803685,-0.6617813408374786,31.376856398582458,,
138.386,574,517.54,3476,1996800,975,0.0003,0.2717663645744324,0.2,9740,30.586875915527344,0.0074942927,0.064013671875,-0.009515795661718585,-0.6357500681653618,25.12802644073963,,
129.91479999999999,574,490.2,3479,1998848,976,0.0003,0.3791307806968689,0.2,9750,7.608898639678955,0.009373304,0.09892578125,-0.012627741240430623,-0.6722651114687324,22.911348555982112,,
,,,,2000000,,0.0003,0.18602150678634644,0.2,9760,25.369125366210938,0.0061859195,0.0546875,-0.009342249348992481,-0.6571399819105863,40.72823919355869,770.8,114.88400000000001
125.6998,574,490.53,3484,2000896,977,,,,,,,,,,,,
