time/fps,time/time_elapsed,rollout/ep_len_mean,rollout/ep_rew_mean,time/iterations,time/total_timesteps,train/clip_fraction,train/value_loss,train/entropy_loss,train/policy_gradient_loss,train/learning_rate,train/n_updates,train/approx_kl,train/loss,train/clip_range,train/explained_variance,eval/mean_ep_length,eval/mean_reward
293,6,222.0,-8.75,1,2048,,,,,,,,,,,,
274,14,271.73333333333335,-3.3333333333333335,2,4096,0.096337890625,3.7716151816770433,-2.1879839189350605,-0.007239407862653024,0.0003,10,0.010041112,1.5684802532196045,0.2,-0.012337327003479004,,
266,23,282.0,-1.0,3,6144,0.126123046875,4.922866434417665,-2.178398956358433,-0.010582121698826085,0.0003,20,0.009174263,1.5525163412094116,0.2,0.0022759437561035156,,
267,30,279.0689655172414,-1.7241379310344827,4,8192,0.083251953125,5.88916612342,-2.1706311777234077,-0.011698815991985611,0.0003,30,0.008115351,2.2998363971710205,0.2,-0.07092070579528809,,
,,,,,10000,0.148583984375,3.9466333866119383,-2.147045823931694,-0.01052848472027108,0.0003,40,0.014187897,0.7549729943275452,0.2,0.08472132682800293,283.4,0.0
238,42,282.3888888888889,-1.1111111111111112,5,10240,,,,,,,,,,,,
244,50,273.8181818181818,-1.8181818181818181,6,12288,0.128759765625,4.363547987863422,-2.0933225437998773,-0.011642178546753711,0.0003,50,0.015681062,1.479277491569519,0.2,0.01270151138305664,,
243,58,276.19607843137254,-1.7647058823529411,7,14336,0.150830078125,3.796800216846168,-2.095899253338575,-0.014149440627079457,0.0003,60,0.011559447,1.2868175506591797,0.2,0.09566766023635864,,
243,67,292.42857142857144,0.35714285714285715,8,16384,0.158544921875,3.124123074579984,-2.006222252175212,-0.015317011161823758,0.0003,70,0.0163711,0.7145887017250061,0.2,0.005391418933868408,,
244,75,285.734375,-0.3125,9,18432,0.15380859375,5.867945754900575,-2.0580422334372996,-0.012956415112421382,0.0003,80,0.012528161,3.376105785369873,0.2,0.03767812252044678,,
,,,,,20000,0.18779296875,3.484341132082045,-2.0516725949943067,-0.013808341676485725,0.0003,90,0.016332436,2.453521728515625,0.2,0.007264375686645508,213.4,-8.0
236,86,275.52702702702703,-0.8108108108108109,10,20480,,,,,,,,,,,,
237,94,279.9375,-0.5,11,22528,0.163916015625,4.0678439708426595,-2.059860299527645,-0.012551645567873493,0.0003,100,0.01643671,0.9439881443977356,0.2,0.1093549132347107,,
237,103,276.0561797752809,-0.5617977528089888,12,24576,0.146337890625,4.410007448121905,-2.01246746070683,-0.013285279762931168,0.0003,110,0.016481044,1.625096082687378,0.2,0.0513685941696167,,
238,111,271.1546391752577,-0.41237113402061853,13,26624,0.205419921875,4.468017083220184,-2.075440938025713,-0.01748144279117696,0.0003,120,0.018170614,1.6697949171066284,0.2,0.008480846881866455,,
239,119,272.0,-0.1,14,28672,0.118115234375,5.687198643013835,-1.9983175691217183,-0.010384241497376934,0.0003,130,0.011945285,1.4837440252304077,0.2,0.0871962308883667,,
,,,,,30000,0.14404296875,5.75631568133831,-2.115252681821585,-0.009943882131483405,0.0003,140,0.013801503,3.279006004333496,0.2,0.12328433990478516,287.0,2.0
231,132,279.24,1.2,15,30720,,,,,,,,,,,,
234,139,280.05,1.5,16,32768,0.120654296875,6.927335122227669,-2.0942649520933627,-0.013568510889308527,0.0003,150,0.012167146,3.9329864978790283,0.2,0.1572520136833191,,
236,147,277.31,1.5,17,34816,0.18310546875,6.964486432448029,-2.080339632183313,-0.01031231039960403,0.0003,160,0.011925552,3.249042272567749,0.2,0.17426347732543945,,
238,154,281.72,2.0,18,36864,0.13798828125,5.055196567997337,-2.095970942080021,-0.013342088481294923,0.0003,170,0.015103603,3.1446328163146973,0.2,0.06527608633041382,,
239,162,279.15,2.1,19,38912,0.157568359375,5.642772530391812,-2.071529441326857,-0.011144541352405214,0.0003,180,0.013694355,4.7975873947143555,0.2,0.03161883354187012,,
,,,,,40000,0.196630859375,5.281740513443947,-2.0290282510221003,-0.010310867811494973,0.0003,190,0.0149037205,2.266777276992798,0.2,-0.05351376533508301,208.2,-2.0
235,174,280.72,2.5,20,40960,,,,,,,,,,,,
235,182,281.4,2.5,21,43008,0.212646484375,5.116789985075593,-1.9579199660569429,-0.013203573451028206,0.0003,200,0.016132941,1.5864790678024292,0.2,0.06550770998001099,,
236,190,271.25,1.3,22,45056,0.201123046875,4.0384028540924195,-1.9833800073713064,-0.013897847577754873,0.0003,210,0.014520576,0.8619980812072754,0.2,-0.019313573837280273,,
236,198,272.63,1.4,23,47104,0.165185546875,4.452658075094223,-2.027694448456168,-0.013950412100530229,0.0003,220,0.013136877,2.6947386264801025,0.2,0.04409503936767578,,
238,206,269.31,0.9,24,49152,0.215576171875,4.624480655789375,-1.9630244839936495,-0.012020015419693664,0.0003,230,0.016985012,0.9172546863555908,0.2,0.207422137260437,,
,,,,,50000,0.1720703125,3.9593197176232935,-1.9828456185758114,-0.007965767642599531,0.0003,240,0.013525369,1.3710294961929321,0.2,-0.03052544593811035,285.2,0.0
233,219,273.91,1.3,25,51200,,,,,,,,,,,,
234,227,272.78,1.1,26,53248,0.209033203125,5.312927502952516,-1.918352397158742,-0.015234132710611447,0.0003,250,0.020538945,1.76256263256073,0.2,-0.01037907600402832,,
235,235,275.76,0.9,27,55296,0.21748046875,4.800219483301044,-1.908856040611863,-0.01513574960990809,0.0003,260,0.017037503,2.1701414585113525,0.2,0.20753568410873413,,
235,243,274.54,1.1,28,57344,0.241357421875,5.093079731613398,-1.9576431088149548,-0.0183821977727348,0.0003,270,0.01916429,3.3406598567962646,0.2,0.12086766958236694,,
236,251,277.02,0.6,29,59392,0.19345703125,4.325705818831921,-1.8897018417716027,-0.010309114883420989,0.0003,280,0.017550725,2.050328254699707,0.2,0.28746986389160156,,
,,,,,60000,0.195751953125,6.773659796640277,-1.9225115060806275,-0.013499679815140553,0.0003,290,0.016076397,3.5104236602783203,0.2,-0.028620362281799316,290.8,4.0
233,263,271.94,-0.2,30,61440,,,,,,,,,,,,
234,270,271.62,-0.1,31,63488,0.18251953125,5.868984235264361,-1.8913521070033312,-0.014354327322507743,0.0003,300,0.013284009,1.8821940422058105,0.2,0.2011532187461853,,
235,278,276.41,0.4,32,65536,0.1650390625,5.020635227486491,-1.8479147471487523,-0.011807555053383111,0.0003,310,0.015243815,1.1754612922668457,0.2,0.061386823654174805,,
234,287,281.66,1.3,33,67584,0.2140625,4.35128307826817,-1.9063005574047565,-0.012647498915612232,0.0003,320,0.019475514,1.326680302619934,0.2,0.2200946807861328,,
235,296,284.61,1.8,34,69632,0.181396484375,6.0746297933161255,-1.778273655101657,-0.01440261170209851,0.0003,330,0.018357672,3.713911294937134,0.2,0.06451946496963501,,
,,,,,70000,0.190673828125,6.893946446105838,-1.8907507218420505,-0.012515356013318523,0.0003,340,0.016127877,3.3761401176452637,0.2,0.16673612594604492,332.4,6.0
230,310,285.67,2.5,35,71680,,,,,,,,,,,,
231,319,294.86,3.2,36,73728,0.148291015625,5.316873592510819,-1.881573686003685,-0.008751342716277578,0.0003,350,0.011296755,1.290390968322754,0.2,0.0744551420211792,,
231,327,296.49,3.7,37,75776,0.1615234375,5.579702604562044,-1.9016007963567971,-0.013394207385135814,0.0003,360,0.014693184,1.0824147462844849,0.2,0.07762819528579712,,
231,335,296.38,4.5,38,77824,0.152392578125,5.607008072920143,-1.9247099161148071,-0.00948641927097924,0.0003,370,0.015882172,4.176324844360352,0.2,0.16120082139968872,,
231,344,298.45,4.9,39,79872,0.2220703125,4.803700575791299,-1.8724827960133552,-0.012733668761211448,0.0003,380,0.016252961,1.1441847085952759,0.2,-0.08030784130096436,,
,,,,,80000,0.22705078125,4.93601834923029,-1.7326107431203126,-0.01184312711993698,0.0003,390,0.022247706,2.4564297199249268,0.2,0.006647586822509766,322.8,0.0
228,358,301.9,5.1,40,81920,,,,,,,,,,,,
228,367,301.72,5.3,41,83968,0.133544921875,4.634699914604425,-1.8344461899250746,-0.006792024135938846,0.0003,400,0.012049099,1.9235838651657104,0.2,-0.10519802570343018,,
229,375,297.25,5.1,42,86016,0.188916015625,3.134422053489834,-1.8673277232795953,-0.015500748978229239,0.0003,410,0.02330006,1.045380711555481,0.2,0.359650194644928,,
229,384,297.71,5.2,43,88064,0.191552734375,3.82487055324018,-1.9320725932717324,-0.01319322970812209,0.0003,420,0.014982227,1.1290299892425537,0.2,0.5007662773132324,,
,,,,,90000,0.131982421875,5.709868830814957,-1.8603588744997979,-0.009125108818989248,0.0003,430,0.011750929,2.9635868072509766,0.2,0.23378980159759521,290.4,-2.0
226,397,297.72,5.0,44,90112,,,,,,,,,,,,
227,405,296.04,5.4,45,92160,0.23173828125,3.5741468424908818,-1.8208502978086472,-0.016518535977229475,0.0003,440,0.019557294,0.7289140224456787,0.2,0.5008386373519897,,
226,415,301.04,6.2,46,94208,0.19072265625,4.92130866535008,-1.7179166093468665,-0.01373027790687047,0.0003,450,0.0134439785,1.097301721572876,0.2,0.2458983063697815,,
226,424,306.19,6.7,47,96256,0.18427734375,5.089141203463077,-1.7612124178558588,-0.014569759590085597,0.0003,460,0.017254557,1.8585914373397827,0.2,0.11135232448577881,,
226,433,299.18,5.6,48,98304,0.143017578125,4.80853633210063,-1.7311744675040246,-0.008334556467889342,0.0003,470,0.013165506,1.2556254863739014,0.2,0.1853635311126709,,
,,,,,100000,0.194580078125,6.338569144532085,-1.7798806365579367,-0.016598041611723603,0.0003,480,0.023987826,2.378328800201416,0.2,-0.02119147777557373,308.2,4.0
224,446,301.61,5.7,49,100352,,,,,,,,,,,,
224,455,294.8,4.6,50,102400,0.173828125,3.84931964520365,-1.7297105208039283,-0.006975828786380589,0.0003,490,0.017544342,0.85757976770401,0.2,0.103939950466156,,
225,463,293.17,5.0,51,104448,0.21875,4.864913761615753,-1.7953445713967084,-0.014452537836041302,0.0003,500,0.020020504,1.408312201499939,0.2,-0.24725186824798584,,
225,471,298.41,5.1,52,106496,0.16669921875,4.464315761625767,-1.805467613786459,-0.009733395699004176,0.0003,510,0.015470071,1.8229148387908936,0.2,0.0016170144081115723,,
225,480,287.42,3.7,53,108544,0.181591796875,5.028400166891515,-1.804883908852935,-0.011502205062424765,0.0003,520,0.014863162,0.7246091365814209,0.2,0.08648431301116943,,
,,,,,110000,0.172265625,2.8983227870427073,-1.7764354962855577,-0.008286285139911342,0.0003,530,0.016039059,0.813616931438446,0.2,0.23686736822128296,371.8,12.0
223,493,296.59,4.4,54,110592,,,,,,,,,,,,
224,501,310.1,5.8,55,112640,0.1947265625,2.3041375655680896,-1.8161855477839708,-0.011038615854340605,0.0003,540,0.02134341,0.2698385417461395,0.2,0.5339276194572449,,
225,509,312.74,6.4,56,114688,0.208349609375,3.674077498912811,-1.766852567344904,-0.014064641832374037,0.0003,550,0.02031133,1.7082393169403076,0.2,-0.4207766056060791,,
225,517,316.67,6.5,57,116736,0.22841796875,4.349328621663153,-1.610481596365571,-0.01301618822326418,0.0003,560,0.018285563,1.042634129524231,0.2,0.17657506465911865,,
226,525,322.08,7.2,58,118784,0.15771484375,3.4487290259450676,-1.7213480941951276,-0.012103345865034499,0.0003,570,0.019012224,1.1210881471633911,0.2,0.5573010444641113,,
,,,,,120000,0.107177734375,6.673448528721929,-1.7676290631294251,-0.006849798308394384,0.0003,580,0.009977935,2.617833137512207,0.2,-0.04303944110870361,346.8,6.0
224,538,327.73,7.8,59,120832,,,,,,,,,,,,
225,546,324.35,7.3,60,122880,0.166552734375,3.633277241513133,-1.8180664721876383,-0.014863080899522174,0.0003,590,0.012344634,0.6045951247215271,0.2,0.45763731002807617,,
225,553,324.38,7.1,61,124928,0.189990234375,4.066449959762394,-1.696809145063162,-0.0097798361297464,0.0003,600,0.015715655,1.3256568908691406,0.2,0.02888721227645874,,
225,562,317.8,6.0,62,126976,0.17099609375,3.0738747429102657,-1.761153644323349,-0.01054271881148452,0.0003,610,0.013406375,0.2931773364543915,0.2,0.37775152921676636,,
226,569,315.21,5.7,63,129024,0.201416015625,4.000119652226568,-1.7700040627270937,-0.01525739156641066,0.0003,620,0.015007736,1.1599103212356567,0.2,0.2298756241798401,,
,,,,,130000,0.1880859375,2.933082662988454,-1.6673908084630966,-0.010078217709087766,0.0003,630,0.017058287,1.4085859060287476,0.2,0.5613142251968384,248.8,-6.0
225,582,317.91,5.8,64,131072,,,,,,,,,,,,
225,590,321.08,6.2,65,133120,0.18828125,1.6262270726263524,-1.5897019688040017,-0.008176987653132527,0.0003,640,0.01936673,0.28181442618370056,0.2,0.5982966423034668,,
225,598,319.65,6.1,66,135168,0.174462890625,4.926360668055713,-1.6217027135193347,-0.00652975142293144,0.0003,650,0.014257995,1.0103693008422852,0.2,-0.0012824535369873047,,
226,606,308.52,5.4,67,137216,0.190283203125,2.8998348991386593,-1.6666754074394703,-0.013769725104793906,0.0003,660,0.02548359,0.3985345959663391,0.2,0.4083364009857178,,
226,615,318.31,6.5,68,139264,0.180908203125,2.5971524849534036,-1.5850954927504062,-0.012918328991509043,0.0003,670,0.015408722,0.6445537805557251,0.2,0.2639498710632324,,
,,,,,140000,0.19423828125,2.2818266117479653,-1.5597632456570865,-0.008537868116400204,0.0003,680,0.020945407,0.2983388304710388,0.2,0.24164700508117676,217.4,4.0
225,626,325.02,7.2,69,141312,,,,,,,,,,,,
225,634,305.38,5.5,70,143360,0.185888671875,2.5441988623701035,-1.6044672418385744,-0.009244821820175275,0.0003,690,0.0164813,1.4164561033248901,0.2,0.3477860689163208,,
226,642,304.51,4.8,71,145408,0.1556640625,3.551887035369873,-1.672854919359088,-0.00908985460700933,0.0003,700,0.019234816,0.521359384059906,0.2,0.07007545232772827,,
226,650,299.76,4.8,72,147456,0.1537109375,3.4224820017814634,-1.6628077156841754,-0.007058963624876924,0.0003,710,0.0147529915,1.3800379037857056,0.2,0.07206010818481445,,
227,658,290.62,3.5,73,149504,0.172412109375,3.273449453525245,-1.7813956793397665,-0.011787706890027038,0.0003,720,0.0153265875,1.2734031677246094,0.2,0.3618939518928528,,
,,,,,150000,0.171435546875,4.167622885014862,-1.7234933879226446,-0.011182021378772333,0.0003,730,0.016281217,0.9478368759155273,0.2,0.33835577964782715,353.2,10.0
225,671,295.8,4.6,74,151552,,,,,,,,,,,,
226,679,291.88,3.9,75,153600,0.1583984375,5.637780520692468,-1.7948282983154058,-0.011482569621875882,0.0003,740,0.018965155,0.7460748553276062,0.2,0.284543514251709,,
226,687,298.57,5.0,76,155648,0.2107421875,2.7182962504215538,-1.6638105962425471,-0.008763326040934771,0.0003,750,0.017297827,0.7150779366493225,0.2,0.20491933822631836,,
226,695,299.82,5.1,77,157696,0.186865234375,2.9189075835049154,-1.7408194996416568,-0.008466570847667753,0.0003,760,0.0177151,0.650808572769165,0.2,0.2892255187034607,,
227,702,297.64,5.3,78,159744,0.194677734375,1.5849447828717529,-1.7463143333792686,-0.007414996091392822,0.0003,770,0.01562521,1.2111787796020508,0.2,0.5308442115783691,,
,,,,,160000,0.23427734375,2.8105875546112657,-1.6399710323661565,-0.015629081110819242,0.0003,780,0.022505194,1.0141624212265015,0.2,0.22607767581939697,250.4,0.0
226,713,290.92,4.2,79,161792,,,,,,,,,,,,
227,721,288.09,3.9,80,163840,0.152978515625,1.8755119268316776,-1.550247147679329,-0.005644194036722183,0.0003,790,0.023783436,0.39218059182167053,0.2,-0.06492674350738525,,
227,730,291.47,3.4,81,165888,0.202783203125,2.917797098029405,-1.7466973200440408,-0.01199813385901507,0.0003,800,0.018683475,1.024378776550293,0.2,0.31976544857025146,,
227,737,285.8,2.9,82,167936,0.160693359375,1.982259627431631,-1.6220508448779583,-0.008373745137942024,0.0003,810,0.01655983,0.32026928663253784,0.2,0.2804034352302551,,
227,745,286.6,3.1,83,169984,0.187255859375,2.804870830755681,-1.6642107870429754,-0.01217842434416525,0.0003,820,0.018783491,0.25171607732772827,0.2,0.16384673118591309,,
,,,,,170000,0.184814453125,2.4504495386965575,-1.5729026980698109,-0.009807614155579358,0.0003,830,0.023586582,0.9061770439147949,0.2,0.3353893756866455,243.2,-2.0
227,756,291.7,3.0,84,172032,,,,,,,,,,,,
227,765,288.85,2.7,85,174080,0.212939453125,1.7206760141532869,-1.5928284600377083,-0.01347375328768976,0.0003,840,0.025419509,0.324095755815506,0.2,0.3769807815551758,,
227,773,289.85,2.2,86,176128,0.13330078125,1.9517446762882174,-1.6226950366050006,-0.0047191741992719475,0.0003,850,0.018226195,0.21860621869564056,0.2,0.1346505880355835,,
228,781,281.65,1.4,87,178176,0.2125,2.1321904918644576,-1.5287175945937634,-0.011424853152129799,0.0003,860,0.018135235,0.2785784900188446,0.2,0.3235056400299072,,
,,,,,180000,0.2099609375,1.3231246257200837,-1.6351945545524358,-0.013551048134104349,0.0003,870,0.02372039,0.38081830739974976,0.2,0.3509812355041504,324.8,12.0
226,794,280.21,1.1,88,180224,,,,,,,,,,,,
227,802,281.38,1.6,89,182272,0.18310546875,3.1854400682263075,-1.722067479416728,-0.011573090706951917,0.0003,880,0.0150848795,0.5356866717338562,0.2,0.22225773334503174,,
227,810,284.21,2.3,90,184320,0.16240234375,2.571684965863824,-1.7666801925748588,-0.011144389699620661,0.0003,890,0.015949037,0.5529786944389343,0.2,0.3344941735267639,,
227,818,283.77,2.5,91,186368,0.19970703125,1.2991944662993773,-1.7274881307035685,-0.007479978888295591,0.0003,900,0.022020984,0.14719940721988678,0.2,0.1815662980079651,,
227,826,292.28,3.0,92,188416,0.18818359375,1.8179731543641537,-1.62074522562325,-0.01150205938029103,0.0003,910,0.020411408,0.7257703542709351,0.2,0.3995668888092041,,
,,,,,190000,0.20146484375,2.9962827992625534,-1.66520688906312,-0.01206781859509647,0.0003,920,0.023248099,3.930292844772339,0.2,0.4485306739807129,256.8,0.0
227,837,290.84,3.2,93,190464,,,,,,,,,,,,
227,845,293.83,3.7,94,192512,0.1591796875,3.9128211487084625,-1.6526098053902387,-0.009996296447934584,0.0003,930,0.013391692,0.4342550039291382,0.2,0.2599436640739441,,
227,853,302.09,4.2,95,194560,0.143115234375,2.6465791853144767,-1.6153291076421739,-0.007233639064361341,0.0003,940,0.012219749,1.5391539335250854,0.2,0.48690158128738403,,
228,862,306.11,4.9,96,196608,0.169921875,2.7015634322538973,-1.552576043084264,-0.006753728442708962,0.0003,950,0.01796797,0.23034390807151794,0.2,0.27976351976394653,,
228,870,311.14,5.6,97,198656,0.21396484375,2.507891081320122,-1.6117544494569302,-0.014328969713824335,0.0003,960,0.020967733,0.2922520041465759,0.2,0.4007733464241028,,
,,,,,200000,0.176171875,2.6745711178984495,-1.6241195987910033,-0.010760102694621309,0.0003,970,0.020250266,0.4373829662799835,0.2,0.18759989738464355,276.4,2.0
227,882,311.55,5.6,98,200704,,,,,,,,,,,,
227,890,314.18,6.8,99,202752,0.181298828125,2.1131646688561885,-1.5139003712683916,-0.008655512706900481,0.0003,980,0.023647945,0.9286683797836304,0.2,0.5105814933776855,,
227,898,317.42,7.4,100,204800,0.200244140625,3.761417804565281,-1.5895693141967058,-0.011501801121630706,0.0003,990,0.024876567,1.1638641357421875,0.2,0.4170910716056824,,
228,906,319.11,7.7,101,206848,0.150439453125,3.1603264563716946,-1.5020350240170957,-0.007520070517784916,0.0003,1000,0.0144856125,0.15519441664218903,0.2,0.1407637596130371,,
228,914,318.96,8.0,102,208896,0.18564453125,3.3106640451587737,-1.5551237184554338,-0.00862122788093984,0.0003,1010,0.016899632,0.1600680947303772,0.2,0.3351138234138489,,
,,,,,210000,0.17109375,2.5830005002208054,-1.5713903412222863,-0.010369274047843647,0.0003,1020,0.018293567,1.5119853019714355,0.2,0.04941737651824951,335.2,4.0
227,926,322.16,8.1,103,210944,,,,,,,,,,,,
227,935,324.07,8.2,104,212992,0.16572265625,3.092569585610181,-1.5937657874077558,-0.011151986461482011,0.0003,1030,0.016360383,0.43675264716148376,0.2,0.23393505811691284,,
227,943,309.99,5.7,105,215040,0.205517578125,1.6376386114163324,-1.596249968931079,-0.008711204692372122,0.0003,1040,0.022421435,0.3391537666320801,0.2,0.2346498966217041,,
227,952,316.79,6.1,106,217088,0.188330078125,1.6736181115033104,-1.5842601135373116,-0.006945443624863401,0.0003,1050,0.02058909,0.1808048039674759,0.2,0.5191072821617126,,
228,960,304.14,4.9,107,219136,0.19111328125,2.176840192312375,-1.6037199921905994,-0.011662237899145111,0.0003,1060,0.02354569,0.892758846282959,0.2,0.1308608055114746,,
,,,,,220000,0.1525390625,2.630096726352349,-1.532003628090024,-0.010738813207717612,0.0003,1070,0.018299665,0.7956502437591553,0.2,0.009354650974273682,299.2,8.0
227,973,310.57,5.4,108,221184,,,,,,,,,,,,
227,982,311.81,5.5,109,223232,0.168505859375,2.327760977111757,-1.5082083635032177,-0.011867696815170348,0.0003,1080,0.020298503,0.3635779321193695,0.2,0.3908631205558777,,
227,990,320.23,6.6,110,225280,0.16865234375,1.8572473019361495,-1.536647580191493,-0.00565798637107946,0.0003,1090,0.017657412,0.8147966861724854,0.2,0.4221040606498718,,
227,997,324.0,7.4,111,227328,0.14169921875,3.1074272136203946,-1.5492767859250307,-0.011198452032112982,0.0003,1100,0.015045581,0.4389190971851349,0.2,-0.12084054946899414,,
227,1006,327.29,7.8,112,229376,0.136572265625,2.7018534942530095,-1.5312577418982982,-0.006645419681444764,0.0003,1110,0.013372558,0.5930221080780029,0.2,0.4049229025840759,,
,,,,,230000,0.147265625,2.580686136940494,-1.5885198466479777,-0.0072193791071185846,0.0003,1120,0.015811471,0.39664801955223083,0.2,0.22696328163146973,255.0,-6.0
227,1018,321.36,7.2,113,231424,,,,,,,,,,,,
227,1026,319.95,6.9,114,233472,0.191455078125,2.280153666017577,-1.5705750785768031,-0.01383015608007554,0.0003,1130,0.02698959,0.2875930070877075,0.2,0.12730169296264648,,
227,1034,320.54,6.9,115,235520,0.18759765625,2.0864148866850885,-1.51256315857172,-0.011753179083461874,0.0003,1140,0.024475943,0.1951001137495041,0.2,0.30670565366744995,,
227,1042,331.65,8.3,116,237568,0.2078125,2.3043007193133236,-1.4818026948720218,-0.014540982629114296,0.0003,1150,0.028335325,0.1660161316394806,0.2,0.3848109245300293,,
228,1050,330.31,7.9,117,239616,0.15751953125,2.7171939441002904,-1.566255070641637,-0.008436216130212415,0.0003,1160,0.01765451,0.46478933095932007,0.2,0.26485246419906616,,
,,,,,240000,0.17919921875,2.7491709407418967,-1.493225920200348,-0.009694460150785743,0.0003,1170,0.018957209,0.1964716613292694,0.2,0.25483238697052,273.0,12.0
227,1062,337.79,8.4,118,241664,,,,,,,,,,,,
227,1070,345.86,9.5,119,243712,0.1837890625,1.977886196738109,-1.442396180704236,-0.009893989517877344,0.0003,1180,0.017782161,0.1951099932193756,0.2,0.3165794014930725,,
228,1077,343.01,9.0,120,245760,0.165087890625,2.40436146738939,-1.4876415349543095,-0.009527774268644863,0.0003,1190,0.018362965,0.15844300389289856,0.2,0.19098269939422607,,
228,1085,346.23,9.9,121,247808,0.1958984375,2.2586631686892362,-1.4764860484749078,-0.012600983820448164,0.0003,1200,0.02032683,0.28633570671081543,0.2,0.025006234645843506,,
228,1092,353.33,11.2,122,249856,0.15517578125,2.1230287215672434,-1.5093312740325928,-0.004591745807556435,0.0003,1210,0.017709319,0.34007591009140015,0.2,0.11380285024642944,,
,,,,,250000,0.159423828125,2.299512734171003,-1.4642724353820085,-0.010328685012063943,0.0003,1220,0.0146714,0.2535262107849121,0.2,0.3004426956176758,361.4,8.0
227,1105,353.37,10.7,123,251904,,,,,,,,,,,,
228,1113,360.84,11.7,124,253952,0.191162109375,2.3888348704669626,-1.4465960633009671,-0.009681850837660022,0.0003,1230,0.019495089,0.7090364694595337,0.2,-0.027824759483337402,,
228,1121,356.98,11.2,125,256000,0.23955078125,2.6282100128941237,-1.524832246080041,-0.015654954143974463,0.0003,1240,0.027332455,0.6432520151138306,0.2,-0.08188903331756592,,
228,1129,360.54,11.4,126,258048,0.2041015625,1.8510159478057175,-1.4758425988256931,-0.012741238811577205,0.0003,1250,0.0205198,0.28181982040405273,0.2,0.12700772285461426,,
,,,,,260000,0.18701171875,2.5100788003299384,-1.4439920268952846,-0.011278669262537733,0.0003,1260,0.016690502,0.0753360241651535,0.2,0.41934484243392944,279.2,4.0
228,1140,356.42,10.9,127,260096,,,,,,,,,,,,
228,1148,351.19,10.3,128,262144,0.180078125,2.6270782812964173,-1.421558477729559,-0.008091303819674068,0.0003,1270,0.018981239,0.23731772601604462,0.2,-0.0730506181716919,,
228,1156,355.87,10.7,129,264192,0.21787109375,2.0447986657731234,-1.44273279607296,-0.013316984099219553,0.0003,1280,0.022445884,0.41207852959632874,0.2,0.4081997871398926,,
228,1165,368.25,12.6,130,266240,0.18349609375,1.8850899674929678,-1.4563784655183554,-0.010579848056659102,0.0003,1290,0.017776594,0.40109556913375854,0.2,0.5074928998947144,,
228,1172,371.14,12.5,131,268288,0.1923828125,2.4986068995203823,-1.345284567773342,-0.01354879064601846,0.0003,1300,0.017890492,0.252928763628006,0.2,0.5256490111351013,,
,,,,,270000,0.15546875,2.792953579314053,-1.487535846978426,-0.0075914073750027455,0.0003,1310,0.012781698,1.4459623098373413,0.2,0.23591721057891846,285.6,2.0
228,1184,368.66,12.2,132,270336,,,,,,,,,,,,
228,1192,372.58,12.2,133,272384,0.192724609375,2.8374440296553076,-1.4046841647475958,-0.013378125079907478,0.0003,1320,0.021977369,0.47564205527305603,0.2,0.1112356185913086,,
228,1199,362.78,11.1,134,274432,0.166943359375,2.583885072078556,-1.343317937105894,-0.006574250003905035,0.0003,1330,0.01741128,0.41841667890548706,0.2,0.13285410404205322,,
229,1206,360.88,10.9,135,276480,0.210986328125,2.339877203013748,-1.2624746680259704,-0.019256576523184778,0.0003,1340,0.022194743,0.3124969005584717,0.2,0.27593517303466797,,
229,1214,359.23,11.0,136,278528,0.219580078125,1.9045838355086744,-1.3565895952284337,-0.008970156002033037,0.0003,1350,0.024846386,0.19871786236763,0.2,0.36211448907852173,,
,,,,,280000,0.213671875,2.7958917247131465,-1.4669179067015647,-0.01038646973320283,0.0003,1360,0.022633407,0.4322513937950134,0.2,-0.0945427417755127,376.0,22.0
228,1227,357.58,10.4,137,280576,,,,,,,,,,,,
228,1234,361.41,10.9,138,282624,0.20263671875,1.914560967637226,-1.286621230840683,-0.011205671534116845,0.0003,1370,0.022700671,0.16602207720279694,0.2,0.2746592164039612,,
229,1242,343.76,9.1,139,284672,0.17958984375,1.89614398307167,-1.3600799441337585,-0.008713911173981615,0.0003,1380,0.018177599,0.1400674730539322,0.2,0.5439846515655518,,
229,1249,334.93,8.2,140,286720,0.198583984375,1.478387029375881,-1.2838279183954,-0.010233165646786802,0.0003,1390,0.025317106,0.2046458125114441,0.2,0.296345591545105,,
229,1256,334.4,8.3,141,288768,0.19482421875,2.023943259753287,-1.2976490039378406,-0.009318325412459671,0.0003,1400,0.017662395,0.09684082865715027,0.2,-0.031067728996276855,,
,,,,,290000,0.1818359375,1.7215334373526274,-1.4058284629136324,-0.007732278623734601,0.0003,1410,0.016292915,0.3592201769351959,0.2,0.12488681077957153,372.0,8.0
229,1269,329.19,7.8,142,290816,,,,,,,,,,,,
229,1277,325.7,7.5,143,292864,0.19052734375,1.4896798399975524,-1.3091164059937,-0.0039203716820338744,0.0003,1420,0.02430085,0.19557800889015198,0.2,0.1304449439048767,,
229,1284,322.87,6.8,144,294912,0.199658203125,1.6192081668414176,-1.3358896497637034,-0.01204736341460375,0.0003,1430,0.01891107,0.10582894831895828,0.2,0.4901773929595947,,
229,1292,312.98,5.7,145,296960,0.181298828125,1.8501890095882119,-1.3312131445854902,-0.008161851158365607,0.0003,1440,0.016631193,0.12746886909008026,0.2,0.20413774251937866,,
230,1299,309.35,5.1,146,299008,0.144140625,1.8426050955429674,-1.2784188836812973,-0.005689271519077011,0.0003,1450,0.01297706,0.33173561096191406,0.2,0.5355367660522461,,
,,,,,300000,0.182275390625,1.6583624502178282,-1.2646402452141046,-0.00655962890596129,0.0003,1460,0.016279362,0.2578420341014862,0.2,0.1708577275276184,204.0,-4.0
229,1309,308.35,5.0,147,301056,,,,,,,,,,,,
230,1317,294.65,3.4,148,303104,0.1791015625,2.266346148005687,-1.2753270253539086,-0.0076468270475743335,0.0003,1470,0.023969125,0.3458901047706604,0.2,-0.05072474479675293,,
230,1325,292.38,3.2,149,305152,0.196142578125,1.7579084893222898,-1.2242246069014073,-0.012456877809017896,0.0003,1480,0.021736909,0.1521308720111847,0.2,-0.15483534336090088,,
230,1332,292.15,3.0,150,307200,0.175830078125,1.7264177044155076,-1.2871255256235599,-0.010344752932724077,0.0003,1490,0.017302334,0.30925530195236206,0.2,0.3407483696937561,,
230,1339,286.74,2.6,151,309248,0.16484375,1.3680314030032605,-1.2748822301626206,-0.009010121313622221,0.0003,1500,0.016707454,0.26970410346984863,0.2,0.26375681161880493,,
,,,,,310000,0.201220703125,1.836498943110928,-1.3956687308847904,-0.01154354763275478,0.0003,1510,0.019193552,0.19198012351989746,0.2,0.4905970096588135,255.0,0.0
230,1350,284.48,2.1,152,311296,,,,,,,,,,,,
230,1358,291.95,2.8,153,313344,0.188037109375,1.3838330359663815,-1.3997027959674597,-0.01084105382033158,0.0003,1520,0.019702666,0.16384053230285645,0.2,0.2710855007171631,,
230,1365,294.46,3.5,154,315392,0.14228515625,1.620723569812253,-1.1784225571900606,-0.009570473528583534,0.0003,1530,0.012920046,0.29094380140304565,0.2,0.06500744819641113,,
231,1372,295.69,3.4,155,317440,0.16865234375,1.4737410447793082,-1.3111800588667393,-0.00980013280059211,0.0003,1540,0.023537707,0.08676327019929886,0.2,0.18869715929031372,,
231,1379,291.08,2.5,156,319488,0.2125,0.8267652641516179,-1.3958458315581084,-0.009160812140908092,0.0003,1550,0.02346288,0.014548789709806442,0.2,0.49768882989883423,,
,,,,,320000,0.1841796875,1.5147098468616604,-1.395274592936039,-0.00991691493691178,0.0003,1560,0.01479484,0.11226145178079605,0.2,-0.34221160411834717,253.6,4.0
231,1390,298.13,3.0,157,321536,,,,,,,,,,,,
231,1397,301.63,3.5,158,323584,0.147998046875,2.105519782146439,-1.4177490629255771,-0.006421877763932571,0.0003,1570,0.012101767,0.18644720315933228,0.2,0.04533827304840088,,
231,1405,290.53,2.4,159,325632,0.1458984375,1.6124084521085025,-1.3423924494534731,-0.007157082526828162,0.0003,1580,0.01720801,0.11629258096218109,0.2,0.07037973403930664,,
231,1413,296.27,3.0,160,327680,0.20390625,1.196683435025625,-1.2950853034853935,-0.01701732807850931,0.0003,1590,0.022949154,0.08392761647701263,0.2,0.3653731942176819,,
232,1420,287.33,2.5,161,329728,0.125732421875,1.6789703437825665,-1.3212122563272715,-0.007789289727224968,0.0003,1600,0.014547445,0.07664991915225983,0.2,0.17966228723526,,
,,,,,330000,0.21669921875,0.9301554304314777,-1.3866019666194915,-0.015756351628806443,0.0003,1610,0.02093501,0.032103054225444794,0.2,0.3798004984855652,336.6,2.0
231,1433,292.72,2.8,162,331776,,,,,,,,,,,,
231,1440,288.61,2.6,163,333824,0.193359375,1.1647343666758387,-1.3763816379010678,-0.011749373063503299,0.0003,1620,0.020063825,0.04022178798913956,0.2,0.1783139705657959,,
231,1448,292.05,3.3,164,335872,0.169970703125,1.978452370967716,-1.4224949665367603,-0.012781839097442571,0.0003,1630,0.0150221335,0.07560811936855316,0.2,0.03585958480834961,,
232,1456,299.86,4.3,165,337920,0.178125,0.8982391822617501,-1.4065654654055835,-0.011084369823220187,0.0003,1640,0.02327782,0.0287172868847847,0.2,0.2098361849784851,,
232,1463,301.71,4.7,166,339968,0.15029296875,1.9992045792285353,-1.4214853968471288,-0.012466078985016792,0.0003,1650,0.01551475,0.2588244378566742,0.2,0.2563764452934265,,
,,,,,340000,0.20595703125,1.4746418935712426,-1.3655882202088834,-0.011892868579889183,0.0003,1660,0.021894839,0.04842314124107361,0.2,0.39425092935562134,307.2,6.0
231,1475,308.33,5.7,167,342016,,,,,,,,,,,,
231,1483,314.83,6.0,168,344064,0.182666015625,1.6820887325331568,-1.3079285055398941,-0.010515607488923707,0.0003,1670,0.01726577,0.3781050741672516,0.2,0.2288617491722107,,
232,1491,321.5,6.9,169,346112,0.1779296875,1.062600058200769,-1.301746627688408,-0.0065362419205484915,0.0003,1680,0.017327644,0.045969992876052856,0.2,0.5639817714691162,,
232,1499,329.31,7.1,170,348160,0.17529296875,2.1704592993017284,-1.2881646901369095,-0.009140731338993647,0.0003,1690,0.017823048,0.24125081300735474,0.2,0.33718210458755493,,
,,,,,350000,0.183349609375,1.5155748109798879,-1.3207602620124816,-0.009499028316349722,0.0003,1700,0.01942975,0.17962861061096191,0.2,0.3625614643096924,188.8,-4.0
231,1510,336.72,8.0,171,350208,,,,,,,,,,,,
232,1517,340.13,8.7,172,352256,0.1513671875,1.7869719228707255,-1.1821279469877481,-0.008450360773713328,0.0003,1710,0.014270891,0.11042268574237823,0.2,0.33669406175613403,,
232,1525,351.52,10.0,173,354304,0.164404296875,2.511543836956844,-1.195215530693531,-0.010679529048502445,0.0003,1720,0.019586455,0.2740156650543213,0.2,0.3136786222457886,,
232,1533,345.53,9.6,174,356352,0.18115234375,1.228033185051754,-1.1981416799128055,-0.010658117537968793,0.0003,1730,0.020948669,0.10828804224729538,0.2,0.5336206555366516,,
232,1541,345.57,9.3,175,358400,0.167626953125,2.5068318039178847,-1.2799640156328678,-0.008292811711726245,0.0003,1740,0.013971265,0.20578603446483612,0.2,0.4137952923774719,,
,,,,,360000,0.155517578125,1.8832461163867265,-1.3021646197885275,-0.009629711534944362,0.0003,1750,0.018290145,0.13302475214004517,0.2,0.11203539371490479,261.8,-2.0
232,1552,339.4,8.4,176,360448,,,,,,,,,,,,
232,1560,338.65,8.1,177,362496,0.1455078125,1.9646823423914612,-1.1600550699979066,-0.008164638726157136,0.0003,1760,0.011705019,0.23525327444076538,0.2,-0.1545572280883789,,
232,1568,339.22,8.1,178,364544,0.197412109375,1.2149911236250772,-1.2203093215823173,-0.007748958870070055,0.0003,1770,0.019081745,0.04127806797623634,0.2,0.14713478088378906,,
232,1576,337.64,7.7,179,366592,0.172412109375,1.5564236001111567,-1.0531747993081808,-0.007572981409612112,0.0003,1780,0.024173744,0.30209970474243164,0.2,0.2031978964805603,,
232,1583,341.28,7.6,180,368640,0.18564453125,1.2857513228897006,-1.0889303898438811,-0.010107732264441439,0.0003,1790,0.022172064,0.11298629641532898,0.2,0.13597744703292847,,
,,,,,370000,0.115673828125,1.2362654690630734,-0.971387006342411,-0.005228814901784062,0.0003,1800,0.0135165155,0.07092300057411194,0.2,0.39333391189575195,426.8,16.0
232,1596,327.0,5.6,181,370688,,,,,,,,,,,,
232,1604,326.16,5.1,182,372736,0.140625,1.2779023066861555,-1.0195992697030305,-0.004951386130414903,0.0003,1810,0.017384851,0.16096295416355133,0.2,-0.046653151512145996,,
232,1612,323.12,4.7,183,374784,0.17353515625,1.2116087693488224,-1.2813425607979299,-0.0057815160631434995,0.0003,1820,0.0148506975,0.03504354879260063,0.2,0.18425333499908447,,
232,1619,316.35,3.9,184,376832,0.15361328125,1.757921074843034,-1.3456464372575283,-0.007396861934103072,0.0003,1830,0.014245464,0.17411479353904724,0.2,0.08187079429626465,,
232,1626,318.38,4.0,185,378880,0.147705078125,1.5979777812259273,-1.118054417334497,-0.011027636169455946,0.0003,1840,0.013618408,0.0862792581319809,0.2,0.2857512831687927,,
,,,,,380000,0.160302734375,1.6396892522461712,-1.295723746344447,-0.008177712457836606,0.0003,1850,0.015732652,0.23422443866729736,0.2,0.41280341148376465,339.2,6.0
232,1639,297.3,2.0,186,380928,,,,,,,,,,,,
232,1647,293.58,1.9,187,382976,0.160400390625,1.274354081833735,-1.1398075200617312,-0.00943231451092288,0.0003,1860,0.015927082,0.09458812326192856,0.2,0.30755043029785156,,
232,1655,294.37,2.1,188,385024,0.18505859375,1.3715982899535448,-1.0787879545241594,-0.013542273190978449,0.0003,1870,0.0154484585,0.12591874599456787,0.2,0.31616508960723877,,
232,1663,292.67,1.9,189,387072,0.13525390625,1.630103643401526,-1.0634223626926542,-0.0064234983525238935,0.0003,1880,0.015618904,0.1816376894712448,0.2,0.17568129301071167,,
232,1671,303.55,2.9,190,389120,0.19521484375,1.3985607331618666,-1.0722749974578618,-0.009373121290991548,0.0003,1890,0.020950014,0.22155119478702545,0.2,0.22302985191345215,,
,,,,,390000,0.155810546875,1.2116805134573951,-1.0829795645549893,-0.00997793054266367,0.0003,1900,0.016445806,0.3178181052207947,0.2,0.4568830132484436,355.0,8.0
232,1684,303.22,2.9,191,391168,,,,,,,,,,,,
232,1692,308.1,3.6,192,393216,0.16396484375,1.4604813958285376,-1.0755106963217258,-0.007936025132221403,0.0003,1910,0.025676217,0.0933707058429718,0.2,0.3887723684310913,,
232,1700,313.51,4.8,193,395264,0.202783203125,1.497028042655438,-1.2733434170484543,-0.011386275192489848,0.0003,1920,0.02049022,0.12955081462860107,0.2,-0.029065608978271484,,
232,1708,319.85,5.0,194,397312,0.15615234375,1.6016961072105915,-1.0688384609296917,-0.009298721485538407,0.0003,1930,0.015262216,0.06778775900602341,0.2,0.3441597819328308,,
232,1716,331.98,5.9,195,399360,0.12705078125,1.9338358976179735,-1.0967183094471693,-0.004929233589791693,0.0003,1940,0.013921039,0.0606083981692791,0.2,0.25663745403289795,,
,,,,,400000,0.164306640625,1.471549818268977,-1.1132908634841443,-0.008794447491527534,0.0003,1950,0.016294278,0.41224899888038635,0.2,0.42260289192199707,284.0,6.0
232,1728,324.02,6.0,196,401408,,,,,,,,,,,,
232,1736,322.7,6.2,197,403456,0.162109375,2.552913289051503,-1.1936839532107115,-0.00965752012853045,0.0003,1960,0.024509273,0.0953441858291626,0.2,0.18913620710372925,,
232,1744,336.51,7.8,198,405504,0.197412109375,1.1203265036921948,-1.2796273980289699,-0.007042248111974914,0.0003,1970,0.020228459,0.06794057786464691,0.2,0.4737430214881897,,
232,1752,337.77,7.9,199,407552,0.203857421875,2.5272860128898174,-1.2137899581342935,-0.013448245608014987,0.0003,1980,0.021601044,0.040917180478572845,0.2,-0.0715106725692749,,
232,1761,333.48,7.0,200,409600,0.214794921875,1.2312913411995396,-1.044690248183906,-0.012420613550057169,0.0003,1990,0.022062814,0.019457533955574036,0.2,0.3444920778274536,,
,,,,,410000,0.154638671875,1.5453453973634168,-1.0840009365230798,-0.008735737219103612,0.0003,2000,0.014561839,0.09246072918176651,0.2,0.05466669797897339,224.4,0.0
232,1772,331.63,6.8,201,411648,,,,,,,,,,,,
232,1780,332.18,6.6,202,413696,0.176708984375,1.4986531563568861,-1.2412029206752777,-0.009226952082826756,0.0003,2010,0.01882249,0.2089807689189911,0.2,0.5861701369285583,,
232,1787,337.38,7.0,203,415744,0.12431640625,1.5237796088214963,-1.105961275845766,-0.006267547211609781,0.0003,2020,0.01329931,0.12996889650821686,0.2,0.4406312108039856,,
232,1795,328.28,5.5,204,417792,0.1599609375,1.1720870425226166,-1.14024044778198,-0.006077775335870683,0.0003,2030,0.015864972,0.03595796972513199,0.2,0.3751697540283203,,
232,1803,330.21,6.1,205,419840,0.184423828125,1.0689579577418045,-1.07256117798388,-0.00867232624150347,0.0003,2040,0.020927053,0.07672908902168274,0.2,0.4226028323173523,,
,,,,,420000,0.14609375,1.6400358709972351,-1.0893760610371828,-0.007795189332682639,0.0003,2050,0.015657235,0.10499941557645798,0.2,0.2137787938117981,412.0,14.0
232,1816,329.19,6.0,206,421888,,,,,,,,,,,,
232,1824,331.61,6.2,207,423936,0.1546875,1.4249736323952675,-1.0664291199296714,-0.006454528002359438,0.0003,2060,0.015060933,0.10121812671422958,0.2,0.3568270802497864,,
232,1832,338.42,7.0,208,425984,0.156396484375,1.1670403817202897,-1.1226960262283683,-0.009634979706606827,0.0003,2070,0.01581471,0.058575212955474854,0.2,0.106045663356781,,
232,1840,341.75,7.2,209,428032,0.134130859375,1.3978607444092632,-1.0456135895103216,-0.006673505963408388,0.0003,2080,0.015707912,0.06568212062120438,0.2,0.3116811513900757,,
,,,,,430000,0.18125,1.915567404218018,-1.1080183800309897,-0.012154994902084581,0.0003,2090,0.017676739,0.0972975343465805,0.2,0.138178288936615,271.0,-6.0
232,1851,337.98,7.1,210,430080,,,,,,,,,,,,
232,1859,330.41,6.9,211,432128,0.139208984375,1.1651394524378702,-1.049758158251643,-0.006276272566174157,0.0003,2100,0.012802832,0.0230100080370903,0.2,0.46045875549316406,,
232,1866,338.89,7.6,212,434176,0.136279296875,1.946063667209819,-0.9764464458450675,-0.007984892086824402,0.0003,2110,0.01895966,0.13585641980171204,0.2,0.016235172748565674,,
232,1874,343.6,7.6,213,436224,0.1158203125,1.367471452523023,-0.9134375251829624,-0.006102688830287662,0.0003,2120,0.01209558,0.09841695427894592,0.2,0.41486048698425293,,
232,1882,349.75,8.8,214,438272,0.1451171875,2.2581784469541164,-1.0746822871267796,-0.009019090971560218,0.0003,2130,0.019251049,0.20950615406036377,0.2,-0.06416833400726318,,
,,,,,440000,0.111279296875,2.0276237075217067,-1.0341324776411056,-0.005034618751960806,0.0003,2140,0.011013038,0.2786283791065216,0.2,0.18242603540420532,129.2,-10.0
232,1892,337.79,7.8,215,440320,,,,,,,,,,,,
232,1899,339.5,8.4,216,442368,0.132861328125,3.08928843671456,-1.0601151129230857,-0.009821232767717448,0.0003,2150,0.0136036435,1.5298246145248413,0.2,0.259682297706604,,
232,1907,346.44,9.4,217,444416,0.15625,2.489545840676874,-1.0575434470549225,-0.010331227895221673,0.0003,2160,0.017581822,0.19058571755886078,0.2,0.02340298891067505,,
233,1915,349.81,9.5,218,446464,0.1904296875,1.6099149817368015,-1.0927813105285167,-0.014223604981089011,0.0003,2170,0.034767646,0.182824045419693,0.2,0.38256555795669556,,
233,1922,348.97,9.2,219,448512,0.17255859375,1.6007439887383952,-1.1220112452283502,-0.011672927378094755,0.0003,2180,0.020749124,0.06085170432925224,0.2,0.4541376829147339,,
,,,,,450000,0.2076171875,1.4680937356781214,-1.2684557437896729,-0.009173918192391283,0.0003,2190,0.018162116,0.2249312698841095,0.2,0.13854444026947021,364.6,6.0
232,1935,345.9,8.9,220,450560,,,,,,,,,,,,
232,1942,345.8,9.1,221,452608,0.180322265625,1.5368403273867444,-1.1973094571381808,-0.01012630469922442,0.0003,2200,0.015718699,0.2999366819858551,0.2,0.5867811441421509,,
233,1951,351.38,9.5,222,454656,0.1623046875,2.1530548399779947,-1.2704888999462127,-0.013752968600601888,0.0003,2210,0.016588904,0.17441391944885254,0.2,0.10701054334640503,,
233,1959,350.11,9.6,223,456704,0.18017578125,1.6086750009795652,-1.0904427334666251,-0.0114037179708248,0.0003,2220,0.016972663,0.0868879109621048,0.2,0.20511043071746826,,
233,1966,354.22,10.3,224,458752,0.148486328125,2.3038661962840705,-1.071693568304181,-0.00574660524725914,0.0003,2230,0.015858851,0.2593582272529602,0.2,-0.12759864330291748,,
,,,,,460000,0.16064453125,2.0288193117361515,-1.1178820287808775,-0.009489129247958772,0.0003,2240,0.016515076,0.3005003035068512,0.2,0.2124764323234558,168.0,-6.0
233,1976,344.41,8.9,225,460800,,,,,,,,,,,,
233,1984,335.46,7.7,226,462848,0.15166015625,2.5379221693146974,-1.0766694514080881,-0.00853547713777516,0.0003,2250,0.018031951,0.0773378536105156,0.2,0.4157695174217224,,
233,1992,339.56,7.9,227,464896,0.149462890625,1.9933078445028514,-1.0928429706022142,-0.007807003476773389,0.0003,2260,0.015098815,0.12181217968463898,0.2,-0.058846116065979004,,
233,2000,343.42,8.6,228,466944,0.176025390625,1.5391115594888105,-1.0823083717375994,-0.007241087830334436,0.0003,2270,0.016779661,0.10591647028923035,0.2,0.39366036653518677,,
233,2007,336.91,7.7,229,468992,0.155517578125,2.297552540525794,-1.1116048265248537,-0.009619411462335848,0.0003,2280,0.02192013,0.11797486990690231,0.2,-0.014827370643615723,,
,,,,,470000,0.198193359375,1.6233021679101511,-1.110395587608218,-0.006451865826966241,0.0003,2290,0.018357096,0.06516288220882416,0.2,-0.05318105220794678,474.4,20.0
232,2021,336.2,7.0,230,471040,,,,,,,,,,,,
233,2029,346.96,8.1,231,473088,0.16103515625,1.4463570863706992,-0.9899159222841263,-0.005707999621517956,0.0003,2300,0.021049587,0.06626276671886444,0.2,0.1328425407409668,,
233,2037,354.08,8.6,232,475136,0.157861328125,1.0602682874770835,-1.1104776732623578,-0.008772686177690048,0.0003,2310,0.018643443,0.15991853177547455,0.2,0.6411747932434082,,
233,2045,353.83,8.7,233,477184,0.16884765625,1.80504299281165,-1.2647213205695151,-0.005856238352134824,0.0003,2320,0.020205982,0.14243446290493011,0.2,0.19458770751953125,,
233,2052,362.16,9.2,234,479232,0.161328125,1.7677143179345876,-1.1485261734575034,-0.014010613362188451,0.0003,2330,0.018944325,0.15974900126457214,0.2,0.22771227359771729,,
,,,,,480000,0.1703125,1.6480751298135146,-1.116551511362195,-0.011044942325679586,0.0003,2340,0.016692894,0.281305193901062,0.2,0.5052016973495483,429.4,14.0
232,2067,353.15,8.4,235,481280,,,,,,,,,,,,
232,2074,362.52,9.2,236,483328,0.148583984375,1.7747946648858488,-1.1521633945405483,-0.00737983379221987,0.0003,2350,0.018040739,0.1768144965171814,0.2,0.05037808418273926,,
233,2082,364.64,9.7,237,485376,0.1498046875,1.4764643334783614,-1.0381942950189114,-0.008085554055287502,0.0003,2360,0.017126516,0.07870917022228241,0.2,0.3622891902923584,,
233,2089,356.76,8.8,238,487424,0.175439453125,1.7186315186321734,-1.0885286731645465,-0.00919766764563974,0.0003,2370,0.018631704,0.06518079340457916,0.2,0.27425646781921387,,
233,2097,357.29,8.9,239,489472,0.15595703125,1.1717698675580324,-1.097402697429061,-0.008106797767686658,0.0003,2380,0.013818735,0.03316520154476166,0.2,0.2897367477416992,,
,,,,,490000,0.148583984375,2.1115702078677714,-1.126602343097329,-0.007112650919589214,0.0003,2390,0.01697998,0.06661230325698853,0.2,0.02324753999710083,272.0,2.0
233,2108,356.75,8.6,240,491520,,,,,,,,,,,,
233,2115,345.1,7.2,241,493568,0.1849609375,1.205628866655752,-1.1062438128516079,-0.007961416940088385,0.0003,2400,0.020558398,0.03843884915113449,0.2,0.39525413513183594,,
233,2123,356.06,8.6,242,495616,0.212939453125,1.4492675080895423,-1.1598322361707687,-0.012686658898019232,0.0003,2410,0.02162851,0.1126893162727356,0.2,0.5127116441726685,,
233,2130,358.13,8.7,243,497664,0.143701171875,3.0329865413717925,-1.106886902451515,-0.00875950443878537,0.0003,2420,0.013660081,0.4414210319519043,0.2,0.21119987964630127,,
233,2137,348.01,7.4,244,499712,0.184765625,1.476859758934006,-1.2380927320569755,-0.007860079770034644,0.0003,2430,0.022544947,0.07184888422489166,0.2,0.11618566513061523,,
,,,,,500000,0.170654296875,1.4367731702048332,-1.141482598334551,-0.008123893238371238,0.0003,2440,0.016982533,0.060251977294683456,0.2,0.19130146503448486,358.2,8.0
233,2149,349.72,7.2,245,501760,,,,,,,,,,,,
233,2157,361.6,8.4,246,503808,0.1771484375,1.991276881052181,-1.152603038214147,-0.011828227597288788,0.0003,2450,0.018262722,0.11765972524881363,0.2,-0.11371803283691406,,
233,2165,362.53,8.9,247,505856,0.181005859375,1.5901228649076073,-1.2636128943413496,-0.011389635615341832,0.0003,2460,0.016228558,0.10648958384990692,0.2,0.13996678590774536,,
233,2172,344.4,7.2,248,507904,0.194580078125,1.798227643617429,-1.253829101845622,-0.010060108909965493,0.0003,2470,0.024445068,0.5187181234359741,0.2,0.3630143404006958,,
233,2179,342.77,7.0,249,509952,0.169775390625,1.778141346340999,-1.2112616930156945,-0.01086548687890172,0.0003,2480,0.025448345,0.20888906717300415,0.2,0.38290804624557495,,
,,,,,510000,0.20498046875,1.5394662120379508,-1.193987961113453,-0.010241545108146965,0.0003,2490,0.019908026,0.15249355137348175,0.2,0.41915035247802734,337.6,2.0
233,2192,338.48,6.5,250,512000,,,,,,,,,,,,
233,2200,331.49,6.0,251,514048,0.181787109375,1.8514331741025671,-0.9677963575348258,-0.012469721504021435,0.0003,2500,0.021278951,0.20883461833000183,0.2,0.4343990087509155,,
233,2208,328.87,5.5,252,516096,0.14111328125,2.1353087167954072,-0.9981348780915141,-0.008948877520742827,0.0003,2510,0.011889743,0.17518870532512665,0.2,-0.1224830150604248,,
233,2216,330.09,5.4,253,518144,0.12919921875,2.1485291135497393,-1.0294870728626848,-0.008799816286773421,0.0003,2520,0.014656981,0.042602576315402985,0.2,-0.08913052082061768,,
,,,,,520000,0.19013671875,0.9499747557914816,-1.1163331672549248,-0.009390637597243767,0.0003,2530,0.01923094,0.03834669291973114,0.2,0.36224281787872314,350.0,8.0
233,2229,334.48,6.1,254,520192,,,,,,,,,,,,
233,2237,338.56,6.4,255,522240,0.133203125,2.4333527360111473,-1.2317072000354528,-0.007210771055542864,0.0003,2540,0.013889628,0.4324304461479187,0.2,0.36614298820495605,,
233,2244,337.29,6.2,256,524288,0.180224609375,1.3110446088947356,-1.073604592680931,-0.014421104450593702,0.0003,2550,0.01839358,0.13008815050125122,0.2,0.30007779598236084,,
233,2252,334.36,5.8,257,526336,0.1818359375,2.2107034313492475,-1.1844941098242998,-0.01321142457309179,0.0003,2560,0.01965268,0.9008195996284485,0.2,0.27422088384628296,,
233,2259,324.89,5.0,258,528384,0.1763671875,1.0592079049674794,-1.1430478923022747,-0.01075183461070992,0.0003,2570,0.021560686,0.12928517162799835,0.2,0.3440227508544922,,
,,,,,530000,0.172802734375,1.4662643135990947,-1.1164771240204572,-0.005986871535424143,0.0003,2580,0.017600723,0.10772906243801117,0.2,0.05688059329986572,283.6,6.0
233,2271,325.13,5.0,259,530432,,,,,,,,,,,,
233,2279,325.0,5.2,260,532480,0.1728515625,1.5202791223768144,-1.0792975632473827,-0.011958422695170157,0.0003,2590,0.019957054,0.05264062434434891,0.2,0.22134703397750854,,
233,2287,325.66,4.9,261,534528,0.145263671875,1.5841006261995063,-1.1174850802868606,-0.0113463590038009,0.0003,2600,0.023491627,0.1407075971364975,0.2,0.17117035388946533,,
233,2294,318.74,4.2,262,536576,0.212841796875,0.7597074921242892,-1.10346808899194,-0.010024120502930601,0.0003,2610,0.027130695,0.04750211909413338,0.2,0.5212491750717163,,
233,2302,320.75,4.3,263,538624,0.169384765625,1.593373108142987,-1.1932347536087036,-0.00847685978806112,0.0003,2620,0.017762493,0.0617128349840641,0.2,0.3268231749534607,,
,,,,,540000,0.19248046875,1.8834674551151693,-1.1601300429552794,-0.013599329217686317,0.0003,2630,0.020511005,0.1660693883895874,0.2,0.188495934009552,354.6,2.0
233,2315,326.69,5.2,264,540672,,,,,,,,,,,,
233,2323,325.93,5.3,265,542720,0.13349609375,1.76325090858154,-1.2330937508493662,-0.006948527478380128,0.0003,2640,0.012408217,0.06468863785266876,0.2,0.3472980856895447,,
233,2330,318.67,4.8,266,544768,0.1259765625,2.5068596860393884,-1.1066677851602436,-0.010627831732563209,0.0003,2650,0.013513879,0.06976518034934998,0.2,0.2898787260055542,,
233,2338,320.49,5.0,267,546816,0.12998046875,2.889282590756193,-1.1284259170293809,-0.009669433330418541,0.0003,2660,0.014663166,0.06553442031145096,0.2,0.14318186044692993,,
233,2346,310.6,4.5,268,548864,0.185302734375,1.8321971906814725,-1.1884913645684718,-0.009731125933467411,0.0003,2670,0.020370983,0.08645433187484741,0.2,0.009547710418701172,,
,,,,,550000,0.162255859375,2.0486205089837313,-1.1950557600706815,-0.010658159214654007,0.0003,2680,0.016687088,0.4706730246543884,0.2,0.1583217978477478,333.0,10.0
233,2359,311.99,4.9,269,550912,,,,,,,,,,,,
233,2368,305.46,4.6,270,552960,0.152099609375,1.8938692132476718,-1.0511683834716679,-0.011304095792002044,0.0003,2690,0.021552179,0.3769255578517914,0.2,0.05421477556228638,,
233,2376,308.31,4.9,271,555008,0.12998046875,2.0870997711550445,-1.1833447251468896,-0.008994885251740924,0.0003,2700,0.014365738,0.1892920434474945,0.2,0.34209543466567993,,
233,2384,310.83,5.5,272,557056,0.178759765625,1.6309812583727763,-1.189754094183445,-0.013938421629427466,0.0003,2710,0.02350736,0.09276970475912094,0.2,0.13928884267807007,,
233,2392,315.18,5.7,273,559104,0.179443359375,1.6767503717914223,-1.232803201302886,-0.008347668897476979,0.0003,2720,0.01450813,0.11309614777565002,0.2,0.204392671585083,,
,,,,,560000,0.203515625,1.0709839099901728,-1.1152188384905457,-0.01492987790843472,0.0003,2730,0.022866294,0.048099368810653687,0.2,0.34084731340408325,205.6,-2.0
233,2403,310.8,5.5,274,561152,,,,,,,,,,,,
233,2411,315.61,5.9,275,563200,0.175439453125,1.2372352625243366,-1.1459540832787751,-0.008436411662842147,0.0003,2740,0.016047832,-0.006254080682992935,0.2,0.292026162147522,,
233,2418,314.94,6.2,276,565248,0.17490234375,1.1314238904975356,-1.2205192990601064,-0.012743618269450963,0.0003,2750,0.026108103,0.06991106271743774,0.2,0.3189280033111572,,
233,2426,302.78,5.3,277,567296,0.191259765625,1.6525440937606617,-1.3218889750540257,-0.016548433480784296,0.0003,2760,0.02020008,0.05442187190055847,0.2,-0.053530216217041016,,
233,2435,299.41,5.0,278,569344,0.175732421875,1.873054297058843,-1.2071609273552895,-0.01229673667694442,0.0003,2770,0.014879698,0.03952919691801071,0.2,0.17713409662246704,,
,,,,,570000,0.1158203125,2.185331021971069,-1.2463631466031075,-0.010462980973534286,0.0003,2780,0.013847094,0.3627588748931885,0.2,0.15974140167236328,251.8,0.0
233,2448,290.04,4.0,279,571392,,,,,,,,,,,,
233,2456,293.01,4.3,280,573440,0.183056640625,1.3291798171587288,-1.1712237309664488,-0.012469807162415237,0.0003,2790,0.02030471,0.023096006363630295,0.2,0.35043275356292725,,
233,2465,291.92,4.4,281,575488,0.1572265625,1.9602438137633726,-1.2237655345350504,-0.006352546694688499,0.0003,2800,0.021809261,0.12356381863355637,0.2,0.011369168758392334,,
233,2473,292.83,4.7,282,577536,0.200048828125,1.1378738515777513,-1.2471383690834046,-0.010727494669845327,0.0003,2810,0.021735908,0.09330365806818008,0.2,0.3807826638221741,,
233,2482,302.67,5.9,283,579584,0.162548828125,1.9716307863825933,-1.3211724877357482,-0.010584033114719204,0.0003,2820,0.01736512,0.13920889794826508,0.2,0.20842880010604858,,
,,,,,580000,0.144384765625,1.815564049826935,-1.0460165923461318,-0.00957012570288498,0.0003,2830,0.022086844,0.10424000024795532,0.2,0.10580509901046753,183.8,-6.0
233,2494,301.35,5.4,284,581632,,,,,,,,,,,,
233,2503,307.42,5.6,285,583680,0.185888671875,1.2482124225702136,-1.3063342243432998,-0.01332231681153644,0.0003,2840,0.016873829,0.10353710502386093,0.2,0.522994875907898,,
233,2511,307.17,5.4,286,585728,0.18642578125,1.9621008494403214,-1.2149780042469502,-0.014825245304382405,0.0003,2850,0.019503094,0.10166682302951813,0.2,-0.10949599742889404,,
233,2520,315.4,6.4,287,587776,0.194873046875,1.1518683116417379,-1.1673989020287991,-0.008824802565504797,0.0003,2860,0.02826559,0.020956851541996002,0.2,0.3818267583847046,,
233,2528,318.35,6.8,288,589824,0.1744140625,2.1842248905450106,-1.1775146130472423,-0.011837292995187454,0.0003,2870,0.018450351,0.22710293531417847,0.2,0.00791698694229126,,
,,,,,590000,0.17958984375,1.626424193987623,-1.2724739179015159,-0.008560820590355433,0.0003,2880,0.020535203,0.19431252777576447,0.2,0.17032712697982788,250.2,2.0
232,2541,315.62,6.8,289,591872,,,,,,,,,,,,
232,2549,318.64,7.1,290,593920,0.23193359375,1.3376790180569516,-1.2905167069286108,-0.013698759893304668,0.0003,2890,0.033425517,0.032781556248664856,0.2,0.2367348074913025,,
233,2557,323.95,7.8,291,595968,0.120947265625,2.928388985618949,-1.1711067013442515,-0.006899088560021483,0.0003,2900,0.013332176,0.3719194531440735,0.2,0.13565927743911743,,
233,2564,311.53,6.0,292,598016,0.1470703125,2.15356029253453,-1.2039417836815118,-0.01039087101671612,0.0003,2910,0.015732598,0.15847459435462952,0.2,0.3359231948852539,,
,,,,,600000,0.16455078125,2.2541705382522195,-1.2296991854906083,-0.014868009765632451,0.0003,2920,0.022443678,0.18458715081214905,0.2,0.032598793506622314,271.6,0.0
232,2576,318.98,6.8,293,600064,,,,,,,,,,,,
232,2585,327.69,7.3,294,602112,0.199755859375,1.7109542485093698,-1.230544801801443,-0.014266685573966242,0.0003,2930,0.031621095,0.2463383972644806,0.2,0.008794724941253662,,
232,2593,323.61,6.6,295,604160,0.225830078125,1.2843089317437262,-1.2863785669207572,-0.014287036546738819,0.0003,2940,0.023179572,0.019083388149738312,0.2,-0.042119383811950684,,
232,2602,327.43,6.7,296,606208,0.19609375,1.2803243823116646,-1.217005442082882,-0.014979908289387823,0.0003,2950,0.02213271,0.06005564332008362,0.2,0.16435754299163818,,
233,2610,329.01,6.2,297,608256,0.165966796875,1.5118611628189682,-1.2371497739106416,-0.013339386699954048,0.0003,2960,0.016242417,0.09066927433013916,0.2,-0.014803290367126465,,
,,,,,610000,0.18603515625,1.0798214259324594,-1.186558985710144,-0.01524511565512512,0.0003,2970,0.022780558,0.11360430717468262,0.2,0.5984514951705933,346.6,8.0
232,2623,331.1,6.1,298,610304,,,,,,,,,,,,
232,2631,333.47,6.0,299,612352,0.140869140625,1.6556016584392637,-1.1201023863628508,-0.013794351616525091,0.0003,2980,0.01572727,0.08643193542957306,0.2,0.07694220542907715,,
232,2638,315.89,4.6,300,614400,0.135400390625,1.6939936452545226,-1.1539558943361043,-0.012532410479616373,0.0003,2990,0.01545078,0.06327413767576218,0.2,0.4940289258956909,,
232,2646,322.18,5.3,301,616448,0.1904296875,1.2844334822730161,-1.1729588218033313,-0.013722855315427296,0.0003,3000,0.021351308,0.08029260486364365,0.2,0.15899932384490967,,
232,2654,314.21,4.1,302,618496,0.1548828125,1.8150743155973033,-1.289717074111104,-0.01333813184464816,0.0003,3010,0.019546896,0.13051916658878326,0.2,-0.14965057373046875,,
,,,,,620000,0.178515625,0.9881370833842084,-1.1591924585402011,-0.013778037906740792,0.0003,3020,0.017812934,0.11447738111019135,0.2,0.5856447219848633,355.6,8.0
232,2668,313.07,4.2,303,620544,,,,,,,,,,,,
232,2676,324.94,5.2,304,622592,0.122265625,1.6849683684296906,-1.2554236855357885,-0.007306930713821202,0.0003,3030,0.014791734,0.10343735665082932,0.2,0.5803699493408203,,
232,2684,321.4,5.0,305,624640,0.1529296875,1.6806306491605938,-1.1481624085456132,-0.011462854621640872,0.0003,3040,0.015233016,0.04688049107789993,0.2,0.34321027994155884,,
232,2692,313.91,3.7,306,626688,0.13056640625,1.2118261516327038,-1.1829813815653325,-0.007622873006039299,0.0003,3050,0.012532993,0.038951944559812546,0.2,0.2459716796875,,
232,2700,321.16,4.7,307,628736,0.18115234375,1.5061564847361297,-1.121072313375771,-0.010113381894188932,0.0003,3060,0.017614964,0.3613138198852539,0.2,0.17389905452728271,,
,,,,,630000,0.1451171875,2.041601015534252,-1.1283549211919308,-0.010836780761019326,0.0003,3070,0.014701342,0.09595219790935516,0.2,0.01092982292175293,184.2,-4.0
232,2711,323.58,5.0,308,630784,,,,,,,,,,,,
232,2718,323.57,4.9,309,632832,0.17734375,1.6093864279566332,-1.1530445095151662,-0.009317774572991766,0.0003,3080,0.018616961,0.11262905597686768,0.2,0.4449825882911682,,
232,2726,315.54,4.8,310,634880,0.152392578125,2.8350037340540437,-1.1530424844473601,-0.012048948838491924,0.0003,3090,0.013670184,0.7487098574638367,0.2,0.22573977708816528,,
232,2734,326.63,5.5,311,636928,0.1919921875,2.5500822433736174,-1.0161389568820596,-0.01713178983191028,0.0003,3100,0.02876655,0.06167618930339813,0.2,-0.04969966411590576,,
233,2741,325.13,5.8,312,638976,0.112841796875,1.6919657030142843,-0.9406113671138883,-0.007710679076262749,0.0003,3110,0.012433622,0.07784433662891388,0.2,0.2959938645362854,,
,,,,,640000,0.149658203125,2.2420219741761684,-1.0095284460112453,-0.008445997509988956,0.0003,3120,0.017600868,0.08282171189785004,0.2,0.3536568880081177,332.2,6.0
232,2754,328.92,6.5,313,641024,,,,,,,,,,,,
232,2762,322.36,6.1,314,643072,0.12841796875,1.8951172904344276,-1.020380929298699,-0.008884714706800878,0.0003,3130,0.017023101,0.5368955135345459,0.2,0.19728654623031616,,
232,2770,323.78,6.2,315,645120,0.149951171875,1.8675845471443608,-1.054552372545004,-0.012547717265260872,0.0003,3140,0.0217915,0.22881107032299042,0.2,0.10128629207611084,,
232,2778,324.81,6.2,316,647168,0.21708984375,1.2115772920660675,-1.0250262184068561,-0.019408280169591306,0.0003,3150,0.029889118,0.05507746338844299,0.2,0.43756556510925293,,
232,2787,321.82,6.4,317,649216,0.179541015625,0.7756896904553287,-1.1514048997312785,-0.009851584874559194,0.0003,3160,0.01941498,0.0566357746720314,0.2,0.6189278364181519,,
,,,,,650000,0.1478515625,2.33614462306723,-1.1163897827267646,-0.013974675122881308,0.0003,3170,0.018720623,0.5899564623832703,0.2,0.2237262725830078,172.4,-6.0
232,2797,312.62,5.5,318,651264,,,,,,,,,,,,
232,2805,312.49,5.5,319,653312,0.15908203125,1.4878298192750663,-1.1656712029129266,-0.008555819487082773,0.0003,3180,0.019650953,0.09187676012516022,0.2,0.34160512685775757,,
232,2814,314.41,6.0,320,655360,0.19677734375,0.8675310980062931,-1.216331385821104,-0.016234635387081652,0.0003,3190,0.024854688,0.03468683362007141,0.2,0.6179693937301636,,
232,2823,316.11,5.9,321,657408,0.184619140625,1.8570026447065175,-1.232486704736948,-0.012657001370098443,0.0003,3200,0.015359711,0.15664339065551758,0.2,0.20958662033081055,,
232,2832,323.5,7.0,322,659456,0.15390625,1.6420857320423239,-1.1371748950332403,-0.012847869188408367,0.0003,3210,0.017061777,0.059621553868055344,0.2,0.26650792360305786,,
,,,,,660000,0.147216796875,1.3183215184835717,-1.079118741862476,-0.01325869218853768,0.0003,3220,0.018677484,0.6033826470375061,0.2,0.28770214319229126,245.0,2.0
232,2845,325.04,6.9,323,661504,,,,,,,,,,,,
232,2853,329.21,7.0,324,663552,0.179736328125,2.0312389507424085,-1.2029049672186374,-0.011063429320347495,0.0003,3230,0.019047799,0.4319806694984436,0.2,-0.0026499032974243164,,
232,2861,323.46,6.1,325,665600,0.13134765625,1.6768918234854937,-1.1291126511991023,-0.007755598230869509,0.0003,3240,0.013756093,0.15745289623737335,0.2,0.21443045139312744,,
232,2869,307.8,5.0,326,667648,0.17783203125,1.526137055666186,-1.1918364200741052,-0.013895040724310092,0.0003,3250,0.019178573,0.1706099659204483,0.2,0.37078726291656494,,
232,2877,311.0,4.8,327,669696,0.162060546875,1.3356665619765409,-1.0571202397346497,-0.012633499543881044,0.0003,3260,0.014517031,0.18820124864578247,0.2,0.365939736366272,,
,,,,,670000,0.184912109375,1.3019863480934872,-1.063803547434509,-0.016958572683506645,0.0003,3270,0.020733673,0.03136768192052841,0.2,-0.27256572246551514,225.2,-8.0
232,2889,313.29,4.9,328,671744,,,,,,,,,,,,
232,2897,313.59,4.9,329,673792,0.126025390625,1.0937569015542976,-0.8990740889683366,-0.006410531271831133,0.0003,3280,0.014676195,0.003345787525177002,0.2,0.3660852313041687,,
232,2905,314.14,5.6,330,675840,0.190576171875,1.1189512366079726,-1.0240461107343435,-0.015822578806546517,0.0003,3290,0.034971725,0.0969444215297699,0.2,-0.04637551307678223,,
232,2914,312.43,5.5,331,677888,0.157275390625,1.9001229760237037,-1.1184521285817026,-0.009617712703766301,0.0003,3300,0.016077317,0.08712348341941833,0.2,0.3886229991912842,,
232,2923,315.05,5.6,332,679936,0.1744140625,1.8474663246423007,-1.1606565710157155,-0.008723131248552818,0.0003,3310,0.024773935,0.11509551107883453,0.2,0.12519395351409912,,
,,,,,680000,0.16865234375,1.7222506934660486,-1.1710565503686667,-0.012386171272373759,0.0003,3320,0.020473395,0.058007922023534775,0.2,0.33012670278549194,378.4,14.0
232,2938,318.62,6.4,333,681984,,,,,,,,,,,,
232,2946,312.8,5.6,334,684032,0.160302734375,2.1457406817004085,-1.1998043552041053,-0.014530955607187934,0.0003,3330,0.01712415,0.2573927640914917,0.2,0.05117952823638916,,
232,2954,321.1,5.9,335,686080,0.15048828125,2.1499291541520504,-1.1074367767199873,-0.009526939995703287,0.0003,3340,0.013519106,0.09491697698831558,0.2,0.20042884349822998,,
232,2962,322.51,6.1,336,688128,0.15888671875,1.4732037861365825,-1.0609662195667624,-0.009515420772368088,0.0003,3350,0.021107707,0.044855907559394836,0.2,0.2471267580986023,,
,,,,,690000,0.141552734375,1.7357879479415714,-1.0974696105346085,-0.010931481770239771,0.0003,3360,0.017702702,0.12351816147565842,0.2,0.37135177850723267,262.8,6.0
231,2975,325.31,7.0,337,690176,,,,,,,,,,,,
232,2983,328.31,7.3,338,692224,0.1681640625,2.1874499353114514,-1.026110178977251,-0.018210452754283325,0.0003,3370,0.02852436,0.22112533450126648,0.2,0.043541789054870605,,
232,2991,323.75,7.0,339,694272,0.157275390625,2.190649172849953,-1.1220550633966924,-0.010769911095849238,0.0003,3380,0.016447328,0.0664411187171936,0.2,0.25597715377807617,,
232,2999,315.3,6.7,340,696320,0.1291015625,1.9628265488892793,-0.8246708689257503,-0.011326177333830855,0.0003,3390,0.020401502,0.25849831104278564,0.2,0.40157073736190796,,
232,3007,328.17,8.2,341,698368,0.153125,2.1728372992249207,-0.9866639958694577,-0.009138728573452682,0.0003,3400,0.019306513,0.08633644878864288,0.2,0.2810114026069641,,
,,,,,700000,0.1435546875,2.8259379766182975,-1.1142103830352426,-0.009967985277762636,0.0003,3410,0.013464101,0.9252772927284241,0.2,0.3883870244026184,197.6,-2.0
232,3018,335.84,8.7,342,700416,,,,,,,,,,,,
232,3026,338.59,9.4,343,702464,0.191796875,1.6477423019707202,-1.1022167902439832,-0.014884749452176039,0.0003,3420,0.026584003,0.23817895352840424,0.2,0.4821847081184387,,
232,3034,337.39,9.2,344,704512,0.190087890625,2.2303812906844542,-1.030132520571351,-0.011308358515088912,0.0003,3430,0.020523833,0.26544928550720215,0.2,0.26611775159835815,,
232,3043,337.13,9.1,345,706560,0.160107421875,1.035343634081073,-0.8822016654536128,-0.016357012998196297,0.0003,3440,0.015171462,0.08422771841287613,0.2,0.39602863788604736,,
232,3051,339.73,9.5,346,708608,0.19765625,1.5129120488418266,-1.1082468528300524,-0.01594250990601722,0.0003,3450,0.025015783,0.18227332830429077,0.2,0.32172709703445435,,
,,,,,710000,0.164306640625,1.9003217339981346,-1.0674597391858698,-0.013008096147677862,0.0003,3460,0.020989269,0.055032920092344284,0.2,0.14394420385360718,209.6,4.0
232,3062,352.72,10.8,347,710656,,,,,,,,,,,,
232,3071,358.48,11.4,348,712704,0.18037109375,2.651294954540208,-1.11082148514688,-0.016590271313907577,0.0003,3470,0.023462187,0.17029069364070892,0.2,0.13447469472885132,,
232,3080,357.75,11.6,349,714752,0.141845703125,2.054841129761189,-1.0730397529900073,-0.011539129343873356,0.0003,3480,0.01629568,0.06859764456748962,0.2,0.06493616104125977,,
232,3088,349.4,10.2,350,716800,0.15595703125,1.741267538955435,-0.9706694167107344,-0.011456169857410714,0.0003,3490,0.019166198,0.07291053235530853,0.2,0.14547324180603027,,
232,3095,354.68,10.8,351,718848,0.151123046875,1.2265527985524387,-0.930412769317627,-0.01380368766549509,0.0003,3500,0.020259216,0.023226656019687653,0.2,0.44904279708862305,,
,,,,,720000,0.165478515625,3.1147732472978533,-0.9897436754778027,-0.012840390516794286,0.0003,3510,0.0154251205,1.6153757572174072,0.2,0.1955053210258484,297.2,10.0
231,3108,349.49,10.8,352,720896,,,,,,,,,,,,
231,3116,350.32,11.1,353,722944,0.173876953125,1.7468922346364706,-1.0599108381196856,-0.009807994985021651,0.0003,3520,0.01845023,0.11126437783241272,0.2,0.16796016693115234,,
231,3125,356.26,11.1,354,724992,0.1564453125,2.1369922527344896,-1.091853898577392,-0.00833547035290394,0.0003,3530,0.020863734,0.17551201581954956,0.2,0.07760506868362427,,
232,3133,337.23,9.8,355,727040,0.18564453125,1.7678567094961182,-1.0102854516357183,-0.012255443690810353,0.0003,3540,0.026097711,0.11670443415641785,0.2,0.4404730796813965,,
232,3141,334.14,9.2,356,729088,0.14365234375,2.0717450242838824,-1.022073732316494,-0.009592426349991,0.0003,3550,0.014135139,0.15752048790454865,0.2,0.1979716420173645,,
,,,,,730000,0.11728515625,2.6944860144983975,-0.9666892061010003,-0.010229242988862098,0.0003,3560,0.019320425,0.1404026299715042,0.2,-0.1169198751449585,221.8,-4.0
231,3153,326.6,8.1,357,731136,,,,,,,,,,,,
231,3161,310.47,6.6,358,733184,0.189697265625,1.3156539454357699,-1.049596338532865,-0.018390391673892736,0.0003,3570,0.029750455,0.13279496133327484,0.2,0.23736393451690674,,
231,3170,308.41,6.4,359,735232,0.1375,1.4444866915931924,-0.8540993863716722,-0.011897694200160912,0.0003,3580,0.01812334,0.036079637706279755,0.2,0.4282471537590027,,
231,3178,310.36,6.8,360,737280,0.161669921875,1.5814122854499146,-0.9966582054272294,-0.011779376451158896,0.0003,3590,0.016877081,0.04372519999742508,0.2,0.02624976634979248,,
231,3187,301.0,5.7,361,739328,0.133447265625,1.548011123109609,-0.8249745007604361,-0.009464323677821084,0.0003,3600,0.019530285,0.08799529075622559,0.2,0.3657732605934143,,
,,,,,740000,0.21396484375,1.2814538152189925,-1.0256268324330449,-0.013292665896005928,0.0003,3610,0.02806158,0.0969303548336029,0.2,0.30005985498428345,329.4,8.0
231,3200,291.85,4.7,362,741376,,,,,,,,,,,,
231,3209,287.23,4.2,363,743424,0.181494140625,1.8058716434286908,-0.9923934703692794,-0.013054557751456742,0.0003,3620,0.022222402,0.856560230255127,0.2,0.2033214569091797,,
231,3217,281.78,4.5,364,745472,0.151953125,1.1988618929870427,-1.0452959209680557,-0.01024591305758804,0.0003,3630,0.016915865,0.08226226270198822,0.2,0.3271797299385071,,
231,3225,283.22,4.9,365,747520,0.1779296875,1.8217934483662248,-0.9847084913402796,-0.014791764234541916,0.0003,3640,0.019105406,0.08595765382051468,0.2,0.18859440088272095,,
231,3234,271.79,3.5,366,749568,0.1416015625,1.6369973180582746,-0.8245499286800623,-0.016622416823520326,0.0003,3650,0.01916821,0.16366471350193024,0.2,0.4110817313194275,,
,,,,,750000,0.183203125,1.2374237244017423,-1.0302981620654463,-0.01040544866846176,0.0003,3660,0.023396242,0.20793189108371735,0.2,0.2500377893447876,320.4,8.0
231,3247,273.11,3.8,367,751616,,,,,,,,,,,,
231,3255,272.67,3.6,368,753664,0.1390625,2.4258390436414627,-1.032975765131414,-0.00879345299617853,0.0003,3670,0.01592061,1.2827324867248535,0.2,0.021939337253570557,,
231,3264,278.68,3.9,369,755712,0.14384765625,1.4429111220873891,-0.9524864587932825,-0.007559589584707283,0.0003,3680,0.019621404,0.3366539180278778,0.2,0.16020989418029785,,
231,3272,281.82,4.5,370,757760,0.156787109375,1.078977040410973,-1.0837532570585608,-0.009103071583376731,0.0003,3690,0.02240251,0.11894616484642029,0.2,0.21640127897262573,,
231,3281,287.29,5.5,371,759808,0.1376953125,1.7332479904172942,-0.82943504601717,-0.011230299869203009,0.0003,3700,0.016783863,0.14418809115886688,0.2,0.48128050565719604,,
,,,,,760000,0.155126953125,2.134766569221392,-1.0530124509707093,-0.011773252705461345,0.0003,3710,0.016392114,0.058821093291044235,0.2,0.3843364715576172,250.8,2.0
231,3294,296.71,6.7,372,761856,,,,,,,,,,,,
231,3304,311.91,7.8,373,763904,0.168505859375,2.463887316407636,-1.1904758106917144,-0.009059383274870925,0.0003,3720,0.022109099,0.43975478410720825,0.2,0.24577689170837402,,
231,3313,319.49,8.6,374,765952,0.18134765625,1.6782079790486022,-1.0584202244877816,-0.013433871514280327,0.0003,3730,0.016135667,0.09140712022781372,0.2,0.552465558052063,,
231,3321,317.94,8.6,375,768000,0.18095703125,2.472402144735679,-1.0390272371470928,-0.01863221364765195,0.0003,3740,0.018451706,0.618695855140686,0.2,0.313312828540802,,
,,,,,770000,0.173095703125,2.076230732072145,-1.0074438970535993,-0.01525189467065502,0.0003,3750,0.02374654,0.1225227490067482,0.2,0.1369219422340393,228.0,-4.0
230,3333,321.31,9.0,376,770048,,,,,,,,,,,,
231,3342,319.71,8.6,377,772096,0.185107421875,1.873645986802876,-1.1572223918512463,-0.013240298307209741,0.0003,3760,0.018420678,0.08030883222818375,0.2,0.4262614846229553,,
230,3351,312.65,7.9,378,774144,0.1822265625,2.062267131707631,-0.9978942716494202,-0.015056142953108064,0.0003,3770,0.018848307,0.5916354060173035,0.2,0.2472936511039734,,
230,3360,318.52,7.1,379,776192,0.2173828125,1.3298970442730933,-1.0186577185988426,-0.015599199853022582,0.0003,3780,0.026201148,0.14055174589157104,0.2,0.3199857473373413,,
230,3370,326.86,7.0,380,778240,0.164697265625,1.716360926022753,-0.9352411603555083,-0.010523596181883477,0.0003,3790,0.024581615,0.08782685548067093,0.2,0.1941930055618286,,
,,,,,780000,0.16689453125,1.6265405878424644,-1.0370644621551037,-0.013062489635194652,0.0003,3800,0.017549286,0.16997843980789185,0.2,0.030576050281524658,457.0,12.0
230,3387,325.57,6.9,381,780288,,,,,,,,,,,,
230,3395,329.6,7.2,382,782336,0.193701171875,1.3090049657970666,-1.0708967436105012,-0.018033963273046537,0.0003,3810,0.02245651,0.1244731992483139,0.2,0.2586333155632019,,
230,3404,326.43,7.5,383,784384,0.174560546875,1.5649151624878868,-1.0479210760444402,-0.012552369423792698,0.0003,3820,0.020364843,0.051767006516456604,0.2,0.12651872634887695,,
230,3413,327.43,7.2,384,786432,0.149609375,2.598506787000224,-1.06292447373271,-0.012620418347069062,0.0003,3830,0.01471067,0.1629880666732788,0.2,0.12643080949783325,,
230,3421,314.38,5.4,385,788480,0.1525390625,1.4231243173591792,-0.8699861615896225,-0.01375328524154611,0.0003,3840,0.021045506,0.04502715915441513,0.2,0.2878345847129822,,
,,,,,790000,0.182177734375,1.2295998595422133,-0.9835819065570831,-0.011926693801069633,0.0003,3850,0.019706657,0.025721579790115356,0.2,0.24792009592056274,294.2,10.0
230,3433,313.82,5.5,386,790528,,,,,,,,,,,,
230,3442,308.33,4.6,387,792576,0.14970703125,1.8408724191132932,-0.9673668403178454,-0.012909015238983556,0.0003,3860,0.01480182,0.1969234049320221,0.2,0.11682796478271484,,
230,3450,288.75,3.2,388,794624,0.1609375,1.3090586515376343,-0.9541754316538572,-0.013546171024790965,0.0003,3870,0.017674739,0.15987391769886017,0.2,0.3983522057533264,,
230,3459,290.69,3.2,389,796672,0.18330078125,1.7988765214104205,-1.084011210128665,-0.012980682657507714,0.0003,3880,0.016806837,0.5655613541603088,0.2,0.3912302255630493,,
230,3468,289.85,3.0,390,798720,0.15380859375,1.4857226701453328,-0.9263967413455247,-0.014120052591897548,0.0003,3890,0.02084362,0.07930216938257217,0.2,0.2966683506965637,,
,,,,,800000,0.163037109375,1.4162154270801692,-0.9458073327317834,-0.01274995918793138,0.0003,3900,0.018491978,0.16619768738746643,0.2,0.41481447219848633,250.6,0.0
230,3479,282.13,2.3,391,800768,,,,,,,,,,,,
230,3488,288.69,3.1,392,802816,0.172802734375,2.2557918566744775,-0.9740709515288473,-0.016476356737257447,0.0003,3910,0.02357096,0.07777535915374756,0.2,0.5209320783615112,,
230,3497,290.18,3.7,393,804864,0.15810546875,2.7818095237948,-1.0484012622386216,-0.014392134052468464,0.0003,3920,0.016426554,0.5337349772453308,0.2,0.5220237970352173,,
230,3506,301.72,4.8,394,806912,0.156103515625,1.8641127704177052,-0.993778227828443,-0.016900496647576802,0.0003,3930,0.022323765,0.1467037796974182,0.2,0.29607707262039185,,
230,3515,305.9,5.7,395,808960,0.161669921875,1.4521024266723543,-1.038969172537327,-0.01241329490148928,0.0003,3940,0.017649189,0.22251273691654205,0.2,0.40360206365585327,,
,,,,,810000,0.1759765625,1.3941419064067304,-1.0656635155901313,-0.016167778280214408,0.0003,3950,0.020695638,0.07820229232311249,0.2,0.5602577924728394,228.0,-4.0
229,3528,308.94,6.7,396,811008,,,,,,,,,,,,
229,3536,307.48,6.9,397,813056,0.160205078125,2.2360465014353395,-1.0937938950955868,-0.012657490726269316,0.0003,3960,0.016495986,0.17326459288597107,0.2,0.35832667350769043,,
229,3546,310.7,6.8,398,815104,0.142578125,2.7601740945596247,-1.013348426297307,-0.012680729787098244,0.0003,3970,0.021284277,0.10183697938919067,0.2,0.47030770778656006,,
229,3554,310.24,7.1,399,817152,0.18359375,2.0240933327004313,-1.1429738607257605,-0.013481460910406895,0.0003,3980,0.019379131,0.7735623121261597,0.2,0.3417918086051941,,
229,3564,320.29,8.4,400,819200,0.184375,1.9229308536741883,-1.1513641335070133,-0.01479658505122643,0.0003,3990,0.020160165,0.6036632657051086,0.2,0.35771429538726807,,
,,,,,820000,0.147216796875,2.10646147839725,-1.0216409860178828,-0.011777800778509118,0.0003,4000,0.016852625,0.09608066082000732,0.2,0.04270285367965698,379.8,14.0
229,3579,329.93,9.3,401,821248,,,,,,,,,,,,
229,3587,331.51,9.4,402,823296,0.199169921875,1.6601767531363294,-1.1139870941638947,-0.015200732040102593,0.0003,4010,0.022020645,0.07941846549510956,0.2,0.2800160050392151,,
229,3596,326.69,9.3,403,825344,0.19833984375,1.3325342145282775,-1.1626229589805006,-0.011460988465114497,0.0003,4020,0.021002945,0.07321175187826157,0.2,0.4680635929107666,,
229,3605,331.61,9.6,404,827392,0.14208984375,2.1475964163662864,-1.0496734822168947,-0.010927756057935768,0.0003,4030,0.019512236,0.2270405888557434,0.2,-0.20216679573059082,,
229,3613,344.03,10.6,405,829440,0.18876953125,1.610316903493367,-1.0458621012046934,-0.01541590939159505,0.0003,4040,0.021267677,0.04769252985715866,0.2,0.1845220923423767,,
,,,,,830000,0.16240234375,1.5964912141673266,-1.247608644142747,-0.008553203148767351,0.0003,4050,0.017085746,0.0408608578145504,0.2,0.4303407669067383,234.8,-6.0
229,3626,350.05,11.5,406,831488,,,,,,,,,,,,
229,3635,343.86,11.2,407,833536,0.159423828125,1.9453299527987837,-1.110429292358458,-0.015174244617810473,0.0003,4060,0.020173345,0.1625584065914154,0.2,0.42940014600753784,,
229,3644,351.61,12.1,408,835584,0.162353515625,1.6180011895950883,-1.1241764748468994,-0.013601567861041986,0.0003,4070,0.018606706,0.14777104556560516,0.2,0.19477087259292603,,
229,3653,355.21,12.2,409,837632,0.174365234375,1.4845196607988327,-1.0992064012214542,-0.015374412250821479,0.0003,4080,0.02125576,0.05064494535326958,0.2,0.08226829767227173,,
229,3662,358.4,12.5,410,839680,0.142724609375,1.8637409112881869,-1.1785669188946486,-0.01224723335035378,0.0003,4090,0.01642805,0.3933921456336975,0.2,0.4959282875061035,,
,,,,,840000,0.181640625,1.8129550340119749,-1.1966955456882715,-0.016420576052041724,0.0003,4100,0.021636007,0.0958910882472992,0.2,0.4109073877334595,271.2,2.0
229,3674,342.94,11.2,411,841728,,,,,,,,,,,,
229,3683,331.38,9.7,412,843776,0.15947265625,2.7601038951426746,-1.133186211809516,-0.016145529766799883,0.0003,4110,0.026788715,0.1709919273853302,0.2,0.35085201263427734,,
229,3692,344.47,11.1,413,845824,0.151220703125,2.365409295447171,-1.20203963406384,-0.013020246452651919,0.0003,4120,0.015230061,0.343397855758667,0.2,0.44096308946609497,,
229,3701,332.88,9.8,414,847872,0.180712890625,1.2906944355694576,-1.0799196012318135,-0.017283026268705724,0.0003,4130,0.017812543,0.0735793188214302,0.2,0.6004912853240967,,
229,3710,338.56,10.2,415,849920,0.183740234375,1.5327440020395442,-1.1292505461722613,-0.013846588460728526,0.0003,4140,0.01995933,0.3319903016090393,0.2,0.3898463845252991,,
,,,,,850000,0.182421875,2.118887600209564,-1.1866229236125947,-0.0165693885210203,0.0003,4150,0.02063172,0.06583544611930847,0.2,0.16776657104492188,352.4,16.0
228,3724,326.58,8.9,416,851968,,,,,,,,,,,,
228,3733,321.09,8.2,417,854016,0.18994140625,2.121480868314393,-1.1528568301349877,-0.015037356625543907,0.0003,4160,0.019325297,0.1942058950662613,0.2,-0.10504496097564697,,
228,3743,323.17,8.0,418,856064,0.19091796875,1.488858742779121,-1.1745343200862408,-0.01777497601142386,0.0003,4170,0.024929255,0.10405723750591278,0.2,0.23020029067993164,,
228,3751,321.68,7.6,419,858112,0.179150390625,1.4765436372952536,-1.1294812073931098,-0.01732957380299922,0.0003,4180,0.019010387,0.14214345812797546,0.2,0.000716865062713623,,
,,,,,860000,0.2037109375,1.9833169900346548,-1.279315198212862,-0.01645237360498868,0.0003,4190,0.025485784,0.06358043849468231,0.2,0.08445471525192261,366.8,10.0
228,3767,327.6,8.3,420,860160,,,,,,,,,,,,
228,3776,328.19,8.1,421,862208,0.18662109375,1.7400339914485812,-1.2174052242189646,-0.0169815935427323,0.0003,4200,0.020610735,0.0760178342461586,0.2,0.397877037525177,,
228,3784,320.92,7.1,422,864256,0.182958984375,1.7686948322225362,-1.0739811545237898,-0.018447029060916977,0.0003,4210,0.02449157,0.14593985676765442,0.2,0.236483633518219,,
228,3793,320.22,6.7,423,866304,0.2013671875,1.7039006371982395,-1.1413697101175786,-0.014404464456310962,0.0003,4220,0.02173791,0.05013787001371384,0.2,0.25503575801849365,,
228,3802,331.73,7.5,424,868352,0.187158203125,1.1058090747101232,-1.102535234950483,-0.016390203434275462,0.0003,4230,0.02609853,0.05768798291683197,0.2,0.2831405997276306,,
,,,,,870000,0.16494140625,1.9503624938661233,-1.0892337415367366,-0.012414930234081112,0.0003,4240,0.019308655,0.0694943368434906,0.2,0.13653767108917236,223.6,-6.0
228,3815,331.51,7.4,425,870400,,,,,,,,,,,,
228,3823,325.98,6.7,426,872448,0.19580078125,1.3964950049761682,-1.1813431806862353,-0.019049214996630325,0.0003,4250,0.020405065,0.1297215223312378,0.2,0.2840244174003601,,
228,3831,323.66,6.3,427,874496,0.177490234375,1.7367471498437226,-1.1977562576532363,-0.019852910743793473,0.0003,4260,0.016987953,0.05185656249523163,0.2,0.10520482063293457,,
228,3841,332.13,7.1,428,876544,0.168994140625,1.505767583148554,-1.1528694741427898,-0.01813103893509833,0.0003,4270,0.020494947,0.04940440505743027,0.2,0.3167598247528076,,
228,3850,324.08,6.2,429,878592,0.173974609375,2.57292995355092,-1.0250486681237816,-0.015688520565163344,0.0003,4280,0.016673569,0.18737149238586426,0.2,-0.09823286533355713,,
,,,,,880000,0.2369140625,1.162495821772609,-1.1356348153203726,-0.021346135405474344,0.0003,4290,0.022706328,0.03861459717154503,0.2,0.5751283764839172,403.0,14.0
227,3865,333.09,6.8,430,880640,,,,,,,,,,,,
227,3874,343.2,8.0,431,882688,0.1693359375,1.7368712019175292,-1.1986782900989055,-0.02112575572973583,0.0003,4300,0.018453818,0.09888538718223572,0.2,0.3655797243118286,,
227,3882,340.82,7.9,432,884736,0.225244140625,1.1961143459193408,-1.2398849796503781,-0.019486523867817594,0.0003,4310,0.026624449,0.02922479808330536,0.2,0.3124316930770874,,
227,3890,349.06,8.8,433,886784,0.189306640625,1.8575113781029358,-0.975713149830699,-0.019118674451601692,0.0003,4320,0.017646378,0.09254293143749237,0.2,0.33523690700531006,,
227,3898,346.86,9.1,434,888832,0.163232421875,2.2686754737980666,-1.2101542118936777,-0.015033770377340262,0.0003,4330,0.016541071,0.14851024746894836,0.2,-0.041778564453125,,
,,,,,890000,0.175244140625,3.0046281401533634,-1.1482771959155798,-0.013374187611043453,0.0003,4340,0.0217953,0.12863188982009888,0.2,0.02532351016998291,251.4,-4.0
227,3910,343.43,9.1,435,890880,,,,,,,,,,,,
227,3919,346.85,9.6,436,892928,0.174169921875,1.721774092875421,-1.1555229049175977,-0.0119795914972201,0.0003,4350,0.01856491,0.10162565112113953,0.2,0.2898043394088745,,
227,3928,339.64,8.9,437,894976,0.18623046875,0.9951749709667638,-1.1611737366765738,-0.01577505352179287,0.0003,4360,0.022256617,0.1357816755771637,0.2,0.5342729091644287,,
227,3936,337.84,9.0,438,897024,0.178369140625,1.2191472803009673,-1.235426089540124,-0.015441264084074646,0.0003,4370,0.021909896,0.0467069074511528,0.2,0.6053951978683472,,
227,3945,343.3,10.0,439,899072,0.1841796875,1.1892540296306833,-1.048083291016519,-0.017855568311642856,0.0003,4380,0.023460016,0.05217047035694122,0.2,0.5069729685783386,,
,,,,,900000,0.155224609375,1.4125328020891175,-0.9751654570922256,-0.01339624033716973,0.0003,4390,0.016606841,0.08782298117876053,0.2,0.14405876398086548,336.2,6.0
227,3959,339.5,9.5,440,901120,,,,,,,,,,,,
227,3967,335.25,9.2,441,903168,0.111279296875,2.1552017642417924,-0.848266732133925,-0.013572713182657025,0.0003,4400,0.013532248,0.16211161017417908,0.2,-0.1421135663986206,,
227,3977,334.09,9.6,442,905216,0.211474609375,1.8822263970505446,-1.1910240568220616,-0.01968927945708856,0.0003,4410,0.02168012,0.08763960748910904,0.2,0.3151663541793823,,
227,3985,338.53,10.1,443,907264,0.204931640625,1.083006852841936,-1.2396953817456962,-0.016188943208544516,0.0003,4420,0.024534684,0.0664391815662384,0.2,0.4329637289047241,,
227,3994,333.41,9.6,444,909312,0.1408203125,1.9832447013584897,-0.9133697805926204,-0.01052830116241239,0.0003,4430,0.017642532,0.18483418226242065,0.2,0.05828976631164551,,
,,,,,910000,0.135107421875,2.0765657106880098,-1.0079725177958607,-0.014134212346107233,0.0003,4440,0.016953915,0.12360305339097977,0.2,0.224917471408844,263.0,2.0
227,4008,337.26,10.0,445,911360,,,,,,,,,,,,
227,4018,335.25,10.0,446,913408,0.165087890625,1.6301067411201076,-1.1388178028166294,-0.01474348601186648,0.0003,4450,0.018498689,0.3748852610588074,0.2,0.21554279327392578,,
227,4027,329.29,8.9,447,915456,0.174755859375,1.1653237454476766,-1.1370600629597902,-0.018809326671180314,0.0003,4460,0.016505096,-0.009027229622006416,0.2,0.2499251365661621,,
227,4036,336.04,9.4,448,917504,0.162646484375,2.5139116312377157,-1.0825891327112913,-0.0171864679956343,0.0003,4470,0.017189845,0.4614192545413971,0.2,-0.11888957023620605,,
227,4046,341.01,10.1,449,919552,0.10712890625,2.8666115921922026,-0.914870111644268,-0.011620799850788899,0.0003,4480,0.010637222,1.2845473289489746,0.2,0.29848629236221313,,
,,,,,920000,0.175,1.6536013410659507,-1.1098371239379048,-0.017558792859199458,0.0003,4490,0.02335973,0.04779313504695892,0.2,0.02542942762374878,410.8,14.0
226,4063,342.72,10.0,450,921600,,,,,,,,,,,,
226,4072,336.64,9.1,451,923648,0.173583984375,1.8257379787042738,-1.0735592046752571,-0.015303815886727534,0.0003,4500,0.01787887,0.2551361322402954,0.2,0.06632816791534424,,
226,4081,331.92,8.5,452,925696,0.17197265625,1.6203555010259152,-1.0236196577548982,-0.013668552713352256,0.0003,4510,0.019805275,0.06283309310674667,0.2,0.31262969970703125,,
226,4090,320.47,8.4,453,927744,0.2001953125,1.5786922472529112,-1.0051301185041666,-0.020721038919873536,0.0003,4520,0.027430952,0.04453614726662636,0.2,0.24589085578918457,,
226,4099,323.74,8.4,454,929792,0.15048828125,2.791811131965369,-1.1496084913611413,-0.014282413350883871,0.0003,4530,0.019090248,0.505488932132721,0.2,0.19311493635177612,,
,,,,,930000,0.21015625,1.3624375057406723,-1.2588301192969085,-0.016731657017953695,0.0003,4540,0.023174295,0.07141732424497604,0.2,0.38253122568130493,226.8,0.0
226,4113,334.12,9.5,455,931840,,,,,,,,,,,,
226,4124,347.18,10.0,456,933888,0.19541015625,2.2440037983702497,-1.1857767023146153,-0.01770062521973159,0.0003,4550,0.02233913,0.24398496747016907,0.2,0.06255197525024414,,
226,4135,347.94,10.3,457,935936,0.160595703125,1.5713269790634512,-1.0464882280677557,-0.020560190005926415,0.0003,4560,0.019038681,0.08519300073385239,0.2,0.3689788579940796,,
226,4145,345.63,10.1,458,937984,0.185595703125,2.4817164139822125,-1.170266156643629,-0.017608230898622422,0.0003,4570,0.020130057,0.927720844745636,0.2,0.2589966058731079,,
,,,,,940000,0.18818359375,1.7417207634076477,-1.078579609654844,-0.015408765057509299,0.0003,4580,0.017711066,0.11322712153196335,0.2,0.015006780624389648,424.6,14.0
225,4164,343.89,9.9,459,940032,,,,,,,,,,,,
225,4176,354.89,10.6,460,942080,0.201123046875,1.9511777902953327,-1.1651281423866748,-0.01898641341831535,0.0003,4590,0.021313522,0.16276907920837402,0.2,0.10163843631744385,,
225,4186,355.06,11.0,461,944128,0.181982421875,1.26816308402922,-1.1912798393517732,-0.009591713169356808,0.0003,4600,0.021793209,0.08245112001895905,0.2,0.46549004316329956,,
225,4195,345.12,9.5,462,946176,0.17392578125,1.8157594281248748,-1.1918973602354526,-0.01585106652637478,0.0003,4610,0.023720587,0.11267717182636261,0.2,0.29589301347732544,,
225,4205,339.75,9.1,463,948224,0.18564453125,1.6822071104077623,-0.9668399848043918,-0.015394437103532254,0.0003,4620,0.023280816,0.10432711988687515,0.2,-0.13309228420257568,,
,,,,,950000,0.1865234375,1.009440281149,-1.122411541454494,-0.014199194146203808,0.0003,4630,0.02059358,0.06038207188248634,0.2,0.4754270315170288,436.2,12.0
225,4223,344.1,8.8,464,950272,,,,,,,,,,,,
224,4234,351.78,8.7,465,952320,0.1998046875,1.240548394806683,-1.191756882891059,-0.01980895980959758,0.0003,4640,0.022262206,0.06523384153842926,0.2,0.3828708529472351,,
224,4243,347.06,8.2,466,954368,0.192431640625,1.2757770830765367,-1.2407557681202888,-0.016686825998476706,0.0003,4650,0.02006856,0.1062663346529007,0.2,0.18305480480194092,,
224,4254,346.23,8.0,467,956416,0.1666015625,1.170227080991026,-1.0060830775648355,-0.016985702513193247,0.0003,4660,0.02091544,0.027618542313575745,0.2,0.4347987174987793,,
224,4263,349.25,7.7,468,958464,0.15908203125,1.3991883161943406,-1.0456719549372793,-0.01508469307445921,0.0003,4670,0.017417703,0.08833985030651093,0.2,0.16939711570739746,,
,,,,,960000,0.18232421875,0.8391060654888861,-1.157469016686082,-0.015066465269774199,0.0003,4680,0.020936597,0.025529392063617706,0.2,0.6406437754631042,250.2,6.0
224,4276,345.53,7.0,469,960512,,,,,,,,,,,,
224,4286,359.38,7.7,470,962560,0.1818359375,1.0589113377267494,-0.9353832840919495,-0.01638136933615897,0.0003,4690,0.021606252,0.09251181781291962,0.2,0.32614654302597046,,
224,4295,366.09,8.1,471,964608,0.1521484375,1.1500065612839534,-1.0634492395445705,-0.015595236996887252,0.0003,4700,0.017479483,0.1008698120713234,0.2,0.43000632524490356,,
224,4304,348.99,6.5,472,966656,0.14873046875,1.4197592217940838,-0.9988720221444964,-0.01389696326223202,0.0003,4710,0.015245874,0.0775490254163742,0.2,0.28575795888900757,,
224,4314,346.58,6.9,473,968704,0.1287109375,1.8998527905438096,-1.0064827185124159,-0.012581742700422182,0.0003,4720,0.016679008,0.0879225879907608,0.2,0.1590651273727417,,
,,,,,970000,0.18134765625,1.6492429613834247,-1.1215477230027318,-0.015222327364608646,0.0003,4730,0.019184979,0.04551880061626434,0.2,0.5127166509628296,350.0,12.0
224,4329,352.95,7.6,474,970752,,,,,,,,,,,,
224,4338,356.76,7.8,475,972800,0.16845703125,2.4918243144638836,-1.1779811054468154,-0.014951503043994308,0.0003,4740,0.018831817,0.37740951776504517,0.2,0.19337904453277588,,
224,4347,362.99,8.8,476,974848,0.209130859375,1.7146678987890482,-1.1070229524746538,-0.022256372816627845,0.0003,4750,0.021869663,0.27377209067344666,0.2,0.09034204483032227,,
224,4357,358.83,8.3,477,976896,0.15224609375,1.325965239899233,-1.075426401756704,-0.014092343699303456,0.0003,4760,0.016910687,0.09237363934516907,0.2,0.4852609634399414,,
224,4366,353.73,7.2,478,978944,0.172216796875,1.345128805632703,-1.004314747080207,-0.022034033629461193,0.0003,4770,0.021465575,0.13129577040672302,0.2,0.4671744108200073,,
,,,,,980000,0.105810546875,2.4300396065227687,-0.9808613717556,-0.014162458720966243,0.0003,4780,0.011371216,0.09583685547113419,0.2,-0.4757012128829956,434.0,20.0
223,4382,355.25,7.4,479,980992,,,,,,,,,,,,
223,4390,359.28,7.4,480,983040,0.162451171875,1.430678491294384,-1.0256947606801987,-0.016652107115078252,0.0003,4790,0.024048153,0.5773798227310181,0.2,0.34230220317840576,,
223,4399,350.3,7.0,481,985088,0.16142578125,1.0233287030016072,-0.9098790982738137,-0.01399845330743119,0.0003,4800,0.018671341,0.0677843689918518,0.2,0.4995647668838501,,
223,4407,342.83,7.4,482,987136,0.18837890625,1.030195255111903,-1.0989946136251092,-0.015379037769162097,0.0003,4810,0.019927176,0.13007201254367828,0.2,0.43670618534088135,,
223,4416,339.82,7.1,483,989184,0.176220703125,1.7413926608860493,-1.2123397231101989,-0.014986759040039033,0.0003,4820,0.016748529,0.19148136675357819,0.2,0.14082926511764526,,
,,,,,990000,0.169677734375,1.392891637678258,-1.1376135800033809,-0.01571338489011396,0.0003,4830,0.020644566,0.032990626990795135,0.2,0.3589571714401245,222.6,-4.0
223,4428,339.83,7.1,484,991232,,,,,,,,,,,,
223,4437,341.41,7.7,485,993280,0.1486328125,1.7596758703701199,-1.1974890507757663,-0.010013098188210279,0.0003,4840,0.016882643,0.0643516555428505,0.2,0.1900196671485901,,
223,4445,348.49,8.6,486,995328,0.17080078125,2.0798140483908356,-1.0556010557338595,-0.01601399499049876,0.0003,4850,0.019168042,0.11214791983366013,0.2,0.012211978435516357,,
223,4454,334.71,7.8,487,997376,0.170849609375,2.208370010275394,-1.1736110977828502,-0.011336689299787395,0.0003,4860,0.015786864,0.39145612716674805,0.2,-0.007808566093444824,,
223,4462,335.76,7.6,488,999424,0.203076171875,1.1039613761706277,-1.0664293102920055,-0.01535110977711156,0.0003,4870,0.023989934,0.0727112889289856,0.2,0.4024595022201538,,
,,,,,1000000,0.1818359375,1.7007892093854025,-1.0561624586582183,-0.013956529714050703,0.0003,4880,0.019720405,0.13411131501197815,0.2,-0.0749807357788086,314.4,4.0
223,4475,333.26,7.1,489,1001472,,,,,,,,,,,,
223,4484,328.2,6.9,490,1003520,0.142041015625,1.234450116287917,-1.1464834216982127,-0.008306461977190338,0.0003,4890,0.012924084,0.07075823843479156,0.2,0.36566340923309326,,
223,4492,326.12,7.1,491,1005568,0.203662109375,1.583474204223603,-1.224025771394372,-0.018094707335694692,0.0003,4900,0.024946574,0.06004900485277176,0.2,0.5881373286247253,,
223,4502,315.29,5.9,492,1007616,0.134814453125,2.2424041945952924,-1.0831302043050528,-0.013553865178255364,0.0003,4910,0.020871047,0.05219387263059616,0.2,0.4891895055770874,,
223,4510,310.66,5.4,493,1009664,0.166259765625,2.0211519576609134,-1.1166586253792048,-0.011540692181733902,0.0003,4920,0.015940268,0.12349754571914673,0.2,0.03517341613769531,,
,,,,,1010000,0.160205078125,1.403566727391444,-1.0665182592347264,-0.011248160581453703,0.0003,4930,0.019690767,0.042851049453020096,0.2,0.1783127784729004,317.4,2.0
223,4525,308.32,5.2,494,1011712,,,,,,,,,,,,
223,4533,317.38,6.7,495,1013760,0.19345703125,1.2129694064613432,-1.1177834060043097,-0.014057241132832132,0.0003,4940,0.022993052,0.025671880692243576,0.2,0.33520472049713135,,
223,4542,317.7,6.9,496,1015808,0.131201171875,3.4389659515582025,-1.065536398999393,-0.012006670344271697,0.0003,4950,0.015840804,0.486173152923584,0.2,0.10179340839385986,,
223,4550,313.32,6.8,497,1017856,0.17841796875,1.3512657581362872,-1.0934473890811205,-0.01833479793567676,0.0003,4960,0.018397229,0.07631806284189224,0.2,0.4440860152244568,,
223,4559,308.81,6.3,498,1019904,0.184326171875,1.9168286216445267,-1.1371953904628753,-0.01517078635370126,0.0003,4970,0.019568304,0.19609799981117249,0.2,0.48690640926361084,,
,,,,,1020000,0.203125,1.8744215867482126,-1.1596759214997292,-0.014970127961714753,0.0003,4980,0.02255709,0.06791941076517105,0.2,0.17719221115112305,261.2,-4.0
223,4572,310.62,6.2,499,1021952,,,,,,,,,,,,
223,4581,299.21,5.1,500,1024000,0.169287109375,2.0484762598294766,-1.192490127310157,-0.015371284293360076,0.0003,4990,0.014722389,0.7618134021759033,0.2,0.03289294242858887,,
223,4590,298.37,5.1,501,1026048,0.16337890625,2.145858343876898,-1.2242495115846395,-0.014584884711075575,0.0003,5000,0.0251926,0.17029701173305511,0.2,-0.05089139938354492,,
223,4600,295.09,4.9,502,1028096,0.1572265625,1.8831620312295854,-1.097670416161418,-0.012782033387338743,0.0003,5010,0.015835922,0.3480140268802643,0.2,0.2703758478164673,,
,,,,,1030000,0.212158203125,1.8769870367832482,-1.1688797201961278,-0.01994795701757539,0.0003,5020,0.022828272,0.08686992526054382,0.2,0.1722555160522461,386.0,14.0
223,4615,292.71,4.8,503,1030144,,,,,,,,,,,,
223,4624,283.78,3.6,504,1032192,0.18056640625,2.1088288363069294,-1.1218554366379976,-0.013175872876308859,0.0003,5030,0.018141396,0.1824016273021698,0.2,0.0612025260925293,,
223,4633,292.47,4.1,505,1034240,0.203662109375,1.3314407121855765,-1.2232133150100708,-0.01380058071226813,0.0003,5040,0.026082078,0.16400761902332306,0.2,0.39997392892837524,,
223,4641,285.3,3.1,506,1036288,0.21318359375,1.461539244861342,-1.2135298803448678,-0.012464039985206909,0.0003,5050,0.019114658,0.08140816539525986,0.2,0.3464142680168152,,
223,4651,291.85,3.8,507,1038336,0.171142578125,1.517325212713331,-1.0768189450725913,-0.016458234458696097,0.0003,5060,0.020269934,0.11175747960805893,0.2,0.1773700714111328,,
,,,,,1040000,0.170947265625,2.380601662537083,-1.1331193082034587,-0.014882834945456124,0.0003,5070,0.016688254,0.06668724119663239,0.2,0.08382934331893921,202.4,-6.0
223,4662,288.91,3.7,508,1040384,,,,,,,,,,,,
223,4671,273.66,1.9,509,1042432,0.158740234375,2.217736255703494,-1.0661988511681557,-0.014557271802914329,0.0003,5080,0.021998217,1.7121756076812744,0.2,0.40566790103912354,,
223,4680,267.75,0.8,510,1044480,0.179296875,1.3516969879390672,-1.039773278310895,-0.015702891038381496,0.0003,5090,0.02301756,0.38563597202301025,0.2,0.15860742330551147,,
223,4689,272.56,1.8,511,1046528,0.207666015625,0.8550584265496581,-1.1530615970492364,-0.017462203699687963,0.0003,5100,0.021351218,0.04972071573138237,0.2,0.5963373184204102,,
223,4697,269.43,1.9,512,1048576,0.121044921875,2.9889989238232375,-1.0230820208787919,-0.014129232184495777,0.0003,5110,0.013528254,0.8877108097076416,0.2,-0.12341618537902832,,
,,,,,1050000,0.16474609375,1.6655914807226508,-1.037120209634304,-0.015168278738565277,0.0003,5120,0.031652585,0.08137357234954834,0.2,0.25028491020202637,479.6,22.0
222,4715,267.41,1.5,513,1050624,,,,,,,,,,,,
222,4724,264.84,1.3,514,1052672,0.197509765625,2.0480495213065297,-1.1108200166374445,-0.014940016208856832,0.0003,5130,0.021111801,0.12413841485977173,0.2,-0.1460585594177246,,
222,4732,266.87,1.0,515,1054720,0.16865234375,1.3418543913634493,-1.1802663084119558,-0.014431595028145238,0.0003,5140,0.01911889,0.09370812773704529,0.2,0.35846763849258423,,
222,4741,264.9,0.5,516,1056768,0.166748046875,1.5188577778171748,-1.093153909407556,-0.013065132056362927,0.0003,5150,0.022849105,0.041220180690288544,0.2,0.28663569688796997,,
222,4749,262.66,-0.2,517,1058816,0.223583984375,1.467308694240637,-1.1180458191782237,-0.020694933613413014,0.0003,5160,0.019997187,0.10298028588294983,0.2,0.27013397216796875,,
,,,,,1060000,0.1744140625,0.9530986373429187,-1.056618494912982,-0.01391404494352173,0.0003,5170,0.016732166,0.022584713995456696,0.2,0.29617226123809814,266.8,0.0
222,4762,259.16,0.2,518,1060864,,,,,,,,,,,,
222,4772,265.86,0.9,519,1062912,0.172802734375,2.496994419861585,-1.2740103609859943,-0.014468145769205876,0.0003,5180,0.016672557,0.3674244284629822,0.2,0.0019153952598571777,,
222,4781,264.05,0.7,520,1064960,0.185546875,1.2822991457069293,-1.1245665030553937,-0.016570658641285263,0.0003,5190,0.02391946,0.023280158638954163,0.2,0.32207024097442627,,
222,4789,264.55,1.3,521,1067008,0.216357421875,1.4306017448427155,-1.164067860133946,-0.018828357207530642,0.0003,5200,0.021719117,0.07582047581672668,0.2,0.4142707586288452,,
222,4799,270.36,1.6,522,1069056,0.14580078125,3.4695797390304506,-1.0814794346690177,-0.013060326021513902,0.0003,5210,0.013800949,0.49632561206817627,0.2,-0.28977537155151367,,
,,,,,1070000,0.15908203125,1.6349207104183734,-1.0401759065687657,-0.010750229874975047,0.0003,5220,0.020050175,0.01307748258113861,0.2,0.07556295394897461,248.0,-4.0
222,4812,277.96,2.8,523,1071104,,,,,,,,,,,,
222,4820,269.85,1.7,524,1073152,0.171142578125,1.326246707700193,-1.1006678504869343,-0.009985128088737838,0.0003,5230,0.020470306,0.025970757007598877,0.2,0.4888981580734253,,
222,4830,284.02,2.9,525,1075200,0.16162109375,2.2533999778330327,-1.0240234781056643,-0.013116001180605963,0.0003,5240,0.017993353,0.10301566123962402,0.2,0.2936750054359436,,
222,4839,285.55,3.4,526,1077248,0.188623046875,1.8686456815106793,-1.0918509347364307,-0.01617659157200251,0.0003,5250,0.021434877,0.08460953831672668,0.2,0.2211928367614746,,
222,4847,284.48,3.6,527,1079296,0.17431640625,1.645246290997602,-1.0658078594133258,-0.01652662534324918,0.0003,5260,0.019371917,0.08748254925012589,0.2,-0.03379833698272705,,
,,,,,1080000,0.1373046875,2.3870176865719257,-1.141490800306201,-0.012978799658594654,0.0003,5270,0.012989143,0.16258826851844788,0.2,0.23956239223480225,555.2,34.0
222,4865,286.11,4.1,528,1081344,,,,,,,,,,,,
222,4875,289.4,4.9,529,1083392,0.1943359375,1.376051615027245,-1.1172007352113724,-0.017884352699911687,0.0003,5280,0.027435128,0.015048634260892868,0.2,0.35357528924942017,,
222,4884,297.94,5.8,530,1085440,0.19912109375,2.289529070397839,-1.0474140848964453,-0.02023442158533726,0.0003,5290,0.019958347,0.13049910962581635,0.2,0.22600483894348145,,
222,4892,302.01,6.7,531,1087488,0.19111328125,1.6652944459579886,-1.1360417891293764,-0.014866376129793935,0.0003,5300,0.018278047,0.0967249870300293,0.2,0.019732773303985596,,
222,4901,301.34,7.1,532,1089536,0.159130859375,1.6231546980096028,-1.0491638544946909,-0.01189178602216998,0.0003,5310,0.015439013,0.04670082777738571,0.2,0.33774828910827637,,
,,,,,1090000,0.1623046875,1.1211820630822331,-1.0105679754167796,-0.018829317289055326,0.0003,5320,0.020198341,0.013933699578046799,0.2,0.38566404581069946,141.0,-8.0
222,4911,303.45,6.7,533,1091584,,,,,,,,,,,,
222,4919,295.36,6.0,534,1093632,0.171484375,2.2729944796068593,-1.05901781860739,-0.018240057345246898,0.0003,5330,0.019519642,1.1705976724624634,0.2,-0.015312790870666504,,
222,4927,300.37,6.5,535,1095680,0.2087890625,1.4895554622169584,-1.1462021596729755,-0.015318103149184026,0.0003,5340,0.026696585,0.09785187244415283,0.2,0.13404464721679688,,
222,4936,307.15,6.8,536,1097728,0.17578125,2.3821336618624627,-1.1804561000317335,-0.017377811839105563,0.0003,5350,0.019201627,0.26657408475875854,0.2,0.08312821388244629,,
222,4944,310.72,7.2,537,1099776,0.162109375,2.003015907667577,-1.1267758956179024,-0.01067101355001796,0.0003,5360,0.017894443,0.07518184930086136,0.2,0.21133536100387573,,
,,,,,1100000,0.188720703125,1.6276768478332087,-1.1038197964429854,-0.01596710904559586,0.0003,5370,0.020098772,0.1968967765569687,0.2,0.30256229639053345,257.6,4.0
222,4957,305.68,6.3,538,1101824,,,,,,,,,,,,
222,4965,313.42,7.0,539,1103872,0.205712890625,1.3721885524690152,-1.0817771824076772,-0.020046221659868024,0.0003,5380,0.02328036,0.018075041472911835,0.2,0.33458948135375977,,
222,4974,311.99,6.3,540,1105920,0.199658203125,1.6216482958057896,-1.071910098940134,-0.01830645042064134,0.0003,5390,0.02052795,0.08684557676315308,0.2,-0.10450947284698486,,
222,4983,312.88,6.5,541,1107968,0.19951171875,0.8600424845702946,-1.0605189591646194,-0.018476163290324622,0.0003,5400,0.022192964,0.09961086511611938,0.2,0.4359501600265503,,
,,,,,1110000,0.1759765625,1.4475723389303312,-1.0498855335637927,-0.020246629216126168,0.0003,5410,0.020772748,-0.0016939230263233185,0.2,0.25312864780426025,366.4,10.0
222,4997,315.44,6.9,542,1110016,,,,,,,,,,,,
222,5006,313.79,6.7,543,1112064,0.1986328125,1.5090845624450595,-1.1657398726791144,-0.020054081265698187,0.0003,5420,0.020282302,0.0835697129368782,0.2,0.394167959690094,,
222,5014,319.16,6.8,544,1114112,0.15908203125,2.344148446526378,-1.1311941787600517,-0.013894036735291593,0.0003,5430,0.020837728,0.29148751497268677,0.2,0.0014522075653076172,,
222,5022,310.68,6.6,545,1116160,0.18408203125,1.2053572033066302,-1.1166286952793598,-0.015885344982962124,0.0003,5440,0.024774589,0.013137780129909515,0.2,0.14303022623062134,,
222,5030,313.11,6.7,546,1118208,0.171875,1.6051078455522656,-1.1241160318255425,-0.016331507507129573,0.0003,5450,0.017922653,0.05235356092453003,0.2,0.40786266326904297,,
,,,,,1120000,0.140771484375,1.7804153311066329,-1.1577077239751816,-0.01533844807127025,0.0003,5460,0.016466415,0.040717095136642456,0.2,0.4494478106498718,179.8,-6.0
222,5041,315.4,6.8,547,1120256,,,,,,,,,,,,
222,5050,318.25,7.1,548,1122304,0.167822265625,2.76181287416257,-1.1235857173800468,-0.012583699671085923,0.0003,5470,0.016782407,0.20074410736560822,0.2,0.20124435424804688,,
222,5057,323.23,7.5,549,1124352,0.229150390625,1.5543849010253326,-1.2967787504196167,-0.02184825801232364,0.0003,5480,0.030695837,0.09409923106431961,0.2,0.49147480726242065,,
222,5065,335.98,9.4,550,1126400,0.17470703125,2.1211612223647536,-1.2956371203064918,-0.0107543206657283,0.0003,5490,0.017216645,1.1571985483169556,0.2,0.127829909324646,,
222,5074,328.97,8.6,551,1128448,0.15537109375,1.6974544543307275,-1.173213032633066,-0.016644875399651936,0.0003,5500,0.018352287,0.1819339245557785,0.2,0.21748870611190796,,
,,,,,1130000,0.20390625,1.5528433095663785,-1.1864523891359569,-0.020132395907421597,0.0003,5510,0.023675375,0.1459772288799286,0.2,0.3227975368499756,185.2,-4.0
222,5085,322.77,8.1,552,1130496,,,,,,,,,,,,
222,5093,320.01,7.9,553,1132544,0.183984375,2.108771570562385,-1.1131509440019727,-0.01885942622902803,0.0003,5520,0.02264567,0.0873292088508606,0.2,0.009924471378326416,,
222,5102,327.25,8.8,554,1134592,0.1923828125,1.8941911104600877,-1.1306482963263988,-0.015213564192526974,0.0003,5530,0.020982012,0.07289654016494751,0.2,0.17629224061965942,,
222,5110,330.83,9.3,555,1136640,0.17783203125,2.1411010772222654,-1.139272892475128,-0.019346983300056308,0.0003,5540,0.018123876,0.03254598379135132,0.2,-0.06454610824584961,,
222,5118,323.86,9.2,556,1138688,0.14169921875,1.6702353270258754,-1.2342949729412793,-0.012064327471307479,0.0003,5550,0.013620528,0.08039600402116776,0.2,0.2316298484802246,,
,,,,,1140000,0.1814453125,1.2805569761199878,-1.169721917435527,-0.014410508851869962,0.0003,5560,0.021285601,0.28548866510391235,0.2,0.38212817907333374,202.0,0.0
222,5129,328.81,9.6,557,1140736,,,,,,,,,,,,
222,5137,327.5,9.1,558,1142784,0.1802734375,1.7919684257823973,-1.181990496814251,-0.017074500929447824,0.0003,5570,0.018565428,0.443972647190094,0.2,0.21051692962646484,,
222,5144,334.79,10.0,559,1144832,0.20927734375,1.3140447545098142,-1.106280018389225,-0.017136693706561346,0.0003,5580,0.021983927,0.06069398671388626,0.2,0.4676055908203125,,
222,5153,333.77,9.9,560,1146880,0.153125,1.705453943228349,-1.1714463226497174,-0.01793197055521887,0.0003,5590,0.015697494,-0.0011145994067192078,0.2,0.24992650747299194,,
222,5162,336.54,10.0,561,1148928,0.19755859375,1.0115285991458223,-1.1614224426448345,-0.019821416490594858,0.0003,5600,0.021098306,0.02890833094716072,0.2,0.3800475597381592,,
,,,,,1150000,0.1427734375,2.378739552758634,-1.1082432275637983,-0.018995592900319026,0.0003,5610,0.017495885,0.29508477449417114,0.2,0.22002077102661133,261.4,-8.0
222,5174,324.56,8.5,562,1150976,,,,,,,,,,,,
222,5183,326.67,8.7,563,1153024,0.224658203125,1.3094574930146337,-1.1921595688909292,-0.02220345064124558,0.0003,5620,0.025634628,0.027840841561555862,0.2,0.28710436820983887,,
222,5192,321.49,8.3,564,1155072,0.184375,1.4698979708831756,-1.230069263279438,-0.012749428267125041,0.0003,5630,0.0159389,0.08837120980024338,0.2,0.2216867208480835,,
222,5200,325.34,8.8,565,1157120,0.181689453125,1.5764062564820052,-1.2033820621669293,-0.018129760869487654,0.0003,5640,0.018786933,0.02921365201473236,0.2,0.3771708011627197,,
222,5208,321.48,7.8,566,1159168,0.1716796875,1.6521769223734737,-1.2113304760307073,-0.014057865654467604,0.0003,5650,0.019655798,0.10921020805835724,0.2,0.6280150413513184,,
,,,,,1160000,0.18984375,1.4635446870932356,-1.001208433136344,-0.014581536874175072,0.0003,5660,0.024587687,0.0826551765203476,0.2,0.439458966255188,243.8,-2.0
222,5220,329.18,8.5,567,1161216,,,,,,,,,,,,
222,5228,332.95,8.6,568,1163264,0.1580078125,1.1958515720441938,-0.9859075002372265,-0.01776806766865775,0.0003,5670,0.017592963,0.04755576699972153,0.2,0.4224790930747986,,
222,5235,333.73,8.6,569,1165312,0.1525390625,2.9076176616363227,-1.1709479030221701,-0.01276757031737361,0.0003,5680,0.017446924,0.25522205233573914,0.2,0.22364085912704468,,
222,5243,331.55,8.2,570,1167360,0.137353515625,2.7370986132416872,-1.125594037771225,-0.013955244704266078,0.0003,5690,0.021733427,0.5205214023590088,0.2,0.30696219205856323,,
222,5252,322.55,7.0,571,1169408,0.159912109375,1.3279844886623322,-1.1208469266071917,-0.017183193458185995,0.0003,5700,0.015965484,0.07209809124469757,0.2,0.37787044048309326,,
,,,,,1170000,0.195458984375,2.0288596667349337,-1.238053571432829,-0.01579174330981914,0.0003,5710,0.02070577,0.15694257616996765,0.2,0.5776861906051636,218.4,-2.0
222,5263,322.97,6.5,572,1171456,,,,,,,,,,,,
222,5271,325.74,6.6,573,1173504,0.180224609375,1.112787499348633,-1.133877531066537,-0.02055980309378356,0.0003,5720,0.025236517,0.03937043249607086,0.2,0.590965747833252,,
222,5279,318.3,5.9,574,1175552,0.143701171875,1.78741994057782,-1.1169421046972274,-0.016513904249586632,0.0003,5730,0.02081813,0.16029202938079834,0.2,0.07099652290344238,,
222,5287,324.05,6.0,575,1177600,0.1826171875,1.5334180229343475,-1.1923137351870536,-0.0182140379678458,0.0003,5740,0.023055851,0.060486167669296265,0.2,0.3343442678451538,,
222,5295,327.7,6.3,576,1179648,0.1595703125,2.5435339889489113,-1.1628750815987587,-0.016654208571708295,0.0003,5750,0.02333355,0.18131044507026672,0.2,-0.24817180633544922,,
,,,,,1180000,0.125537109375,2.062774976668879,-1.2042812544852495,-0.01697423887962941,0.0003,5760,0.014543241,0.13163241744041443,0.2,0.3178277611732483,351.6,10.0
222,5308,321.47,5.6,577,1181696,,,,,,,,,,,,
222,5316,319.61,5.7,578,1183744,0.169140625,2.4746193937957286,-1.1915786951780318,-0.018709692801348866,0.0003,5770,0.020136112,0.054854102432727814,0.2,0.3475266695022583,,
222,5324,311.17,4.6,579,1185792,0.149755859375,1.5820755027700215,-1.1955869402736425,-0.014326410964713432,0.0003,5780,0.015130642,0.21024483442306519,0.2,0.4157562255859375,,
222,5332,315.0,5.2,580,1187840,0.162548828125,1.719542138883844,-1.1290672935545445,-0.01133415428630542,0.0003,5790,0.02250616,0.2681390345096588,0.2,0.4236624240875244,,
222,5340,311.06,4.8,581,1189888,0.187548828125,2.5423363836947828,-1.2958347860723733,-0.014868459550780245,0.0003,5800,0.02226298,0.14721998572349548,0.2,0.1691451072692871,,
,,,,,1190000,0.1978515625,2.222207595035434,-1.2663266353309155,-0.01718270377314184,0.0003,5810,0.017917767,0.15004493296146393,0.2,0.20183151960372925,246.0,-8.0
222,5352,310.5,4.8,582,1191936,,,,,,,,,,,,
222,5360,306.2,4.5,583,1193984,0.160986328125,2.410511930845678,-1.2511406932026148,-0.014625596832775044,0.0003,5820,0.017278519,0.3334808945655823,0.2,0.4034802317619324,,
222,5368,312.36,5.3,584,1196032,0.18408203125,1.731223745434545,-1.2953485175967216,-0.014981358198565432,0.0003,5830,0.019002356,0.14420431852340698,0.2,0.38755714893341064,,
222,5376,314.68,5.7,585,1198080,0.176025390625,1.888789360690862,-1.2146001521497964,-0.015649912619846874,0.0003,5840,0.019187871,0.16543155908584595,0.2,0.3864481449127197,,
,,,,,1200000,0.178564453125,1.4803056024480612,-1.2180942848324776,-0.019090229854919018,0.0003,5850,0.019359153,0.06617496907711029,0.2,0.41910648345947266,245.2,0.0
222,5388,315.62,6.1,586,1200128,,,,,,,,,,,,
222,5396,314.81,5.9,587,1202176,0.2111328125,1.6084651430137455,-1.247408240661025,-0.018419691268354653,0.0003,5860,0.021297313,1.327237606048584,0.2,0.36236679553985596,,
222,5405,307.31,5.5,588,1204224,0.1501953125,3.0827815203927456,-1.2747231423854828,-0.010800960985943676,0.0003,5870,0.013922131,1.2657135725021362,0.2,0.3019181489944458,,
222,5413,318.03,6.7,589,1206272,0.183251953125,1.4064653881592677,-1.0734024280682206,-0.022321571488282642,0.0003,5880,0.018636737,0.24473780393600464,0.2,0.2462642788887024,,
222,5421,319.84,6.7,590,1208320,0.1873046875,1.9385981897357851,-1.138689047843218,-0.01991138186713215,0.0003,5890,0.018383428,0.043688587844371796,0.2,0.2341061234474182,,
,,,,,1210000,0.176953125,2.061942053819075,-1.19687638618052,-0.015523538295383332,0.0003,5900,0.017476404,0.3600924015045166,0.2,0.2960575819015503,305.4,2.0
222,5433,323.78,6.7,591,1210368,,,,,,,,,,,,
222,5442,320.72,6.9,592,1212416,0.219189453125,1.520316225127317,-1.198789555579424,-0.023407807198236697,0.0003,5910,0.02035738,0.04744315147399902,0.2,0.24585431814193726,,
222,5449,324.07,7.5,593,1214464,0.180908203125,2.132175864465535,-1.1344550475478172,-0.020687337827985174,0.0003,5920,0.019709516,0.14169356226921082,0.2,0.3035507798194885,,
222,5457,327.81,7.8,594,1216512,0.187255859375,1.7194373428355902,-1.1975981313735247,-0.019233724419609643,0.0003,5930,0.022689914,0.12616270780563354,0.2,0.34715980291366577,,
222,5465,333.39,8.4,595,1218560,0.152001953125,3.0599775517359378,-1.1005753006786108,-0.01660156511934474,0.0003,5940,0.015540535,0.27083316445350647,0.2,0.32796889543533325,,
,,,,,1220000,0.142919921875,1.6448640211019665,-1.0681355388835072,-0.018247671652352436,0.0003,5950,0.01668282,0.08397657424211502,0.2,0.35560572147369385,243.2,-6.0
222,5476,326.09,7.5,596,1220608,,,,,,,,,,,,
222,5484,325.76,7.3,597,1222656,0.199853515625,1.6490201959852129,-1.0881763430312277,-0.021774600047501737,0.0003,5960,0.021991745,0.09387554228305817,0.2,0.34964966773986816,,
222,5492,326.59,7.4,598,1224704,0.178857421875,1.8028704802272841,-1.135226897522807,-0.019894180828123352,0.0003,5970,0.020067874,0.0306566059589386,0.2,0.40821874141693115,,
223,5500,330.62,7.9,599,1226752,0.16396484375,2.332939108926803,-1.1207862935960293,-0.016446735282079315,0.0003,5980,0.017789248,0.1791989505290985,0.2,0.11619752645492554,,
223,5508,328.62,7.6,600,1228800,0.208544921875,1.1583107633749024,-1.1930091679096222,-0.02094050191808492,0.0003,5990,0.027639039,0.03573434054851532,0.2,0.5515427589416504,,
,,,,,1230000,0.1955078125,1.2907997545553371,-1.119939249008894,-0.020864396850811318,0.0003,6000,0.019195154,0.0610835924744606,0.2,0.41548001766204834,201.4,-8.0
223,5518,319.03,6.7,601,1230848,,,,,,,,,,,,
223,5526,324.18,7.1,602,1232896,0.177197265625,3.515408751554787,-1.1223680932074784,-0.01679038705478888,0.0003,6010,0.016998751,0.2011621743440628,0.2,-0.13351690769195557,,
223,5533,319.56,6.5,603,1234944,0.156640625,1.9397982185240834,-1.0853850524872541,-0.015532759451889432,0.0003,6020,0.016582165,0.11603724211454391,0.2,-0.09128701686859131,,
223,5541,319.59,5.9,604,1236992,0.18720703125,1.90467273700051,-1.2455289594829082,-0.016029393722419627,0.0003,6030,0.020464864,0.4977375268936157,0.2,0.16933327913284302,,
223,5549,321.64,6.5,605,1239040,0.137890625,2.2638801173772665,-1.0717029385268688,-0.01467373216582928,0.0003,6040,0.019187465,0.6297439336776733,0.2,0.472694993019104,,
,,,,,1240000,0.154931640625,1.5353451337199657,-1.0650075145065785,-0.011990445654373617,0.0003,6050,0.015860062,0.18699844181537628,0.2,0.3605896830558777,213.6,-6.0
223,5560,324.82,6.9,606,1241088,,,,,,,,,,,,
223,5568,321.15,7.4,607,1243136,0.16884765625,2.149739164719358,-1.0358073990792036,-0.019961133404285646,0.0003,6060,0.018688984,0.306709349155426,0.2,0.2058722972869873,,
223,5576,316.84,6.7,608,1245184,0.165576171875,1.5155730141326784,-0.9643257457762957,-0.020772365771699698,0.0003,6070,0.01969382,0.7520290613174438,0.2,0.4635542631149292,,
223,5583,319.58,6.6,609,1247232,0.21005859375,1.2817975437268614,-1.138387669622898,-0.014786571930744685,0.0003,6080,0.0233356,0.009632185101509094,0.2,0.2806372046470642,,
223,5591,326.35,7.3,610,1249280,0.096044921875,4.7516800805926325,-1.0326111389324069,-0.009544758652918973,0.0003,6090,0.012828387,1.13809072971344,0.2,-0.2574561834335327,,
,,,,,1250000,0.20869140625,1.4386240876745433,-1.1913478571921587,-0.020318453351501377,0.0003,6100,0.023033148,0.10031388700008392,0.2,0.3903160095214844,314.4,14.0
223,5603,326.08,7.2,611,1251328,,,,,,,,,,,,
223,5611,324.5,7.2,612,1253376,0.18232421875,1.5861099169123918,-1.087461850605905,-0.01975605685147457,0.0003,6110,0.020316469,0.14246928691864014,0.2,0.40673601627349854,,
223,5619,330.7,7.7,613,1255424,0.176123046875,1.7332448416855186,-1.0674511425197124,-0.016420934790221508,0.0003,6120,0.022269849,0.12899988889694214,0.2,0.07366561889648438,,
223,5628,342.14,8.6,614,1257472,0.172314453125,2.5820970214903354,-1.1301837520673872,-0.01635662809421774,0.0003,6130,0.020170946,0.3434330224990845,0.2,0.2001160979270935,,
223,5637,341.21,8.1,615,1259520,0.175390625,1.2218962262617423,-1.0768537431955338,-0.017766096242121422,0.0003,6140,0.021045484,0.1428515613079071,0.2,0.4429923892021179,,
,,,,,1260000,0.1642578125,1.4252583803143353,-1.0669532127678394,-0.0163042707456043,0.0003,6150,0.021842398,0.11382243037223816,0.2,0.44799792766571045,396.2,10.0
223,5650,336.3,8.0,616,1261568,,,,,,,,,,,,
223,5658,342.51,8.0,617,1263616,0.14482421875,1.8282195093110203,-1.0383173916488886,-0.016342229102156124,0.0003,6160,0.019304194,0.09744566679000854,0.2,0.5435003042221069,,
223,5666,336.16,7.2,618,1265664,0.210009765625,1.8534124427707865,-1.106384711712599,-0.02538778741727583,0.0003,6170,0.025199788,0.133388489484787,0.2,0.2840465307235718,,
223,5674,338.68,7.4,619,1267712,0.216796875,1.4746633924776689,-1.2090256206691266,-0.023923621847643517,0.0003,6180,0.021846075,0.0021819882094860077,0.2,0.029245734214782715,,
223,5682,345.35,8.3,620,1269760,0.203564453125,1.2763581847539172,-1.1281648537144064,-0.024043274676660075,0.0003,6190,0.024688609,0.015606150031089783,0.2,0.46399325132369995,,
,,,,,1270000,0.1748046875,1.1797265692614018,-1.1224032575264573,-0.018601945048430935,0.0003,6200,0.020208841,0.035689011216163635,0.2,0.2802443504333496,241.4,-6.0
223,5693,335.65,7.8,621,1271808,,,,,,,,,,,,
223,5701,336.13,7.6,622,1273856,0.1791015625,1.3151179105974733,-1.150862703472376,-0.01969807512796251,0.0003,6210,0.019581608,0.12555146217346191,0.2,0.40721380710601807,,
223,5709,332.85,6.6,623,1275904,0.15869140625,2.0460497355554255,-1.0477309806272388,-0.017901956362766213,0.0003,6220,0.018868774,0.2454100251197815,0.2,0.16667324304580688,,
223,5716,337.14,6.9,624,1277952,0.152587890625,2.724212758615613,-1.1795612037181855,-0.015567166081746108,0.0003,6230,0.01581262,0.46409904956817627,0.2,0.06482911109924316,,
,,,,,1280000,0.16591796875,1.8218462207587436,-1.1154949543997645,-0.018765274435281754,0.0003,6240,0.016859833,0.045066624879837036,0.2,0.2579164505004883,311.4,2.0
223,5728,328.89,6.5,625,1280000,,,,,,,,,,,,
223,5737,332.47,6.8,626,1282048,0.181494140625,2.0587112955749034,-1.0834781292825937,-0.019659390617744067,0.0003,6250,0.022178272,0.41514238715171814,0.2,0.4940657615661621,,
223,5745,326.91,6.2,627,1284096,0.189013671875,1.8599710575770587,-1.144118995219469,-0.021612857675063425,0.0003,6260,0.021193594,0.019961275160312653,0.2,0.47871315479278564,,
223,5752,333.3,6.8,628,1286144,0.14755859375,2.2285820800345393,-1.03611717838794,-0.015004817146109416,0.0003,6270,0.017278254,0.17704622447490692,0.2,0.2673012614250183,,
223,5761,346.74,7.6,629,1288192,0.2228515625,1.7237430817214772,-1.1960085187107325,-0.02208568672213005,0.0003,6280,0.027163373,0.05720946937799454,0.2,0.2929898500442505,,
,,,,,1290000,0.173486328125,1.7799262425396591,-1.1454713996499777,-0.019423177975113504,0.0003,6290,0.021348082,0.05244786664843559,0.2,0.16385787725448608,278.8,-4.0
223,5773,343.74,7.6,630,1290240,,,,,,,,,,,,
223,5780,345.16,7.9,631,1292288,0.1931640625,1.4430449201958253,-1.2542715702205895,-0.01931068124831654,0.0003,6300,0.020689424,0.042851828038692474,0.2,0.5732130408287048,,
223,5788,339.27,7.0,632,1294336,0.164892578125,3.1909227561205626,-1.1924050997942686,-0.019001434158417395,0.0003,6310,0.02095665,0.09098345041275024,0.2,-0.07734954357147217,,
223,5796,345.28,7.7,633,1296384,0.1466796875,3.44002870968543,-1.2147514030337334,-0.014932274675811642,0.0003,6320,0.015122308,0.47329241037368774,0.2,0.1901600956916809,,
223,5804,352.47,8.4,634,1298432,0.130029296875,4.172805427387357,-0.9541814940050244,-0.015910813826485536,0.0003,6330,0.016400732,0.1751096546649933,0.2,0.10338491201400757,,
,,,,,1300000,0.179638671875,3.122706724749878,-1.0207357292994856,-0.019222033632104285,0.0003,6340,0.015932102,0.2994092106819153,0.2,0.21564894914627075,309.6,2.0
223,5816,355.36,8.7,635,1300480,,,,,,,,,,,,
223,5823,354.64,8.5,636,1302528,0.1537109375,2.8847313291858883,-0.9948711950331927,-0.01564652565284632,0.0003,6350,0.015303165,0.4934799075126648,0.2,0.2088921070098877,,
223,5831,351.17,8.2,637,1304576,0.214599609375,2.3713921517599372,-1.0701393367722631,-0.019206426717573777,0.0003,6360,0.02753149,0.4744623899459839,0.2,-0.0832972526550293,,
223,5839,353.51,8.2,638,1306624,0.153076171875,2.726281315879896,-1.0851245492696762,-0.014203599673055577,0.0003,6370,0.01675349,0.4628714919090271,0.2,0.25732511281967163,,
223,5847,349.33,7.9,639,1308672,0.2,2.5241554945707323,-1.0548881359398365,-0.01969716856838204,0.0003,6380,0.020342536,0.19908849895000458,0.2,0.14323139190673828,,
,,,,,1310000,0.177099609375,2.0663169271778314,-1.1317890010774136,-0.020100563036976382,0.0003,6390,0.018087428,0.06322401762008667,0.2,-0.0008283853530883789,400.8,24.0
223,5860,346.93,7.7,640,1310720,,,,,,,,,,,,
223,5868,351.46,8.0,641,1312768,0.175146484375,2.519124826230109,-1.156830214522779,-0.01984295126167126,0.0003,6400,0.019719884,0.19050422310829163,0.2,-0.009720921516418457,,
223,5875,361.13,8.5,642,1314816,0.201904296875,1.6748225797433407,-1.1886779773980378,-0.020176545160938985,0.0003,6410,0.022507463,0.0685119703412056,0.2,0.13778537511825562,,
223,5884,356.52,8.1,643,1316864,0.20166015625,1.7484439390012994,-1.2155290789902211,-0.019739297323394567,0.0003,6420,0.024510587,0.5167561173439026,0.2,0.10485875606536865,,
223,5892,361.21,8.7,644,1318912,0.211328125,1.3105130595155061,-1.193329044803977,-0.021065822761738674,0.0003,6430,0.020420764,0.11533068120479584,0.2,0.37881165742874146,,
,,,,,1320000,0.146630859375,3.2745113100856544,-1.1120062228292227,-0.016126985671871808,0.0003,6440,0.012921354,1.1359808444976807,0.2,0.20983284711837769,367.0,10.0
223,5905,366.59,9.4,645,1320960,,,,,,,,,,,,
223,5913,358.94,8.8,646,1323008,0.189892578125,2.0792408071924,-1.1830025780946016,-0.018987667025066914,0.0003,6450,0.022711735,0.11776082217693329,0.2,0.22547292709350586,,
223,5921,356.7,8.1,647,1325056,0.195751953125,2.400009076250717,-1.1877169609069824,-0.020573796701501123,0.0003,6460,0.020854961,0.24070633947849274,0.2,0.23904162645339966,,
223,5928,362.45,8.9,648,1327104,0.169384765625,2.454864860838279,-1.129783181846142,-0.015515437358408235,0.0003,6470,0.018118251,0.213354229927063,0.2,-0.03830122947692871,,
223,5936,354.05,8.2,649,1329152,0.180322265625,1.218197436654009,-1.131026271916926,-0.020099694846430795,0.0003,6480,0.020023631,0.10834316909313202,0.2,0.5254493355751038,,
,,,,,1330000,0.168505859375,1.8553519933950156,-1.185166209936142,-0.015558336344838608,0.0003,6490,0.017524272,0.0970524400472641,0.2,0.29844534397125244,315.8,2.0
223,5947,344.51,7.5,650,1331200,,,,,,,,,,,,
223,5955,348.26,8.4,651,1333248,0.1806640625,2.115451463777572,-1.220376632735133,-0.02084492005233187,0.0003,6500,0.021575203,0.2244192361831665,0.2,0.35595840215682983,,
223,5963,340.34,7.6,652,1335296,0.1744140625,2.458291698480025,-1.2050126940011978,-0.018710913977702148,0.0003,6510,0.017669853,0.46897345781326294,0.2,0.3112850785255432,,
223,5971,345.73,9.0,653,1337344,0.153173828125,3.642890077456832,-1.1441179322078825,-0.017980652532423848,0.0003,6520,0.016053017,1.1673808097839355,0.2,0.16372865438461304,,
224,5978,337.9,8.0,654,1339392,0.169921875,2.157271449174732,-1.0991472667083144,-0.019359111876110547,0.0003,6530,0.017421925,1.2442799806594849,0.2,0.32694822549819946,,
,,,,,1340000,0.1681640625,3.182183902710676,-1.2305703431367874,-0.0205909993921523,0.0003,6540,0.019900862,2.3997082710266113,0.2,0.1413213014602661,320.0,16.0
223,5991,349.59,9.5,655,1341440,,,,,,,,,,,,
223,6000,351.87,9.7,656,1343488,0.17451171875,3.3940246320329606,-1.0749250860884785,-0.021391340848640538,0.0003,6550,0.014640346,0.21758444607257843,0.2,-0.01828181743621826,,
223,6007,355.99,10.1,657,1345536,0.2134765625,1.8348131608217955,-1.1835765916854144,-0.023183434503152966,0.0003,6560,0.030467529,0.1893400251865387,0.2,0.5250441431999207,,
224,6015,351.42,9.8,658,1347584,0.185498046875,3.1555828935001045,-1.1999384801834823,-0.017433585657272488,0.0003,6570,0.017298365,0.6755571961402893,0.2,0.11855387687683105,,
224,6023,347.75,9.6,659,1349632,0.167578125,2.750769542204216,-1.0803300749510527,-0.022302090289304032,0.0003,6580,0.021217506,0.12377617508172989,0.2,0.09503227472305298,,
,,,,,1350000,0.166259765625,3.9477905213832853,-1.152346395328641,-0.0186168296582764,0.0003,6590,0.017411403,0.4578997790813446,0.2,0.037107110023498535,447.8,32.0
223,6038,339.15,9.2,660,1351680,,,,,,,,,,,,
223,6046,340.36,8.9,661,1353728,0.1994140625,1.8404556390596554,-1.0928459705784916,-0.02114903462352231,0.0003,6600,0.025465034,0.025296039879322052,0.2,0.19128823280334473,,
223,6053,337.62,8.6,662,1355776,0.21181640625,1.7095761535922065,-1.125809078104794,-0.019017338829871732,0.0003,6610,0.022169696,0.05666913092136383,0.2,0.3787253499031067,,
224,6061,329.04,7.8,663,1357824,0.170947265625,1.6247140752151608,-1.0835958087816835,-0.0170430434125592,0.0003,6620,0.020054996,0.2806978225708008,0.2,0.19564253091812134,,
224,6069,318.17,6.6,664,1359872,0.1984375,1.555153862782754,-1.173124486207962,-0.02221750077151228,0.0003,6630,0.021384748,0.18641284108161926,0.2,0.2744871973991394,,
,,,,,1360000,0.201904296875,1.20108537748456,-1.1241867886856198,-0.021313235156412702,0.0003,6640,0.02170378,0.06401509046554565,0.2,0.2932036519050598,321.2,0.0
223,6081,311.73,5.3,665,1361920,,,,,,,,,,,,
223,6089,322.15,6.2,666,1363968,0.1802734375,2.1046344824600967,-1.1485803352668882,-0.02350068615633063,0.0003,6650,0.018330991,0.07919853925704956,0.2,-0.38278400897979736,,
224,6098,322.85,6.1,667,1366016,0.1720703125,2.616411318257451,-1.1674453064799308,-0.018801616417476907,0.0003,6660,0.02005118,0.9648065567016602,0.2,0.16585201025009155,,
224,6106,317.49,5.5,668,1368064,0.11533203125,3.372154734795913,-1.0970542503520846,-0.015175336564425379,0.0003,6670,0.014879822,0.47053080797195435,0.2,0.06370818614959717,,
,,,,,1370000,0.184716796875,1.5625685263192282,-1.1079382114112377,-0.01915685249550734,0.0003,6680,0.024774244,0.030347876250743866,0.2,0.23219901323318481,267.4,-2.0
223,6118,319.83,5.8,669,1370112,,,,,,,,,,,,
223,6126,310.76,5.1,670,1372160,0.20498046875,2.245755539322272,-1.169984170421958,-0.016857557953335343,0.0003,6690,0.020719051,0.10500027984380722,0.2,-0.08416998386383057,,
224,6134,315.46,5.2,671,1374208,0.188427734375,2.364823531638831,-1.1654431197792292,-0.018465084719355217,0.0003,6700,0.01864418,0.10180972516536713,0.2,0.30828720331192017,,
224,6142,308.27,4.3,672,1376256,0.1693359375,1.4060911065898836,-1.1198617093265057,-0.017826236916880588,0.0003,6710,0.01877791,0.03499135002493858,0.2,0.34710705280303955,,
224,6150,315.13,4.8,673,1378304,0.199462890625,1.8397334628971294,-1.1233583316206932,-0.021095257624983786,0.0003,6720,0.023713283,0.25318706035614014,0.2,0.3823290467262268,,
,,,,,1380000,0.200390625,1.9387162258382886,-1.1723040401935578,-0.02353264960402157,0.0003,6730,0.019368052,0.10863088071346283,0.2,0.15308362245559692,248.0,2.0
223,6162,319.09,5.4,674,1380352,,,,,,,,,,,,
224,6170,317.81,5.4,675,1382400,0.1431640625,2.738860599976033,-1.1801979646086693,-0.01444817649316974,0.0003,6740,0.014768401,0.23995228111743927,0.2,0.4115581512451172,,
224,6178,318.99,5.8,676,1384448,0.165673828125,2.4155723922885954,-1.1551477614790202,-0.01805089949630201,0.0003,6750,0.017892655,0.2246553599834442,0.2,0.20165258646011353,,
224,6186,315.3,5.6,677,1386496,0.173583984375,3.59461334971711,-1.2030662719160319,-0.020684481275384314,0.0003,6760,0.019556668,0.18211150169372559,0.2,0.27594268321990967,,
224,6194,324.18,6.6,678,1388544,0.211083984375,2.0046379168052226,-1.226125081256032,-0.023418827523710207,0.0003,6770,0.027203932,0.36092284321784973,0.2,0.039774179458618164,,
,,,,,1390000,0.187109375,2.1175332474522293,-1.2145952999591827,-0.016354546818183734,0.0003,6780,0.01774455,0.5319876074790955,0.2,0.4522626996040344,386.0,16.0
223,6208,324.26,6.8,679,1390592,,,,,,,,,,,,
224,6216,332.33,7.4,680,1392640,0.179541015625,1.962317041447386,-1.177309411764145,-0.023255342748598196,0.0003,6790,0.019355848,0.174105703830719,0.2,0.34656620025634766,,
224,6226,348.53,9.1,681,1394688,0.1728515625,2.3834847036283464,-1.1485682684928178,-0.02124589219019981,0.0003,6800,0.022321198,0.24938516318798065,0.2,-0.09597492218017578,,
224,6234,343.49,9.2,682,1396736,0.225,1.0278154287021608,-1.1405092282220721,-0.0173296211680281,0.0003,6810,0.020802699,0.05281777307391167,0.2,0.5795034170150757,,
224,6242,340.12,8.5,683,1398784,0.19287109375,2.5779635285027327,-1.1517045043408871,-0.02323346304765437,0.0003,6820,0.02079815,0.19703000783920288,0.2,0.14363521337509155,,
,,,,,1400000,0.217333984375,1.5056563247926533,-1.1281854320317506,-0.02424183144175913,0.0003,6830,0.022186907,0.07159940898418427,0.2,0.29409217834472656,400.8,16.0
223,6258,339.1,7.8,684,1400832,,,,,,,,,,,,
223,6266,341.76,7.8,685,1402880,0.17685546875,2.6055158472619953,-1.1343544332310558,-0.01938961308915168,0.0003,6840,0.018894758,1.581849217414856,0.2,0.3368675112724304,,
223,6275,334.29,7.3,686,1404928,0.200634765625,2.831654262682423,-1.1770646784454584,-0.019340460491366684,0.0003,6850,0.021735866,0.18285620212554932,0.2,0.11062502861022949,,
223,6283,341.92,7.9,687,1406976,0.21640625,1.6429258566116913,-1.1908031579107046,-0.028479369002161546,0.0003,6860,0.024367513,0.1576625555753708,0.2,0.1695374846458435,,
223,6291,338.31,7.9,688,1409024,0.211376953125,1.644983076513745,-1.2344136264175176,-0.02457706737332046,0.0003,6870,0.02214329,0.05717947334051132,0.2,0.10280501842498779,,
,,,,,1410000,0.162060546875,2.043852510815486,-1.1685194741934537,-0.01916396012820769,0.0003,6880,0.01974951,0.19725218415260315,0.2,0.2752240300178528,317.8,2.0
223,6303,338.95,8.0,689,1411072,,,,,,,,,,,,
223,6311,335.31,7.2,690,1413120,0.15859375,2.3382983485702424,-1.2127243254333735,-0.01894347493071109,0.0003,6890,0.019776057,0.2622935473918915,0.2,0.49497097730636597,,
223,6319,334.37,6.6,691,1415168,0.1974609375,2.537934038322419,-1.2312605883926153,-0.025797984865494072,0.0003,6900,0.021835368,0.08263533562421799,0.2,0.16507458686828613,,
223,6327,327.97,5.9,692,1417216,0.192724609375,1.9154598176013677,-1.1743198420852423,-0.024471818377787714,0.0003,6910,0.019419197,0.08274339884519577,0.2,0.11887675523757935,,
224,6335,334.65,6.2,693,1419264,0.204052734375,1.816784600284882,-1.2265405956655742,-0.01939691448933445,0.0003,6920,0.022081342,0.14515142142772675,0.2,0.2914530038833618,,
,,,,,1420000,0.222314453125,1.3435044264188036,-1.1407629691064358,-0.02551048824971076,0.0003,6930,0.023114275,0.06412853300571442,0.2,0.3537067770957947,238.0,-2.0
223,6345,324.34,4.6,694,1421312,,,,,,,,,,,,
224,6353,314.34,3.6,695,1423360,0.1666015625,1.4535405518487097,-1.1289546720683574,-0.016572699751122855,0.0003,6940,0.019455722,0.06890201568603516,0.2,0.3069140315055847,,
224,6361,304.97,3.1,696,1425408,0.218505859375,1.3154071442550048,-1.2260370556265117,-0.02595042733591981,0.0003,6950,0.02583012,0.062232621014118195,0.2,0.3474690914154053,,
224,6368,307.5,3.3,697,1427456,0.18330078125,2.527249822113663,-1.2335009559988976,-0.020063084640423768,0.0003,6960,0.02299165,0.06823594868183136,0.2,0.18249815702438354,,
224,6376,307.19,3.5,698,1429504,0.186181640625,1.9346008279360831,-1.1640405397862197,-0.025738789449678733,0.0003,6970,0.017521434,0.07932906597852707,0.2,0.4209839701652527,,
,,,,,1430000,0.20166015625,1.7900085045024752,-1.2150480180978775,-0.027058525732718407,0.0003,6980,0.021275371,0.4410865902900696,0.2,0.21933770179748535,230.2,-6.0
224,6388,306.35,3.9,699,1431552,,,,,,,,,,,,
224,6397,306.83,3.9,700,1433600,0.196044921875,1.994089177530259,-1.1904672879725695,-0.024957439475110733,0.0003,6990,0.021865929,0.13479049503803253,0.2,0.18991678953170776,,
224,6405,310.19,4.0,701,1435648,0.1986328125,1.2569467458175496,-1.1698728494346142,-0.022592481368337757,0.0003,7000,0.028019797,0.03755179047584534,0.2,0.29628264904022217,,
224,6413,304.66,3.2,702,1437696,0.1779296875,1.6887354613048955,-1.1646480120718479,-0.022280681517440826,0.0003,7010,0.020132199,0.27163583040237427,0.2,0.3918037414550781,,
224,6421,316.91,4.3,703,1439744,0.19287109375,2.2068872802890835,-1.1625077150762082,-0.022134010278386997,0.0003,7020,0.024642676,0.1068045124411583,0.2,-0.3283809423446655,,
,,,,,1440000,0.189404296875,1.9639996368438006,-1.266063390672207,-0.023300986032700165,0.0003,7030,0.020214906,0.23820987343788147,0.2,0.23837685585021973,341.8,0.0
224,6434,320.27,4.9,704,1441792,,,,,,,,,,,,
224,6443,313.67,4.4,705,1443840,0.18251953125,2.630561865027994,-1.1712283328175546,-0.023287206672830508,0.0003,7040,0.017958632,0.13657346367835999,0.2,0.2485368251800537,,
224,6451,303.26,3.7,706,1445888,0.192626953125,2.4310663568554447,-1.1937934231013059,-0.030721127748256548,0.0003,7050,0.026326064,0.4084426760673523,0.2,-0.22798383235931396,,
224,6458,315.12,4.4,707,1447936,0.210302734375,1.7106718822615221,-1.2685736805200576,-0.022667578910477458,0.0003,7060,0.02685489,0.49905404448509216,0.2,0.3085511326789856,,
224,6467,319.21,5.2,708,1449984,0.19169921875,2.5507464550901204,-1.3302395291626454,-0.022667179830023088,0.0003,7070,0.019801263,0.3288613259792328,0.2,-0.029691576957702637,,
,,,,,1450000,0.181201171875,2.072198783210479,-1.1269782891497016,-0.028345094755059107,0.0003,7080,0.019507889,0.11093973368406296,0.2,-0.18832778930664062,421.6,22.0
224,6481,315.57,5.1,709,1452032,,,,,,,,,,,,
224,6489,318.47,5.4,710,1454080,0.214013671875,1.9413774764630944,-1.2194345459342002,-0.029256311515928245,0.0003,7090,0.025523258,0.16877084970474243,0.2,0.13542896509170532,,
224,6498,324.52,6.2,711,1456128,0.19658203125,1.8819554977118969,-1.3713892698287964,-0.02469712878228165,0.0003,7100,0.018832758,0.11263439804315567,0.2,0.3441036343574524,,
224,6506,314.19,5.3,712,1458176,0.20380859375,1.7059663406573236,-1.1704844258725644,-0.02571201824757736,0.0003,7110,0.02247036,0.01780570298433304,0.2,0.16275376081466675,,
,,,,,1460000,0.2296875,1.5594299210235476,-1.303075597062707,-0.032847141244565135,0.0003,7120,0.023963049,0.01530943438410759,0.2,0.17167401313781738,283.2,2.0
224,6518,315.38,5.6,713,1460224,,,,,,,,,,,,
224,6526,319.28,5.5,714,1462272,0.1505859375,3.309507586993277,-1.2091467700898648,-0.020944508136017247,0.0003,7130,0.015579504,0.4406876266002655,0.2,0.05166715383529663,,
224,6534,321.04,5.6,715,1464320,0.20576171875,1.5327080614166335,-1.249705222249031,-0.02376853652531281,0.0003,7140,0.02325223,0.03361840546131134,0.2,0.416389524936676,,
224,6542,328.15,6.4,716,1466368,0.15263671875,2.96767211612314,-1.17876153960824,-0.016293583004153334,0.0003,7150,0.01744494,0.057741664350032806,0.2,-0.3000638484954834,,
224,6549,325.86,6.2,717,1468416,0.164111328125,3.1273363266605885,-1.2898296471685171,-0.020050909978454,0.0003,7160,0.019554406,0.6429106593132019,0.2,0.21913087368011475,,
,,,,,1470000,0.236865234375,1.6998878117650746,-1.317428133636713,-0.022997501664212903,0.0003,7170,0.027210351,0.3328588008880615,0.2,0.47292691469192505,320.0,10.0
224,6562,328.41,6.6,718,1470464,,,,,,,,,,,,
224,6569,321.9,5.7,719,1472512,0.1998046875,2.9840411265846343,-1.2891875475645065,-0.02304517109005246,0.0003,7180,0.024999887,1.9563056230545044,0.2,0.509749710559845,,
224,6577,324.67,5.7,720,1474560,0.19326171875,1.6744696129579097,-1.2298085477203131,-0.02195828594849445,0.0003,7190,0.02144658,0.12930797040462494,0.2,0.2097914218902588,,
224,6586,326.28,6.0,721,1476608,0.187255859375,1.6972808641381563,-1.2143261916935444,-0.024609449837589635,0.0003,7200,0.019830044,0.15314385294914246,0.2,0.29378342628479004,,
224,6594,332.41,6.8,722,1478656,0.165673828125,3.493878493551165,-1.2099231421947478,-0.021355519475764594,0.0003,7210,0.019729834,0.4367145001888275,0.2,0.14871400594711304,,
,,,,,1480000,0.216162109375,2.350214483262971,-1.3424858450889587,-0.02282069357461296,0.0003,7220,0.021225674,0.2092101126909256,0.2,0.33385396003723145,292.0,0.0
224,6605,334.83,7.1,723,1480704,,,,,,,,,,,,
224,6613,329.0,6.3,724,1482752,0.22705078125,1.788810106064193,-1.3824839897453784,-0.020308073150226848,0.0003,7230,0.027689476,0.04932281747460365,0.2,0.46774983406066895,,
224,6620,331.66,7.1,725,1484800,0.16875,2.068222465715371,-1.3034301217645408,-0.017714786384021863,0.0003,7240,0.016684087,0.14982834458351135,0.2,0.33686840534210205,,
224,6628,338.65,7.4,726,1486848,0.20947265625,1.8503174040000885,-1.3263583619147539,-0.025103430860326625,0.0003,7250,0.022517782,0.03620046377182007,0.2,0.4207150340080261,,
224,6636,341.29,7.1,727,1488896,0.212353515625,1.8355472861789166,-1.266131127625704,-0.028131180864875205,0.0003,7260,0.022271436,0.037032321095466614,0.2,0.007515847682952881,,
,,,,,1490000,0.196142578125,1.7287861538352445,-1.3276695173233748,-0.019935871366760692,0.0003,7270,0.019570876,0.520048201084137,0.2,0.3328021764755249,361.2,8.0
224,6649,338.8,6.4,728,1490944,,,,,,,,,,,,
224,6658,345.7,6.8,729,1492992,0.220654296875,1.7376482745166868,-1.312997740879655,-0.031315744563471526,0.0003,7280,0.024282176,0.05393209308385849,0.2,0.43186134099960327,,
224,6666,351.38,7.2,730,1495040,0.2173828125,1.3730740528553724,-1.2518873676657676,-0.02479090294800699,0.0003,7290,0.02348904,0.05875647813081741,0.2,0.1441183090209961,,
224,6674,350.91,7.3,731,1497088,0.162109375,2.6908428715076296,-1.2459515552967786,-0.02233485628821654,0.0003,7300,0.015368007,0.3075878620147705,0.2,0.16914880275726318,,
224,6682,350.01,6.8,732,1499136,0.1740234375,3.5073357050307097,-1.353196758404374,-0.020982094132341443,0.0003,7310,0.016037257,0.3727368116378784,0.2,0.2633523941040039,,
,,,,,1500000,0.19169921875,2.128269913699478,-1.3078592628240586,-0.026932517150999046,0.0003,7320,0.019763865,0.12979452311992645,0.2,0.3667922019958496,205.6,-8.0
224,6693,352.1,7.1,733,1501184,,,,,,,,,,,,
224,6702,348.22,7.1,734,1503232,0.206494140625,2.3503980885259805,-1.335104141011834,-0.02988735355902463,0.0003,7330,0.018558333,0.06797599792480469,0.2,0.21438074111938477,,
224,6709,347.6,7.2,735,1505280,0.227783203125,1.7331002532504498,-1.4198757600039245,-0.025800322156283074,0.0003,7340,0.027506586,0.024332180619239807,0.2,0.4145817756652832,,
224,6718,346.65,7.4,736,1507328,0.19033203125,2.2013475752435623,-1.3964878316968679,-0.02285618929017801,0.0003,7350,0.019668192,0.055253297090530396,0.2,0.4967554807662964,,
224,6727,348.41,7.5,737,1509376,0.19287109375,2.815235035587102,-1.375940066203475,-0.022708090289961548,0.0003,7360,0.019114733,0.2342953085899353,0.2,0.14787590503692627,,
,,,,,1510000,0.20341796875,2.46349315806292,-1.347803544998169,-0.022957612507161683,0.0003,7370,0.02102517,0.2077280580997467,0.2,-0.09862565994262695,270.0,6.0
224,6739,350.23,7.5,738,1511424,,,,,,,,,,,,
224,6747,351.72,7.4,739,1513472,0.223828125,2.388049242831767,-1.3543294575065374,-0.02402607756375801,0.0003,7380,0.023651442,0.03854138404130936,0.2,0.3038470149040222,,
224,6755,354.58,7.9,740,1515520,0.17900390625,2.7617904601152987,-1.2858198210597038,-0.024055215716362,0.0003,7390,0.019074777,0.11200107634067535,0.2,0.3302883505821228,,
224,6763,353.52,7.7,741,1517568,0.1875,3.4969490541145207,-1.3323756463825702,-0.020125142243341543,0.0003,7400,0.019523524,0.5335894823074341,0.2,0.5178601741790771,,
224,6771,356.27,7.7,742,1519616,0.2599609375,2.229942784458399,-1.3414370901882648,-0.031181425382965245,0.0003,7410,0.024956193,0.15990380942821503,0.2,0.24283701181411743,,
,,,,,1520000,0.182568359375,3.0231834060046823,-1.385889745131135,-0.02085538396204356,0.0003,7420,0.020564407,0.1651420295238495,0.2,0.3802168369293213,281.4,4.0
224,6784,351.22,8.1,743,1521664,,,,,,,,,,,,
224,6791,342.59,7.5,744,1523712,0.229931640625,1.4819228583946824,-1.307509709149599,-0.026968838993343524,0.0003,7430,0.026503302,0.06948264688253403,0.2,0.4509928226470947,,
224,6799,350.4,9.1,745,1525760,0.1873046875,2.950442187208682,-1.3497695915400982,-0.01928578396764351,0.0003,7440,0.017348245,0.009288027882575989,0.2,0.3214511275291443,,
224,6807,351.77,9.5,746,1527808,0.178857421875,2.2887022939976305,-1.3075500164180993,-0.02713189350324683,0.0003,7450,0.019429939,0.07757489383220673,0.2,0.17358380556106567,,
224,6815,346.59,9.3,747,1529856,0.189892578125,1.465679823514074,-1.2742932494729757,-0.026172594106174073,0.0003,7460,0.020306587,0.04270073026418686,0.2,0.588080108165741,,
,,,,,1530000,0.173388671875,3.2495001745410264,-1.3058735057711601,-0.017665475059766324,0.0003,7470,0.018843126,0.15578261017799377,0.2,-0.1123497486114502,309.0,2.0
224,6827,341.05,8.6,748,1531904,,,,,,,,,,,,
224,6835,341.33,9.4,749,1533952,0.209814453125,1.7128604249563069,-1.2596266355365515,-0.023167868667223958,0.0003,7480,0.02366415,0.13171300292015076,0.2,0.21239984035491943,,
224,6843,344.33,9.4,750,1536000,0.216015625,3.283412611670792,-1.3437661562114953,-0.02878263174497988,0.0003,7490,0.018901624,0.6632726192474365,0.2,0.2796204090118408,,
224,6851,348.47,10.0,751,1538048,0.15068359375,2.8856166668236254,-1.2513672821223736,-0.018097640623454935,0.0003,7500,0.016001996,0.6410266757011414,0.2,-0.05365777015686035,,
,,,,,1540000,0.217919921875,1.9202040077652782,-1.3010313522070647,-0.025540739900316113,0.0003,7510,0.023397977,0.16304540634155273,0.2,0.43613171577453613,330.6,6.0
224,6864,345.99,9.4,752,1540096,,,,,,,,,,,,
224,6873,353.53,9.7,753,1542144,0.178369140625,2.3273747831583025,-1.359898042306304,-0.019931667900527826,0.0003,7520,0.020415619,0.9824142456054688,0.2,0.18688052892684937,,
224,6881,354.24,9.8,754,1544192,0.18984375,2.1703304179944096,-1.2375973891466856,-0.026128781253646594,0.0003,7530,0.022471413,0.21336084604263306,0.2,0.11031472682952881,,
224,6890,354.65,10.0,755,1546240,0.244775390625,1.3420077580492944,-1.3039678666740655,-0.028139451460447162,0.0003,7540,0.028272796,0.09237100183963776,0.2,0.5642747282981873,,
224,6898,356.52,9.8,756,1548288,0.189013671875,2.5120667553506792,-1.3790983077138663,-0.02339852839068044,0.0003,7550,0.02015955,0.1886415332555771,0.2,0.40572255849838257,,
,,,,,1550000,0.169677734375,2.053014428797178,-1.2998167887330054,-0.02260606913769152,0.0003,7560,0.021274598,0.10784199088811874,0.2,0.3544453978538513,470.6,20.0
224,6914,351.01,8.9,757,1550336,,,,,,,,,,,,
224,6922,342.21,8.4,758,1552384,0.205419921875,1.9357062559807674,-1.3321067657321692,-0.022964188685000407,0.0003,7570,0.02393622,0.0330946147441864,0.2,0.21821272373199463,,
224,6930,337.56,8.0,759,1554432,0.207958984375,1.4360936300363392,-1.3745062686502934,-0.027910758304642513,0.0003,7580,0.025779227,0.17612206935882568,0.2,0.1820065975189209,,
224,6938,341.55,8.1,760,1556480,0.198095703125,2.339293566625565,-1.4110627822577952,-0.021369237173348665,0.0003,7590,0.019400753,0.049812354147434235,0.2,0.19914788007736206,,
224,6946,326.46,6.4,761,1558528,0.2494140625,1.4379971588845364,-1.2992529299110174,-0.035485625982983035,0.0003,7600,0.026968572,0.07242196053266525,0.2,0.21268266439437866,,
,,,,,1560000,0.186767578125,1.2077024158323184,-1.2015470512211324,-0.023350930045126006,0.0003,7610,0.020079823,0.07817398011684418,0.2,0.2219828963279724,664.8,40.0
224,6965,324.49,6.2,762,1560576,,,,,,,,,,,,
224,6973,326.38,6.3,763,1562624,0.18955078125,2.101406959001906,-1.280317722633481,-0.020635709646739997,0.0003,7620,0.021536749,0.07980874180793762,0.2,0.44479531049728394,,
224,6980,333.2,7.0,764,1564672,0.2130859375,1.140508255548775,-1.5017206404358148,-0.018952693676692434,0.0003,7630,0.02332367,0.34359222650527954,0.2,0.4152395725250244,,
224,6988,335.57,7.2,765,1566720,0.19111328125,1.9759376636706292,-1.4015498261898756,-0.017276016683899796,0.0003,7640,0.018399645,0.13931229710578918,0.2,0.21995258331298828,,
224,6996,342.41,7.9,766,1568768,0.19609375,2.0150118931662293,-1.3854193519800901,-0.01840929038298782,0.0003,7650,0.020950027,0.09700506180524826,0.2,0.3732580542564392,,
,,,,,1570000,0.196240234375,1.5484244064893573,-1.3643271900713443,-0.021603106672409923,0.0003,7660,0.01937814,0.2825849950313568,0.2,0.5372101664543152,350.6,10.0
224,7009,340.21,7.8,767,1570816,,,,,,,,,,,,
224,7017,342.91,8.1,768,1572864,0.178076171875,2.3676581028383223,-1.4253450430929662,-0.02355126576439943,0.0003,7670,0.018765112,0.09813336282968521,0.2,0.5150846838951111,,
224,7026,346.31,8.8,769,1574912,0.20712890625,2.5538827176205814,-1.32789575047791,-0.02634856591175776,0.0003,7680,0.020436877,0.32937198877334595,0.2,0.32814592123031616,,
224,7034,339.78,8.8,770,1576960,0.1994140625,1.3697485751239582,-1.2473379489034415,-0.026001467154128478,0.0003,7690,0.024548814,0.05664995312690735,0.2,0.1550392508506775,,
224,7041,336.46,7.8,771,1579008,0.191015625,1.7734423093730585,-1.3805778317153454,-0.02159987671475392,0.0003,7700,0.018166952,0.09592804312705994,0.2,0.22962385416030884,,
,,,,,1580000,0.183251953125,2.1553756737615912,-1.3524526242166757,-0.0203278734756168,0.0003,7710,0.017731257,0.14274944365024567,0.2,0.04955291748046875,252.6,-4.0
224,7052,337.27,7.9,772,1581056,,,,,,,,,,,,
224,7061,339.68,8.7,773,1583104,0.144287109375,2.7329918041825296,-1.2683258153498174,-0.018771486642071976,0.0003,7720,0.0131244445,0.10092055052518845,0.2,0.339744508266449,,
224,7069,349.73,9.9,774,1585152,0.1634765625,2.9065222941339015,-1.3177127838134766,-0.023075689122197218,0.0003,7730,0.016358808,0.3093756437301636,0.2,0.19104927778244019,,
224,7078,359.82,10.9,775,1587200,0.201611328125,2.2426416320726275,-1.2167867343872785,-0.024296307879558297,0.0003,7740,0.023192834,0.06847117841243744,0.2,0.3469207286834717,,
224,7086,365.1,10.9,776,1589248,0.197900390625,2.275789372716099,-1.3593858763575555,-0.023601942675304598,0.0003,7750,0.01815467,0.5736700296401978,0.2,0.1486322283744812,,
,,,,,1590000,0.198486328125,1.8343873015837744,-1.3960814546793698,-0.021140082683996298,0.0003,7760,0.021524858,0.06598953157663345,0.2,0.26530200242996216,254.6,-8.0
224,7098,364.17,11.1,777,1591296,,,,,,,,,,,,
224,7106,371.06,12.3,778,1593344,0.1998046875,2.4812277507502585,-1.4038717195391655,-0.023718298712628892,0.0003,7770,0.018832762,0.24222591519355774,0.2,0.3303852677345276,,
224,7114,379.9,13.3,779,1595392,0.1853515625,2.512924604699947,-1.3680222544819116,-0.02267225830728421,0.0003,7780,0.020518318,0.25101742148399353,0.2,0.557786762714386,,
224,7122,386.48,14.2,780,1597440,0.14853515625,3.9637726339511574,-1.2775148570537567,-0.019667825184296817,0.0003,7790,0.016633846,0.2286769598722458,0.2,0.21261060237884521,,
224,7130,372.57,13.2,781,1599488,0.201123046875,2.4392169329803437,-1.3020191896706819,-0.0220823418116197,0.0003,7800,0.027492078,0.5061646103858948,0.2,-0.0722423791885376,,
,,,,,1600000,0.184765625,2.59772106599994,-1.1720859088003635,-0.0233612470299704,0.0003,7810,0.023195993,0.09137924015522003,0.2,0.12169533967971802,543.8,32.0
224,7147,365.11,12.2,782,1601536,,,,,,,,,,,,
224,7155,355.0,11.0,783,1603584,0.209814453125,2.8634972027502954,-1.316753028705716,-0.025775349675677718,0.0003,7820,0.021901006,0.2429296225309372,0.2,0.30348628759384155,,
224,7164,361.13,11.6,784,1605632,0.2021484375,2.5562992323655633,-1.3914533503353597,-0.015883212132030165,0.0003,7830,0.021775013,0.08563287556171417,0.2,0.16382110118865967,,
224,7173,363.13,12.1,785,1607680,0.208984375,2.119047480029985,-1.2728612985461951,-0.021900706720771268,0.0003,7840,0.020456662,1.0506558418273926,0.2,0.42666536569595337,,
224,7181,356.33,11.4,786,1609728,0.169921875,2.623649194324389,-1.2698424763977527,-0.02416694822895806,0.0003,7850,0.017759886,0.11073532700538635,0.2,-0.34033358097076416,,
,,,,,1610000,0.174951171875,3.2144681361503897,-1.3138704739511013,-0.02318249027011916,0.0003,7860,0.019975763,0.5063114762306213,0.2,0.45258623361587524,320.6,10.0
224,7194,349.71,11.1,787,1611776,,,,,,,,,,,,
224,7201,355.21,12.2,788,1613824,0.213623046875,2.4363888645078986,-1.3201540984213351,-0.016875176496978384,0.0003,7870,0.024432529,0.10762841999530792,0.2,0.15623509883880615,,
224,7209,357.27,12.8,789,1615872,0.19169921875,2.6334847065620126,-1.2339542705565691,-0.021177307987818493,0.0003,7880,0.022566423,0.15309756994247437,0.2,0.08357667922973633,,
224,7218,347.5,11.6,790,1617920,0.20908203125,1.6933387303492053,-1.2011187240481376,-0.025238683892530388,0.0003,7890,0.025168644,0.07897855341434479,0.2,0.3304019570350647,,
224,7226,343.35,11.0,791,1619968,0.231396484375,2.0881026879884304,-1.314808564260602,-0.02760623754002154,0.0003,7900,0.025225874,0.07713852822780609,0.2,0.31591731309890747,,
,,,,,1620000,0.20947265625,3.4402087767608465,-1.3174310017377138,-0.022060254728421567,0.0003,7910,0.019567825,0.21809852123260498,0.2,0.39038729667663574,308.2,4.0
224,7239,337.34,10.3,792,1622016,,,,,,,,,,,,
224,7247,331.87,9.5,793,1624064,0.188232421875,3.339552423171699,-1.3539530541747808,-0.026790547755081207,0.0003,7920,0.021068947,0.4666699767112732,0.2,0.0600089430809021,,
224,7255,332.89,9.7,794,1626112,0.205126953125,2.665201135678217,-1.326836560666561,-0.024360471172258258,0.0003,7930,0.023263521,0.3922722041606903,0.2,0.3290524482727051,,
224,7263,338.7,10.3,795,1628160,0.21923828125,1.7359598103445024,-1.2545461423695088,-0.02160541379125789,0.0003,7940,0.0261707,0.028608422726392746,0.2,-0.026950597763061523,,
,,,,,1630000,0.205078125,3.326331956963986,-1.356498621404171,-0.023492154860286975,0.0003,7950,0.020976465,0.14344507455825806,0.2,-0.010277152061462402,424.2,22.0
223,7277,334.53,9.6,796,1630208,,,,,,,,,,,,
224,7286,336.0,9.1,797,1632256,0.221923828125,2.44720469401218,-1.3240223471075296,-0.026824252764345146,0.0003,7960,0.023584036,0.09289166331291199,0.2,0.3094537854194641,,
224,7294,345.98,10.2,798,1634304,0.1857421875,3.313852263870649,-1.3263132382184266,-0.020676865131827073,0.0003,7970,0.01999885,0.4708962142467499,0.2,-0.3507993221282959,,
224,7302,342.56,10.3,799,1636352,0.21220703125,2.397734191082418,-1.344566861912608,-0.02845430720190052,0.0003,7980,0.020392615,0.14666885137557983,0.2,-0.018880724906921387,,
224,7310,336.02,9.6,800,1638400,0.224267578125,2.686641583079472,-1.3491883646696805,-0.02465178196434863,0.0003,7990,0.027474534,0.20270073413848877,0.2,-0.21111297607421875,,
,,,,,1640000,0.17607421875,4.271739194262773,-1.3490474797785281,-0.022010752529604362,0.0003,8000,0.01906671,0.8315574526786804,0.2,0.02171015739440918,318.4,8.0
223,7323,316.12,7.1,801,1640448,,,,,,,,,,,,
224,7331,318.99,6.9,802,1642496,0.237109375,1.4683672020444647,-1.3064580343663692,-0.029346054716734217,0.0003,8010,0.024540555,0.055407509207725525,0.2,0.3853505253791809,,
224,7339,307.62,5.1,803,1644544,0.25009765625,1.2879535162821412,-1.2946961909532546,-0.026440594444284215,0.0003,8020,0.024350073,0.12340589612722397,0.2,0.21109449863433838,,
224,7347,307.39,4.9,804,1646592,0.2447265625,1.5042306656949223,-1.437750430777669,-0.029048679737024942,0.0003,8030,0.028308827,0.11513940244913101,0.2,0.35818344354629517,,
224,7355,313.97,5.7,805,1648640,0.233642578125,1.6500553991179914,-1.4462489180266858,-0.025558710696350316,0.0003,8040,0.026363255,0.10601644963026047,0.2,0.2664421796798706,,
,,,,,1650000,0.199609375,2.9720380999147893,-1.3741157721728086,-0.025728034003986978,0.0003,8050,0.02211976,0.048333942890167236,0.2,0.05125480890274048,240.8,2.0
224,7367,315.24,5.5,806,1650688,,,,,,,,,,,,
224,7375,322.46,6.2,807,1652736,0.20322265625,2.501511594443582,-1.3692225199192762,-0.026162633727653883,0.0003,8060,0.021985194,0.08180493861436844,0.2,-0.017301201820373535,,
224,7383,323.88,6.5,808,1654784,0.197314453125,2.312163623748347,-1.3451376505196095,-0.026926802890375256,0.0003,8070,0.020131687,0.2043948769569397,0.2,-0.1984701156616211,,
224,7391,325.5,7.1,809,1656832,0.19130859375,3.0766318473033607,-1.252798319607973,-0.02649066081503406,0.0003,8080,0.021949567,0.22810091078281403,0.2,0.12689757347106934,,
224,7399,324.76,6.8,810,1658880,0.203662109375,3.1940199069678785,-1.3172849971801042,-0.026098131606704555,0.0003,8090,0.020302959,0.2505874037742615,0.2,0.18304014205932617,,
,,,,,1660000,0.200537109375,2.419102299725637,-1.3235191743820907,-0.028580072638578712,0.0003,8100,0.018843634,0.5200968980789185,0.2,0.20617854595184326,358.0,4.0
224,7412,325.78,7.0,811,1660928,,,,,,,,,,,,
224,7419,331.77,7.6,812,1662976,0.193310546875,2.7983783152885735,-1.300385257601738,-0.02194087741954718,0.0003,8110,0.021653432,0.11299162358045578,0.2,0.189597487449646,,
224,7427,334.05,7.7,813,1665024,0.216015625,2.6081816775724294,-1.348145642876625,-0.02392758819332812,0.0003,8120,0.025536211,1.1296460628509521,0.2,0.39029234647750854,,
224,7435,326.11,7.0,814,1667072,0.20732421875,2.89744774941355,-1.4042649049311877,-0.027243285762961023,0.0003,8130,0.02100543,0.4525189995765686,0.2,0.14369654655456543,,
224,7443,331.83,7.5,815,1669120,0.194384765625,2.2538493357598783,-1.352649638056755,-0.021711910926387645,0.0003,8140,0.02193516,0.12395218014717102,0.2,0.23258835077285767,,
,,,,,1670000,0.213232421875,1.684010647656396,-1.3890160869807004,-0.02646708560641855,0.0003,8150,0.023800768,0.21981938183307648,0.2,-0.10751688480377197,351.6,20.0
224,7456,339.28,8.1,816,1671168,,,,,,,,,,,,
224,7464,340.63,7.7,817,1673216,0.250537109375,2.4367358595598487,-1.3994566101580859,-0.027136350724322255,0.0003,8160,0.025793998,0.5561134815216064,0.2,0.05776512622833252,,
224,7471,345.25,8.7,818,1675264,0.198291015625,2.739025544794276,-1.3320444617420435,-0.024764627404510974,0.0003,8170,0.019365884,0.19506584107875824,0.2,-0.13029801845550537,,
224,7479,342.76,8.9,819,1677312,0.207421875,2.4496507813222705,-1.4446067105978728,-0.025944530917331576,0.0003,8180,0.02169449,0.04929274320602417,0.2,0.22555643320083618,,
224,7487,336.84,8.5,820,1679360,0.226025390625,2.1638178183697163,-1.4031202040612698,-0.02854205078619998,0.0003,8190,0.023412513,0.31797850131988525,0.2,0.055886268615722656,,
,,,,,1680000,0.240185546875,2.2909429661929606,-1.3867420189082622,-0.029420358431525528,0.0003,8200,0.023545446,0.3758024275302887,0.2,0.44440823793411255,243.6,2.0
224,7498,331.07,7.5,821,1681408,,,,,,,,,,,,
224,7506,321.54,7.3,822,1683456,0.231689453125,1.7117925154510885,-1.389111928269267,-0.027116080094128848,0.0003,8210,0.028136346,0.0895824208855629,0.2,0.3308148980140686,,
224,7514,315.4,6.9,823,1685504,0.198486328125,3.1487219015136363,-1.3936389155685902,-0.027112404651416,0.0003,8220,0.019759191,0.3559505343437195,0.2,-0.062043190002441406,,
224,7522,311.22,6.3,824,1687552,0.22216796875,3.0810569854918866,-1.3732914678752421,-0.02863759450847283,0.0003,8230,0.023956459,0.3256589472293854,0.2,0.05325096845626831,,
224,7529,307.9,5.7,825,1689600,0.24619140625,2.2080708221066745,-1.3454076819121839,-0.02762351199926343,0.0003,8240,0.025857538,0.22567763924598694,0.2,0.01450437307357788,,
,,,,,1690000,0.221826171875,1.7215349595062435,-1.4504647467285394,-0.02348999398527667,0.0003,8250,0.023642031,0.1270272433757782,0.2,0.13913023471832275,477.0,20.0
224,7544,308.54,5.5,826,1691648,,,,,,,,,,,,
224,7552,308.26,5.5,827,1693696,0.20703125,3.061604988016188,-1.4074507672339678,-0.027010289372992703,0.0003,8260,0.021805478,0.509073793888092,0.2,0.10681319236755371,,
224,7560,303.9,5.3,828,1695744,0.206005859375,2.3828797918744384,-1.3833753403276206,-0.025247416988713668,0.0003,8270,0.02041796,0.07537074387073517,0.2,0.333473801612854,,
224,7568,306.65,5.6,829,1697792,0.2029296875,2.151710304711014,-1.231789407879114,-0.02748731880565174,0.0003,8280,0.021779766,0.19600284099578857,0.2,0.2350020408630371,,
224,7576,314.4,6.4,830,1699840,0.22568359375,2.1495971803320573,-1.3753754250705241,-0.03024963633506559,0.0003,8290,0.024826588,0.6491003036499023,0.2,0.2945238947868347,,
,,,,,1700000,0.19638671875,2.5139554396737367,-1.383215507492423,-0.023435523934313095,0.0003,8300,0.023777854,0.34048324823379517,0.2,0.286041796207428,198.4,-6.0
224,7586,316.37,6.7,831,1701888,,,,,,,,,,,,
224,7595,315.6,6.4,832,1703936,0.191552734375,2.74431254575029,-1.3960834559053183,-0.027008631438366137,0.0003,8310,0.020636965,0.24516505002975464,0.2,0.23044395446777344,,
224,7603,315.97,6.4,833,1705984,0.239697265625,1.5692227649036794,-1.3048702541738748,-0.02735160391603131,0.0003,8320,0.02871624,0.05036257207393646,0.2,0.2219538688659668,,
224,7612,313.85,6.0,834,1708032,0.21630859375,1.2081126409582794,-1.3425531193614006,-0.0315067788673332,0.0003,8330,0.024259768,0.18791311979293823,0.2,0.6625078916549683,,
,,,,,1710000,0.215478515625,1.5144331814255565,-1.3001047607511282,-0.02544729192450177,0.0003,8340,0.024448298,0.11485064029693604,0.2,0.32068783044815063,519.4,36.0
224,7627,317.29,6.7,835,1710080,,,,,,,,,,,,
224,7635,323.98,7.3,836,1712128,0.222998046875,1.7586091733537614,-1.3156244914978743,-0.027308249403722583,0.0003,8350,0.023646416,0.03131036460399628,0.2,0.34915244579315186,,
224,7642,332.36,8.3,837,1714176,0.17099609375,2.374839561479166,-1.311665192246437,-0.02292309931945056,0.0003,8360,0.017834466,0.15668267011642456,0.2,0.29016977548599243,,
224,7650,341.8,9.1,838,1716224,0.233935546875,1.6845750908367336,-1.2527413189411163,-0.02899098551715724,0.0003,8370,0.026736636,0.09028148651123047,0.2,0.2931414246559143,,
224,7658,339.73,8.8,839,1718272,0.184423828125,3.527803537575528,-1.3165630530565977,-0.021910331762774148,0.0003,8380,0.02025709,2.7619528770446777,0.2,0.30711132287979126,,
,,,,,1720000,0.2240234375,1.8840972228441388,-1.2243124090135098,-0.0266892304061912,0.0003,8390,0.026172098,0.052632398903369904,0.2,0.37544071674346924,320.4,6.0
224,7670,346.11,9.6,840,1720320,,,,,,,,,,,,
224,7679,350.95,10.0,841,1722368,0.186767578125,2.2248722759541124,-1.2907606482505798,-0.027266899589449167,0.0003,8400,0.023993583,0.12671174108982086,0.2,0.29653507471084595,,
224,7687,352.24,9.9,842,1724416,0.2248046875,1.9239135767333209,-1.249050112068653,-0.027750871954776813,0.0003,8410,0.023847178,0.1309986710548401,0.2,0.16349148750305176,,
224,7694,348.97,9.8,843,1726464,0.174072265625,2.1621705926489083,-1.1313112810254098,-0.026185589612578043,0.0003,8420,0.020937521,0.08549083769321442,0.2,0.36027246713638306,,
224,7703,345.72,9.6,844,1728512,0.239599609375,3.1886864757630975,-1.354923202469945,-0.027336998318787664,0.0003,8430,0.025146216,0.2742914855480194,0.2,0.27966737747192383,,
,,,,,1730000,0.192578125,2.99880291367881,-1.295344303175807,-0.025427388833486476,0.0003,8440,0.020428136,0.14878296852111816,0.2,0.16092443466186523,323.8,8.0
224,7715,356.97,10.8,845,1730560,,,,,,,,,,,,
224,7723,354.89,10.6,846,1732608,0.223193359375,2.448644039500505,-1.3019854433834552,-0.032275169622153044,0.0003,8450,0.023630602,0.37564554810523987,0.2,0.22873210906982422,,
224,7731,354.59,10.4,847,1734656,0.23583984375,2.317435927502811,-1.284409686550498,-0.024511604724102652,0.0003,8460,0.026733778,0.06449610739946365,0.2,0.21923428773880005,,
224,7738,347.48,9.7,848,1736704,0.20830078125,2.0100738410372285,-1.269249342009425,-0.025398440909339116,0.0003,8470,0.024239,0.14192813634872437,0.2,0.3911247253417969,,
224,7746,342.95,9.5,849,1738752,0.174560546875,3.4983926012180744,-1.361076283454895,-0.020896007216651923,0.0003,8480,0.016121037,0.454934298992157,0.2,0.16631197929382324,,
,,,,,1740000,0.171826171875,3.5471764628309757,-1.2310917187482118,-0.022544421360362322,0.0003,8490,0.01903812,1.0777952671051025,0.2,-0.11539924144744873,391.6,12.0
224,7760,341.16,9.4,850,1740800,,,,,,,,,,,,
224,7768,338.97,9.5,851,1742848,0.1978515625,2.571255189133808,-1.3116943962872027,-0.024312427736003884,0.0003,8500,0.020788398,0.6389093995094299,0.2,0.16431552171707153,,
224,7776,338.72,9.5,852,1744896,0.21435546875,1.6645976135507226,-1.333966576680541,-0.0270098939712625,0.0003,8510,0.026314747,0.06801024824380875,0.2,0.6860359907150269,,
224,7784,338.56,9.3,853,1746944,0.186669921875,2.97527179075405,-1.284787405654788,-0.020380810636561365,0.0003,8520,0.01903895,0.24250803887844086,0.2,0.04542338848114014,,
224,7792,331.33,8.9,854,1748992,0.208056640625,2.3323095207102598,-1.3368063852190972,-0.02596975654887501,0.0003,8530,0.025805006,0.5014194250106812,0.2,0.2654041647911072,,
,,,,,1750000,0.186328125,2.903525905124843,-1.251268956065178,-0.01973848053603433,0.0003,8540,0.0201807,1.2050540447235107,0.2,0.44608068466186523,229.8,-6.0
224,7804,322.42,8.1,855,1751040,,,,,,,,,,,,
224,7812,316.39,7.2,856,1753088,0.241943359375,1.4473349411273375,-1.2360826082527638,-0.036338003803393804,0.0003,8550,0.030672211,0.006592713296413422,0.2,0.42810356616973877,,
224,7821,319.19,7.3,857,1755136,0.2234375,1.9076844260562211,-1.2276597417891026,-0.030064757080981507,0.0003,8560,0.025244184,0.057376593351364136,0.2,0.41936320066452026,,
224,7830,318.91,6.8,858,1757184,0.244775390625,1.9843602186068892,-1.2677541572600604,-0.029499332097475416,0.0003,8570,0.029569317,0.15713860094547272,0.2,0.1774289608001709,,
224,7838,321.65,7.1,859,1759232,0.181298828125,2.939179885108024,-1.1900528080761432,-0.02741194801637903,0.0003,8580,0.022326976,0.03714805841445923,0.2,-0.2879979610443115,,
,,,,,1760000,0.2080078125,3.4243446881882846,-1.250517177209258,-0.03127084402367473,0.0003,8590,0.020548316,0.3487101197242737,0.2,-0.3417004346847534,387.0,22.0
224,7853,310.32,5.6,860,1761280,,,,,,,,,,,,
224,7862,311.28,5.8,861,1763328,0.20751953125,2.319949937844649,-1.1453373465687036,-0.027938114004791716,0.0003,8600,0.02432672,0.578472912311554,0.2,0.10564243793487549,,
224,7870,322.64,6.7,862,1765376,0.2427734375,1.5067775529576466,-1.2758131947368383,-0.028916003453196025,0.0003,8610,0.03142381,0.04518720507621765,0.2,0.6749885082244873,,
224,7878,326.99,7.4,863,1767424,0.220263671875,1.7207215150352568,-1.245698006823659,-0.032567788276355716,0.0003,8620,0.026101965,0.13198158144950867,0.2,0.5051679611206055,,
224,7886,333.43,7.8,864,1769472,0.18291015625,2.446389747457579,-1.188834933936596,-0.01928044537344249,0.0003,8630,0.021784235,0.6683180928230286,0.2,0.48737621307373047,,
,,,,,1770000,0.1978515625,3.1363891791552305,-1.2856548741459846,-0.019728548009879887,0.0003,8640,0.02105306,0.41683968901634216,0.2,0.34895139932632446,284.0,-4.0
224,7898,330.85,7.5,865,1771520,,,,,,,,,,,,
224,7907,330.1,7.3,866,1773568,0.1826171875,2.25295861591585,-1.3193650517612696,-0.02576979734294582,0.0003,8650,0.024219748,0.049653347581624985,0.2,0.09775710105895996,,
224,7915,341.36,8.5,867,1775616,0.16630859375,3.462505280971527,-1.1311880737543105,-0.023642168848891743,0.0003,8660,0.016575675,0.2793043851852417,0.2,0.4971514344215393,,
224,7924,349.4,9.3,868,1777664,0.19794921875,2.674015851132572,-1.0918583508580924,-0.02685488571296446,0.0003,8670,0.019438855,0.5394959449768066,0.2,0.2296554446220398,,
224,7934,357.92,9.5,869,1779712,0.178466796875,3.0216959182173015,-1.2324189394712448,-0.020861530827824028,0.0003,8680,0.021839228,0.23726674914360046,0.2,0.466688871383667,,
,,,,,1780000,0.205029296875,1.902060842490755,-1.1478441786020994,-0.026076521968934684,0.0003,8690,0.02199182,0.09166079014539719,0.2,0.3231988549232483,399.6,12.0
224,7949,354.66,9.4,870,1781760,,,,,,,,,,,,
224,7957,343.84,8.5,871,1783808,0.190869140625,2.0812613680958747,-1.1551910657435656,-0.023621320904931055,0.0003,8700,0.020757351,0.04589004069566727,0.2,0.4179137349128723,,
224,7965,340.39,8.2,872,1785856,0.22041015625,2.208324340498075,-1.1826295878738164,-0.028600730502512307,0.0003,8710,0.025212493,0.18388642370700836,0.2,0.36370933055877686,,
224,7974,342.12,8.6,873,1787904,0.251171875,1.3908755175303669,-1.2316620841622352,-0.030858323731808922,0.0003,8720,0.03160796,0.025177910923957825,0.2,0.5638810396194458,,
224,7983,350.44,9.2,874,1789952,0.2369140625,1.6026302688755094,-1.3039321038872003,-0.03169414426374715,0.0003,8730,0.027729407,0.1258678138256073,0.2,0.5403544902801514,,
,,,,,1790000,0.210107421875,2.0229728133184834,-1.2155309703201056,-0.028304322084295563,0.0003,8740,0.022705775,0.10850918292999268,0.2,0.1272650957107544,303.8,12.0
224,7996,345.69,8.9,875,1792000,,,,,,,,,,,,
224,8004,348.46,9.1,876,1794048,0.237744140625,1.6535241215722636,-1.3287300866097211,-0.02912828517437447,0.0003,8750,0.027530167,0.27344927191734314,0.2,0.06906116008758545,,
224,8012,353.07,9.4,877,1796096,0.17578125,2.1785924618598074,-1.1620255624875426,-0.024486350969527847,0.0003,8760,0.020795738,0.19519829750061035,0.2,0.2183300256729126,,
224,8021,358.83,10.6,878,1798144,0.1734375,2.249201554711908,-1.1129797080531716,-0.01804780249367468,0.0003,8770,0.022290125,0.08611395210027695,0.2,0.51874178647995,,
,,,,,1800000,0.19755859375,2.924966219300404,-1.2983197238296271,-0.02894222268369049,0.0003,8780,0.020521129,0.3473411798477173,0.2,0.3259013891220093,262.2,0.0
224,8034,362.66,11.1,879,1800192,,,,,,,,,,,,
224,8042,360.25,10.9,880,1802240,0.20830078125,2.0519103851169347,-1.2954603247344494,-0.029654860973823815,0.0003,8790,0.02226365,0.028009362518787384,0.2,0.527706503868103,,
224,8050,338.82,8.5,881,1804288,0.210693359375,2.433477934403345,-1.1301882188767194,-0.02308002460486023,0.0003,8800,0.020890262,0.47251656651496887,0.2,0.30362367630004883,,
224,8059,339.15,8.8,882,1806336,0.19091796875,3.2703384873457253,-1.3159731552004814,-0.024470452108653264,0.0003,8810,0.019800609,0.7481927275657654,0.2,-0.07013809680938721,,
224,8068,337.67,8.9,883,1808384,0.237548828125,1.8136414125328884,-1.1655265484005213,-0.03378764746594243,0.0003,8820,0.025499625,0.21749058365821838,0.2,0.5206412076950073,,
,,,,,1810000,0.22861328125,2.2113576265983284,-1.2504018757492303,-0.027354752720566467,0.0003,8830,0.025987968,0.1857728660106659,0.2,0.37269097566604614,283.2,8.0
224,8080,333.36,8.0,884,1810432,,,,,,,,,,,,
224,8089,331.46,7.9,885,1812480,0.219482421875,2.1514732195064425,-1.1247152741998434,-0.03197882985405158,0.0003,8840,0.026162442,0.05443284660577774,0.2,-0.08367836475372314,,
224,8098,328.51,7.7,886,1814528,0.20390625,2.8681951252743603,-1.289774477481842,-0.023814003530424087,0.0003,8850,0.019681688,0.7608262300491333,0.2,0.374087393283844,,
224,8106,339.77,8.6,887,1816576,0.24169921875,1.6207295134663582,-1.2267190840095281,-0.023437789408490062,0.0003,8860,0.024411295,0.11539255082607269,0.2,0.3093385696411133,,
224,8115,346.75,8.9,888,1818624,0.20146484375,2.3081252180505545,-1.2805171716958283,-0.026400110530084932,0.0003,8870,0.022726895,0.2249607890844345,0.2,0.44829273223876953,,
,,,,,1820000,0.203857421875,3.6032686776015908,-1.2351384956389666,-0.024637980715488082,0.0003,8880,0.021081153,0.18353480100631714,0.2,-0.08513462543487549,352.6,22.0
223,8129,350.91,9.4,889,1820672,,,,,,,,,,,,
223,8138,347.53,9.2,890,1822720,0.198828125,2.044563474226743,-1.221880466863513,-0.022999579017050565,0.0003,8890,0.020247469,0.7817881107330322,0.2,0.053525567054748535,,
224,8146,341.21,9.0,891,1824768,0.20556640625,2.138761690701358,-1.2647441364824772,-0.024601392907788976,0.0003,8900,0.023732394,0.7132057547569275,0.2,0.12151974439620972,,
224,8155,342.59,9.5,892,1826816,0.2353515625,1.5728741749888286,-1.1945539835840464,-0.028264475357718765,0.0003,8910,0.026307203,0.09734633564949036,0.2,0.561735987663269,,
223,8164,341.71,9.4,893,1828864,0.19775390625,2.601336415344849,-1.1834655191749335,-0.023896082962164656,0.0003,8920,0.022263423,0.07849685847759247,0.2,0.29587477445602417,,
,,,,,1830000,0.211572265625,1.3532265918329358,-1.0506962366402148,-0.030581250195973554,0.0003,8930,0.026881363,0.05519786477088928,0.2,0.2165045142173767,432.2,18.0
223,8179,322.21,7.0,894,1830912,,,,,,,,,,,,
223,8188,325.13,7.2,895,1832960,0.185205078125,2.773116226494312,-1.192653438076377,-0.02627754399436526,0.0003,8940,0.021633688,0.6465997099876404,0.2,0.4520760774612427,,
223,8197,327.43,7.3,896,1835008,0.204931640625,1.8063059610780328,-1.1153357794508338,-0.02920397585257888,0.0003,8950,0.025034375,0.03352983295917511,0.2,0.4281116724014282,,
223,8206,329.26,7.7,897,1837056,0.22685546875,2.101585256913677,-1.2408397391438484,-0.03080877715256065,0.0003,8960,0.024571097,0.161232128739357,0.2,0.2732294797897339,,
223,8215,338.92,8.7,898,1839104,0.197021484375,2.3805611707270145,-1.1626917768269778,-0.031048332879436202,0.0003,8970,0.019995421,0.2549729347229004,0.2,0.17702770233154297,,
,,,,,1840000,0.17958984375,2.2122703877277674,-1.214425178617239,-0.026104297532583587,0.0003,8980,0.020924885,0.10362433642148972,0.2,0.4939991235733032,464.8,24.0
223,8231,335.66,8.3,899,1841152,,,,,,,,,,,,
223,8240,336.3,8.0,900,1843200,0.184033203125,1.826566222636029,-1.2189002443104981,-0.02018025711295195,0.0003,8990,0.020591583,0.21385148167610168,0.2,0.36878228187561035,,
223,8249,340.76,8.7,901,1845248,0.16611328125,3.803075447399169,-1.2012189831584692,-0.023302642771159298,0.0003,9000,0.014654381,0.10820776224136353,0.2,0.35412198305130005,,
223,8257,337.14,8.4,902,1847296,0.224462890625,1.8099329354241491,-1.1471529752016068,-0.033807660281308924,0.0003,9010,0.023748014,0.0570363774895668,0.2,0.308928906917572,,
223,8265,338.84,8.7,903,1849344,0.211669921875,2.5364486714126544,-1.19217556566,-0.025253792453440838,0.0003,9020,0.025651608,0.35009437799453735,0.2,0.12393617630004883,,
,,,,,1850000,0.170361328125,3.489347345288843,-1.1921219680458308,-0.022355206005158834,0.0003,9030,0.017710887,0.32408952713012695,0.2,0.14437884092330933,232.0,-6.0
223,8277,329.14,7.7,904,1851392,,,,,,,,,,,,
223,8287,336.48,8.6,905,1853440,0.191650390625,2.902194220200181,-1.172391937300563,-0.030914757479331458,0.0003,9040,0.021289825,0.2770530581474304,0.2,0.13971543312072754,,
223,8295,340.07,8.8,906,1855488,0.247021484375,1.1284809895325452,-1.2034024085849524,-0.03273468915140256,0.0003,9050,0.02493681,0.011850602924823761,0.2,0.4877427816390991,,
223,8304,350.84,9.8,907,1857536,0.179638671875,3.66567326374352,-1.196664195880294,-0.025095860741566868,0.0003,9060,0.020368567,0.930051326751709,0.2,0.2492707371711731,,
223,8313,358.55,10.6,908,1859584,0.1708984375,2.239013106562197,-1.1482423719018697,-0.022662773460615425,0.0003,9070,0.020303281,0.37999701499938965,0.2,0.5154377818107605,,
,,,,,1860000,0.187548828125,3.1324622923508287,-1.2062881361693143,-0.023893280103220605,0.0003,9080,0.020599406,0.49977949261665344,0.2,-0.0014253854751586914,420.4,16.0
223,8330,356.56,9.9,909,1861632,,,,,,,,,,,,
223,8338,358.71,10.3,910,1863680,0.185595703125,1.783504467550665,-1.130791770108044,-0.02314772213721881,0.0003,9090,0.025937445,0.18057140707969666,0.2,0.2610743045806885,,
223,8346,367.71,11.2,911,1865728,0.17548828125,3.8223752588965,-1.1988387688994409,-0.02749752557137981,0.0003,9100,0.019995488,0.41302743554115295,0.2,0.0017288923263549805,,
223,8355,372.48,12.1,912,1867776,0.156396484375,3.3499340446665884,-1.1057075157761573,-0.02345528619189281,0.0003,9110,0.019325428,0.156875878572464,0.2,0.3709355592727661,,
223,8364,377.84,12.5,913,1869824,0.21826171875,2.34451435348019,-1.1593053545802832,-0.02694115317426622,0.0003,9120,0.026074875,0.17822355031967163,0.2,0.309181272983551,,
,,,,,1870000,0.178076171875,3.814227964170277,-1.2407154988497495,-0.01932739354087971,0.0003,9130,0.020099565,0.4876387119293213,0.2,0.2532802224159241,260.4,2.0
223,8376,368.07,11.5,914,1871872,,,,,,,,,,,,
223,8385,376.39,12.2,915,1873920,0.195166015625,2.8400118555873632,-1.0943996895104646,-0.027043139105080626,0.0003,9140,0.027248807,0.3534471392631531,0.2,0.28826379776000977,,
223,8394,372.68,11.7,916,1875968,0.221044921875,2.3333741979673506,-1.2905323669314384,-0.029408766800770536,0.0003,9150,0.025112169,0.43490758538246155,0.2,0.46999186277389526,,
223,8402,376.85,12.1,917,1878016,0.19423828125,2.6567000282928346,-1.1055271899327637,-0.02714798382075969,0.0003,9160,0.027703425,0.13669425249099731,0.2,0.1909193992614746,,
,,,,,1880000,0.191162109375,2.30755330696702,-1.2508040454238654,-0.01926600549777504,0.0003,9170,0.024774142,0.3561118543148041,0.2,0.21917784214019775,534.4,32.0
223,8419,376.26,11.8,918,1880064,,,,,,,,,,,,
223,8428,365.41,10.8,919,1882112,0.21171875,3.453511816356331,-1.2207157470285892,-0.026921606506220996,0.0003,9180,0.022336816,1.5803618431091309,0.2,0.3942866325378418,,
223,8438,375.04,11.7,920,1884160,0.205810546875,2.1448001093696805,-1.1496406424790622,-0.029336380373570135,0.0003,9190,0.02536929,0.10672306269407272,0.2,0.03257566690444946,,
223,8447,375.93,11.7,921,1886208,0.16953125,2.275806884141639,-1.120397928543389,-0.028068540804088115,0.0003,9200,0.020690484,0.15185752511024475,0.2,0.2473384141921997,,
223,8457,387.53,13.0,922,1888256,0.201611328125,3.129203518200666,-1.190945914760232,-0.03218192076310515,0.0003,9210,0.023341073,0.8373163342475891,0.2,0.07878243923187256,,
,,,,,1890000,0.2248046875,2.1128237947821615,-1.307741517946124,-0.027893863155622967,0.0003,9220,0.023911266,0.1309422254562378,0.2,0.0780254602432251,286.0,0.0
223,8472,400.22,14.1,923,1890304,,,,,,,,,,,,
223,8481,395.58,13.3,924,1892352,0.1978515625,3.3312415189575404,-1.137870960123837,-0.03072755102184601,0.0003,9230,0.023018397,0.10514704138040543,0.2,0.06537061929702759,,
223,8490,367.09,10.7,925,1894400,0.240966796875,2.139075058698654,-1.1495943818241359,-0.034835792423109524,0.0003,9240,0.031218035,1.2826443910598755,0.2,0.4110323190689087,,
223,8499,366.82,10.5,926,1896448,0.192431640625,2.75410392601043,-1.1622790824621916,-0.024864185266778804,0.0003,9250,0.023506902,0.13610103726387024,0.2,0.0007686614990234375,,
223,8508,352.54,9.1,927,1898496,0.23955078125,1.6967010979074986,-1.2409511547535659,-0.03166999375098385,0.0003,9260,0.02866978,0.08871494978666306,0.2,0.39178961515426636,,
,,,,,1900000,0.217626953125,1.9913537102285772,-1.1748139083385467,-0.038702713578823024,0.0003,9270,0.027462205,0.08260412514209747,0.2,0.06642264127731323,422.4,16.0
222,8526,342.86,7.9,928,1900544,,,,,,,,,,,,
222,8535,329.45,5.9,929,1902592,0.196728515625,2.9114157344214617,-1.2378697093576192,-0.028306690794124734,0.0003,9280,0.022320842,0.44643473625183105,0.2,0.22983378171920776,,
222,8544,337.6,6.7,930,1904640,0.236181640625,1.8435472317505628,-1.2130998827517032,-0.031521498542861084,0.0003,9290,0.02904445,0.3869258761405945,0.2,0.33018267154693604,,
222,8554,327.2,5.7,931,1906688,0.207666015625,2.226511214254424,-1.2375424049794674,-0.027071730501484127,0.0003,9300,0.027260413,0.3821428716182709,0.2,0.4468464255332947,,
222,8563,333.39,6.6,932,1908736,0.206591796875,2.233182079019025,-1.2015113279223442,-0.030199967781663874,0.0003,9310,0.025813479,0.23095490038394928,0.2,-0.08441329002380371,,
,,,,,1910000,0.209619140625,2.66929434472695,-1.3236454918980598,-0.02801488219120074,0.0003,9320,0.023020938,0.9291889071464539,0.2,-0.10570204257965088,389.2,6.0
222,8580,325.15,5.5,933,1910784,,,,,,,,,,,,
222,8589,330.34,5.9,934,1912832,0.19501953125,2.5550460297614337,-1.1759866062551736,-0.03238424092851346,0.0003,9330,0.024230048,0.08698958158493042,0.2,-0.10928750038146973,,
222,8598,335.42,6.6,935,1914880,0.204248046875,2.9258975172415376,-1.2850516680628061,-0.031276613063528205,0.0003,9340,0.023348872,0.15859638154506683,0.2,0.1911138892173767,,
222,8607,340.49,7.3,936,1916928,0.216796875,2.6807543436996637,-1.1967959366738796,-0.03374712900258601,0.0003,9350,0.025382925,0.2112979292869568,0.2,0.1210985779762268,,
222,8616,330.83,6.3,937,1918976,0.21337890625,2.055619652336463,-1.2253795720636844,-0.028717509127454834,0.0003,9360,0.02642485,0.2170107364654541,0.2,0.24849599599838257,,
,,,,,1920000,0.245849609375,2.3158641561400146,-1.2819951750338077,-0.037385209111380394,0.0003,9370,0.025477871,0.21269331872463226,0.2,0.030202627182006836,305.2,0.0
222,8631,327.74,5.8,938,1921024,,,,,,,,,,,,
222,8642,324.67,5.9,939,1923072,0.20009765625,1.8378953422652557,-1.2318658996373415,-0.03069654645223636,0.0003,9380,0.02283637,0.48019543290138245,0.2,0.056750595569610596,,
222,8653,332.21,6.6,940,1925120,0.186279296875,2.0128626041579993,-1.1260093646124005,-0.02661430504231248,0.0003,9390,0.024578521,0.017658375203609467,0.2,0.32069140672683716,,
222,8662,337.71,7.2,941,1927168,0.19755859375,2.7353303647600113,-1.1339614685624837,-0.031131545215612278,0.0003,9400,0.022384074,0.2390238344669342,0.2,-0.05704915523529053,,
222,8672,337.85,7.8,942,1929216,0.211669921875,2.9620137930847705,-1.235569230094552,-0.03002262260997668,0.0003,9410,0.023776347,0.3166254162788391,0.2,0.19644159078598022,,
,,,,,1930000,0.246826171875,2.0409409809391947,-1.2583552844822408,-0.02812360945972614,0.0003,9420,0.025733238,0.4410417079925537,0.2,0.248243510723114,402.4,18.0
222,8688,341.83,7.8,943,1931264,,,,,,,,,,,,
222,8696,346.62,8.4,944,1933312,0.213623046875,1.9828043484594673,-1.358158963918686,-0.024054062835057267,0.0003,9430,0.02476331,0.09524166584014893,0.2,0.3450181484222412,,
222,8705,342.03,8.2,945,1935360,0.224169921875,2.551233201473951,-1.1630415484309196,-0.03414896019967273,0.0003,9440,0.020561853,0.17374278604984283,0.2,0.2358655333518982,,
222,8715,350.61,8.7,946,1937408,0.207861328125,2.2845234634820373,-1.1857741087675095,-0.03376537113508675,0.0003,9450,0.024234384,0.6624609231948853,0.2,0.26266491413116455,,
222,8723,345.75,8.2,947,1939456,0.2396484375,1.2352773166261612,-1.2185645699501038,-0.032003430160693826,0.0003,9460,0.02955899,0.061818256974220276,0.2,0.573468804359436,,
,,,,,1940000,0.207080078125,2.0441094994544984,-1.2359975088387727,-0.02943022665567696,0.0003,9470,0.022400565,0.07131757587194443,0.2,0.19928526878356934,236.2,-2.0
222,8736,337.66,7.5,948,1941504,,,,,,,,,,,,
222,8745,337.32,7.1,949,1943552,0.20986328125,2.525705617107451,-1.2422480842098593,-0.03056862626108341,0.0003,9480,0.021993859,0.3610226809978485,0.2,-0.1186215877532959,,
222,8755,338.12,7.4,950,1945600,0.2203125,1.869209230481647,-1.2631624650210143,-0.029810223187087103,0.0003,9490,0.026265604,0.2668780982494354,0.2,0.24590498208999634,,
222,8764,336.26,7.4,951,1947648,0.21220703125,1.6314293772447854,-1.2351971365511418,-0.03131761393160559,0.0003,9500,0.026300665,0.0836290717124939,0.2,0.002515852451324463,,
222,8772,333.8,7.2,952,1949696,0.18583984375,2.6663531723897904,-1.1948538638651371,-0.030145577804069033,0.0003,9510,0.021815427,0.5004400610923767,0.2,0.3356783390045166,,
,,,,,1950000,0.210205078125,2.022349579771981,-1.3135373897850513,-0.025558253371855244,0.0003,9520,0.023539515,0.13911983370780945,0.2,0.23302263021469116,385.8,6.0
222,8789,340.48,7.8,953,1951744,,,,,,,,,,,,
222,8798,341.08,7.9,954,1953792,0.2154296875,1.8854149955324828,-1.2141966599971057,-0.028117750250385144,0.0003,9530,0.026525471,0.02008449286222458,0.2,0.11202347278594971,,
222,8806,329.03,6.2,955,1955840,0.2201171875,2.4590867615304886,-1.1988997679203748,-0.031950634882377926,0.0003,9540,0.0222686,0.3046920895576477,0.2,0.18534302711486816,,
222,8815,320.02,5.4,956,1957888,0.198193359375,2.4612319641280918,-1.168431994318962,-0.026150359914754517,0.0003,9550,0.02403086,0.08664427697658539,0.2,0.3108370304107666,,
222,8824,330.46,6.5,957,1959936,0.22275390625,1.552140361815691,-1.1848891995847226,-0.02418572303140536,0.0003,9560,0.027962103,0.47224530577659607,0.2,0.2569926977157593,,
,,,,,1960000,0.1853515625,3.356311283726245,-1.2414794616401195,-0.026873810405959375,0.0003,9570,0.01905182,0.6192960739135742,0.2,0.03615981340408325,410.0,14.0
221,8838,333.69,6.3,958,1961984,,,,,,,,,,,,
221,8847,335.06,6.8,959,1964032,0.208935546875,2.1491971333511173,-1.2580214008688926,-0.029235304991016165,0.0003,9580,0.026833605,0.0798114687204361,0.2,0.2707129120826721,,
221,8856,338.05,7.4,960,1966080,0.203271484375,1.8735557193402201,-1.1503111444413663,-0.02788747144804802,0.0003,9590,0.027666159,0.12706932425498962,0.2,0.4101582169532776,,
222,8864,343.32,8.3,961,1968128,0.18896484375,3.0804022203199564,-1.2234592121094465,-0.02345247141638538,0.0003,9600,0.022275839,0.43311434984207153,0.2,0.44852280616760254,,
,,,,,1970000,0.205517578125,2.628764973813668,-1.2201259050518274,-0.026713802450103685,0.0003,9610,0.0235322,0.16155868768692017,0.2,0.24503707885742188,323.8,4.0
221,8877,345.21,8.6,962,1970176,,,,,,,,,,,,
221,8886,339.39,8.4,963,1972224,0.19453125,2.6515013672411443,-1.2603194102644921,-0.02642977951618377,0.0003,9620,0.023697093,0.18397660553455353,0.2,0.40555185079574585,,
221,8894,349.74,9.7,964,1974272,0.186181640625,2.9555667226668447,-1.1819593071937562,-0.025555066688684746,0.0003,9630,0.020522801,0.20865559577941895,0.2,0.2024627923965454,,
221,8903,357.73,10.8,965,1976320,0.201416015625,3.3722077538259327,-1.1942676294595003,-0.0276899036281975,0.0003,9640,0.018550305,0.8262413740158081,0.2,0.1323007345199585,,
221,8912,354.0,10.6,966,1978368,0.17294921875,4.664253202080727,-1.139035139605403,-0.020688372751465067,0.0003,9650,0.018923987,0.4851435124874115,0.2,0.037625133991241455,,
,,,,,1980000,0.238037109375,2.688986142585054,-1.1656032770872116,-0.026612404722254724,0.0003,9660,0.026199277,0.24065151810646057,0.2,0.12607115507125854,424.8,24.0
221,8929,351.58,10.0,967,1980416,,,,,,,,,,,,
221,8938,354.31,10.2,968,1982464,0.24375,1.531045260769315,-1.1835862267762423,-0.03386490528355353,0.0003,9670,0.032864932,0.06104513257741928,0.2,0.4830706715583801,,
221,8946,363.55,11.1,969,1984512,0.2189453125,2.4905095026828348,-1.2245726708322764,-0.031142696694587357,0.0003,9680,0.02402344,0.15904133021831512,0.2,0.21631217002868652,,
221,8955,355.05,10.0,970,1986560,0.193701171875,3.0764441060833634,-1.143406930938363,-0.02727512863348238,0.0003,9690,0.02220096,0.08915088325738907,0.2,0.27026236057281494,,
221,8963,357.49,10.5,971,1988608,0.19755859375,2.6228442987892775,-1.2492569748312234,-0.02273733674082905,0.0003,9700,0.021272529,0.12904736399650574,0.2,0.33252090215682983,,
,,,,,1990000,0.171484375,3.3420830147806555,-1.1033977692946793,-0.023404157254844904,0.0003,9710,0.019988833,0.7322568297386169,0.2,0.44800329208374023,317.8,10.0
221,8977,355.19,10.6,972,1990656,,,,,,,,,,,,
221,8985,347.36,10.1,973,1992704,0.17587890625,3.149886069819331,-1.1120715936645866,-0.02567962030589115,0.0003,9720,0.021761268,0.23574131727218628,0.2,0.20685535669326782,,
221,8994,342.91,9.4,974,1994752,0.24921875,2.0979332154616714,-1.1785315956920386,-0.029406960174674167,0.0003,9730,0.03357217,0.272774338722229,0.2,0.17296916246414185,,
221,9004,344.95,9.7,975,1996800,0.205224609375,2.8134999325033276,-1.1990945052355528,-0.0324164970399579,0.0003,9740,0.02385583,0.16835853457450867,0.2,-0.1237795352935791,,
221,9013,341.07,9.2,976,1998848,0.2177734375,2.4591987886000424,-1.1634614244103432,-0.03129340060404502,0.0003,9750,0.029367672,0.11826714873313904,0.2,0.1566830277442932,,
,,,,,2000000,0.220849609375,2.386629221169278,-1.1756308265030384,-0.026330023480113596,0.0003,9760,0.024384461,0.1378449946641922,0.2,0.29960209131240845,507.4,26.0
221,9030,344.45,9.6,977,2000896,,,,,,,,,,,,
