time/time_elapsed,time/total_timesteps,time/iterations,rollout/ep_rew_mean,time/fps,rollout/ep_len_mean,train/value_loss,train/clip_range,train/explained_variance,train/n_updates,train/policy_gradient_loss,train/loss,train/clip_fraction,train/entropy_loss,train/learning_rate,train/approx_kl,eval/mean_reward,eval/mean_ep_length
6,2048,1,15.752,299,378.4,,,,,,,,,,,,
14,4096,2,8.386666666666667,275,341.1666666666667,5.660512470826506,0.2,0.011786162853240967,10,-0.010295378509908915,3.985126495361328,0.096923828125,-2.1880774892866612,0.0003,0.010444561,,
22,6144,3,10.35375,276,350.5625,6.148955275118351,0.2,0.05402517318725586,20,-0.009510806335310918,2.4235877990722656,0.09248046875,-2.176090842485428,0.0003,0.008711794,,
29,8192,4,7.927916666666666,281,336.8333333333333,6.3038336403667925,0.2,0.14515453577041626,30,-0.01163340124185197,1.8448762893676758,0.1576171875,-2.1519008815288543,0.0003,0.015936118,,
,10000,,,,,5.925531141646206,0.2,0.04443001747131348,40,-0.010701391400652937,1.5831645727157593,0.162548828125,-2.123915924876928,0.0003,0.016002286,-5.234,277.8
38,10240,5,4.827272727272727,264,303.030303030303,,,,,,,,,,,,
45,12288,6,3.133809523809524,273,291.54761904761904,6.271329940855503,0.2,0.12776386737823486,50,-0.007888238565647044,3.173689603805542,0.129541015625,-2.1232880637049676,0.0003,0.013122515,,
51,14336,7,1.575102040816326,278,281.7959183673469,5.189544761180878,0.2,0.09573918581008911,60,-0.009811237166286447,4.229977130889893,0.191552734375,-2.0983119167387487,0.0003,0.012734689,,
57,16384,8,2.7191071428571427,284,291.7142857142857,4.351326180063188,0.2,0.2706485986709595,70,-0.0045490565506042914,3.1221697330474854,0.1462890625,-2.0796216897666455,0.0003,0.008146923,,
64,18432,9,1.89703125,286,285.328125,6.8307844087481495,0.2,0.13050544261932373,80,-0.0066950242966413494,6.685594081878662,0.14326171875,-2.02536929436028,0.0003,0.008703691,,
,20000,,,,,3.9885711178183554,0.2,0.20574593544006348,90,-0.0014767376822419464,1.3683431148529053,0.116650390625,-2.004367047920823,0.0003,0.00994512,-7.7620000000000005,224.8
73,20480,10,1.7240845070422535,278,286.943661971831,,,,,,,,,,,,
80,22528,11,2.667236842105263,281,294.9868421052632,4.446675353497267,0.2,0.31622302532196045,100,-0.005845944304019213,2.2426600456237793,0.16181640625,-2.038197506964207,0.0003,0.015234828,,
86,24576,12,1.8136470588235296,283,289.11764705882354,5.600067655742168,0.2,0.3238679766654968,110,-0.005455358017934486,3.3829822540283203,0.103662109375,-2.0314406141638757,0.0003,0.010848877,,
93,26624,13,1.438586956521739,284,287.0,3.4907261611893774,0.2,0.4117008447647095,120,-0.008927392101031727,2.1218321323394775,0.1552734375,-2.0450963281095027,0.0003,0.014679261,,
100,28672,14,1.3121000000000003,286,283.02,2.989548594504595,0.2,0.16575616598129272,130,-0.010105098399799317,0.7528273463249207,0.1900390625,-2.0430197842419147,0.0003,0.013347893,,
,30000,,,,,4.439774281531572,0.2,0.1173517107963562,140,-0.00666791543335421,2.244055986404419,0.145361328125,-2.0056554932147264,0.0003,0.0110619925,-3.318,269.6
110,30720,15,0.27270000000000016,278,278.98,,,,,,,,,,,,
116,32768,16,-0.252,280,276.46,2.8653708652593197,0.2,0.2470380663871765,150,-0.008887694458826445,0.9085507988929749,0.16103515625,-1.9805708549916745,0.0003,0.016951367,,
124,34816,17,-0.18500000000000008,280,273.17,2.6529275972396134,0.2,0.1756541132926941,160,-0.007423514939728193,2.6184616088867188,0.14931640625,-1.913768930733204,0.0003,0.010851029,,
131,36864,18,0.4563999999999998,280,277.37,4.731509396433831,0.2,0.07804912328720093,170,-0.009410180598206353,1.677406668663025,0.11728515625,-1.9493937551975251,0.0003,0.012294015,,
139,38912,19,0.5722999999999998,279,278.97,5.127118351869285,0.2,-0.10282504558563232,180,-0.006087663555808831,2.9921517372131348,0.122265625,-1.9301770772784947,0.0003,0.009778402,,
,40000,,,,,4.424547874182463,0.2,-0.03908216953277588,190,-0.0060360414005117494,1.3361026048660278,0.132666015625,-1.933486457169056,0.0003,0.012572361,4.773999999999999,279.6
150,40960,20,0.9335,272,285.12,,,,,,,,,,,,
157,43008,21,0.7694999999999999,273,278.71,2.8796773076988758,0.2,0.09758996963500977,200,-0.010110129801614676,0.4497017562389374,0.1626953125,-1.9090377148240805,0.0003,0.011066597,,
164,45056,22,0.2104999999999998,273,272.76,3.476643613539636,0.2,0.2105533480644226,210,-0.01197744342207443,1.186726689338684,0.214111328125,-1.9596853367984295,0.0003,0.014957248,,
171,47104,23,0.17349999999999985,273,269.06,4.07507551535964,0.2,-0.0029686689376831055,220,-0.006767412184854038,2.093120813369751,0.1529296875,-1.9744617629796266,0.0003,0.010489821,,
179,49152,24,-0.2801,274,263.66,2.9127576768398287,0.2,0.32255077362060547,230,-0.00858238781656837,1.278089165687561,0.165869140625,-1.9149175230413675,0.0003,0.015282577,,
,50000,,,,,3.99344203453511,0.2,0.22954612970352173,240,-0.009090645237301942,1.5710405111312866,0.176318359375,-1.82420646622777,0.0003,0.012770734,5.219999999999999,324.2
191,51200,25,-0.19480000000000008,267,262.2,,,,,,,,,,,,
198,53248,26,0.46550000000000014,268,268.29,3.19999082647264,0.2,0.10001075267791748,250,-0.007169117894954979,0.7131526470184326,0.14658203125,-1.8278183706104756,0.0003,0.013198084,,
206,55296,27,0.46490000000000004,268,268.25,4.763540649041533,0.2,0.13368010520935059,260,-0.006543737259926274,1.1429623365402222,0.198388671875,-1.7671154487878085,0.0003,0.017523171,,
213,57344,28,1.7481,268,276.65,3.2442569243721664,0.2,0.377863347530365,270,-0.004345656889199745,0.6134963631629944,0.161181640625,-1.7507589340209961,0.0003,0.012530739,,
221,59392,29,2.3595000000000006,268,277.83,3.840373448655009,0.2,0.3214583992958069,280,-0.009177093363541644,0.9816744923591614,0.12822265625,-1.7169636007398368,0.0003,0.013378073,,
,60000,,,,,2.334681408200413,0.2,0.46893346309661865,290,-0.007240804142202251,0.4202191233634949,0.148974609375,-1.7185101676732302,0.0003,0.01344057,9.434000000000001,346.0
233,61440,30,2.803100000000001,263,282.23,,,,,,,,,,,,
241,63488,31,1.9973000000000005,263,281.57,4.653113717585802,0.2,0.06416696310043335,300,-0.005572999938158319,1.5788507461547852,0.131884765625,-1.6515948381274939,0.0003,0.011445988,,
248,65536,32,1.7946,263,281.28,2.4965660898946225,0.2,0.23152291774749756,310,-0.01293740454420913,0.5848768353462219,0.192578125,-1.9196603249758482,0.0003,0.055757307,,
256,67584,33,1.5406,263,275.84,2.4832556150853633,0.2,0.4827647805213928,320,-0.006459510617423803,1.2156853675842285,0.157421875,-1.899764895439148,0.0003,0.0143372845,,
264,69632,34,1.5347,263,275.25,2.5021546939387918,0.2,0.325666606426239,330,-0.011209613808023277,0.8456107974052429,0.178369140625,-1.9098268002271652,0.0003,0.016069286,,
,70000,,,,,2.302854917291552,0.2,0.4412599802017212,340,-0.0032442045616335236,0.8292961716651917,0.112353515625,-1.8806621804833412,0.0003,0.012007411,0.35399999999999954,237.2
274,71680,35,2.4332,260,285.16,,,,,,,,,,,,
282,73728,36,2.6800000000000006,260,289.86,3.5289243321865795,0.2,0.018135786056518555,350,-0.014207734931551386,1.2427729368209839,0.181640625,-1.805191146209836,0.0003,0.015314005,,
290,75776,37,2.9075,260,292.63,2.1677786509506403,0.2,0.35910969972610474,360,-0.009412763951695524,0.9831236600875854,0.13271484375,-1.8376960404217244,0.0003,0.014849398,,
298,77824,38,2.9849,260,290.36,2.886932878009975,0.2,0.014005780220031738,370,-0.014267376926727592,0.9160671234130859,0.179931640625,-1.9468894250690938,0.0003,0.01736411,,
307,79872,39,3.727199999999999,260,294.64,2.4422686555422843,0.2,0.32154446840286255,380,-0.014730759643134661,0.626535177230835,0.2193359375,-1.9282904371619225,0.0003,0.026726935,,
,80000,,,,,2.993024661950767,0.2,0.31381750106811523,390,-0.01522108851640951,0.4964955747127533,0.2140625,-1.969345835596323,0.0003,0.020905338,6.958,298.2
319,81920,40,4.0311,256,295.06,,,,,,,,,,,,
329,83968,41,3.7147,255,293.39,3.414982762001455,0.2,0.2006545066833496,400,-0.012165346994879655,1.3920031785964966,0.184423828125,-1.9178014315664769,0.0003,0.018619947,,
337,86016,42,3.933299999999999,254,295.29,2.3725453780032693,0.2,-0.047997236251831055,410,-0.011556609990657307,0.9923570156097412,0.17822265625,-1.8397827699780465,0.0003,0.016238084,,
346,88064,43,3.148,254,286.67,3.851652488671243,0.2,0.16987723112106323,420,-0.005976153499796055,1.3052226305007935,0.119189453125,-1.8036885548382997,0.0003,0.010639396,,
,90000,,,,,3.154271845519543,0.2,0.2585158348083496,430,-0.012721477719605901,0.6288382411003113,0.170263671875,-1.7941412035375834,0.0003,0.01712077,4.738000000000001,276.0
357,90112,44,2.7137000000000002,251,283.2,,,,,,,,,,,,
365,92160,45,3.8708999999999993,252,289.01,2.3301529593765737,0.2,0.3954012393951416,440,-0.011661956497118809,0.9051409959793091,0.180712890625,-1.8019879814237356,0.0003,0.03666175,,
372,94208,46,3.6775999999999995,252,289.68,2.6653364988043906,0.2,0.4532105326652527,450,-0.012370724155334755,0.49255675077438354,0.19677734375,-1.7913599666208029,0.0003,0.017471239,,
380,96256,47,4.4154,253,293.49,2.1418045891448854,0.2,0.6231803297996521,460,-0.01144061988161411,0.7261674404144287,0.176904296875,-1.602328898012638,0.0003,0.015722608,,
387,98304,48,4.979500000000001,253,299.97,3.6930988244712353,0.2,0.08736908435821533,470,-0.008488141166162677,2.136583089828491,0.18388671875,-1.7714438021183014,0.0003,0.018328065,,
,100000,,,,,2.9368729065172374,0.2,0.2667848467826843,480,-0.016260217942181042,1.1126518249511719,0.2359375,-1.6554149847477675,0.0003,0.030360732,-3.568,244.6
399,100352,49,5.535,251,305.57,,,,,,,,,,,,
406,102400,50,5.870999999999999,251,309.2,3.380350618623197,0.2,0.18577104806900024,490,-0.012371731146413368,1.2444522380828857,0.15048828125,-1.3913476932793856,0.0003,0.019132169,,
414,104448,51,6.3069999999999995,252,312.84,2.303393941372633,0.2,0.3948395848274231,500,-0.008046443533385173,0.6385806798934937,0.12568359375,-1.4620625745505094,0.0003,0.011365587,,
422,106496,52,6.5383000000000004,251,315.99,2.026090065762401,0.2,0.40784430503845215,510,-0.01084812801273074,1.0725666284561157,0.1689453125,-1.5872644029557705,0.0003,0.01731402,,
432,108544,53,7.132500000000001,251,325.46,1.9766072759870439,0.2,0.11381524801254272,520,-0.014425834226130974,0.17338809370994568,0.2466796875,-1.733514055237174,0.0003,0.038604006,,
,110000,,,,,1.2727387237828225,0.2,0.7582655549049377,530,-0.013112909242045135,0.21891504526138306,0.209912109375,-1.3294715456664563,0.0003,0.023159148,9.152,317.4
446,110592,54,7.171199999999999,247,329.31,,,,,,,,,,,,
454,112640,55,6.874099999999999,247,329.59,1.2612887740135192,0.2,0.5241479873657227,540,-0.013381213482352905,0.20454253256320953,0.205078125,-1.3715085197240113,0.0003,0.025679804,,
463,114688,56,7.1251999999999995,247,334.72,3.6891384652815757,0.2,0.13578051328659058,550,-0.008736337482696399,1.8389346599578857,0.17470703125,-1.6479478180408478,0.0003,0.01708909,,
471,116736,57,7.1415999999999995,247,336.36,1.487412550812587,0.2,0.6147128343582153,560,-0.010477240417094436,0.12873804569244385,0.168701171875,-1.3994312617927789,0.0003,0.013058657,,
479,118784,58,7.0569,247,337.9,2.084836054034531,0.2,0.3301296830177307,570,-0.00991126935405191,0.21014893054962158,0.187255859375,-1.4610560651868583,0.0003,0.02174986,,
,120000,,,,,1.6904133712872862,0.2,0.26544976234436035,580,-0.013738556246971711,0.4723348617553711,0.190234375,-1.6008179415017367,0.0003,0.024958797,-5.736,227.6
490,120832,59,7.564500000000002,246,338.69,,,,,,,,,,,,
497,122880,60,7.9491000000000005,246,347.2,2.7611414972692727,0.2,0.1675788164138794,590,-0.01553707194107119,0.7904847860336304,0.181201171875,-1.5145422611385584,0.0003,0.020326268,,
505,124928,61,8.0223,246,344.51,1.7561277926899492,0.2,0.27196282148361206,600,-0.011429560216492973,0.4062366783618927,0.151611328125,-1.5502550706267357,0.0003,0.020460892,,
512,126976,62,7.481100000000001,247,340.34,1.585293654492125,0.2,0.3671340346336365,610,-0.008355921992915682,1.0769851207733154,0.168408203125,-1.5961812321096658,0.0003,0.015002731,,
521,129024,63,6.724200000000001,247,334.58,1.654475821647793,0.2,0.4997028708457947,620,-0.01672943838057108,0.5475354790687561,0.178759765625,-1.6125037662684918,0.0003,0.017563395,,
,130000,,,,,1.2803781883325427,0.2,0.5042610168457031,630,-0.010649725442635826,0.22040054202079773,0.198095703125,-1.5892146687954665,0.0003,0.017134126,2.7199999999999998,273.6
533,131072,64,6.0116,245,333.29,,,,,,,,,,,,
541,133120,65,4.9885,245,320.87,1.779440512880683,0.2,0.13947969675064087,640,-0.013164044106088114,0.39734750986099243,0.2376953125,-1.8035367272794247,0.0003,0.020320605,,
549,135168,66,4.903300000000001,245,322.36,1.6173246373422443,0.2,0.29628151655197144,650,-0.008542513998690993,0.3650941848754883,0.154638671875,-1.7558524653315544,0.0003,0.013421442,,
557,137216,67,5.6188,246,323.94,1.7052156932651996,0.2,0.1742405891418457,660,-0.013284275430487468,0.5419252514839172,0.178759765625,-1.7753003492951394,0.0003,0.020411612,,
565,139264,68,5.6693,246,318.98,2.408337336499244,0.2,0.35028958320617676,670,-0.011390458239475265,0.8304983973503113,0.175927734375,-1.757979293167591,0.0003,0.017011872,,
,140000,,,,,1.7764655877370388,0.2,0.08522254228591919,680,-0.01205229781626258,0.6146810054779053,0.183984375,-1.7009152621030807,0.0003,0.0208746,-7.9319999999999995,207.8
579,141312,69,5.578499999999998,244,319.89,,,,,,,,,,,,
588,143360,70,5.168900000000001,243,318.93,1.3006886396557094,0.2,0.3462527394294739,690,-0.011403664079261943,0.3903108537197113,0.20068359375,-1.5819999232888222,0.0003,0.02368655,,
597,145408,71,4.7156,243,313.56,1.9491567793302238,0.2,0.19953274726867676,700,-0.01052586743608117,0.4773083031177521,0.146435546875,-1.6149312663823365,0.0003,0.017595252,,
606,147456,72,4.7478,243,316.78,1.4621555014513432,0.2,0.25649094581604004,710,-0.011466105753788725,0.08933763206005096,0.183056640625,-1.6101951435208322,0.0003,0.01821436,,
614,149504,73,5.0452,243,316.55,1.1019381537567825,0.2,0.4653221368789673,720,-0.009037071527563967,0.06929698586463928,0.208740234375,-1.594300825893879,0.0003,0.017704297,,
,150000,,,,,2.063489115610719,0.2,0.18135404586791992,730,-0.00908561441465281,0.40751221776008606,0.138671875,-1.6234663642942906,0.0003,0.013286808,-5.266,274.6
627,151552,74,3.8632,241,308.26,,,,,,,,,,,,
636,153600,75,3.2228000000000003,241,304.18,1.4636901169084013,0.2,0.17941224575042725,740,-0.0182789305516053,0.18085655570030212,0.21904296875,-1.6324338525533677,0.0003,0.017407339,,
644,155648,76,3.1164,241,303.53,0.847291852417402,0.2,0.6518526077270508,750,-0.01547464939794736,0.12330090999603271,0.22255859375,-1.6420128807425498,0.0003,0.022697337,,
653,157696,77,2.919500000000001,241,293.85,1.6145298017654568,0.2,0.4436463713645935,760,-0.01616379183542449,0.3709051012992859,0.1916015625,-1.7259967193007468,0.0003,0.019463008,,
660,159744,78,2.5120999999999998,241,293.07,1.9012544004246592,0.2,-0.054412841796875,770,-0.012854014633921907,0.3975229859352112,0.141650390625,-1.8111643865704536,0.0003,0.015747238,,
,160000,,,,,1.409086967026815,0.2,-0.059877634048461914,780,-0.016256497052381746,0.19224587082862854,0.19375,-1.7073523458093405,0.0003,0.019524727,-3.502,251.2
672,161792,79,2.2758999999999996,240,289.45,,,,,,,,,,,,
679,163840,80,1.8020999999999991,241,281.99,1.4438481086399406,0.2,-0.06818902492523193,790,-0.015884079833631402,0.2726314663887024,0.206640625,-1.7243699859827757,0.0003,0.018262204,,
687,165888,81,1.2495999999999992,241,276.71,1.1613397685810924,0.2,0.1609935164451599,800,-0.013085031512309797,0.12443403154611588,0.187109375,-1.6805417742580175,0.0003,0.022635289,,
695,167936,82,0.8704,241,278.77,1.674447205523029,0.2,0.05273157358169556,810,-0.013197408881387674,0.8028342723846436,0.170849609375,-1.758654747158289,0.0003,0.014343717,,
703,169984,83,1.1063999999999998,241,272.4,1.405053016031161,0.2,0.03999084234237671,820,-0.01517652530747,0.304110050201416,0.193603515625,-1.6798432003706694,0.0003,0.017726403,,
,170000,,,,,2.253055196302012,0.2,-0.0685807466506958,830,-0.014351491827983408,0.689446210861206,0.187060546875,-1.7454378202557563,0.0003,0.018641151,2.652,266.8
715,172032,84,0.8059999999999996,240,272.33,,,,,,,,,,,,
723,174080,85,0.07870000000000016,240,259.54,1.4721743573434651,0.2,0.04998278617858887,840,-0.010594298197247554,0.25534576177597046,0.191796875,-1.6078118614852428,0.0003,0.018862996,,
731,176128,86,0.5895000000000001,240,260.67,1.5148847558535636,0.2,0.18203216791152954,850,-0.018423928678384983,0.23314493894577026,0.21494140625,-1.7493082713335752,0.0003,0.026230766,,
739,178176,87,0.36680000000000007,240,258.38,1.8055766072124242,0.2,0.43248414993286133,860,-0.008869815495563671,0.15892380475997925,0.179296875,-1.610936014726758,0.0003,0.019460328,,
,180000,,,,,1.6298644058872014,0.2,0.5126971006393433,870,-0.017154791060602293,0.12786631286144257,0.228857421875,-1.7949860896915197,0.0003,0.025036624,5.15,317.2
752,180224,88,1.0211000000000001,239,263.87,,,,,,,,,,,,
760,182272,89,1.024,239,264.18,2.5141952050849796,0.2,0.09672760963439941,880,-0.01010198881413089,0.2166425883769989,0.144677734375,-1.7295579571276902,0.0003,0.013431402,,
767,184320,90,1.0192999999999999,240,263.71,1.9981965046841652,0.2,-0.010185599327087402,890,-0.013522094101062976,0.279387503862381,0.1947265625,-1.6517702955752611,0.0003,0.021664893,,
775,186368,91,1.469,240,268.72,1.3789027446415276,0.2,0.39855003356933594,900,-0.010899408219847828,0.16077524423599243,0.20634765625,-1.6990096889436246,0.0003,0.019171372,,
783,188416,92,1.3276,240,264.57,1.1092098045162857,0.2,0.44019007682800293,910,-0.013214836668339558,0.0729556679725647,0.18779296875,-1.7467977102845906,0.0003,0.016517274,,
,190000,,,,,1.6415098839439453,0.2,-0.06937205791473389,920,-0.010602574006770737,0.14921705424785614,0.175048828125,-1.7711933918297291,0.0003,0.01664387,7.3100000000000005,333.4
798,190464,93,2.1585,238,277.73,,,,,,,,,,,,
806,192512,94,2.6325000000000007,238,285.23,1.5518661396112292,0.2,-0.00984334945678711,930,-0.011068269499810412,0.4893006384372711,0.17919921875,-1.5891521994024516,0.0003,0.01834693,,
813,194560,95,3.0581000000000005,239,287.83,2.6204539590515195,0.2,0.29490840435028076,940,-0.010752388954279013,0.6750642657279968,0.1529296875,-1.7604747831821441,0.0003,0.015987212,,
821,196608,96,3.4642,239,288.48,2.2862427625339476,0.2,0.25688672065734863,950,-0.012969553052971605,0.18494796752929688,0.141455078125,-1.6989161539822817,0.0003,0.013541552,,
828,198656,97,3.1587,239,287.9,2.2327340809628367,0.2,0.2642238140106201,960,-0.011534963271697053,1.2363510131835938,0.195166015625,-1.633756437897682,0.0003,0.015923837,,
,200000,,,,,1.3863706363830715,0.2,0.3780229091644287,970,-0.014802817287272774,0.1610192358493805,0.20986328125,-1.5540140252560377,0.0003,0.025776843,2.9539999999999997,297.4
842,200704,98,4.1754999999999995,238,299.67,,,,,,,,,,,,
849,202752,99,4.2556,238,297.69,1.922472121892497,0.2,0.22757256031036377,980,-0.012094090642494847,0.40035220980644226,0.188720703125,-1.624039414152503,0.0003,0.019255621,,
857,204800,100,3.5255000000000005,238,294.61,0.8704476521816105,0.2,0.5173991322517395,990,-0.015124661536538042,0.3265509009361267,0.2146484375,-1.4852862812578678,0.0003,0.026716223,,
864,206848,101,3.6078999999999994,239,292.84,2.0238309716805816,0.2,0.04017370939254761,1000,-0.01181586190359667,1.4702705144882202,0.14033203125,-1.603634075075388,0.0003,0.015668102,,
872,208896,102,4.2654000000000005,239,298.65,2.486076683923602,0.2,0.19941890239715576,1010,-0.0062696175344171936,0.41407087445259094,0.149169921875,-1.66437229514122,0.0003,0.014237231,,
,210000,,,,,1.6497210110537708,0.2,0.2658455967903137,1020,-0.011468371722730807,0.054968543350696564,0.1771484375,-1.7005648478865623,0.0003,0.018268187,-1.8139999999999996,220.2
882,210944,103,4.1378,239,295.88,,,,,,,,,,,,
889,212992,104,4.610200000000001,239,303.16,1.4442216828931123,0.2,0.47927355766296387,1030,-0.010620488828863017,1.112173080444336,0.187939453125,-1.6255785621702672,0.0003,0.02137605,,
897,215040,105,4.8317000000000005,239,305.31,1.91364066246897,0.2,0.3445392847061157,1040,-0.0069591270614182575,0.14903096854686737,0.1587890625,-1.5678337167948484,0.0003,0.0144601725,,
905,217088,106,5.078400000000001,239,299.97,1.8397230460541323,0.2,-0.027107596397399902,1050,-0.013553311026771552,0.405037522315979,0.190771484375,-1.5029772125184535,0.0003,0.01926139,,
912,219136,107,6.1761,240,309.84,1.4063840178772806,0.2,0.45548081398010254,1060,-0.013661960771423764,0.024066172540187836,0.217626953125,-1.556837260350585,0.0003,0.022572154,,
,220000,,,,,1.637198915053159,0.2,0.19351422786712646,1070,-0.0071731718970113436,0.5667635202407837,0.1859375,-1.6081701256334782,0.0003,0.016592935,18.272,430.6
926,221184,108,5.689100000000001,238,301.1,,,,,,,,,,,,
934,223232,109,6.359699999999998,238,308.22,1.5928528744261712,0.2,0.3299099802970886,1080,-0.012952744847279974,0.4769849181175232,0.22216796875,-1.448273777961731,0.0003,0.021997161,,
942,225280,110,7.042199999999999,238,316.53,1.78581074164249,0.2,0.2826678156852722,1090,-0.010123138097696938,0.16912591457366943,0.180712890625,-1.406565834209323,0.0003,0.015443681,,
950,227328,111,6.7369,239,315.97,2.3041079079266638,0.2,0.4333922863006592,1100,-0.008525443846883718,0.38477352261543274,0.1662109375,-1.363416251540184,0.0003,0.013984576,,
957,229376,112,7.1893,239,321.25,2.4682522831484675,0.2,0.17130404710769653,1110,-0.005646372209594119,0.13678525388240814,0.12587890625,-1.3395380295813084,0.0003,0.013126422,,
,230000,,,,,2.1817730465903877,0.2,0.47986865043640137,1120,-0.0031295874709030614,0.29184406995773315,0.138818359375,-1.3881589747965335,0.0003,0.013765336,-5.484,252.8
968,231424,113,7.421500000000001,238,324.47,,,,,,,,,,,,
975,233472,114,7.0676999999999985,239,319.06,1.4239644948625938,0.2,0.3473682403564453,1130,-0.009146155041526072,0.16827887296676636,0.17890625,-1.3952585410326719,0.0003,0.02651072,,
982,235520,115,6.9751,239,319.79,2.5297490382567047,0.2,0.26308828592300415,1140,-0.010464256716659293,0.2586837410926819,0.176416015625,-1.4541863340884447,0.0003,0.017034091,,
991,237568,116,7.4681,239,329.13,1.7395455327350646,0.2,0.48830121755599976,1150,-0.011115567327942699,0.39045339822769165,0.1822265625,-1.3881982073187829,0.0003,0.014909076,,
998,239616,117,7.6022,239,332.57,1.760827219672501,0.2,0.3884775638580322,1160,-0.01200145230977796,0.05913299322128296,0.20283203125,-1.4616360630840064,0.0003,0.021043092,,
,240000,,,,,2.08978676632978,0.2,0.3725309371948242,1170,-0.005770341862807981,0.3073318898677826,0.1462890625,-1.330583706498146,0.0003,0.012414476,3.004,302.4
1010,241664,118,7.494799999999999,239,331.82,,,,,,,,,,,,
1018,243712,119,7.8229,239,334.66,1.6319249252788723,0.2,0.4289131164550781,1180,-0.007900584102026187,0.38283947110176086,0.1625,-1.4596567269414664,0.0003,0.013556987,,
1026,245760,120,8.1745,239,339.85,1.4212812256766483,0.2,0.33131206035614014,1190,-0.014008349494542927,0.058835141360759735,0.218212890625,-1.4862541869282722,0.0003,0.0239564,,
1033,247808,121,8.698899999999998,239,342.34,1.589978640479967,0.2,0.21870362758636475,1200,-0.010212685870646965,0.2313477098941803,0.181396484375,-1.5687772694975137,0.0003,0.020835966,,
1041,249856,122,9.1462,239,347.11,1.4555589775089175,0.2,0.22497183084487915,1210,-0.013738830786314793,0.08601095527410507,0.206982421875,-1.4084668714553117,0.0003,0.02018326,,
,250000,,,,,1.5979435729561373,0.2,0.36489158868789673,1220,-0.012609101743146311,0.12677505612373352,0.16171875,-1.3287547796964645,0.0003,0.01718862,0.33999999999999986,235.8
1052,251904,123,9.1865,239,351.16,,,,,,,,,,,,
1060,253952,124,8.7743,239,349.9,1.3408387194387614,0.2,0.3209384083747864,1230,-0.006516220512276049,0.287554532289505,0.1689453125,-1.2662524040788412,0.0003,0.0134431375,,
1068,256000,125,8.435699999999999,239,346.01,2.0822573697194455,0.2,-0.07373499870300293,1240,-0.010542105764034203,0.16013863682746887,0.167724609375,-1.3567042380571366,0.0003,0.019445933,,
1075,258048,126,8.078199999999999,239,340.23,2.145797020709142,0.2,0.19445794820785522,1250,-0.011638533498626202,0.22813209891319275,0.184228515625,-1.4299183618277311,0.0003,0.01896265,,
,260000,,,,,1.1918787736212835,0.2,0.49291354417800903,1260,-0.011273438562056981,0.07056201994419098,0.219873046875,-1.3616233348846436,0.0003,0.021535806,2.3139999999999996,233.4
1086,260096,127,6.8530999999999995,239,327.61,,,,,,,,,,,,
1094,262144,128,5.735500000000001,239,315.77,1.5331646307371556,0.2,0.16316622495651245,1270,-0.008148525236174464,0.13519801199436188,0.1470703125,-1.3492312747985125,0.0003,0.016308933,,
1102,264192,129,5.9293,239,315.17,1.4644211016595363,0.2,0.07894355058670044,1280,-0.012176787032512949,0.11125590652227402,0.22080078125,-1.4093165885657073,0.0003,0.02070675,,
1110,266240,130,5.5012,239,312.32,1.6177411542274058,0.2,0.18382316827774048,1290,-0.016966709939879365,0.3160478472709656,0.240576171875,-1.4208330765366555,0.0003,0.023026975,,
1117,268288,131,4.9864,240,300.8,1.1028788333758712,0.2,0.2770978808403015,1300,-0.008939538031700067,0.04079178720712662,0.1982421875,-1.468280291929841,0.0003,0.023381501,,
,270000,,,,,1.7157808569259942,0.2,-0.023367762565612793,1310,-0.010275976071716287,0.23650124669075012,0.169775390625,-1.3773540500551462,0.0003,0.016908284,9.286000000000001,331.2
1129,270336,132,4.5433,239,296.45,,,,,,,,,,,,
1136,272384,133,5.9487,239,307.12,2.6018798280972986,0.2,-0.36711061000823975,1320,-0.010909129309584386,0.5803861021995544,0.12978515625,-1.5307322893291713,0.0003,0.013639383,,
1143,274432,134,5.7116999999999996,239,303.4,1.2111570281442254,0.2,0.3235210180282593,1330,-0.010534967378771399,0.08298422396183014,0.203271484375,-1.3867187116295099,0.0003,0.023632817,,
1152,276480,135,4.9376,239,295.92,1.5867116327863187,0.2,0.31300556659698486,1340,-0.014424164965748786,0.08550012111663818,0.196923828125,-1.4516514882445335,0.0003,0.020024134,,
1159,278528,136,3.7430999999999996,240,286.38,1.728729064948857,0.2,0.24662160873413086,1350,-0.01185768501018174,0.18467307090759277,0.1705078125,-1.3227935694158077,0.0003,0.019361887,,
,280000,,,,,1.746613655751571,0.2,0.561266303062439,1360,-0.015639467976870946,0.30465635657310486,0.18232421875,-1.2789975628256798,0.0003,0.01928782,12.206,423.4
1172,280576,137,4.241499999999999,239,286.27,,,,,,,,,,,,
1179,282624,138,4.6206,239,294.23,1.3591861944179982,0.2,0.4801231026649475,1370,-0.010501533222850412,0.2279941290616989,0.154248046875,-1.1605447199195624,0.0003,0.016460057,,
1186,284672,139,3.7415,239,286.24,1.5570415932685138,0.2,0.0350300669670105,1380,-0.011058851180132478,0.07627379149198532,0.166748046875,-1.2598017312586307,0.0003,0.025183015,,
1195,286720,140,3.2906999999999993,239,281.12,1.1533105462323874,0.2,0.38906627893447876,1390,-0.012387305364245548,0.05242648348212242,0.2138671875,-1.3438307959586382,0.0003,0.027537582,,
1203,288768,141,4.7897,240,291.16,1.6338435637764632,0.2,-0.06936097145080566,1400,-0.012963864595803898,0.0652577206492424,0.181396484375,-1.2931276191025973,0.0003,0.018130332,,
,290000,,,,,2.6145617260131986,0.2,-0.1461656093597412,1410,-0.01078014369122684,0.24471700191497803,0.13017578125,-1.319100235402584,0.0003,0.015508156,6.907999999999999,293.2
1214,290816,142,5.314600000000001,239,293.7,,,,,,,,,,,,
1222,292864,143,6.845700000000001,239,306.95,2.516218380164355,0.2,0.27559196949005127,1420,-0.01510930483782431,0.27280470728874207,0.172802734375,-1.3728904124349355,0.0003,0.020075776,,
1231,294912,144,6.6352,239,305.88,3.0039493470452725,0.2,0.2899542450904846,1430,-0.014045675371016841,0.17081797122955322,0.15478515625,-1.2906880807131529,0.0003,0.01844099,,
1238,296960,145,6.875300000000001,239,309.91,2.291779851866886,0.2,0.46154552698135376,1440,-0.013956446532392874,0.11754418909549713,0.18564453125,-1.2776453096419573,0.0003,0.025578916,,
1246,299008,146,7.6472000000000016,239,317.17,2.1168680256698282,0.2,0.44992274045944214,1450,-0.009563285615877248,0.25038111209869385,0.182373046875,-1.0982119105756283,0.0003,0.02203811,,
,300000,,,,,2.3277856934349983,0.2,0.4001379609107971,1460,-0.013831310966634192,0.10405286401510239,0.19208984375,-1.273819698393345,0.0003,0.02487335,0.5119999999999998,253.0
1257,301056,147,7.613699999999999,239,313.82,,,,,,,,,,,,
1264,303104,148,7.4003,239,312.46,2.1589481043163685,0.2,0.1834249496459961,1470,-0.007965948237688281,0.18209777772426605,0.16220703125,-1.182211933657527,0.0003,0.020234354,,
1272,305152,149,6.561199999999999,239,308.47,1.6250272754579782,0.2,0.1818068027496338,1480,-0.011860334491939285,0.2588169276714325,0.211669921875,-1.1093471877276897,0.0003,0.026051942,,
1280,307200,150,6.882899999999999,239,310.65,1.399198797577992,0.2,0.3194332718849182,1490,-0.015059882929199376,0.1609572172164917,0.22587890625,-1.1582871478050947,0.0003,0.027113404,,
1287,309248,151,7.634799999999999,240,315.91,1.0270691979676485,0.2,0.1469653844833374,1500,-0.012913819018285722,0.03668743371963501,0.229150390625,-1.1800177440047264,0.0003,0.022799931,,
,310000,,,,,1.5178489371202886,0.2,0.29891109466552734,1510,-0.010703670451766812,0.10682685673236847,0.156884765625,-1.2323787968605757,0.0003,0.022084117,3.1060000000000003,312.6
1299,311296,152,7.7428,239,316.72,,,,,,,,,,,,
1307,313344,153,8.8406,239,326.6,2.762915970431641,0.2,0.008697688579559326,1520,-0.012584574270294979,0.3961635231971741,0.1681640625,-1.2875019069761038,0.0003,0.021957763,,
1315,315392,154,9.277899999999999,239,330.37,1.9045480611734091,0.2,0.3044525384902954,1530,-0.010486218333244323,0.478218138217926,0.166552734375,-1.2156590055674314,0.0003,0.019810297,,
1323,317440,155,9.723099999999999,239,334.93,1.9542504537850618,0.2,0.023978888988494873,1540,-0.013813801278593019,0.2785499691963196,0.17265625,-1.1961610369384288,0.0003,0.02195279,,
1332,319488,156,9.2003,239,332.6,1.6658196607604623,0.2,0.1586672067642212,1550,-0.013568480472895317,0.10022091865539551,0.1744140625,-1.2240237552672624,0.0003,0.025359627,,
,320000,,,,,2.2003314609173685,0.2,0.24532932043075562,1560,-0.01160445360437734,0.12292101979255676,0.1634765625,-1.0060661064460874,0.0003,0.019968437,-3.728,228.6
1343,321536,157,9.3922,239,331.81,,,,,,,,,,,,
1351,323584,158,10.107600000000001,239,333.38,2.325122959725559,0.2,0.26523059606552124,1570,-0.00933042153774295,0.645077109336853,0.156591796875,-1.2268097389489412,0.0003,0.01628385,,
1360,325632,159,10.248199999999999,239,337.45,2.1180185037199406,0.2,0.293232262134552,1580,-0.00916111544938758,0.2611809968948364,0.16083984375,-1.224997767806053,0.0003,0.01498976,,
1368,327680,160,10.4617,239,338.8,1.4443466851254925,0.2,0.6115192174911499,1590,-0.016689199654501864,0.02657027542591095,0.20966796875,-1.1161040494218468,0.0003,0.028305553,,
1375,329728,161,11.384000000000004,239,341.1,1.5150341767584905,0.2,0.20376944541931152,1600,-0.012688341141620185,0.16385908424854279,0.208544921875,-1.1630786832422018,0.0003,0.027380332,,
,330000,,,,,2.325039130798541,0.2,0.21879953145980835,1610,-0.013264983471890446,0.20547983050346375,0.19482421875,-1.1723876599222423,0.0003,0.022533631,-3.3939999999999997,262.0
1386,331776,162,11.583400000000001,239,341.04,,,,,,,,,,,,
1393,333824,163,10.707199999999998,239,333.34,1.4141070682788268,0.2,0.2877916693687439,1620,-0.006570532065234147,0.2116444855928421,0.169775390625,-1.0769710483029484,0.0003,0.016286308,,
1402,335872,164,10.706999999999999,239,333.32,2.2644594570156187,0.2,0.2309839129447937,1630,-0.007387485189246945,0.3079206645488739,0.149169921875,-1.1665506400167942,0.0003,0.018366618,,
1410,337920,165,11.572499999999998,239,339.95,1.031976943043992,0.2,0.023305833339691162,1640,-0.013148474664194509,0.03753805160522461,0.232666015625,-1.190772883594036,0.0003,0.023882793,,
1418,339968,166,10.606900000000001,239,333.32,2.1072384488768874,0.2,-0.3959310054779053,1650,-0.010867998105823062,0.28821447491645813,0.14560546875,-1.1312903381884098,0.0003,0.019436967,,
,340000,,,,,1.4242773844627663,0.2,0.22721940279006958,1660,-0.012062597135081888,0.10536248981952667,0.18115234375,-1.1793024491518735,0.0003,0.021880545,0.7379999999999998,275.6
1430,342016,167,9.4912,239,321.65,,,,,,,,,,,,
1438,344064,168,7.632599999999999,239,305.62,1.235497021395713,0.2,0.04344367980957031,1670,-0.009735547115269583,0.0555603988468647,0.172021484375,-1.2740424033254385,0.0003,0.021641796,,
1446,346112,169,7.6085,239,303.21,0.8477974148234353,0.2,0.1810002326965332,1680,-0.014671413222094998,0.053067922592163086,0.232421875,-1.1799476802349091,0.0003,0.02923302,,
1455,348160,170,7.290399999999998,239,301.37,1.882142633665353,0.2,0.024099290370941162,1690,-0.010352013660303782,1.0621041059494019,0.184033203125,-1.213141019642353,0.0003,0.016767718,,
,350000,,,,,1.4264093929668888,0.2,0.007583975791931152,1700,-0.013110833172686399,0.17897111177444458,0.186962890625,-1.1195845073089004,0.0003,0.021039234,11.392,342.0
1467,350208,171,6.8388,238,296.15,,,,,,,,,,,,
1475,352256,172,6.982200000000001,238,300.5,2.2456877004820854,0.2,-0.1770319938659668,1710,-0.013314471693593077,0.354727178812027,0.17314453125,-1.2422736883163452,0.0003,0.019878587,,
1483,354304,173,5.243,238,286.46,2.179323069145903,0.2,0.1531980037689209,1720,-0.012234467783127912,0.3670913875102997,0.156884765625,-1.200405185855925,0.0003,0.014013782,,
1490,356352,174,5.5878,239,290.99,2.1231861122418194,0.2,-0.17478156089782715,1730,-0.010897883688448929,0.7746307253837585,0.15224609375,-1.238895208388567,0.0003,0.018121356,,
1498,358400,175,5.923600000000001,239,294.58,2.4896060856990516,0.2,0.12725776433944702,1740,-0.01112380976555869,0.1458607167005539,0.169189453125,-1.1992713339626788,0.0003,0.015024742,,
,360000,,,,,1.0671454674797132,0.2,0.36080503463745117,1750,-0.012707992951618508,0.09604448080062866,0.196484375,-1.2900239773094655,0.0003,0.026449297,7.1659999999999995,319.0
1510,360448,176,5.619800000000001,238,294.19,,,,,,,,,,,,
1517,362496,177,5.45,238,297.21,1.0315101835411042,0.2,0.11878103017807007,1760,-0.008795900852419436,0.09453529119491577,0.200439453125,-1.2553140453994274,0.0003,0.02222947,,
1525,364544,178,5.007699999999999,238,292.94,2.093338416190818,0.2,-0.22324490547180176,1770,-0.005471130454679951,0.26615816354751587,0.1390625,-1.2744090776890515,0.0003,0.01089985,,
1533,366592,179,5.0123,239,293.4,2.0520537114702164,0.2,0.3548368215560913,1780,-0.011051853612298147,0.295484721660614,0.184814453125,-1.2694708582013845,0.0003,0.01797443,,
1541,368640,180,5.858699999999999,239,298.12,1.5253479139413684,0.2,0.08279770612716675,1790,-0.009597012557787821,0.05696383863687515,0.165966796875,-1.2548683755099774,0.0003,0.014994025,,
,370000,,,,,2.3133386769797655,0.2,0.11651873588562012,1800,-0.01352469201083295,0.17616726458072662,0.152001953125,-1.3134827319532634,0.0003,0.018362146,4.728,274.6
1552,370688,181,6.1889,238,301.15,,,,,,,,,,,,
1560,372736,182,7.7901,238,311.38,1.9977013375144452,0.2,-0.18739473819732666,1810,-0.010087881752406247,0.14872688055038452,0.175390625,-1.2640433587133884,0.0003,0.017752428,,
1567,374784,183,8.1591,239,318.31,1.506290201144293,0.2,-0.053256869316101074,1820,-0.012743049388518557,0.34237539768218994,0.226904296875,-1.2319598745554685,0.0003,0.025345024,,
1575,376832,184,9.119599999999998,239,324.45,1.6778799230232835,0.2,0.2577495574951172,1830,-0.012020741426385938,0.057316046208143234,0.170361328125,-1.2602784845978021,0.0003,0.023124767,,
1583,378880,185,8.5628,239,318.72,0.9826263292925432,0.2,0.4492286443710327,1840,-0.010193298451486043,0.09818247705698013,0.17919921875,-1.236692823842168,0.0003,0.017999291,,
,380000,,,,,2.360581361502409,0.2,0.18267101049423218,1850,-0.010610302914574276,0.19377994537353516,0.149951171875,-1.3126417472958565,0.0003,0.017084463,13.656,368.6
1597,380928,186,8.560400000000001,238,318.48,,,,,,,,,,,,
1604,382976,187,8.7532,238,317.78,1.9829013885231688,0.2,0.0605013370513916,1860,-0.01211842086922843,0.035255998373031616,0.187841796875,-1.3685634981840848,0.0003,0.0214011,,
1613,385024,188,8.319099999999999,238,314.33,1.5758293821010738,0.2,0.28342050313949585,1870,-0.012609156421967782,0.11106256395578384,0.195458984375,-1.2813198000192643,0.0003,0.016922016,,
1620,387072,189,8.202,238,312.61,2.583138956921175,0.2,-0.354250431060791,1880,-0.014234510125243105,0.23653702437877655,0.17236328125,-1.145091525837779,0.0003,0.016008474,,
1628,389120,190,6.8664,238,298.95,1.4062883542850613,0.2,0.24594807624816895,1890,-0.012597690298571251,0.12232537567615509,0.174462890625,-1.2585947036743164,0.0003,0.02215915,,
,390000,,,,,1.8044393103104084,0.2,-0.03950321674346924,1900,-0.014864476455841213,0.1446629762649536,0.167236328125,-1.2963197510689497,0.0003,0.023164697,17.381999999999998,341.6
1642,391168,191,7.579299999999998,238,300.31,,,,,,,,,,,,
1649,393216,192,7.5976,238,302.14,2.603284638468176,0.2,-0.05652487277984619,1910,-0.015445354452822357,0.31227201223373413,0.1869140625,-1.1972994156181813,0.0003,0.020991404,,
1658,395264,193,8.5035,238,312.81,1.4570266667287797,0.2,0.2832649350166321,1920,-0.02049922813603189,0.07396193593740463,0.1822265625,-1.2599982377141714,0.0003,0.019598989,,
1666,397312,194,8.513399999999999,238,313.8,1.6262704536085948,0.2,0.12497448921203613,1930,-0.009867762580688577,0.137057363986969,0.166650390625,-1.2215662326663732,0.0003,0.02022558,,
1673,399360,195,8.5241,238,314.87,2.5432798396330325,0.2,0.3241756558418274,1940,-0.012694506184197962,0.22015875577926636,0.164794921875,-1.26592160128057,0.0003,0.014967371,,
,400000,,,,,1.6042689280118794,0.2,0.37578755617141724,1950,-0.009562172192090657,0.12840868532657623,0.171142578125,-1.3387785390019418,0.0003,0.01572226,21.928,396.6
1687,401408,196,8.6457,237,317.06,,,,,,,,,,,,
1695,403456,197,8.8915,237,321.64,1.5301437543937937,0.2,0.2194448709487915,1960,-0.011327763806912116,0.4835767149925232,0.179345703125,-1.2251370824873447,0.0003,0.01898641,,
1703,405504,198,8.2478,238,317.25,1.1339959739008918,0.2,0.1354142427444458,1970,-0.01623435620131204,0.0969088077545166,0.198876953125,-1.1591530412435531,0.0003,0.02361942,,
1710,407552,199,7.5895,238,311.36,1.1498888266971334,0.2,0.2960682511329651,1980,-0.013081372241140343,0.3211556673049927,0.19033203125,-1.1108356446027756,0.0003,0.02402298,,
1719,409600,200,7.1754,238,309.91,1.4117388777900488,0.2,0.24633091688156128,1990,-0.011194481179700233,0.046141356229782104,0.17783203125,-1.2366668302565813,0.0003,0.023610527,,
,410000,,,,,1.1237313201418146,0.2,0.0796324610710144,2000,-0.008878172191907651,0.08153067529201508,0.174755859375,-1.2385659907013178,0.0003,0.01693356,2.928,294.8
1732,411648,201,8.037500000000001,237,316.16,,,,,,,,,,,,
1740,413696,202,7.337300000000002,237,316.09,1.5039487458067016,0.2,-0.005488395690917969,2010,-0.01389685168833239,0.19526401162147522,0.20556640625,-1.2874931141734123,0.0003,0.0214189,,
1749,415744,203,7.442199999999999,237,316.59,1.2873444333439692,0.2,0.047715187072753906,2020,-0.017770106793614106,0.053905438631772995,0.174658203125,-1.1427072906866669,0.0003,0.018257279,,
1757,417792,204,6.8184000000000005,237,314.13,1.2723202771507203,0.2,0.3135400414466858,2030,-0.013278551505936775,0.17306286096572876,0.157177734375,-1.1531735580414533,0.0003,0.016335078,,
1766,419840,205,7.3386000000000005,237,316.2,1.056387307215482,0.2,0.41078513860702515,2040,-0.010347582833492196,0.0688825249671936,0.17138671875,-1.1887985479086638,0.0003,0.017080553,,
,420000,,,,,1.5195531306322665,0.2,0.0620194673538208,2050,-0.00820934803923592,0.37512046098709106,0.17236328125,-1.2833587769418955,0.0003,0.016742323,0.7059999999999993,272.4
1779,421888,206,5.857299999999999,237,307.93,,,,,,,,,,,,
1787,423936,207,6.007000000000001,237,302.9,1.369668407109566,0.2,-0.5277037620544434,2060,-0.015075777954189106,0.05319415032863617,0.186865234375,-1.2651607282459736,0.0003,0.018468723,,
1795,425984,208,5.791,237,301.28,1.3830748280044645,0.2,0.22879648208618164,2070,-0.013369321019854396,0.09932117164134979,0.184521484375,-1.2286861654371024,0.0003,0.020068793,,
1804,428032,209,5.915000000000001,237,303.69,1.5267830283613875,0.2,0.32759708166122437,2080,-0.01299907516076928,0.10316076129674911,0.171435546875,-1.2845961809158326,0.0003,0.019603211,,
,430000,,,,,1.8142241944093258,0.2,-0.26296842098236084,2090,-0.00812680514063686,0.28957703709602356,0.140234375,-1.161075186729431,0.0003,0.016725544,9.296,332.2
1817,430080,210,5.7942,236,301.6,,,,,,,,,,,,
1826,432128,211,5.477200000000002,236,299.87,0.9816031947964803,0.2,0.2638915181159973,2100,-0.01209535205271095,0.018191974610090256,0.1810546875,-1.160758475586772,0.0003,0.02045929,,
1834,434176,212,5.023600000000001,236,294.45,1.4363261312246323,0.2,0.3124038577079773,2110,-0.017785543108766434,0.06309261918067932,0.209814453125,-1.1563997335731984,0.0003,0.019313395,,
1843,436224,213,5.0131000000000006,236,293.4,0.9956078666262329,0.2,0.15758103132247925,2120,-0.013852501922519878,0.04654265567660332,0.165478515625,-1.1470442470163107,0.0003,0.018000234,,
1852,438272,214,5.44,236,296.11,1.6010045553324743,0.2,0.3273336887359619,2130,-0.007971995117259212,0.09151499718427658,0.1591796875,-1.1570056565105915,0.0003,0.018307602,,
,440000,,,,,1.2604943468002603,0.2,0.22388947010040283,2140,-0.010994577189558185,0.15857432782649994,0.15908203125,-1.0909323751926423,0.0003,0.017728224,15.716,374.0
1865,440320,215,6.301999999999998,235,302.39,,,,,,,,,,,,
1875,442368,216,6.8421,235,306.47,1.3729171697050333,0.2,0.3377493619918823,2150,-0.014344894123496488,0.05375321954488754,0.20224609375,-1.2570921275764704,0.0003,0.021723349,,
1883,444416,217,8.016399999999999,235,314.01,1.4299127096077426,0.2,0.12691783905029297,2160,-0.012482238587108441,0.06931070238351822,0.163037109375,-1.1655066959559917,0.0003,0.017728776,,
1892,446464,218,8.082600000000001,235,310.64,2.9021662082523108,0.2,0.20098936557769775,2170,-0.008696238565607927,1.365558385848999,0.136669921875,-1.1172927767038345,0.0003,0.01509499,,
1900,448512,219,7.334199999999998,235,305.75,1.471068212762475,0.2,0.4299219250679016,2180,-0.010448634347994812,0.062390197068452835,0.16796875,-1.1636922016739846,0.0003,0.024770841,,
,450000,,,,,1.6981843418907374,0.2,0.056924402713775635,2190,-0.010727093645255082,0.12494080513715744,0.217822265625,-1.1240376243367791,0.0003,0.019225873,21.854000000000003,388.8
1913,450560,220,7.564800000000002,235,308.81,,,,,,,,,,,,
1921,452608,221,7.7482,235,307.15,1.4389096399070695,0.2,0.38098615407943726,2200,-0.009071507419866976,0.07198367267847061,0.12705078125,-0.9859425134956836,0.0003,0.015840705,,
1930,454656,222,7.4644,235,308.76,1.252679173508659,0.2,0.0018556714057922363,2210,-0.009069528893451206,0.09287108480930328,0.143603515625,-0.926050771959126,0.0003,0.019127777,,
1938,456704,223,7.964600000000002,235,308.83,1.50270046540536,0.2,-0.07366943359375,2220,-0.018048691330477595,0.1316225230693817,0.22333984375,-1.2129285477101803,0.0003,0.021159781,,
1947,458752,224,7.726299999999998,235,304.98,1.7154138300567865,0.2,0.1248120665550232,2230,-0.009800904177245684,0.23356150090694427,0.185693359375,-1.271465392410755,0.0003,0.015647806,,
,460000,,,,,1.4586881726048886,0.2,0.3181137442588806,2240,-0.011231155660061632,0.047276705503463745,0.17763671875,-1.2176831752061843,0.0003,0.019015795,4.638,266.0
1960,460800,225,7.607299999999999,234,303.07,,,,,,,,,,,,
1970,462848,226,8.4793,234,310.37,2.319932988868095,0.2,-0.15700292587280273,2250,-0.01048219777585473,0.1526053100824356,0.163818359375,-1.2352934267371893,0.0003,0.01498059,,
1978,464896,227,9.2417,234,316.7,1.5146228251280263,0.2,0.18566960096359253,2260,-0.014781509806925896,0.19160163402557373,0.190478515625,-1.1450604274868965,0.0003,0.022579715,,
1987,466944,228,10.290000000000003,234,321.63,2.267559514939785,0.2,0.29741495847702026,2270,-0.01300510338624008,0.14122797548770905,0.170068359375,-1.1330244060605765,0.0003,0.016458841,,
1995,468992,229,9.7023,235,312.83,2.5403253333177416,0.2,0.35513758659362793,2280,-0.0107022735173814,0.19636768102645874,0.1365234375,-1.050869726575911,0.0003,0.022615856,,
,470000,,,,,3.305859304498881,0.2,0.10839617252349854,2290,-0.015950749049079605,0.5143926739692688,0.17041015625,-1.06844820715487,0.0003,0.019089915,0.7740000000000002,279.2
2007,471040,230,8.875400000000003,234,310.08,,,,,,,,,,,,
2016,473088,231,8.333300000000001,234,305.82,1.833712091250345,0.2,-0.11585128307342529,2300,-0.011203274395666086,0.39571046829223633,0.154736328125,-1.122747686319053,0.0003,0.019885764,,
2024,475136,232,7.921199999999999,234,304.57,1.9815823704004287,0.2,0.30265724658966064,2310,-0.011342364408483263,0.21075254678726196,0.179833984375,-1.2565721046179532,0.0003,0.02095839,,
2031,477184,233,8.6742,234,309.94,1.8817092086188496,0.2,-0.11658203601837158,2320,-0.01287665102572646,0.06391646713018417,0.173583984375,-1.2457156386226416,0.0003,0.020854943,,
2039,479232,234,8.9043,234,312.97,1.831707389932126,0.2,0.3127089738845825,2330,-0.016183270476176403,0.07139075547456741,0.1927734375,-1.2604560893028975,0.0003,0.021134244,,
,480000,,,,,1.5103545936988667,0.2,0.17318975925445557,2340,-0.008447777922265231,0.09171099215745926,0.156787109375,-1.145187690667808,0.0003,0.016878624,13.193999999999999,322.0
2051,481280,235,9.1057,234,313.15,,,,,,,,,,,,
2059,483328,236,9.760299999999999,234,318.67,2.107589431712404,0.2,0.184037446975708,2350,-0.013319722420419566,0.12174888700246811,0.1662109375,-1.2096003346145152,0.0003,0.016792264,,
2067,485376,237,11.057500000000003,234,328.51,1.4390812915749849,0.2,0.2170894742012024,2360,-0.01136644468351733,0.4043659567832947,0.187451171875,-1.2605191253125667,0.0003,0.016376525,,
2075,487424,238,10.686999999999998,234,321.41,1.2327150429366156,0.2,0.2759619951248169,2370,-0.012499846765422262,0.16666598618030548,0.159326171875,-1.0987420216202737,0.0003,0.019452352,,
2082,489472,239,10.2796,235,320.63,1.6729298520367593,0.2,0.21145063638687134,2380,-0.01629275527666323,0.35118645429611206,0.1947265625,-1.2343217127025128,0.0003,0.020055322,,
,490000,,,,,1.72227154544089,0.2,0.34385764598846436,2390,-0.012018139971769416,0.07777740806341171,0.183544921875,-1.206956348568201,0.0003,0.026556216,-5.892,212.0
2092,491520,240,10.562600000000002,234,318.94,,,,,,,,,,,,
2100,493568,241,10.361,235,318.76,1.8232710563577712,0.2,0.2462707757949829,2400,-0.013844849920133129,0.4382379949092865,0.166064453125,-1.1450349945574998,0.0003,0.01753711,,
2107,495616,242,9.1663,235,309.18,2.778568649291992,0.2,-0.1821727752685547,2410,-0.009806071923230774,0.3569599390029907,0.1607421875,-1.0592331241816282,0.0003,0.017232848,,
2116,497664,243,8.6473,235,307.23,1.4439522231696174,0.2,0.3915782570838928,2420,-0.012195602370775304,0.3315729796886444,0.16728515625,-1.1653064474463464,0.0003,0.029758587,,
2124,499712,244,8.2635,235,308.81,1.9946749752620234,0.2,-0.17323386669158936,2430,-0.011351495963754132,0.14850598573684692,0.18447265625,-1.237576798722148,0.0003,0.018073013,,
,500000,,,,,1.6545858406694607,0.2,0.3472082018852234,2440,-0.010098199316416867,0.14136919379234314,0.17978515625,-1.1764490842819213,0.0003,0.016904002,16.346,437.8
2138,501760,245,7.7801,234,300.43,,,,,,,,,,,,
2146,503808,246,7.924999999999998,234,304.93,1.4256499659270048,0.2,0.4465964436531067,2450,-0.013112101625301876,0.48995453119277954,0.18505859375,-1.1733408983796836,0.0003,0.020658199,,
2154,505856,247,6.308599999999999,234,293.14,1.0073225601459854,0.2,0.11563640832901001,2460,-0.00903951735526789,0.05997741222381592,0.172265625,-1.063326421380043,0.0003,0.02299437,,
2163,507904,248,5.579200000000001,234,290.13,1.219494321802631,0.2,0.12153995037078857,2470,-0.015260983395273797,0.05270486697554588,0.17607421875,-1.036432957649231,0.0003,0.028837696,,
2171,509952,249,5.141299999999998,234,286.28,0.9717896613059566,0.2,-0.07581055164337158,2480,-0.011710837838472798,-0.013359859585762024,0.20078125,-1.1124699844047428,0.0003,0.02308746,,
,510000,,,,,0.935893997293897,0.2,0.07797229290008545,2490,-0.009658179405960254,0.05280819535255432,0.15068359375,-1.210366903617978,0.0003,0.017230581,11.330000000000002,335.4
2184,512000,250,4.0346,234,275.51,,,,,,,,,,,,
2193,514048,251,3.3129999999999997,234,273.3,0.8702247439417988,0.2,0.15483438968658447,2500,-0.009735968621680514,0.14880985021591187,0.14384765625,-1.0799751864746212,0.0003,0.014308307,,
2201,516096,252,4.0901,234,281.1,1.5657437034184114,0.2,0.19775891304016113,2510,-0.0057166325495927595,0.07309228181838989,0.146875,-1.0537905260920524,0.0003,0.011965541,,
2209,518144,253,3.3504999999999994,234,277.07,2.341126713715494,0.2,-0.45390260219573975,2520,-0.010663839137123432,0.12426923215389252,0.17509765625,-1.1339692248031497,0.0003,0.019204687,,
,520000,,,,,1.069112671399489,0.2,0.1814139485359192,2530,-0.016860168916173278,0.1494240164756775,0.2474609375,-1.1506257135421039,0.0003,0.02921585,0.4799999999999997,249.4
2220,520192,254,2.9296,234,274.94,,,,,,,,,,,,
2227,522240,255,2.8141999999999996,234,273.37,1.3515873066149653,0.2,0.2716161608695984,2540,-0.011244379248819315,0.16646617650985718,0.18271484375,-1.0468040384352206,0.0003,0.018463258,,
2236,524288,256,3.0316999999999994,234,275.12,1.8347780278883874,0.2,0.2824385166168213,2550,-0.008634756984247361,0.7498967051506042,0.161767578125,-1.1639997217804194,0.0003,0.01821806,,
2244,526336,257,2.707300000000001,234,272.65,1.7345346338814125,0.2,0.18886160850524902,2560,-0.012524136801948771,0.3348580598831177,0.151123046875,-1.1252172151580453,0.0003,0.018487409,,
2251,528384,258,3.2338999999999998,234,275.36,1.4255799934966489,0.2,0.24781078100204468,2570,-0.013037829162203706,0.09260060638189316,0.209375,-1.1093881156295538,0.0003,0.018759824,,
,530000,,,,,1.5758048612158746,0.2,0.2717006206512451,2580,-0.014400035006110557,0.2811291813850403,0.190185546875,-1.2168962322175503,0.0003,0.01626175,-1.2439999999999998,277.2
2264,530432,259,3.7828999999999997,234,280.29,,,,,,,,,,,,
2273,532480,260,4.5974,234,281.8,1.422932747937739,0.2,0.2973060607910156,2590,-0.014515065387240612,0.12953370809555054,0.204296875,-1.1439645741134883,0.0003,0.0277718,,
2280,534528,261,4.8171,234,283.77,1.1594251234550028,0.2,0.12363553047180176,2600,-0.012141874100780114,0.11620048433542252,0.20400390625,-1.1838254362344742,0.0003,0.025047507,,
2289,536576,262,5.828099999999999,234,294.96,0.8696045235032216,0.2,0.2912250757217407,2610,-0.010101218607451301,0.030981440097093582,0.19599609375,-1.1696715831756592,0.0003,0.020460155,,
2298,538624,263,6.6773,234,299.96,1.2328103467822076,0.2,0.5601396560668945,2620,-0.013068495834886562,0.15626896917819977,0.18134765625,-1.1661316439509393,0.0003,0.0213086,,
,540000,,,,,1.5317513815592974,0.2,0.3253440260887146,2630,-0.015040714225324336,0.09358522295951843,0.2033203125,-1.2103597216308117,0.0003,0.019395322,18.312,434.2
2314,540672,264,6.409300000000001,233,303.15,,,,,,,,,,,,
2321,542720,265,5.877000000000001,233,299.87,0.7153625011793338,0.2,0.6020920276641846,2640,-0.010650136451295112,0.2592126429080963,0.199609375,-1.17648747228086,0.0003,0.01991053,,
2329,544768,266,6.1583,233,308.02,0.7826211440376938,0.2,0.39152294397354126,2650,-0.014173458403092809,0.10508943349123001,0.201318359375,-1.231478026881814,0.0003,0.022849888,,
2336,546816,267,4.8793,233,300.0,1.003300339402631,0.2,0.48063570261001587,2660,-0.011388520829495975,0.03420894220471382,0.1919921875,-1.302485254406929,0.0003,0.019385988,,
2345,548864,268,4.9908,234,301.16,0.8731793181039393,0.2,0.604261040687561,2670,-0.011566258387756535,0.0693792998790741,0.206689453125,-1.2392820704728365,0.0003,0.021928847,,
,550000,,,,,0.8445450440398418,0.2,0.528171181678772,2680,-0.01052424105728278,0.13566690683364868,0.187060546875,-1.1441143840551375,0.0003,0.017790439,11.62,364.4
2358,550912,269,4.4767,233,299.7,,,,,,,,,,,,
2367,552960,270,3.8374999999999995,233,295.76,0.6556105354800821,0.2,0.6507436037063599,2690,-0.01469923110998934,0.1382463425397873,0.21044921875,-1.2532415386289357,0.0003,0.033687577,,
2375,555008,271,3.627900000000001,233,294.78,1.10346327573061,0.2,0.29079675674438477,2700,-0.014382684798329137,0.0688309371471405,0.19111328125,-1.2363145370036364,0.0003,0.018602107,,
2383,557056,272,3.4608,233,298.05,1.58272082793992,0.2,0.47157901525497437,2710,-0.010955238100723363,0.09289546310901642,0.156982421875,-1.2301811791956425,0.0003,0.017971637,,
2391,559104,273,2.9558,233,297.52,0.7503979712957516,0.2,0.29630792140960693,2720,-0.011316198992426507,0.05229166895151138,0.236474609375,-1.3161718145012855,0.0003,0.026073666,,
,560000,,,,,0.773573701782152,0.2,0.29436808824539185,2730,-0.007837723786360584,0.21869032084941864,0.1529296875,-1.2082636725157498,0.0003,0.014428735,4.758,278.0
2403,561152,274,1.8874000000000004,233,290.6,,,,,,,,,,,,
2412,563200,275,1.9979000000000002,233,291.68,1.4810818841215223,0.2,0.16706275939941406,2740,-0.011736833999748342,0.31037893891334534,0.181591796875,-1.3299556337296963,0.0003,0.016602682,,
2421,565248,276,0.7787,233,279.65,1.000082809792366,0.2,0.3714892864227295,2750,-0.011799495486775414,0.11963329464197159,0.1818359375,-1.0923323651775718,0.0003,0.020857494,,
2430,567296,277,0.10010000000000026,233,271.71,0.8618103093001992,0.2,0.43140673637390137,2760,-0.013793003163300455,-0.012034744024276733,0.216064453125,-1.1426813662052155,0.0003,0.026201306,,
2439,569344,278,0.5150000000000003,233,273.2,1.3375862646382302,0.2,-0.3903557062149048,2770,-0.017327470137388445,0.11179403960704803,0.177734375,-1.120188380777836,0.0003,0.018184777,,
,570000,,,,,1.0155457976041362,0.2,0.38651347160339355,2780,-0.015787994727725164,0.04245919734239578,0.2095703125,-1.2518800366669893,0.0003,0.020802336,-2.1199999999999997,189.2
2450,571392,279,0.852,233,266.92,,,,,,,,,,,,
2458,573440,280,1.7045,233,272.25,1.3570097871590405,0.2,0.38930028676986694,2790,-0.011168274379451759,0.47480323910713196,0.163427734375,-1.1999519303441049,0.0003,0.013971488,,
2466,575488,281,1.8042000000000002,233,272.25,1.4019987098407,0.2,0.12273967266082764,2800,-0.005795785336522386,0.10878848284482956,0.14208984375,-1.2226007521152495,0.0003,0.01408625,,
2474,577536,282,2.6416000000000004,233,276.07,1.560885361628607,0.2,0.19054394960403442,2810,-0.013629517436493188,0.11854283511638641,0.183447265625,-1.1831223303452134,0.0003,0.022525027,,
2482,579584,283,2.1043,233,272.27,1.3918263613944872,0.2,0.02864813804626465,2820,-0.009868393000215293,0.09581675380468369,0.1859375,-1.225291808322072,0.0003,0.018683787,,
,580000,,,,,1.4778947030659766,0.2,0.22165805101394653,2830,-0.012869909853907301,0.09498941153287888,0.200537109375,-1.3156109571456909,0.0003,0.021719005,9.150000000000002,317.6
2496,581632,284,2.4262999999999995,232,274.5,,,,,,,,,,,,
2504,583680,285,1.9520999999999997,233,267.04,1.099464961735066,0.2,-0.02449929714202881,2840,-0.014247845599311405,0.07207214087247849,0.18017578125,-1.1697762463241816,0.0003,0.021064706,,
2512,585728,286,2.1397999999999993,233,265.83,1.2336160839069634,0.2,0.19036871194839478,2850,-0.011363222060026601,0.2175055593252182,0.198681640625,-1.1832551255822181,0.0003,0.018912211,,
2520,587776,287,1.4889000000000003,233,260.68,0.9598228631191887,0.2,0.30824750661849976,2860,-0.010235204346827231,0.08154100179672241,0.20166015625,-1.3136969584971667,0.0003,0.01803628,,
2528,589824,288,1.7938,233,261.2,1.7256339990068228,0.2,-0.005580544471740723,2870,-0.01337947447609622,0.10565432906150818,0.164501953125,-1.1650485418736936,0.0003,0.016475469,,
,590000,,,,,2.1203983509447424,0.2,0.1089523434638977,2880,-0.008713558004819788,0.5409483909606934,0.1177734375,-1.2771033219993115,0.0003,0.009527659,32.94199999999999,498.6
2544,591872,289,2.7738000000000005,232,269.29,,,,,,,,,,,,
2553,593920,290,2.8400000000000007,232,275.91,1.0209801829885692,0.2,0.17389976978302002,2890,-0.010995054029626772,0.2980841100215912,0.200341796875,-1.0933296598494053,0.0003,0.02379279,,
2560,595968,291,3.0476000000000005,232,276.71,0.8114111589733511,0.2,0.22562795877456665,2900,-0.010839575922000222,0.009739555418491364,0.170947265625,-1.1126243863254786,0.0003,0.019393586,,
2568,598016,292,3.6135000000000006,232,283.39,2.1243284444790334,0.2,0.06096380949020386,2910,-0.013504027444287203,0.10336311161518097,0.1826171875,-1.1914522241801024,0.0003,0.01686186,,
,600000,,,,,1.6863194533623755,0.2,0.04693871736526489,2920,-0.013065274235850665,0.045049604028463364,0.166650390625,-1.1867596801370381,0.0003,0.016751137,4.999999999999999,302.2
2582,600064,293,3.7420000000000004,232,286.27,,,,,,,,,,,,
2590,602112,294,3.3045999999999998,232,282.49,1.6178110295441002,0.2,0.13584327697753906,2930,-0.017483552702469752,0.03355623781681061,0.186474609375,-1.1566241592168809,0.0003,0.019090842,,
2598,604160,295,2.6656000000000004,232,278.53,1.0537603927310557,0.2,0.4443681240081787,2940,-0.01695043693180196,0.11170279234647751,0.186767578125,-1.1468714345246553,0.0003,0.024027228,,
2606,606208,296,2.7607999999999997,232,278.04,1.2191685133613646,0.2,0.1436612606048584,2950,-0.016316528388415463,0.06518174707889557,0.227783203125,-1.2040068902075292,0.0003,0.023786236,,
2615,608256,297,3.1340000000000003,232,285.41,1.232676687114872,0.2,0.021180391311645508,2960,-0.015789555880473927,0.10570896416902542,0.195458984375,-1.1375491986051203,0.0003,0.021969412,,
,610000,,,,,0.9919287566328421,0.2,0.4286165237426758,2970,-0.009633744021994062,0.16505315899848938,0.174462890625,-1.1302008615806698,0.0003,0.019828424,5.941999999999998,396.4
2630,610304,298,3.0099,232,282.99,,,,,,,,,,,,
2638,612352,299,3.907,232,292.78,0.8676859622588381,0.2,0.29095137119293213,2980,-0.01568877363606589,0.022225379943847656,0.1662109375,-1.1626159023493527,0.0003,0.019399293,,
2646,614400,300,3.7330999999999994,232,295.37,1.2410545652266591,0.2,0.2587928771972656,2990,-0.01139892692444846,0.24089114367961884,0.18935546875,-1.1812633607536553,0.0003,0.023997646,,
2654,616448,301,3.703300000000001,232,292.39,0.605763590533752,0.2,0.544927179813385,3000,-0.012475148649537004,0.04749478027224541,0.2048828125,-1.2632267616689206,0.0003,0.02374658,,
2661,618496,302,3.6038000000000006,232,292.43,1.1929754674201831,0.2,-0.0515979528427124,3010,-0.00881330095580779,0.058746762573719025,0.15029296875,-1.2404823817312718,0.0003,0.014960334,,
,620000,,,,,0.9514556295238435,0.2,0.28391599655151367,3020,-0.014603700123552698,0.06267496943473816,0.182763671875,-1.208279700949788,0.0003,0.023226995,-5.9079999999999995,210.4
2673,620544,303,2.7232000000000003,232,284.29,,,,,,,,,,,,
2683,622592,304,2.7836000000000007,232,280.32,0.6929863730212673,0.2,0.7136393189430237,3030,-0.01744341083976906,0.20212110877037048,0.206591796875,-1.1688811883330346,0.0003,0.02121783,,
2693,624640,305,2.9122,231,283.19,0.6886561959167011,0.2,0.6043010950088501,3040,-0.016500374133465813,0.07924708724021912,0.194677734375,-1.1331290977075696,0.0003,0.024168355,,
2702,626688,306,2.2821,231,280.12,1.1216361170751044,0.2,0.42515790462493896,3050,-0.015141238711657934,0.41664808988571167,0.184228515625,-1.0547665413469076,0.0003,0.01674404,,
2711,628736,307,2.2500999999999998,231,286.91,1.150402930355631,0.2,0.3039982318878174,3060,-0.015046192683803384,0.11603834480047226,0.174560546875,-1.052139814570546,0.0003,0.020966323,,
,630000,,,,,0.8868326694122516,0.2,0.24874383211135864,3070,-0.014027982161496765,0.10518555343151093,0.166943359375,-1.0904568821191787,0.0003,0.015961144,5.104,312.6
2725,630784,308,3.1447000000000003,231,296.45,,,,,,,,,,,,
2733,632832,309,3.096,231,301.57,1.0512729133246466,0.2,0.42848795652389526,3080,-0.008848376380046829,0.10566187649965286,0.152490234375,-1.0125051043927669,0.0003,0.018844489,,
2743,634880,310,3.1755999999999993,231,299.54,0.5466976672876627,0.2,0.6510409116744995,3090,-0.010265326213266234,0.0356542132794857,0.184228515625,-1.2014461558312177,0.0003,0.022061504,,
2750,636928,311,2.5465,231,296.59,1.30247874611523,0.2,0.34001433849334717,3100,-0.009726202180900145,0.5447441339492798,0.156201171875,-1.1842590913176536,0.0003,0.01844908,,
2760,638976,312,2.8845999999999994,231,300.43,0.7932251800550147,0.2,0.41451120376586914,3110,-0.013674976988113485,-0.002812407910823822,0.152392578125,-1.1624794270843268,0.0003,0.017417256,,
,640000,,,,,1.256817986932583,0.2,-0.122367262840271,3120,-0.014741691411472857,0.06703856587409973,0.1556640625,-0.9747620230540633,0.0003,0.016595796,26.366000000000003,440.4
2774,641024,313,3.0120000000000005,231,303.18,,,,,,,,,,,,
2783,643072,314,3.2206,231,304.06,1.1095849611330777,0.2,-0.05851387977600098,3130,-0.008741628444113303,0.025493521243333817,0.142431640625,-1.092473576962948,0.0003,0.016406454,,
2793,645120,315,3.9066,230,312.72,1.2425546002341434,0.2,0.2760133147239685,3140,-0.011631022373330779,0.06058350205421448,0.19091796875,-1.086672147922218,0.0003,0.016074898,,
2802,647168,316,3.8909,230,311.15,1.1618055950850248,0.2,0.4733119606971741,3150,-0.01222384013235569,0.056991174817085266,0.16201171875,-1.0121449621394276,0.0003,0.018497132,,
2810,649216,317,5.1312999999999995,230,325.3,1.3933598653180526,0.2,-0.051159024238586426,3160,-0.009890591217845213,0.07576955854892731,0.153271484375,-1.1929529976099729,0.0003,0.014636829,,
,650000,,,,,1.5066212693694978,0.2,0.018582046031951904,3170,-0.012357822581543587,0.10577575117349625,0.18544921875,-1.1966467086225747,0.0003,0.013984321,13.847999999999999,387.8
2824,651264,318,5.7883000000000004,230,331.06,,,,,,,,,,,,
2833,653312,319,5.9456999999999995,230,336.81,1.204952405486256,0.2,0.25320786237716675,3180,-0.014033863248187117,0.05343180522322655,0.187548828125,-1.2889929722994566,0.0003,0.020388244,,
2841,655360,320,5.107,230,332.86,1.0755969546968118,0.2,0.3505896329879761,3190,-0.01646241655544145,-0.010008953511714935,0.195947265625,-1.0831463063135742,0.0003,0.026290648,,
2850,657408,321,5.0541,230,327.57,1.024515978829004,0.2,0.3388991951942444,3200,-0.013198657889734022,0.028115108609199524,0.1740234375,-1.2768511921167374,0.0003,0.02251925,,
2860,659456,322,6.0116,230,333.41,1.393489829869941,0.2,0.17049181461334229,3210,-0.013911344055668452,0.009890716522932053,0.160888671875,-1.0037026681005954,0.0003,0.020515837,,
,660000,,,,,1.4074960301164539,0.2,0.41306960582733154,3220,-0.011454458543448709,0.14505654573440552,0.168701171875,-1.0481509057804943,0.0003,0.017481908,4.878,290.0
2872,661504,323,6.285200000000001,230,330.8,,,,,,,,,,,,
2880,663552,324,5.091400000000001,230,321.31,1.9468743279576302,0.2,0.08157896995544434,3230,-0.007407100850832649,0.19576677680015564,0.16220703125,-1.1272902509197593,0.0003,0.015656948,,
2888,665600,325,5.962999999999999,230,328.55,1.5425100249238313,0.2,0.12603050470352173,3240,-0.013796658799401484,0.10765397548675537,0.18017578125,-1.159523032233119,0.0003,0.019967327,,
2896,667648,326,6.259699999999999,230,328.25,1.7201768042752519,0.2,0.28602689504623413,3250,-0.012959379979292862,0.08403132110834122,0.185791015625,-1.2738232534378766,0.0003,0.019256309,,
2904,669696,327,6.161399999999999,230,328.41,2.0033047006931155,0.2,-0.06279444694519043,3260,-0.016720000404166057,0.15112276375293732,0.202978515625,-1.1801273521035909,0.0003,0.02473135,,
,670000,,,,,1.205146148824133,0.2,0.19246739149093628,3270,-0.01592211460811086,0.06608611345291138,0.214990234375,-1.2171600732952357,0.0003,0.025799908,17.433999999999997,346.4
2918,671744,328,6.286300000000001,230,330.91,,,,,,,,,,,,
2928,673792,329,7.0257000000000005,230,334.92,1.4412833573762327,0.2,0.28406721353530884,3280,-0.012837914281408302,0.13966047763824463,0.1529296875,-1.0795729288831353,0.0003,0.014048895,,
2938,675840,330,6.039300000000001,230,326.19,1.9577449229545891,0.2,-0.1499335765838623,3290,-0.012727311687194742,0.19534151256084442,0.166259765625,-1.1443099044263363,0.0003,0.017024342,,
2948,677888,331,6.920800000000001,229,334.42,1.6857350020203739,0.2,0.07380938529968262,3300,-0.0186467187711969,0.40781083703041077,0.194091796875,-1.0605639025568963,0.0003,0.022727376,,
2956,679936,332,7.3919,229,341.57,1.2171202617697419,0.2,0.4908810257911682,3310,-0.018212717726419213,0.053510282188653946,0.188916015625,-1.16876285597682,0.0003,0.02164578,,
,680000,,,,,1.2175654096645303,0.2,-0.026148676872253418,3320,-0.01816292048606556,0.07815569639205933,0.206494140625,-1.1874915193766356,0.0003,0.027073672,12.638000000000002,466.6
2978,681984,333,5.982199999999999,229,330.47,,,,,,,,,,,,
2986,684032,334,6.630800000000001,229,335.39,1.0792823743424378,0.2,0.2631078362464905,3330,-0.009065279987407849,0.020200036466121674,0.154052734375,-1.115852372534573,0.0003,0.017358234,,
2994,686080,335,6.0569,229,327.95,1.9569743655622005,0.2,-0.058223843574523926,3340,-0.014069293557258788,0.15011471509933472,0.179296875,-1.247652480751276,0.0003,0.014133096,,
3005,688128,336,6.946899999999999,228,337.03,1.7083676548209041,0.2,0.5280994176864624,3350,-0.01304400092922151,0.29937446117401123,0.202734375,-1.2903492629528046,0.0003,0.018243005,,
,690000,,,,,1.151482008653693,0.2,0.21896201372146606,3360,-0.01130973455728963,0.03892196714878082,0.168408203125,-1.0182380221784115,0.0003,0.01743605,4.404000000000001,242.2
3019,690176,337,6.6321,228,335.54,,,,,,,,,,,,
3027,692224,338,6.128199999999998,228,335.08,1.096379070309922,0.2,0.28283315896987915,3370,-0.016802170366281642,0.0795697346329689,0.200341796875,-1.118529661372304,0.0003,0.015324919,,
3037,694272,339,5.744099999999999,228,336.63,0.8921091220108792,0.2,0.16674214601516724,3380,-0.014472085039597005,0.09273996204137802,0.177294921875,-1.1520840229466558,0.0003,0.020837288,,
3045,696320,340,6.6201,228,344.31,0.916101221065037,0.2,0.337488055229187,3390,-0.020116950008377897,0.07526007294654846,0.198486328125,-1.1394845161587,0.0003,0.022683712,,
3054,698368,341,7.3933,228,351.7,1.6671342673012988,0.2,-0.26022422313690186,3400,-0.009848275729746092,0.1670987606048584,0.161767578125,-1.2403121568262576,0.0003,0.018339153,,
,700000,,,,,0.9998085250845179,0.2,0.5258136987686157,3410,-0.01625604721775744,0.08332504332065582,0.19248046875,-1.0980510793626308,0.0003,0.023169614,6.529999999999999,255.0
3069,700416,342,6.181499999999999,228,340.41,,,,,,,,,,,,
3080,702464,343,7.2214,228,354.49,0.9688473665737547,0.2,0.15078860521316528,3420,-0.01886669305386022,0.08081560581922531,0.19951171875,-1.16057453379035,0.0003,0.02290693,,
3089,704512,344,7.325799999999999,228,354.94,0.8063489228487015,0.2,0.44397902488708496,3430,-0.014985045287176035,0.010701190680265427,0.19736328125,-1.0196528339758515,0.0003,0.022131618,,
3099,706560,345,7.613599999999999,227,353.73,1.5224037667736412,0.2,-0.17779278755187988,3440,-0.00974573167040944,0.07905340194702148,0.169775390625,-1.1636569747701286,0.0003,0.021418195,,
3110,708608,346,8.3664,227,359.08,0.8928936694515869,0.2,0.5986336469650269,3450,-0.01619300750462571,0.01593378558754921,0.17490234375,-1.0455077001824975,0.0003,0.02006657,,
,710000,,,,,1.814676168304868,0.2,0.2136659026145935,3460,-0.018165438383584843,0.13910558819770813,0.16572265625,-1.087805468030274,0.0003,0.018334687,8.748000000000001,277.0
3125,710656,347,8.152899999999999,227,357.71,,,,,,,,,,,,
3134,712704,348,8.376700000000001,227,360.11,0.9500175736611709,0.2,0.3677818775177002,3470,-0.013987664309388493,0.09338054060935974,0.204150390625,-1.1862712252885104,0.0003,0.037422292,,
3143,714752,349,7.473700000000001,227,339.72,1.7852846095571295,0.2,-0.09706997871398926,3480,-0.01027000400936231,0.1800205260515213,0.130322265625,-1.127325339615345,0.0003,0.017658634,,
3151,716800,350,6.3858,227,330.83,1.3470083930063992,0.2,0.233548104763031,3490,-0.014829035181901418,0.01497911661863327,0.187646484375,-1.1676353946328164,0.0003,0.017628437,,
3159,718848,351,6.4988,227,332.14,1.2919924907386302,0.2,0.16492724418640137,3500,-0.009387776468065568,0.13056670129299164,0.16611328125,-1.3074761308729648,0.0003,0.020438261,,
,720000,,,,,0.7853853519074618,0.2,0.41931015253067017,3510,-0.01639246605336666,0.08348220586776733,0.24150390625,-1.3396647971123457,0.0003,0.028681414,-1.624,239.2
3171,720896,352,6.425599999999999,227,324.82,,,,,,,,,,,,
3180,722944,353,7.096900000000001,227,332.01,1.6340361453825607,0.2,-0.0008829832077026367,3520,-0.012191541463835165,0.11040002107620239,0.16513671875,-1.1385278467088937,0.0003,0.02326003,,
3190,724992,354,8.28,227,340.45,1.643807542975992,0.2,-0.17045724391937256,3530,-0.013920458854408934,0.3058807849884033,0.172509765625,-1.1525967016816139,0.0003,0.01825757,,
3199,727040,355,8.6905,227,341.54,1.4723989384016023,0.2,0.26148301362991333,3540,-0.010490866311010904,0.08158602565526962,0.158935546875,-1.0433259081095456,0.0003,0.019939935,,
3208,729088,356,9.9453,227,347.14,1.648323639947921,0.2,0.5123617649078369,3550,-0.016699254856212063,0.15168532729148865,0.178369140625,-1.0492744678631425,0.0003,0.02256796,,
,730000,,,,,2.543068208731711,0.2,0.41758841276168823,3560,-0.013348137110006065,0.31896594166755676,0.159912109375,-1.20682492852211,0.0003,0.01575864,20.092000000000002,412.8
3223,731136,357,9.183699999999998,226,340.91,,,,,,,,,,,,
3232,733184,358,9.171600000000002,226,339.7,1.390172143932432,0.2,0.33342981338500977,3570,-0.008043938131595495,0.09070537239313126,0.189794921875,-1.1802651304751635,0.0003,0.019248035,,
3242,735232,359,9.439299999999998,226,336.5,1.2572409810731187,0.2,0.424694299697876,3580,-0.015621838057995774,0.17299404740333557,0.1884765625,-1.069791117683053,0.0003,0.019724363,,
3252,737280,360,9.162399999999998,226,338.78,1.699171582539566,0.2,0.2762269377708435,3590,-0.0163401649100706,0.10035063326358795,0.1583984375,-1.0145824214443564,0.0003,0.022482278,,
3261,739328,361,8.5418,226,336.68,1.7310413354076446,0.2,0.042535245418548584,3600,-0.012444720312487334,0.18471036851406097,0.151611328125,-1.0452225347980857,0.0003,0.016292766,,
,740000,,,,,2.280014197900891,0.2,-0.0033097267150878906,3610,-0.015312908680061809,0.23618802428245544,0.16181640625,-1.137093085050583,0.0003,0.015272369,22.056,409.4
3276,741376,362,7.738,226,326.21,,,,,,,,,,,,
3284,743424,363,6.642699999999999,226,316.58,1.2032349687768147,0.2,-0.05573153495788574,3620,-0.011827407879172825,0.1928696632385254,0.17705078125,-1.124684571288526,0.0003,0.024950147,,
3292,745472,364,6.14,226,316.28,0.8946550041786395,0.2,0.03147554397583008,3630,-0.014691358688287437,0.07377782464027405,0.226171875,-1.2349631890654564,0.0003,0.019706136,,
3302,747520,365,6.488500000000001,226,321.14,1.0024561679922044,0.2,0.386150598526001,3640,-0.013928680171375163,0.006994202733039856,0.184033203125,-1.1561273477971554,0.0003,0.021139598,,
3311,749568,366,7.235499999999999,226,325.91,1.4282543352572248,0.2,0.5372974872589111,3650,-0.016243652330012993,0.14186672866344452,0.143212890625,-1.0568147003650665,0.0003,0.0155843105,,
,750000,,,,,1.1593761058757082,0.2,0.4258396625518799,3660,-0.01921121688792482,0.11527492105960846,0.18916015625,-1.1178086660802364,0.0003,0.020381413,9.580000000000002,360.6
3329,751616,367,7.1508,225,327.43,,,,,,,,,,,,
3338,753664,368,8.1484,225,337.28,1.1727153084939346,0.2,-0.0035576820373535156,3670,-0.015055593225406482,0.029418062418699265,0.200341796875,-1.1130860798060893,0.0003,0.023288323,,
3347,755712,369,8.1497,225,337.39,2.8192142207641155,0.2,-0.6037033796310425,3680,-0.01327100453490857,0.3460206985473633,0.150830078125,-1.2184557382017374,0.0003,0.014390731,,
3357,757760,370,7.6046000000000005,225,332.83,1.1431248464621604,0.2,0.39469069242477417,3690,-0.017730438243597747,0.08820242434740067,0.190087890625,-1.123420501127839,0.0003,0.02018021,,
3367,759808,371,7.0463,225,326.95,1.167578203533776,0.2,0.22516822814941406,3700,-0.018883470850414596,0.09565944224596024,0.22392578125,-1.218164575845003,0.0003,0.018253304,,
,760000,,,,,1.192653572699055,0.2,0.35173678398132324,3710,-0.01586716758320108,0.13714821636676788,0.16845703125,-1.0260431034490467,0.0003,0.021131838,-3.547999999999999,246.6
3382,761856,372,5.641599999999999,225,316.35,,,,,,,,,,,,
3392,763904,373,6.0623000000000005,225,318.46,0.9510564402444288,0.2,0.5654075145721436,3720,-0.01641000040981453,0.029158152639865875,0.185986328125,-1.1093716826289892,0.0003,0.01944484,,
3400,765952,374,6.442200000000001,225,316.47,2.0904078899649905,0.2,0.33687156438827515,3730,-0.014192217396339402,0.25397220253944397,0.144580078125,-0.9909730354323983,0.0003,0.016356826,,
3411,768000,375,6.7385,225,316.13,1.2761790263699369,0.2,0.22545373439788818,3740,-0.012320149032166227,0.5144699215888977,0.17197265625,-1.1780029002577066,0.0003,0.019892672,,
,770000,,,,,1.1302584302728065,0.2,-0.10182034969329834,3750,-0.010821224238316062,0.06797222793102264,0.1689453125,-0.9663677828386426,0.0003,0.0175763,5.17,319.2
3427,770048,376,7.8345,224,325.83,,,,,,,,,,,,
3436,772096,377,8.1435,224,326.76,2.6631236222572623,0.2,0.15375858545303345,3760,-0.010806263718404808,0.1706622838973999,0.12626953125,-1.1648209922015667,0.0003,0.01447693,,
3445,774144,378,8.4876,224,331.22,1.8959257218521088,0.2,0.2979147434234619,3770,-0.016165397030999885,1.080031394958496,0.16484375,-1.1697375576943159,0.0003,0.015239483,,
3455,776192,379,9.0525,224,337.76,1.9352135185617954,0.2,0.15969431400299072,3780,-0.01731390980712604,0.06003822386264801,0.154296875,-0.9717659091576933,0.0003,0.01516658,,
3465,778240,380,9.8971,224,342.28,1.499676077393815,0.2,0.17487388849258423,3790,-0.02109862365759909,0.037546802312135696,0.2162109375,-1.1010066086426378,0.0003,0.029563963,,
,780000,,,,,1.9102480616886168,0.2,0.18637114763259888,3800,-0.014606724749319256,0.3046742081642151,0.1802734375,-1.0568911546841264,0.0003,0.019559067,14.524000000000001,455.4
3485,780288,381,10.1567,223,348.26,,,,,,,,,,,,
3494,782336,382,11.215900000000003,223,354.3,1.4453954034484924,0.2,0.5261178016662598,3810,-0.018056284691556356,0.12207871675491333,0.164794921875,-0.9450158258900047,0.0003,0.018488714,,
3504,784384,383,11.515699999999999,223,354.31,1.7811034992802888,0.2,0.46449387073516846,3820,-0.013821808996726758,0.19245648384094238,0.1603515625,-1.0724439462646842,0.0003,0.014896209,,
3513,786432,384,11.645400000000002,223,357.29,1.5348994326777756,0.2,0.24552440643310547,3830,-0.01625797316955868,0.24853117763996124,0.176416015625,-1.04501498285681,0.0003,0.022109423,,
3523,788480,385,11.415599999999998,223,354.29,1.451686654589139,0.2,0.15475279092788696,3840,-0.01608652724244166,0.1400967240333557,0.177490234375,-1.0088598804548383,0.0003,0.018013643,,
,790000,,,,,1.75552327465266,0.2,0.26579660177230835,3850,-0.015220152045367285,0.13906356692314148,0.151806640625,-1.027134163491428,0.0003,0.017257594,4.57,259.2
3537,790528,386,12.151700000000003,223,357.95,,,,,,,,,,,,
3547,792576,387,13.3363,223,366.54,1.9550535723101348,0.2,0.20281440019607544,3860,-0.013897444958274718,0.06894363462924957,0.1513671875,-1.043167351745069,0.0003,0.015542714,,
3556,794624,388,13.256400000000003,223,368.54,1.0488479724153876,0.2,0.5778186321258545,3870,-0.015357646002667025,0.5714547038078308,0.17880859375,-1.0406529312953352,0.0003,0.02168158,,
3566,796672,389,13.314100000000002,223,364.32,1.5522587985266,0.2,0.35741370916366577,3880,-0.014469593387912028,0.09639844298362732,0.16416015625,-1.1469272024929524,0.0003,0.014947044,,
3576,798720,390,12.9923,223,362.11,2.098174285539426,0.2,0.14022231101989746,3890,-0.010982019707444123,0.241503044962883,0.125830078125,-1.0100766230374574,0.0003,0.0121073965,,
,800000,,,,,1.9015879497863353,0.2,-0.06609439849853516,3900,-0.01723286012420431,0.07602013647556305,0.158154296875,-1.1502866338938476,0.0003,0.016269498,9.693999999999999,372.0
3593,800768,391,13.331700000000003,222,366.08,,,,,,,,,,,,
3602,802816,392,13.9856,222,371.55,1.3211480780737475,0.2,0.43944597244262695,3910,-0.01428595237666741,0.009203318506479263,0.16025390625,-1.0555172057822346,0.0003,0.015880514,,
3612,804864,393,12.658800000000001,222,358.75,1.3865279756486415,0.2,0.49664199352264404,3920,-0.015111860670731402,0.12215538322925568,0.174169921875,-1.0033018862828613,0.0003,0.021844205,,
3621,806912,394,12.0964,222,352.46,2.1331349820364265,0.2,0.49985915422439575,3930,-0.017183205104083756,0.5328455567359924,0.16552734375,-1.1443681409582496,0.0003,0.017049365,,
3632,808960,395,12.308800000000003,222,353.72,1.864534149179235,0.2,-0.07222580909729004,3940,-0.012425576784880831,0.0992206409573555,0.156103515625,-1.0937056986615061,0.0003,0.0150876865,,
,810000,,,,,1.7867449667304753,0.2,0.30405914783477783,3950,-0.016287352502695286,0.07072770595550537,0.187939453125,-1.1601462572813035,0.0003,0.018984236,13.516,354.2
3645,811008,396,13.011600000000001,222,354.07,,,,,,,,,,,,
3654,813056,397,13.674300000000002,222,360.4,2.8988663980271667,0.2,-0.052895545959472656,3960,-0.01676725456782151,0.06891410052776337,0.175537109375,-1.1159618888050318,0.0003,0.017074961,,
3663,815104,398,14.981800000000003,222,371.29,2.3407763686496765,0.2,0.10376244783401489,3970,-0.01870474310708232,0.248692125082016,0.15185546875,-1.0683500856161117,0.0003,0.021337947,,
3671,817152,399,14.5727,222,360.35,1.680936655588448,0.2,0.3334197998046875,3980,-0.011281827886705287,0.0945093184709549,0.168017578125,-1.044527503103018,0.0003,0.01945709,,
3681,819200,400,14.852399999999998,222,368.34,2.0774664809228853,0.2,0.3750684857368469,3990,-0.016332359923399053,0.271614134311676,0.18583984375,-1.0214905926957727,0.0003,0.020572595,,
,820000,,,,,1.8618653481360525,0.2,0.462646484375,4000,-0.017282878048717976,0.072477787733078,0.16142578125,-1.0401817491278051,0.0003,0.018517384,5.386000000000001,340.8
3696,821248,401,14.963299999999997,222,369.44,,,,,,,,,,,,
3705,823296,402,15.600399999999997,222,373.21,1.7486683651804924,0.2,0.4479908347129822,4010,-0.01675298748887144,0.13320821523666382,0.170458984375,-1.166895106062293,0.0003,0.0155474935,,
3714,825344,403,15.9334,222,376.54,2.3663622126448898,0.2,0.3863711357116699,4020,-0.013899013033369555,0.1627432256937027,0.123193359375,-0.9681068124249578,0.0003,0.015696201,,
3724,827392,404,15.937299999999999,222,376.93,1.2974526783451439,0.2,0.3871387839317322,4030,-0.012648753318353556,0.023829754441976547,0.18046875,-1.0551113296300172,0.0003,0.021954058,,
3733,829440,405,14.9339,222,376.49,1.395491875661537,0.2,0.42128080129623413,4040,-0.015035301732132212,0.19798731803894043,0.175146484375,-1.0687884090468287,0.0003,0.022936527,,
,830000,,,,,1.431206043343991,0.2,0.10083836317062378,4050,-0.009403702017152682,0.058605484664440155,0.142236328125,-0.9246990785002709,0.0003,0.012196986,13.646,367.6
3748,831488,406,14.533999999999997,221,366.45,,,,,,,,,,,,
3756,833536,407,14.9065,221,373.73,1.6119212729856371,0.2,0.4238322973251343,4060,-0.014535360006266273,0.12237638980150223,0.17626953125,-1.1176760215312243,0.0003,0.019322677,,
3765,835584,408,15.989299999999998,221,382.11,1.5723895000061021,0.2,0.36721301078796387,4070,-0.013061559238121846,0.10147517919540405,0.20048828125,-1.148086529970169,0.0003,0.018599454,,
3775,837632,409,16.570100000000004,221,390.24,1.672124353144318,0.2,0.23668617010116577,4080,-0.010067000566050411,0.0715247392654419,0.139013671875,-1.035412748157978,0.0003,0.01720868,,
3783,839680,410,16.2817,221,381.38,0.8540191688574851,0.2,0.4996907114982605,4090,-0.01725453973340336,-0.006504721939563751,0.193994140625,-1.0533575927838683,0.0003,0.020504002,,
,840000,,,,,2.5295239323284475,0.2,0.09476041793823242,4100,-0.017253218960831873,0.07702215015888214,0.17021484375,-1.0984691066667438,0.0003,0.016161028,9.818000000000001,384.4
3798,841728,411,17.022000000000002,221,385.48,,,,,,,,,,,,
3806,843776,412,17.1218,221,385.45,2.2044926483184097,0.2,0.39833593368530273,4110,-0.017338215053314343,0.1412268579006195,0.147900390625,-0.9905843527987599,0.0003,0.0133298095,,
3815,845824,413,17.5871,221,392.02,3.2054672455880793,0.2,0.1926679015159607,4120,-0.012613363520358689,0.2347521185874939,0.128466796875,-1.0111822094768286,0.0003,0.011754933,,
3823,847872,414,16.7097,221,384.2,1.3042667011730373,0.2,0.5188159346580505,4130,-0.015755347229423934,0.06847216933965683,0.169873046875,-1.005541156604886,0.0003,0.017612286,,
3831,849920,415,16.837300000000003,221,386.97,2.3702988124452533,0.2,-0.03943741321563721,4140,-0.014739727936103009,0.3674722909927368,0.1671875,-1.16583592556417,0.0003,0.015472065,,
,850000,,,,,2.827686227671802,0.2,0.08747923374176025,4150,-0.015018880792194978,0.7672983407974243,0.149169921875,-0.9601834649220109,0.0003,0.014266549,12.184000000000001,421.2
3845,851968,416,16.0269,221,375.86,,,,,,,,,,,,
3854,854016,417,15.396100000000004,221,372.72,2.6288888456765562,0.2,0.12585818767547607,4160,-0.012826493868487887,0.15157601237297058,0.156884765625,-1.0535569602623582,0.0003,0.019090742,,
3863,856064,418,13.591400000000004,221,352.09,1.5495388033566997,0.2,0.2695120573043823,4170,-0.016030743373266886,0.15065120160579681,0.16689453125,-1.0229384656995535,0.0003,0.022724848,,
3871,858112,419,13.1725,221,350.16,2.2083150454098357,0.2,-0.1858365535736084,4180,-0.015074510950944387,0.13495105504989624,0.192333984375,-1.0311818251386284,0.0003,0.023330238,,
,860000,,,,,1.8316113222623245,0.2,0.1839715838432312,4190,-0.012655273592099548,0.05516098067164421,0.157861328125,-0.9530776426196098,0.0003,0.018523311,-1.3079999999999998,270.8
3884,860160,420,13.849599999999999,221,347.9,,,,,,,,,,,,
3893,862208,421,12.138099999999998,221,326.6,1.451355397538282,0.2,0.09981685876846313,4200,-0.016127625771332532,0.14668476581573486,0.20419921875,-1.1399313487112521,0.0003,0.020738607,,
3901,864256,422,11.072400000000002,221,319.95,1.7164107837248594,0.2,0.4121816158294678,4210,-0.015615823303232901,0.05542299896478653,0.17314453125,-1.0792378198355437,0.0003,0.017040353,,
3909,866304,423,9.852300000000001,221,307.83,1.7313049883581697,0.2,0.23758834600448608,4220,-0.013482085347641259,0.09095755964517593,0.1767578125,-1.1550383310765029,0.0003,0.01947124,,
3917,868352,424,9.390099999999999,221,301.55,2.2581165177281948,0.2,0.08717310428619385,4230,-0.011750984663376585,0.20294268429279327,0.1662109375,-1.0299328345805407,0.0003,0.01513623,,
,870000,,,,,1.9666376856155694,0.2,0.07908576726913452,4240,-0.017313544497301336,0.2256847620010376,0.156787109375,-1.1375328682363033,0.0003,0.01582042,20.224,425.6
3931,870400,425,9.361500000000001,221,308.68,,,,,,,,,,,,
3938,872448,426,7.782,221,300.6,1.3446096401894465,0.2,0.23558348417282104,4250,-0.018524179257656214,0.05077672749757767,0.215625,-1.2414239212870597,0.0003,0.023947941,,
3946,874496,427,6.806700000000001,221,292.98,1.4385671348543838,0.2,0.268582820892334,4260,-0.013017224974464624,0.16357535123825073,0.1798828125,-1.244162855297327,0.0003,0.02167116,,
3955,876544,428,8.8999,221,302.46,1.0073108613491057,0.2,0.33626896142959595,4270,-0.01399788417184027,0.05951354652643204,0.208642578125,-1.0561612855643034,0.0003,0.02101644,,
3962,878592,429,8.445599999999999,221,296.99,2.390157917677425,0.2,-0.13863909244537354,4280,-0.013622828465304337,0.076719269156456,0.154443359375,-1.006381081417203,0.0003,0.017333481,,
,880000,,,,,1.371547676762566,0.2,0.36687153577804565,4290,-0.01200389784789877,0.12211857736110687,0.18671875,-1.1969915352761746,0.0003,0.018547691,0.6219999999999999,264.0
3977,880640,430,8.075399999999998,221,299.93,,,,,,,,,,,,
3985,882688,431,8.1802,221,300.42,2.0219559183577074,0.2,0.045554935932159424,4300,-0.01673478657467058,0.05169738084077835,0.18740234375,-1.1831239480525255,0.0003,0.02872286,,
3995,884736,432,9.3606,221,308.55,1.854194090072997,0.2,0.07326376438140869,4310,-0.014082377310842276,0.1592158079147339,0.17333984375,-1.1367781525477767,0.0003,0.018711623,,
4004,886784,433,10.148299999999999,221,317.39,1.3397762838518248,0.2,0.3281659483909607,4320,-0.017504778190050273,0.03170609474182129,0.16943359375,-1.018288696371019,0.0003,0.02265117,,
4013,888832,434,10.3654,221,319.12,1.269971480872482,0.2,0.3158115744590759,4330,-0.018968312299693934,0.05895895138382912,0.228857421875,-1.09337028414011,0.0003,0.02285625,,
,890000,,,,,1.5199563979171216,0.2,0.35732781887054443,4340,-0.017801068058179225,0.08683879673480988,0.16298828125,-1.1034859983250498,0.0003,0.01825707,-3.9579999999999997,205.6
4025,890880,435,9.308399999999999,221,313.34,,,,,,,,,,,,
4034,892928,436,8.4738,221,309.84,2.4266475587151946,0.2,0.4237056374549866,4350,-0.015201630763476715,0.04613267630338669,0.14599609375,-1.0944152629002928,0.0003,0.013381904,,
4043,894976,437,8.839500000000001,221,316.44,1.38458498949185,0.2,0.264041006565094,4360,-0.01669780369120417,0.10326534509658813,0.172021484375,-1.0330575069412589,0.0003,0.018002532,,
4054,897024,438,11.3704,221,339.76,2.041964375367388,0.2,0.232211172580719,4370,-0.013992692988540511,0.10834701359272003,0.175439453125,-1.1360247418284417,0.0003,0.022792665,,
4065,899072,439,12.665700000000005,221,349.41,2.183606800902635,0.2,0.024828851222991943,4380,-0.01632043094432447,0.15680202841758728,0.15185546875,-0.9824446571990848,0.0003,0.019054268,,
,900000,,,,,2.005063126375899,0.2,-0.0022138357162475586,4390,-0.015676635448471643,0.4801314175128937,0.16337890625,-1.0374713804572822,0.0003,0.019223463,18.119999999999997,415.4
4083,901120,440,13.650099999999998,220,357.92,,,,,,,,,,,,
4093,903168,441,15.1336,220,366.39,1.280333398282528,0.2,0.45512598752975464,4400,-0.014271732969791628,0.22767168283462524,0.18955078125,-1.0577863531187177,0.0003,0.02086176,,
4103,905216,442,15.0156,220,364.58,1.5524235794320702,0.2,0.2720177173614502,4410,-0.015286113566253335,0.043822117149829865,0.173291015625,-1.0578554950654506,0.0003,0.019155633,,
4113,907264,443,16.717299999999998,220,374.91,1.5352121026953682,0.2,0.3987739086151123,4420,-0.01579597496020142,0.04143708199262619,0.156982421875,-1.0296218246221542,0.0003,0.019382559,,
4122,909312,444,17.005,220,373.71,2.258487526001409,0.2,0.5204269886016846,4430,-0.013713834603549913,0.12073017656803131,0.150146484375,-0.9762576341629028,0.0003,0.0152794495,,
,910000,,,,,2.466854380723089,0.2,0.30674058198928833,4440,-0.013805014968966134,0.09295673668384552,0.15927734375,-1.0406008888036014,0.0003,0.017907107,-6.768000000000001,124.4
4134,911360,445,17.5294,220,376.2,,,,,,,,,,,,
4145,913408,446,18.175800000000002,220,380.9,2.581879051984288,0.2,0.44678646326065063,4450,-0.012890074896859005,0.140183687210083,0.173779296875,-1.1016761366277934,0.0003,0.0190727,,
4155,915456,447,18.094700000000003,220,382.82,1.8562693811487407,0.2,0.1350385546684265,4460,-0.01200130041979719,0.09125758707523346,0.161279296875,-0.8790165141224862,0.0003,0.016685966,,
4167,917504,448,18.410800000000002,220,394.45,2.4486907613929363,0.2,0.08576488494873047,4470,-0.014168210196658038,0.1470898538827896,0.1490234375,-0.9655364666134119,0.0003,0.021771172,,
4175,919552,449,18.139200000000002,220,387.25,1.8296995499171316,0.2,-0.27204179763793945,4480,-0.016445737026515417,0.10085424035787582,0.1736328125,-0.8060533897951245,0.0003,0.022052832,,
,920000,,,,,1.726268120482564,0.2,0.29180604219436646,4490,-0.014631330090924165,0.11743967235088348,0.1724609375,-1.0941567424684764,0.0003,0.020473193,25.958000000000006,400.0
4194,921600,450,17.597700000000003,219,383.05,,,,,,,,,,,,
4203,923648,451,17.6296,219,386.26,1.7171329794218764,0.2,-0.035294175148010254,4500,-0.019343178656708915,0.07217303663492203,0.1796875,-0.9524510869756341,0.0003,0.027104529,,
4212,925696,452,17.0554,219,378.79,1.439361522370018,0.2,0.2455419898033142,4510,-0.018700851168250664,0.046963948756456375,0.20537109375,-0.9691132953390479,0.0003,0.03308348,,
4222,927744,453,16.948800000000002,219,378.12,2.5334221790079026,0.2,0.04423481225967407,4520,-0.01565933329402469,0.17041239142417908,0.15849609375,-1.1427388748154044,0.0003,0.018836552,,
4231,929792,454,18.2357,219,386.93,1.198525834805332,0.2,0.39219480752944946,4530,-0.01072720690863207,0.09525632858276367,0.15927734375,-1.053829544223845,0.0003,0.020419076,,
,930000,,,,,3.024644569726661,0.2,0.07325726747512817,4540,-0.014745663595385849,0.40237411856651306,0.1599609375,-1.1086236486211418,0.0003,0.015111314,4.982,300.4
4247,931840,455,19.5476,219,398.24,,,,,,,,,,,,
4258,933888,456,19.6275,219,396.24,1.51459221849218,0.2,0.29276609420776367,4550,-0.02331833523348905,0.06254205107688904,0.1955078125,-1.0194170355796814,0.0003,0.023410317,,
4268,935936,457,16.5651,219,369.72,2.258025977900252,0.2,-0.08545506000518799,4560,-0.014155790011864155,0.1451541781425476,0.15849609375,-1.1173750786110759,0.0003,0.01506306,,
4277,937984,458,15.919,219,365.07,2.016978503204882,0.2,-0.021184921264648438,4570,-0.01612826664932072,0.07984386384487152,0.146484375,-1.0661684012040495,0.0003,0.01510327,,
,940000,,,,,1.4871428711107,0.2,0.3306705355644226,4580,-0.014417957441764884,0.2058526575565338,0.177099609375,-1.0819603431969882,0.0003,0.018805984,9.524000000000001,355.0
4294,940032,459,14.214099999999998,218,354.46,,,,,,,,,,,,
4304,942080,460,12.489999999999995,218,341.89,2.4138685019686816,0.2,-0.24588167667388916,4590,-0.015658505441388117,0.04210197925567627,0.13271484375,-1.0415143581107258,0.0003,0.013752618,,
4313,944128,461,12.1962,218,342.48,2.314682422578335,0.2,-0.12026345729827881,4600,-0.015535987229668535,0.23544010519981384,0.178857421875,-1.078167238086462,0.0003,0.02025751,,
4322,946176,462,11.6671,218,339.52,2.1043443452101203,0.2,-0.022804856300354004,4610,-0.021357612279825845,0.4109090566635132,0.20439453125,-1.102436158619821,0.0003,0.022595527,,
4331,948224,463,11.6597,218,338.78,1.6207235901150852,0.2,0.41764217615127563,4620,-0.013722140520985703,0.14278431236743927,0.147314453125,-1.050455013848841,0.0003,0.017114257,,
,950000,,,,,2.2304204902611673,0.2,0.15289711952209473,4630,-0.017010448439395986,0.3393271863460541,0.17861328125,-1.1821408784016967,0.0003,0.020299383,17.616000000000003,365.0
4347,950272,464,11.0122,218,323.98,,,,,,,,,,,,
4355,952320,465,10.8484,218,327.6,1.5389281732961535,0.2,0.2262088656425476,4640,-0.0143925707496237,0.07109233736991882,0.16171875,-1.088608867675066,0.0003,0.017375257,,
4364,954368,466,11.0735,218,330.13,1.5958808933151887,0.2,0.15314793586730957,4650,-0.018766601089737378,0.08066365122795105,0.190087890625,-1.1930975779891013,0.0003,0.020972427,,
4373,956416,467,11.272800000000002,218,330.08,1.8978179677855223,0.2,0.07725197076797485,4660,-0.011892197499400936,0.12631484866142273,0.139111328125,-1.0419985322281717,0.0003,0.017969651,,
4383,958464,468,12.669299999999998,218,339.86,3.0105715604964645,0.2,0.26691699028015137,4670,-0.011647277532028965,1.2369362115859985,0.120166015625,-1.0056720515713096,0.0003,0.012995848,,
,960000,,,,,2.908327356306836,0.2,-0.034592390060424805,4680,-0.015758233048836702,0.135564923286438,0.15009765625,-1.0819993553683163,0.0003,0.016951088,17.842000000000002,387.2
4399,960512,469,11.598400000000002,218,332.67,,,,,,,,,,,,
4409,962560,470,11.5626,218,329.09,1.4740515791112556,0.2,0.31589579582214355,4690,-0.023973309239954686,0.09865731745958328,0.18896484375,-1.2153668958693742,0.0003,0.021499973,,
4417,964608,471,11.279399999999999,218,330.74,1.8226488264277578,0.2,0.30772602558135986,4700,-0.0204982299299445,0.07046368718147278,0.199072265625,-1.142280018143356,0.0003,0.02078292,,
4425,966656,472,11.175200000000002,218,330.31,1.8571850413456559,0.2,0.034342288970947266,4710,-0.013880019352654926,0.20122820138931274,0.176904296875,-1.2266835819929838,0.0003,0.020483669,,
4434,968704,473,10.5342,218,326.15,1.125427192240022,0.2,0.4914766550064087,4720,-0.022439222413231617,0.0296042338013649,0.20712890625,-1.1750319339334965,0.0003,0.022714626,,
,970000,,,,,2.0102711473125963,0.2,0.10525286197662354,4730,-0.016307911320473066,0.06306044012308121,0.165380859375,-1.026013887487352,0.0003,0.018082019,0.688,270.6
4449,970752,474,10.415000000000003,218,324.22,,,,,,,,,,,,
4460,972800,475,11.5252,218,335.34,2.813995514297858,0.2,-0.08724308013916016,4740,-0.018618316196079832,0.2613915801048279,0.1296875,-0.96241474468261,0.0003,0.016615637,,
4469,974848,476,12.053100000000002,218,338.18,1.6832033086568117,0.2,-0.07071471214294434,4750,-0.021384629321983085,0.08899714052677155,0.175048828125,-1.0230541391298176,0.0003,0.018075006,,
4477,976896,477,11.603299999999999,218,333.16,1.6699206445366144,0.2,0.3574540615081787,4760,-0.017576695937896146,0.12400588393211365,0.170458984375,-1.0781134510412813,0.0003,0.019350816,,
4486,978944,478,11.516599999999999,218,334.48,1.452425777213648,0.2,0.29672110080718994,4770,-0.025979043924598953,0.02230904996395111,0.19052734375,-1.1113073280081154,0.0003,0.021927973,,
,980000,,,,,1.9200055569643155,0.2,0.38915127515792847,4780,-0.011809124288265593,0.0449853241443634,0.175390625,-1.0621805541217326,0.0003,0.023033552,23.794,383.4
4501,980992,479,10.8454,217,327.3,,,,,,,,,,,,
4510,983040,480,11.514799999999997,217,334.3,1.5582229756517336,0.2,0.43431687355041504,4790,-0.022160136853926815,0.043165694922208786,0.2240234375,-1.1309593668207527,0.0003,0.036923096,,
4518,985088,481,11.775099999999998,218,330.32,2.3984127450734376,0.2,-0.1526092290878296,4800,-0.013329693088599015,0.06965766102075577,0.16787109375,-1.2195412717759608,0.0003,0.0195326,,
4528,987136,482,12.422300000000002,218,335.1,2.0102938094642013,0.2,0.13496124744415283,4810,-0.019611881190212444,0.26039621233940125,0.201806640625,-1.1757719669491054,0.0003,0.02269999,,
4537,989184,483,12.480299999999998,218,340.9,1.2558200587052852,0.2,0.2952154278755188,4820,-0.017514728332753294,0.3970626890659332,0.191015625,-1.1314566060900688,0.0003,0.020062752,,
,990000,,,,,2.0584054179955276,0.2,0.21888571977615356,4830,-0.02056774917000439,0.04727611690759659,0.172265625,-1.1689780673012138,0.0003,0.018814918,9.079999999999998,310.6
4552,991232,484,11.5329,217,336.05,,,,,,,,,,,,
4561,993280,485,11.959299999999999,217,338.73,1.5347750107524916,0.2,0.30037450790405273,4840,-0.017617333080852404,0.014717072248458862,0.19013671875,-1.1241135025396942,0.0003,0.027479185,,
4570,995328,486,11.643900000000004,217,337.16,1.920250134728849,0.2,0.15518856048583984,4850,-0.01905134398548398,0.10368639975786209,0.167919921875,-1.1121083900332451,0.0003,0.019159451,,
4579,997376,487,11.453800000000001,217,338.13,1.9057882205117493,0.2,0.27015721797943115,4860,-0.018586897634668274,0.034248124808073044,0.17451171875,-1.1301254210993648,0.0003,0.017287882,,
4588,999424,488,11.0638,217,329.1,2.0557765572331848,0.2,0.1199648380279541,4870,-0.02033705177018419,0.2547566592693329,0.18427734375,-1.1597108516842127,0.0003,0.019496918,,
,1000000,,,,,1.6845854572253303,0.2,0.26422667503356934,4880,-0.017442112149728926,0.14364731311798096,0.176953125,-1.1452490739524364,0.0003,0.017856358,4.864000000000001,288.6
4603,1001472,489,11.9247,217,335.27,,,,,,,,,,,,
4614,1003520,490,12.0481,217,337.62,1.5513031281996519,0.2,0.36008912324905396,4890,-0.01936393640935421,0.023781538009643555,0.1892578125,-1.182425132393837,0.0003,0.018052686,,
4623,1005568,491,10.495899999999997,217,322.26,1.362841233261861,0.2,0.3815942406654358,4900,-0.017117256103665567,0.08093340694904327,0.162353515625,-1.0282636983320117,0.0003,0.018935278,,
4633,1007616,492,11.1504,217,327.75,1.6501665524439886,0.2,0.3398575782775879,4910,-0.018109487870242448,0.08706717193126678,0.1734375,-1.1124295515939593,0.0003,0.019669026,,
4642,1009664,493,12.1405,217,336.85,1.4268449985655025,0.2,0.2194480299949646,4920,-0.018814293231116608,0.08827028423547745,0.19794921875,-1.1250591300427915,0.0003,0.020397108,,
,1010000,,,,,2.1037634518463166,0.2,0.20500463247299194,4930,-0.020607865956844763,0.07541360706090927,0.18720703125,-1.0943485533818602,0.0003,0.02203589,39.068,512.2
4659,1011712,494,11.795,217,332.27,,,,,,,,,,,,
4668,1013760,495,12.066399999999998,217,339.43,2.7300972945056854,0.2,0.36740022897720337,4940,-0.018924021584098227,0.2761448621749878,0.176025390625,-1.093565421178937,0.0003,0.016730675,,
4679,1015808,496,12.613299999999997,217,344.15,1.7026218306738883,0.2,0.4014316201210022,4950,-0.016759904730133713,0.07052268087863922,0.17841796875,-1.1716906759887933,0.0003,0.017986406,,
4687,1017856,497,13.370399999999997,217,349.93,2.7069161885417996,0.2,0.2900978922843933,4960,-0.018601631441561038,0.5190964937210083,0.16953125,-1.11307187769562,0.0003,0.0154902935,,
4697,1019904,498,13.3813,217,351.06,1.7639118688646704,0.2,0.4504570960998535,4970,-0.014572753421089147,0.13503319025039673,0.162939453125,-1.1987740021198987,0.0003,0.017783653,,
,1020000,,,,,2.6537967185024174,0.2,-0.08770561218261719,4980,-0.018131824966985732,0.10604187101125717,0.15791015625,-1.0372516710311175,0.0003,0.020472407,11.41,343.8
4713,1021952,499,13.076600000000001,216,350.56,,,,,,,,,,,,
4721,1024000,500,12.729799999999997,216,345.85,1.5987085512140766,0.2,0.4144350290298462,4990,-0.019396167076774874,0.1502397358417511,0.1890625,-1.1494800060987473,0.0003,0.022413727,,
4732,1026048,501,12.910699999999997,216,343.98,1.4288295932346955,0.2,0.25900185108184814,5000,-0.014695278479484842,0.04969816654920578,0.18291015625,-1.2289129581302405,0.0003,0.020066436,,
4741,1028096,502,12.501,216,342.97,1.4945157694863156,0.2,0.17661923170089722,5010,-0.01722621743538184,0.04926396906375885,0.172509765625,-1.1808811407536268,0.0003,0.01889094,,
,1030000,,,,,2.0490432201186195,0.2,0.40263593196868896,5020,-0.014850822658627295,0.11642342805862427,0.151416015625,-1.0270033713430167,0.0003,0.017480727,15.494000000000003,352.6
4758,1030144,503,13.792300000000001,216,352.22,,,,,,,,,,,,
4766,1032192,504,14.064600000000002,216,359.47,1.876592757133767,0.2,0.41174596548080444,5030,-0.01723242294974625,0.02438928931951523,0.16064453125,-0.9977182772010564,0.0003,0.02254805,,
4776,1034240,505,14.5163,216,364.68,2.7941039498895406,0.2,-0.42359113693237305,5040,-0.01681508889014367,0.1449822038412094,0.156396484375,-1.0749889273196458,0.0003,0.017004237,,
4786,1036288,506,16.041700000000002,216,377.36,1.5913277015089988,0.2,0.33901262283325195,5050,-0.019153718535380903,0.0762481540441513,0.208056640625,-1.098512213677168,0.0003,0.020797668,,
4796,1038336,507,17.225399999999997,216,385.84,1.4042560481466353,0.2,0.503994345664978,5060,-0.02039243310573511,0.12025633454322815,0.1876953125,-0.9619086008518934,0.0003,0.022431605,,
,1040000,,,,,1.4584804572397843,0.2,0.002534806728363037,5070,-0.018860386719461532,0.12858016788959503,0.162548828125,-1.0155420906841754,0.0003,0.018098764,19.964000000000002,400.0
4813,1040384,508,17.686600000000002,216,392.0,,,,,,,,,,,,
4823,1042432,509,17.288000000000004,216,392.1,1.449010024871677,0.2,0.1399816870689392,5080,-0.020682267894153485,0.01474599540233612,0.203857421875,-1.0895762342959643,0.0003,0.025645602,,
4833,1044480,510,18.1738,216,400.76,1.7837603218387812,0.2,-0.02012050151824951,5090,-0.013568051920447032,0.062094442546367645,0.164501953125,-1.0714205386117102,0.0003,0.018025883,,
4842,1046528,511,17.840499999999995,216,397.36,2.292743257060647,0.2,0.032147109508514404,5100,-0.018568339495686814,0.08408396691083908,0.17783203125,-1.1487107479944825,0.0003,0.019810395,,
4851,1048576,512,17.0901,216,392.25,1.7956861690152437,0.2,0.18138808012008667,5110,-0.023059433040907608,0.15744620561599731,0.2033203125,-1.196188485622406,0.0003,0.02794741,,
,1050000,,,,,2.003356854408048,0.2,-0.08164215087890625,5120,-0.018201444286387414,0.13091610372066498,0.16005859375,-0.985491088591516,0.0003,0.02394655,9.678,370.4
4868,1050624,513,17.340899999999998,215,397.35,,,,,,,,,,,,
4878,1052672,514,17.872799999999998,215,400.59,1.7109947444405407,0.2,0.23611444234848022,5130,-0.016802338176057675,0.10023605078458786,0.162890625,-1.1037316920235754,0.0003,0.020183958,,
4886,1054720,515,18.188299999999998,215,402.17,1.9589262406807393,0.2,0.12206518650054932,5140,-0.02157679449301213,0.1262177675962448,0.173291015625,-1.1363549314439296,0.0003,0.021873506,,
4896,1056768,516,16.958,215,389.01,1.7724270318169146,0.2,0.038396239280700684,5150,-0.024916474815108815,0.08835240453481674,0.217626953125,-1.260549956187606,0.0003,0.024952905,,
4906,1058816,517,16.5146,215,384.61,1.2740049901651218,0.2,0.15273600816726685,5160,-0.019852211450051983,0.09611772000789642,0.1740234375,-1.070800954848528,0.0003,0.017704125,,
,1060000,,,,,1.8101412267889827,0.2,0.09381800889968872,5170,-0.025807051834999584,0.08093442022800446,0.20908203125,-1.1024595590308308,0.0003,0.025938218,48.26199999999999,632.4
4927,1060864,518,16.7824,215,381.42,,,,,,,,,,,,
4937,1062912,519,18.2222,215,385.52,1.96236802439671,0.2,0.1798756718635559,5180,-0.019877433413057588,0.07851165533065796,0.16650390625,-1.084248842485249,0.0003,0.018800117,,
4946,1064960,520,18.4445,215,387.77,1.777277426305227,0.2,0.0659874677658081,5190,-0.015578152230591513,0.2130606472492218,0.173291015625,-1.1195076033473015,0.0003,0.020215902,,
4955,1067008,521,16.409299999999998,215,374.06,2.4402674166020004,0.2,0.11464124917984009,5200,-0.01999612912622979,0.42051392793655396,0.187939453125,-1.062745475396514,0.0003,0.025650114,,
4964,1069056,522,15.675699999999999,215,360.62,1.5192784453975037,0.2,0.14595520496368408,5210,-0.01669822601543274,0.036431144922971725,0.21005859375,-1.142922668531537,0.0003,0.020413851,,
,1070000,,,,,2.2450304649304598,0.2,0.1765122413635254,5220,-0.010763702442636714,0.460788756608963,0.142822265625,-1.0312429448589682,0.0003,0.015143995,35.495999999999995,554.6
4986,1071104,523,14.662400000000002,214,349.2,,,,,,,,,,,,
4997,1073152,524,15.1121,214,354.21,3.0093721208162605,0.2,-0.16453301906585693,5230,-0.014201099172350951,0.08413682878017426,0.16904296875,-0.9801825881004333,0.0003,0.024477465,,
5005,1075200,525,13.968399999999999,214,339.74,1.447548688808456,0.2,0.4725087881088257,5240,-0.018595161364646628,0.5034642219543457,0.167578125,-1.0936939714476466,0.0003,0.019381324,,
5015,1077248,526,13.402499999999998,214,333.1,2.2305874777957797,0.2,0.059294700622558594,5250,-0.018879720562836155,0.03280293941497803,0.15751953125,-0.9913786159828305,0.0003,0.017800003,,
5024,1079296,527,13.888599999999999,214,331.74,1.9753772315802052,0.2,0.31211018562316895,5260,-0.017859804138424806,0.23159058392047882,0.17021484375,-0.9560344705358148,0.0003,0.01789701,,
,1080000,,,,,2.418720235861838,0.2,0.23700076341629028,5270,-0.014676957059418783,0.13593730330467224,0.162841796875,-1.0427567126229405,0.0003,0.019593125,24.145999999999997,418.6
5042,1081344,528,14.981899999999998,214,341.19,,,,,,,,,,,,
5052,1083392,529,14.127599999999996,214,335.68,1.5917654911521821,0.2,0.38308101892471313,5280,-0.016075839137192814,0.028235621750354767,0.201318359375,-0.9464207189157605,0.0003,0.024824727,,
5063,1085440,530,14.2324,214,336.17,2.4669401580933483,0.2,0.1910044550895691,5290,-0.01797394021850778,0.13146433234214783,0.138525390625,-1.0884714592248201,0.0003,0.01599109,,
5073,1087488,531,14.115099999999998,214,334.43,1.9952820308040828,0.2,0.18337374925613403,5300,-0.0184561631132965,0.1011279970407486,0.16826171875,-1.0549703912809492,0.0003,0.017946966,,
5081,1089536,532,14.7274,214,335.72,1.3460121744079516,0.2,0.17395514249801636,5310,-0.020029145915759727,0.04195251315832138,0.179833984375,-1.032512317597866,0.0003,0.020107532,,
,1090000,,,,,2.31479911361821,0.2,-0.12406504154205322,5320,-0.02257591315137688,0.24462231993675232,0.19130859375,-1.1239681141451001,0.0003,0.024275217,13.268,329.8
5096,1091584,533,15.178600000000001,214,340.9,,,,,,,,,,,,
5105,1093632,534,16.376599999999996,214,350.81,1.8239086996065452,0.2,0.22536414861679077,5330,-0.019110224809264765,0.03420363366603851,0.16865234375,-1.0010771248489618,0.0003,0.018257653,,
5115,1095680,535,16.4008,214,353.23,2.2578755845781417,0.2,0.18210506439208984,5340,-0.016613980499096216,0.3066140115261078,0.130712890625,-0.826235567778349,0.0003,0.01465445,,
5125,1097728,536,16.223,214,355.43,1.7809992311755196,0.2,0.40879952907562256,5350,-0.017271816381253302,0.16946209967136383,0.16845703125,-1.072976467758417,0.0003,0.018427731,,
5135,1099776,537,16.7802,214,361.2,1.9553662270773202,0.2,-0.06655073165893555,5360,-0.018634323848527857,0.19313867390155792,0.18212890625,-1.007348693907261,0.0003,0.019554231,,
,1100000,,,,,1.552506625582464,0.2,0.45775115489959717,5370,-0.023422657266200984,0.15670347213745117,0.2056640625,-1.0413954911753536,0.0003,0.03276615,13.726000000000003,375.6
5152,1101824,538,17.5268,213,365.93,,,,,,,,,,,,
5162,1103872,539,17.6273,213,365.99,1.8705847359960899,0.2,0.1840994954109192,5380,-0.016317962727043778,0.006997130811214447,0.18349609375,-1.0354483172297477,0.0003,0.01930389,,
5173,1105920,540,17.5491,213,368.16,3.058423820394091,0.2,-0.2333749532699585,5390,-0.015019935666350648,0.15192250907421112,0.1603515625,-1.1401749281212687,0.0003,0.0161298,,
5182,1107968,541,17.264799999999994,213,369.72,2.103177558025345,0.2,0.14237922430038452,5400,-0.014958449284313247,0.30035656690597534,0.157666015625,-1.0096755791455507,0.0003,0.016605545,,
,1110000,,,,,3.1319876189110802,0.2,0.019233524799346924,5410,-0.01501845649909228,0.36291125416755676,0.14697265625,-1.0228518763557077,0.0003,0.019330567,0.46199999999999974,248.0
5196,1110016,542,17.2416,213,367.4,,,,,,,,,,,,
5205,1112064,543,17.3866,213,371.91,1.6994061253033579,0.2,0.4184111952781677,5420,-0.015408161393133923,0.8561004996299744,0.194189453125,-1.1154427770525217,0.0003,0.023170814,,
5216,1114112,544,17.599,213,373.17,1.9662355101900175,0.2,0.2691970467567444,5430,-0.01907439519127365,0.07875299453735352,0.1703125,-1.167682933807373,0.0003,0.019921198,,
5225,1116160,545,16.680000000000003,213,371.22,1.912713808240369,0.2,0.06392061710357666,5440,-0.012915421795332805,0.206569105386734,0.151318359375,-1.0858027821406722,0.0003,0.01646039,,
5234,1118208,546,17.0179,213,375.04,1.5188837135210633,0.2,0.23316574096679688,5450,-0.018641265251790173,0.04801902920007706,0.161474609375,-1.0477842703461646,0.0003,0.017335547,,
,1120000,,,,,1.3848966400604694,0.2,0.41316044330596924,5460,-0.02725883979583159,0.057445645332336426,0.207470703125,-1.0208588266745209,0.0003,0.024058744,19.075999999999997,311.2
5247,1120256,547,17.9501,213,378.33,,,,,,,,,,,,
5257,1122304,548,18.9473,213,388.14,2.0277995595009997,0.2,0.32793402671813965,5470,-0.015585317998193205,0.06490790843963623,0.179638671875,-1.1096590101718902,0.0003,0.020648783,,
5266,1124352,549,18.8376,213,387.16,1.5837243272224442,0.2,0.318686842918396,5480,-0.01959185214509489,0.06724155694246292,0.18134765625,-1.1575962651520968,0.0003,0.018343609,,
5275,1126400,550,19.4578,213,389.22,1.705134969460778,0.2,0.32095712423324585,5490,-0.02025342635170091,0.1273660510778427,0.224169921875,-1.1252355022355913,0.0003,0.024988918,,
5284,1128448,551,19.0742,213,390.84,2.103689206321724,0.2,0.40037286281585693,5500,-0.02345554864150472,0.11770401149988174,0.194384765625,-1.1864621248096228,0.0003,0.022955377,,
,1130000,,,,,2.3078580585774033,0.2,0.3247828483581543,5510,-0.012681370518112089,0.08619938045740128,0.118310546875,-0.9901875784620643,0.0003,0.014749378,4.504,252.6
5297,1130496,552,17.155600000000003,213,378.82,,,,,,,,,,,,
5307,1132544,553,15.942900000000002,213,367.44,2.1796350006945433,0.2,0.06308156251907349,5520,-0.01983462991702254,0.11340823769569397,0.20869140625,-1.123097947984934,0.0003,0.022473373,,
5316,1134592,554,16.1426,213,367.39,0.9174784239148721,0.2,0.5292918682098389,5530,-0.023164815304335208,0.10736343264579773,0.210498046875,-1.1090910701081156,0.0003,0.021510296,,
5324,1136640,555,15.706400000000004,213,363.75,1.2278767846059053,0.2,0.31818634271621704,5540,-0.023565679593593812,0.05182337388396263,0.17783203125,-1.1061954952776432,0.0003,0.018773723,,
5333,1138688,556,15.377600000000003,213,360.82,1.5397155606420712,0.2,0.47885918617248535,5550,-0.020375687966588885,0.1549317091703415,0.1677734375,-1.135178123600781,0.0003,0.018694967,,
,1140000,,,,,2.224907222110778,0.2,0.3255377411842346,5560,-0.020033083009184337,0.2686310112476349,0.1666015625,-1.2168353915214538,0.0003,0.017362922,11.133999999999999,316.2
5348,1140736,557,15.679699999999999,213,361.06,,,,,,,,,,,,
5356,1142784,558,15.7664,213,359.74,1.8766400632448494,0.2,0.1462256908416748,5570,-0.013930960797006264,0.10768462717533112,0.1978515625,-1.1290299890562892,0.0003,0.026585981,,
5365,1144832,559,16.291700000000002,213,362.32,1.765676360949874,0.2,0.14446008205413818,5580,-0.022987679849029517,0.10708964616060257,0.180126953125,-1.090314737893641,0.0003,0.019669652,,
5374,1146880,560,15.111400000000001,213,354.18,1.6175196106312797,0.2,0.35677093267440796,5590,-0.018755986556061543,0.056060247123241425,0.162939453125,-1.0877780973911286,0.0003,0.021328231,,
5383,1148928,561,14.777899999999999,213,350.8,2.8962639399804173,0.2,0.1320376992225647,5600,-0.018327159245382064,0.8596578240394592,0.16044921875,-1.030891577526927,0.0003,0.021259213,,
,1150000,,,,,1.6968533251667395,0.2,-0.18754231929779053,5610,-0.02235108260647394,0.041257344186306,0.20263671875,-1.1172498311847447,0.0003,0.023818208,15.315999999999999,334.8
5397,1150976,562,14.344100000000003,213,347.4,,,,,,,,,,,,
5406,1153024,563,14.919500000000001,213,354.99,1.704398615891114,0.2,0.36433637142181396,5620,-0.01993182140577119,0.049785513430833817,0.208984375,-1.1689272284507752,0.0003,0.020682383,,
5415,1155072,564,11.940600000000002,213,326.85,1.8981083709048108,0.2,0.03647977113723755,5630,-0.014112746139289811,0.021308690309524536,0.1869140625,-1.067040467262268,0.0003,0.01928172,,
5423,1157120,565,12.909599999999998,213,333.84,1.9417977425502613,0.2,-0.0848231315612793,5640,-0.022736057476140558,0.056749120354652405,0.196728515625,-1.1102052776142954,0.0003,0.021544639,,
5432,1159168,566,14.3015,213,343.16,1.924099331186153,0.2,-0.01194298267364502,5650,-0.022419786217506045,0.056122925132513046,0.19423828125,-1.0906040620058775,0.0003,0.018797485,,
,1160000,,,,,2.0217371835839004,0.2,-0.051157474517822266,5660,-0.021459770496585408,0.08290191739797592,0.18125,-1.1092943344265223,0.0003,0.02098461,17.601999999999997,363.2
5447,1161216,567,13.4749,213,340.44,,,,,,,,,,,,
5456,1163264,568,13.3649,213,339.41,1.2303938146447764,0.2,0.4178686738014221,5670,-0.020970403603860176,0.0393015518784523,0.196630859375,-0.9641495522111654,0.0003,0.025122833,,
5466,1165312,569,14.182600000000003,213,351.25,1.7861147802788764,0.2,0.08486407995223999,5680,-0.01667725835868623,0.17459161579608917,0.178759765625,-1.0721086338162422,0.0003,0.016607253,,
5474,1167360,570,14.4092,213,353.93,1.1498753855703399,0.2,0.37132543325424194,5690,-0.0197921373823192,0.005097690969705582,0.16640625,-0.9941018171608448,0.0003,0.019520488,,
5483,1169408,571,15.290599999999998,213,362.17,2.162647547898814,0.2,0.4389340281486511,5700,-0.01957631036930252,0.593703031539917,0.169287109375,-1.069551789946854,0.0003,0.016759627,,
,1170000,,,,,3.2518285484053195,0.2,0.23017579317092896,5710,-0.01932676023570821,0.4537819027900696,0.155419921875,-1.0253299586474895,0.0003,0.015351277,0.36999999999999994,238.4
5495,1171456,572,15.3081,213,363.94,,,,,,,,,,,,
5505,1173504,573,15.780599999999998,213,371.23,1.4541399947134779,0.2,0.184506356716156,5720,-0.018972046108683572,0.030531227588653564,0.180517578125,-1.1014345187693835,0.0003,0.019047927,,
5515,1175552,574,16.5357,213,376.81,1.9005167559953406,0.2,0.21451491117477417,5730,-0.020467008915147744,0.07073330879211426,0.1705078125,-1.1907607644796372,0.0003,0.020107696,,
5523,1177600,575,17.714299999999998,213,384.8,2.0688143079634758,0.2,0.26975035667419434,5740,-0.019970408699009567,0.06459642201662064,0.16240234375,-0.9597041465342044,0.0003,0.018377718,,
5531,1179648,576,16.9552,213,378.8,3.708313397830352,0.2,0.33510059118270874,5750,-0.0183045519690495,0.4570287764072418,0.13603515625,-1.0599365105852485,0.0003,0.014142027,,
,1180000,,,,,2.482387402607128,0.2,0.2521836757659912,5760,-0.016795926095801404,0.10565900802612305,0.16982421875,-1.2286249604076147,0.0003,0.01995503,9.367999999999999,339.4
5544,1181696,577,15.8979,213,372.97,,,,,,,,,,,,
5553,1183744,578,17.4683,213,390.15,3.02616614906583,0.2,-0.1270890235900879,5770,-0.02208823194960132,0.13553349673748016,0.169287109375,-1.131654360704124,0.0003,0.019049734,,
5562,1185792,579,18.5412,213,397.52,1.6415761088719591,0.2,0.09282338619232178,5780,-0.02600157452689018,0.22450906038284302,0.199951171875,-1.12016462367028,0.0003,0.020275768,,
5571,1187840,580,18.3448,213,387.87,1.6563043263508006,0.2,0.43446028232574463,5790,-0.02013630563742481,0.08794796466827393,0.17978515625,-0.9652751227840781,0.0003,0.021490129,,
5580,1189888,581,18.6802,213,391.44,1.7180541368201374,0.2,0.35198915004730225,5800,-0.023761682280746755,0.08954596519470215,0.192333984375,-1.1111022688448429,0.0003,0.02546323,,
,1190000,,,,,1.6808102714829147,0.2,0.29000359773635864,5810,-0.019339823361951856,0.08379849791526794,0.179931640625,-1.0534844541922213,0.0003,0.020218667,30.369999999999994,441.6
5597,1191936,582,18.1026,212,383.59,,,,,,,,,,,,
5605,1193984,583,18.869500000000002,212,390.35,1.7328574990853667,0.2,0.16962450742721558,5820,-0.018802814531954936,0.052914105355739594,0.197119140625,-1.1121134597808122,0.0003,0.020397484,,
5614,1196032,584,17.7834,213,381.64,1.3386736454674975,0.2,0.41336071491241455,5830,-0.023564612583140843,0.028882935643196106,0.1927734375,-1.1030587332323194,0.0003,0.021649033,,
5623,1198080,585,16.485799999999998,213,371.76,1.8891961307730525,0.2,-0.033483028411865234,5840,-0.02097093664051499,0.1660507619380951,0.156884765625,-1.046878917515278,0.0003,0.017482579,,
,1200000,,,,,1.8078293103724719,0.2,0.12669402360916138,5850,-0.020319441944593564,0.030092835426330566,0.172119140625,-0.9672610161826014,0.0003,0.024890058,5.008,303.0
5637,1200128,586,16.438,212,367.0,,,,,,,,,,,,
5646,1202176,587,16.735899999999997,212,366.82,1.8115611854242162,0.2,0.20805436372756958,5860,-0.023249904677504672,0.053299859166145325,0.187158203125,-1.0015097489580511,0.0003,0.021029674,,
5655,1204224,588,16.739099999999997,212,367.14,1.6997737593716011,0.2,0.07937514781951904,5870,-0.021214309087372384,0.2163533866405487,0.185302734375,-1.0902925988659262,0.0003,0.021399168,,
5663,1206272,589,14.999800000000002,212,353.05,2.0305576025508345,0.2,0.32971668243408203,5880,-0.018608790972211863,0.1518654227256775,0.174365234375,-1.0840357650071382,0.0003,0.018631177,,
5672,1208320,590,15.145199999999997,213,347.57,1.5181757073616609,0.2,0.24439764022827148,5890,-0.019993938846164384,0.11762106418609619,0.17880859375,-1.0644458882510661,0.0003,0.020474892,,
,1210000,,,,,1.862756611732766,0.2,0.31382185220718384,5900,-0.019159233666141518,0.1815987527370453,0.152734375,-0.9854627650231123,0.0003,0.014583398,4.208,223.0
5685,1210368,591,13.648600000000004,212,337.75,,,,,,,,,,,,
5693,1212416,592,13.882300000000003,212,341.14,2.1200582371093333,0.2,0.045947372913360596,5910,-0.01661404680344276,0.38582926988601685,0.175634765625,-0.990180216729641,0.0003,0.021949856,,
5702,1214464,593,13.4814,212,341.01,2.4754325207322836,0.2,-0.013584017753601074,5920,-0.018096847920969595,0.17990295588970184,0.163037109375,-1.0735679231584072,0.0003,0.018689722,,
5710,1216512,594,13.0122,213,334.05,1.1974687517154963,0.2,0.1446061134338379,5930,-0.01792520784656517,0.04500124230980873,0.1888671875,-1.1620428793132305,0.0003,0.023375086,,
5719,1218560,595,11.427800000000001,213,325.48,2.515588417602703,0.2,-0.08801817893981934,5940,-0.017242679127957673,0.2126815766096115,0.1537109375,-1.2034499116241932,0.0003,0.016190663,,
,1220000,,,,,2.415275264624506,0.2,0.08144861459732056,5950,-0.022592229949077593,0.18428419530391693,0.21044921875,-1.1478511249646544,0.0003,0.022609724,33.354,539.8
5738,1220608,596,12.870999999999999,212,339.91,,,,,,,,,,,,
5747,1222656,597,12.6701,212,339.8,1.6324289816198871,0.2,0.27737629413604736,5960,-0.01175734658318106,0.06801021844148636,0.1615234375,-1.0839447796344757,0.0003,0.017007772,,
5754,1224704,598,12.1778,212,340.54,1.3910595163702966,0.2,0.3396259546279907,5970,-0.019363340441486798,0.07198148220777512,0.17216796875,-1.1516411110758782,0.0003,0.021857617,,
5762,1226752,599,11.6302,212,335.73,1.2089785545831546,0.2,0.5964131355285645,5980,-0.024485121383622754,0.03900717943906784,0.18681640625,-1.2638606887310744,0.0003,0.018647127,,
5770,1228800,600,11.756600000000002,212,338.38,0.9450681972550228,0.2,0.5599896907806396,5990,-0.023038425543927588,0.047113705426454544,0.207080078125,-1.1725400485098363,0.0003,0.02590023,,
,1230000,,,,,1.6335467049386352,0.2,0.21896308660507202,6000,-0.019045179981912953,0.17841985821723938,0.168017578125,-1.035149166919291,0.0003,0.021742575,24.534,457.4
5786,1230848,601,12.719,212,344.69,,,,,,,,,,,,
5794,1232896,602,13.3419,212,347.04,1.4270979830762371,0.2,0.386857271194458,6010,-0.01584989016264444,0.03536023944616318,0.1748046875,-1.0184424124658107,0.0003,0.021323027,,
5802,1234944,603,13.5884,212,351.69,2.072544442443177,0.2,0.45200997591018677,6020,-0.017320319020655006,1.5915447473526,0.16064453125,-1.1793305948376656,0.0003,0.017540699,,
5811,1236992,604,12.9017,212,342.96,1.3385466642212123,0.2,0.182547926902771,6030,-0.02028892936068587,0.2706376314163208,0.1923828125,-1.1979235149919987,0.0003,0.019299839,,
5820,1239040,605,12.7632,212,339.1,1.874966059392318,0.2,0.43763452768325806,6040,-0.019677209298242813,0.06766492128372192,0.182080078125,-0.9834806479513645,0.0003,0.024018632,,
,1240000,,,,,2.69225288531743,0.2,0.013888537883758545,6050,-0.015530693024629727,0.14711520075798035,0.14619140625,-1.097821587510407,0.0003,0.018920511,20.482,451.8
5838,1241088,606,14.1872,212,351.63,,,,,,,,,,,,
5846,1243136,607,13.436,212,346.46,1.6580405660439284,0.2,0.3819829225540161,6060,-0.019678703931276686,0.07564914226531982,0.173583984375,-1.1843599885702134,0.0003,0.018099373,,
5856,1245184,608,14.323400000000007,212,355.28,1.6289366932120175,0.2,0.3651160001754761,6070,-0.02524876704555936,0.04041969031095505,0.180419921875,-1.1214663580060005,0.0003,0.017437384,,
5863,1247232,609,14.534700000000003,212,356.45,1.4602869483409449,0.2,0.3540213108062744,6080,-0.022151575805037283,0.014351923018693924,0.181298828125,-1.055448752269149,0.0003,0.024724424,,
5873,1249280,610,14.684500000000003,212,361.46,1.4277013466926292,0.2,0.32739460468292236,6090,-0.023477312223985792,0.02296750620007515,0.20166015625,-1.2804745748639106,0.0003,0.021065993,,
,1250000,,,,,1.529243336757645,0.2,0.15831875801086426,6100,-0.02007436047133524,0.09167233854532242,0.167822265625,-1.0821886228397488,0.0003,0.02441834,8.611999999999998,263.8
5887,1251328,611,14.3272,212,355.68,,,,,,,,,,,,
5895,1253376,612,15.5845,212,361.51,1.584575747163035,0.2,0.09734112024307251,6110,-0.02635836245317478,0.11520518362522125,0.166796875,-1.20048785507679,0.0003,0.015855072,,
5904,1255424,613,15.991700000000003,212,362.23,2.785349016590044,0.2,0.14797139167785645,6120,-0.023435927179525605,0.07388462126255035,0.16611328125,-1.1512376675382257,0.0003,0.019354895,,
5913,1257472,614,15.602599999999997,212,363.3,1.0094562198966741,0.2,0.5255845189094543,6130,-0.018359386938391252,0.06430405378341675,0.196826171875,-1.057837450131774,0.0003,0.022084503,,
5923,1259520,615,16.827900000000003,212,365.91,1.4780718202004208,0.2,0.3153800368309021,6140,-0.020365268102614208,0.08135238289833069,0.200341796875,-1.0892354233190418,0.0003,0.025922474,,
,1260000,,,,,1.1973229963565246,0.2,0.4859795570373535,6150,-0.02593386914522853,0.11831512302160263,0.177392578125,-1.0270061433315276,0.0003,0.01813961,13.594,362.4
5938,1261568,616,16.9358,212,366.71,,,,,,,,,,,,
5946,1263616,617,17.295700000000004,212,372.75,1.6690485846251248,0.2,0.36909937858581543,6160,-0.030204689671518282,0.06422357261180878,0.231787109375,-1.0750049509108066,0.0003,0.023029484,,
5955,1265664,618,17.697899999999994,212,372.99,1.6539015810005366,0.2,0.542523980140686,6170,-0.021044617204461248,0.027831196784973145,0.153564453125,-1.090153663419187,0.0003,0.02007883,,
5963,1267712,619,18.4288,212,376.15,2.281137972418219,0.2,0.42925649881362915,6180,-0.024882948398590087,0.1774151623249054,0.17763671875,-1.1106375439092517,0.0003,0.020708896,,
5972,1269760,620,18.3771,212,380.99,1.9174898972269148,0.2,0.3333282470703125,6190,-0.022070278113824317,0.12272585183382034,0.192236328125,-1.0968938557431103,0.0003,0.01969954,,
,1270000,,,,,1.9739870043937118,0.2,-0.1110994815826416,6200,-0.01916812632989604,0.09118440002202988,0.181982421875,-1.2655060563236475,0.0003,0.021891829,19.875999999999998,391.2
5988,1271808,621,17.904999999999998,212,373.74,,,,,,,,,,,,
5997,1273856,622,18.1143,212,374.69,2.5310481697786598,0.2,0.03241562843322754,6210,-0.02149688026693184,0.052134111523628235,0.18544921875,-1.0468257904052733,0.0003,0.021202624,,
6006,1275904,623,19.1161,212,384.96,1.7161095609888435,0.2,0.4824522137641907,6220,-0.025676266447408124,0.15392997860908508,0.199462890625,-1.1170673551037908,0.0003,0.02334549,,
6015,1277952,624,17.124999999999996,212,365.65,2.229825724521652,0.2,0.09970742464065552,6230,-0.02009733983431943,0.1747685968875885,0.153759765625,-1.0679704613983632,0.0003,0.021946214,,
,1280000,,,,,2.284331581485458,0.2,0.326560378074646,6240,-0.0197175883280579,0.49768081307411194,0.193896484375,-1.156617266125977,0.0003,0.01907911,30.594000000000005,464.0
6031,1280000,625,18.0236,212,375.59,,,,,,,,,,,,
6040,1282048,626,18.9698,212,380.3,1.5777758541284128,0.2,0.44023531675338745,6250,-0.02648764892946929,0.017441898584365845,0.20439453125,-1.133247697725892,0.0003,0.027080853,,
6050,1284096,627,18.4387,212,377.16,2.3479977790266275,0.2,0.4401513338088989,6260,-0.02055160304007586,0.11470617353916168,0.16162109375,-1.1185876775532961,0.0003,0.018057786,,
6058,1286144,628,17.4297,212,366.17,2.0957237103488295,0.2,-0.021767020225524902,6270,-0.024376799058518372,0.0048234909772872925,0.192041015625,-1.1051672466099263,0.0003,0.020085342,,
6067,1288192,629,18.2694,212,370.24,2.936824168730527,0.2,0.24730664491653442,6280,-0.022937611502129585,0.9149818420410156,0.1572265625,-1.136218730546534,0.0003,0.018482953,,
,1290000,,,,,2.4303978510200976,0.2,0.1003408432006836,6290,-0.023834123683627695,0.1348128765821457,0.187451171875,-1.2060066673904657,0.0003,0.01884025,33.798,584.6
6088,1290240,630,19.1395,211,377.31,,,,,,,,,,,,
6097,1292288,631,19.2928,211,382.69,1.9239995987154543,0.2,0.1535472273826599,6300,-0.020930188076454213,0.13024534285068512,0.195849609375,-1.1274339631199837,0.0003,0.02131072,,
6106,1294336,632,19.477100000000004,211,381.16,2.0538586436072364,0.2,0.29792195558547974,6310,-0.015803539360058495,0.03501121327280998,0.189892578125,-1.0979308674111963,0.0003,0.021073518,,
6116,1296384,633,18.3867,211,372.04,1.6292945701396093,0.2,0.40323126316070557,6320,-0.025856141762051265,0.005243822932243347,0.1837890625,-1.0864599460735918,0.0003,0.022523947,,
6125,1298432,634,18.067899999999998,211,370.15,1.8830674719531089,0.2,0.2496970295906067,6330,-0.02404124101740308,0.08629084378480911,0.212451171875,-1.1474330216646194,0.0003,0.020955078,,
,1300000,,,,,1.2446363117313013,0.2,0.467085063457489,6340,-0.028538037539692595,0.204850971698761,0.19150390625,-1.0770475825294852,0.0003,0.019992545,8.790000000000001,281.6
6138,1300480,635,18.0915,211,372.51,,,,,,,,,,,,
6147,1302528,636,17.792199999999998,211,372.57,1.5776172660989687,0.2,0.22629106044769287,6350,-0.019696768384892493,0.0512528121471405,0.1853515625,-1.0537827091291547,0.0003,0.01973284,,
6156,1304576,637,16.2951,211,352.67,1.7033318914007396,0.2,0.09873378276824951,6360,-0.017266850496525876,0.12223805487155914,0.191064453125,-1.0772484356537462,0.0003,0.020932114,,
6165,1306624,638,16.1958,211,352.75,1.956774520210456,0.2,0.16098898649215698,6370,-0.0212616786302533,0.011401023715734482,0.1830078125,-1.0797340555116535,0.0003,0.022625348,,
6173,1308672,639,16.3093,211,354.11,1.5565149996196852,0.2,0.3859405517578125,6380,-0.020290581314475274,0.09583118557929993,0.17119140625,-1.026359398663044,0.0003,0.020473216,,
,1310000,,,,,2.0149101530667393,0.2,0.40101999044418335,6390,-0.02060187230526935,0.15048854053020477,0.173974609375,-1.1125918297097086,0.0003,0.020166747,39.85000000000001,590.0
6194,1310720,640,17.2084,211,364.1,,,,,,,,,,,,
6202,1312768,641,16.950100000000003,211,358.23,1.4494802954606711,0.2,0.4832525849342346,6400,-0.020219663054740523,0.025591738522052765,0.1791015625,-1.036566953919828,0.0003,0.021511272,,
6211,1314816,642,18.383599999999998,211,371.71,2.0857498426456003,0.2,0.32342833280563354,6410,-0.020894929135101846,0.05652984231710434,0.158740234375,-1.046074123866856,0.0003,0.018718932,,
6221,1316864,643,19.741100000000003,211,387.6,1.7953352850396187,0.2,0.22836089134216309,6420,-0.023825877442141062,0.14957654476165771,0.191943359375,-1.0884656738489866,0.0003,0.022132767,,
6229,1318912,644,18.3,211,373.36,0.9262096566380933,0.2,0.6486107110977173,6430,-0.021053534917882644,0.0582168847322464,0.210400390625,-1.1279868833720683,0.0003,0.023265343,,
,1320000,,,,,1.45351406482514,0.2,0.4305644631385803,6440,-0.018147230058093555,0.10009893774986267,0.17294921875,-1.0440074423328043,0.0003,0.021920227,4.232000000000001,225.4
6242,1320960,645,19.5118,211,384.65,,,,,,,,,,,,
6251,1323008,646,19.1925,211,382.69,2.1279424760490655,0.2,0.15382802486419678,6450,-0.020638336558477022,0.06136614829301834,0.1921875,-1.0208193842321633,0.0003,0.02121598,,
6260,1325056,647,20.656999999999996,211,389.26,2.565170128643513,0.2,0.5620231628417969,6460,-0.01744387542712502,0.23989880084991455,0.15712890625,-1.1670891847461462,0.0003,0.014690054,,
6268,1327104,648,19.9283,211,386.32,3.0564577935263513,0.2,0.19453179836273193,6470,-0.022650293464539572,0.15953412652015686,0.146875,-1.006172855757177,0.0003,0.018553078,,
6277,1329152,649,19.048099999999998,211,378.24,1.9278633314650506,0.2,0.23495888710021973,6480,-0.021172068007581403,0.03905747830867767,0.214501953125,-1.1118343215435744,0.0003,0.021413475,,
,1330000,,,,,1.7999663174618035,0.2,0.4033867120742798,6490,-0.01946280622796621,0.10319643467664719,0.179150390625,-1.096843820437789,0.0003,0.021258065,14.624,264.8
6290,1331200,650,18.5856,211,371.95,,,,,,,,,,,,
6299,1333248,651,19.373400000000004,211,380.8,2.477145902113989,0.2,0.24662411212921143,6500,-0.02193166890356224,0.06490080058574677,0.185302734375,-1.1123905502259732,0.0003,0.022648815,,
6307,1335296,652,19.165000000000003,211,379.94,1.4890982222743332,0.2,0.40116751194000244,6510,-0.021258827345445753,0.048713698983192444,0.1837890625,-1.0145077154040336,0.0003,0.01848228,,
6317,1337344,653,19.749800000000004,211,388.47,1.9293260761303828,0.2,0.4569634199142456,6520,-0.020161491517501417,0.09777223318815231,0.205810546875,-1.0622708596289159,0.0003,0.02217278,,
6325,1339392,654,20.5925,211,392.82,1.5496256666257977,0.2,0.20769143104553223,6530,-0.024948477375437504,0.011963218450546265,0.1875,-0.9782364659011364,0.0003,0.022602445,,
,1340000,,,,,1.681622460554354,0.2,0.498851478099823,6540,-0.02148977173201274,0.03521540015935898,0.177099609375,-1.0090371096506714,0.0003,0.018173343,11.724,375.2
6340,1341440,655,20.583700000000007,211,391.94,,,,,,,,,,,,
6350,1343488,656,21.704500000000003,211,404.12,1.7033190138172358,0.2,0.3943600654602051,6550,-0.02785873216635082,0.076317697763443,0.20400390625,-1.1130269318819046,0.0003,0.029884651,,
6359,1345536,657,22.688499999999998,211,412.63,1.5400355407735333,0.2,0.24609458446502686,6560,-0.02143523521372117,0.10283557325601578,0.167529296875,-0.9621582388877868,0.0003,0.02020533,,
6368,1347584,658,23.147300000000005,211,418.55,1.45525447181426,0.2,0.3517429232597351,6570,-0.02820652293157764,0.020232055336236954,0.215966796875,-1.0599775927141308,0.0003,0.026360493,,
6377,1349632,659,24.1063,211,424.52,1.7524386143079027,0.2,0.50764000415802,6580,-0.018248668435262516,0.03836230933666229,0.18154296875,-1.0702920960262419,0.0003,0.020081965,,
,1350000,,,,,2.235190871031955,0.2,0.21751189231872559,6590,-0.018076747543818782,0.08724431693553925,0.151953125,-0.9646654454991221,0.0003,0.018167198,8.693999999999999,272.0
6391,1351680,660,25.708299999999998,211,434.87,,,,,,,,,,,,
6399,1353728,661,25.559300000000004,211,429.96,1.801422982942313,0.2,0.28499019145965576,6600,-0.02645851919078268,0.046112123876810074,0.179736328125,-1.080266997218132,0.0003,0.0247421,,
6407,1355776,662,24.282799999999998,211,422.21,1.5429084494477139,0.2,0.546635627746582,6610,-0.018352520110784098,0.1667899787425995,0.205322265625,-1.0228655261918902,0.0003,0.0231741,,
6417,1357824,663,24.816699999999997,211,425.65,3.2068142637610437,0.2,0.25436198711395264,6620,-0.019574111484689637,0.5693053007125854,0.141015625,-0.9586125245317817,0.0003,0.021051295,,
6426,1359872,664,24.710999999999995,211,425.07,1.4034468061290681,0.2,0.5473215579986572,6630,-0.0216239557688823,0.025884076952934265,0.206982421875,-1.0243484204635025,0.0003,0.025675192,,
,1360000,,,,,1.853246476734057,0.2,0.6115480661392212,6640,-0.020580237649846823,0.13702146708965302,0.184814453125,-1.1706693138927222,0.0003,0.018580265,8.855999999999998,288.2
6440,1361920,665,23.276899999999998,211,411.53,,,,,,,,,,,,
6448,1363968,666,21.4212,211,395.77,2.020421686023474,0.2,0.43520402908325195,6650,-0.018080309117794967,0.12411172688007355,0.17421875,-1.1094508470967412,0.0003,0.020815637,,
6455,1366016,667,21.416200000000003,211,395.29,2.769924605311826,0.2,0.05954557657241821,6660,-0.024264756884076633,0.11673707515001297,0.182470703125,-1.0342650497332215,0.0003,0.026117127,,
6464,1368064,668,22.258500000000005,211,399.6,1.3488086752826347,0.2,0.40242207050323486,6670,-0.022809442935977132,0.08719304203987122,0.195654296875,-1.1799226904287934,0.0003,0.02208742,,
,1370000,,,,,2.7183798256330194,0.2,0.3135101795196533,6680,-0.021003585687140003,0.22232912480831146,0.135888671875,-1.049506091326475,0.0003,0.015384387,26.494,453.2
6480,1370112,669,23.341800000000003,211,408.03,,,,,,,,,,,,
6487,1372160,670,23.3884,211,412.67,3.1525982136372477,0.2,0.3359941840171814,6690,-0.017376894530025312,0.1388612687587738,0.15654296875,-1.0210770519450307,0.0003,0.014873015,,
6496,1374208,671,21.7555,211,399.23,2.3199552580248564,0.2,0.1305977702140808,6700,-0.021872981303022242,0.6445516347885132,0.163671875,-1.0860289059579373,0.0003,0.019595,,
6504,1376256,672,22.384,211,402.14,2.0687285611173136,0.2,0.05980783700942993,6710,-0.02294519135321025,0.039512697607278824,0.19072265625,-1.0788741566240787,0.0003,0.020075006,,
6512,1378304,673,21.272599999999994,211,390.88,2.3114018050255254,0.2,0.15088927745819092,6720,-0.022881917181075552,0.5516728162765503,0.181640625,-1.1086428873240948,0.0003,0.023725592,,
,1380000,,,,,2.31828676071018,0.2,0.09266781806945801,6730,-0.01876989048323594,0.16637620329856873,0.1537109375,-1.0215113885700702,0.0003,0.018079918,49.27,533.0
6529,1380352,674,21.2441,211,388.03,,,,,,,,,,,,
6536,1382400,675,19.7678,211,380.3,1.522466705390252,0.2,0.5811135768890381,6740,-0.023168441679445095,0.07818883657455444,0.19375,-1.1110287437215447,0.0003,0.023479108,,
6545,1384448,676,19.372599999999995,211,380.74,2.4933852644171566,0.2,-0.009664177894592285,6750,-0.02008853786101099,0.23065978288650513,0.159912109375,-1.0326669164001943,0.0003,0.020125823,,
6554,1386496,677,19.373,211,380.78,1.908291554846801,0.2,0.27295178174972534,6760,-0.021714499316294676,0.08852327615022659,0.20126953125,-1.062636991031468,0.0003,0.025252584,,
6562,1388544,678,17.026899999999998,211,365.95,1.8636082960292697,0.2,0.3192071318626404,6770,-0.021675882529234514,0.10130245238542557,0.196484375,-1.096331332810223,0.0003,0.022202307,,
,1390000,,,,,2.0900275438791143,0.2,0.275897741317749,6780,-0.02128253192640841,0.04621756449341774,0.17197265625,-1.0563315024599433,0.0003,0.020382892,6.5280000000000005,255.2
6574,1390592,679,16.2557,211,358.72,,,,,,,,,,,,
6583,1392640,680,17.5669,211,369.96,1.6407903048209846,0.2,0.2977011203765869,6790,-0.020823540550190957,0.08516596257686615,0.205078125,-1.0500112153589725,0.0003,0.022317473,,
6591,1394688,681,17.7474,211,368.03,1.3918707164935769,0.2,0.5226487517356873,6800,-0.019638076241244563,0.03762299194931984,0.180419921875,-1.06436880081892,0.0003,0.022992214,,
6600,1396736,682,16.592299999999998,211,352.4,3.1968027161434294,0.2,0.2243831753730774,6810,-0.026509969429753255,0.1674140840768814,0.16357421875,-1.100813291594386,0.0003,0.01873713,,
6609,1398784,683,17.4456,211,357.81,2.271852690819651,0.2,-0.01606917381286621,6820,-0.02624818051699549,0.19691972434520721,0.160400390625,-0.9781921453773975,0.0003,0.020025231,,
,1400000,,,,,2.3283889400307087,0.2,0.028150618076324463,6830,-0.02340473222429864,0.13632985949516296,0.168701171875,-1.059468383528292,0.0003,0.018691592,9.218,324.4
6621,1400832,684,18.2786,211,371.2,,,,,,,,,,,,
6630,1402880,685,18.7122,211,374.6,3.19403568264097,0.2,0.3065415024757385,6840,-0.019636406571953556,0.054307520389556885,0.1498046875,-0.984809789992869,0.0003,0.017150767,,
6638,1404928,686,18.078,211,371.08,2.212688491959125,0.2,0.3159629702568054,6850,-0.01883146197651513,0.1509907990694046,0.180517578125,-1.0057896692305803,0.0003,0.018332714,,
6646,1406976,687,17.676599999999997,211,370.9,1.592365607735701,0.2,0.34874427318573,6860,-0.0207058882311685,0.046548519283533096,0.2310546875,-1.155884199216962,0.0003,0.027654268,,
6654,1409024,688,18.115799999999997,211,374.86,1.7957540579140185,0.2,0.2457902431488037,6870,-0.027033461413520855,0.09685827791690826,0.20810546875,-1.1108303764835,0.0003,0.022495601,,
,1410000,,,,,1.2624544074060395,0.2,0.4879946708679199,6880,-0.026223439996829256,0.05151849985122681,0.1951171875,-1.056584949977696,0.0003,0.02763477,21.994,403.2
6669,1411072,689,19.165599999999998,211,379.96,,,,,,,,,,,,
6677,1413120,690,19.7207,211,385.52,2.0990293834591283,0.2,0.4823344945907593,6890,-0.02627138948737411,0.10331974178552628,0.1900390625,-1.0515844747424126,0.0003,0.021122154,,
6685,1415168,691,18.7318,211,376.56,2.4425537253264338,0.2,0.47828465700149536,6900,-0.017709315550746396,0.05212344974279404,0.153759765625,-0.9065751481801272,0.0003,0.018341608,,
6694,1417216,692,20.003700000000002,211,383.83,2.187452345015481,0.2,0.4251164197921753,6910,-0.022938161277852486,0.16929179430007935,0.16962890625,-1.0419691679999232,0.0003,0.020393446,,
6702,1419264,693,18.982799999999997,211,371.63,1.3487385946325958,0.2,0.7133756875991821,6920,-0.025603446073364466,0.05521385371685028,0.200927734375,-0.9974905861541629,0.0003,0.02560534,,
,1420000,,,,,3.1576415507588536,0.2,0.04920828342437744,6930,-0.021622059258515947,0.35874658823013306,0.180712890625,-1.0975882792845368,0.0003,0.020692922,0.6279999999999999,264.6
6715,1421312,694,19.3597,211,369.36,,,,,,,,,,,,
6726,1423360,695,19.342200000000002,211,367.63,2.0949434275506063,0.2,0.2811824679374695,6940,-0.027382256826967932,0.04707488790154457,0.208642578125,-1.0905314253643155,0.0003,0.024363786,,
6734,1425408,696,19.2163,211,365.03,2.316669877571985,0.2,0.19241338968276978,6950,-0.0211489694978809,0.0648382231593132,0.21953125,-1.1608800817281009,0.0003,0.020926818,,
6743,1427456,697,18.3774,211,361.1,2.350080759101547,0.2,0.1339821219444275,6960,-0.027058530671638437,0.023183554410934448,0.1712890625,-1.0415918199345469,0.0003,0.022779308,,
6751,1429504,698,17.403299999999998,211,353.6,3.0202129952143877,0.2,0.31762033700942993,6970,-0.022072253705118783,0.17640021443367004,0.16630859375,-1.0448169954121114,0.0003,0.016115818,,
,1430000,,,,,1.9862054452765734,0.2,0.5097156763076782,6980,-0.026886982485302725,0.12501388788223267,0.19033203125,-1.1091384742408992,0.0003,0.021182604,36.704,475.2
6769,1431552,699,18.4352,211,366.88,,,,,,,,,,,,
6778,1433600,700,17.824599999999997,211,365.78,1.9101796536706388,0.2,0.46988576650619507,6990,-0.022570211687707342,0.05800595134496689,0.1787109375,-1.0866408243775367,0.0003,0.021704458,,
6788,1435648,701,19.3523,211,378.69,3.348594414908439,0.2,0.2772621512413025,7000,-0.019670853053685277,0.33763718605041504,0.15478515625,-1.052989761158824,0.0003,0.017372621,,
6798,1437696,702,19.5655,211,380.01,2.400280533824116,0.2,0.03960675001144409,7010,-0.02232696446881164,0.24682720005512238,0.17880859375,-1.075506346486509,0.0003,0.021357873,,
6807,1439744,703,20.936700000000005,211,387.26,1.6315495245624334,0.2,0.49250173568725586,7020,-0.01799618763034232,0.1070270910859108,0.18720703125,-1.0707333931699394,0.0003,0.021631083,,
,1440000,,,,,2.183353007957339,0.2,0.1623179316520691,7030,-0.025515471390099263,0.06875518709421158,0.21591796875,-1.1742881506681442,0.0003,0.021562524,-2.564,144.8
6818,1441792,704,19.631899999999998,211,376.7,,,,,,,,,,,,
6827,1443840,705,20.460500000000003,211,379.64,2.5170526414876804,0.2,0.1754177212715149,7040,-0.020596046256832777,0.18538489937782288,0.191650390625,-1.0605164241045713,0.0003,0.020398486,,
6835,1445888,706,19.450999999999997,211,368.6,2.3559747941792013,0.2,0.21937668323516846,7050,-0.025754163111560046,0.08740609884262085,0.192138671875,-1.0537673464044928,0.0003,0.021293797,,
6843,1447936,707,19.6588,211,369.4,2.5227883626706897,0.2,0.0598488450050354,7060,-0.02013813356461469,0.15829190611839294,0.208154296875,-1.1177503235638142,0.0003,0.023615034,,
6852,1449984,708,20.395799999999998,211,373.15,2.1276258444413543,0.2,0.5467889308929443,7070,-0.02743196683586575,0.10361993312835693,0.21416015625,-1.1583458287641406,0.0003,0.023487229,,
,1450000,,,,,2.5246117759961635,0.2,0.1474822759628296,7080,-0.021016811614390462,0.22195933759212494,0.177294921875,-0.996856746263802,0.0003,0.021637551,19.554,359.0
6865,1452032,709,19.8831,211,371.83,,,,,,,,,,,,
6874,1454080,710,18.5364,211,367.07,2.6116577267646788,0.2,0.42487651109695435,7090,-0.019962788975681177,0.31944504380226135,0.173388671875,-1.1544721743091941,0.0003,0.018893253,,
6883,1456128,711,18.9439,211,367.88,2.4405937967123466,0.2,0.05907171964645386,7100,-0.0191668637242401,0.2586371600627899,0.17685546875,-1.0290529327467084,0.0003,0.022501769,,
6891,1458176,712,18.964100000000002,211,369.88,2.49021340359468,0.2,-0.15376722812652588,7110,-0.02805388609122019,0.36299848556518555,0.21923828125,-1.1740218380466103,0.0003,0.027912017,,
,1460000,,,,,1.976932692877017,0.2,0.2988206148147583,7120,-0.015380970848491415,0.8382560610771179,0.182275390625,-1.0820881063118577,0.0003,0.021229267,30.863999999999997,491.0
6907,1460224,713,18.5276,211,366.17,,,,,,,,,,,,
6916,1462272,714,18.630499999999998,211,366.47,2.56644743620418,0.2,0.323139488697052,7130,-0.023879420961020515,0.14692550897598267,0.182666015625,-1.1788419088348747,0.0003,0.023515958,,
6925,1464320,715,18.884900000000002,211,371.93,2.1049498848849906,0.2,0.17843466997146606,7140,-0.023452554240066092,0.09975424408912659,0.189404296875,-1.0634905323386192,0.0003,0.026113765,,
6934,1466368,716,19.7869,211,382.21,2.5954956443514674,0.2,0.044725894927978516,7150,-0.02349867189914221,0.1339184194803238,0.18330078125,-1.0383082253858447,0.0003,0.023676494,,
6943,1468416,717,20.5785,211,391.44,1.3210633204318583,0.2,0.5303456783294678,7160,-0.02723020032281056,0.06303384900093079,0.24140625,-1.1713158808648587,0.0003,0.026948385,,
,1470000,,,,,2.318394934851676,0.2,0.2783249616622925,7170,-0.02093202404503245,0.19502782821655273,0.18955078125,-1.1318908357992767,0.0003,0.020247452,3.1160000000000005,313.6
6957,1470464,718,20.0058,211,384.12,,,,,,,,,,,,
6967,1472512,719,18.126499999999997,211,366.02,1.7333770025521518,0.2,0.4543832540512085,7180,-0.025201498952810653,0.06343104690313339,0.20966796875,-1.1007596066221594,0.0003,0.023070078,,
6977,1474560,720,16.201999999999998,211,353.41,1.7305005854927002,0.2,0.4300243854522705,7190,-0.02574417151918169,0.032135263085365295,0.203955078125,-1.0615086905658244,0.0003,0.020032212,,
6986,1476608,721,16.451700000000002,211,358.4,2.5376571340952068,0.2,0.08125394582748413,7200,-0.01728999901388306,0.2302325963973999,0.146044921875,-0.9972996046766639,0.0003,0.017610293,,
6995,1478656,722,17.7515,211,368.5,3.2266594952438026,0.2,0.11278754472732544,7210,-0.02314811014512088,0.2044794261455536,0.15546875,-1.0052527152001858,0.0003,0.025509086,,
,1480000,,,,,2.6145874658133836,0.2,0.3184502124786377,7220,-0.020341395055584143,0.26899540424346924,0.158837890625,-1.0136102356016636,0.0003,0.021543663,21.418,345.6
7010,1480704,723,16.7936,211,362.62,,,,,,,,,,,,
7019,1482752,724,18.0562,211,369.0,3.2822382882237435,0.2,0.012062549591064453,7230,-0.016218482190743087,0.14497238397598267,0.1564453125,-1.0404255433008074,0.0003,0.019222263,,
7027,1484800,725,16.468400000000003,211,360.07,2.1425718430895357,0.2,0.3134191036224365,7240,-0.023959834573906845,0.274989515542984,0.205126953125,-1.1203808894380927,0.0003,0.021531412,,
7036,1486848,726,15.716700000000003,211,354.85,3.331200849683955,0.2,0.09417128562927246,7250,-0.018010286551725586,0.9368152022361755,0.195263671875,-1.1318925272673368,0.0003,0.022177689,,
7044,1488896,727,16.7767,211,360.95,2.316105000022799,0.2,0.1920951008796692,7260,-0.025457424132036978,0.06437928974628448,0.196044921875,-1.098412417061627,0.0003,0.025945637,,
,1490000,,,,,2.0797118053305894,0.2,0.3884662985801697,7270,-0.015846649743616582,0.25634345412254333,0.187890625,-1.0753904830664396,0.0003,0.024980305,-1.6659999999999997,235.0
7056,1490944,728,17.549699999999998,211,368.32,,,,,,,,,,,,
7065,1492992,729,16.8098,211,364.26,1.4454520848346875,0.2,0.5395627617835999,7280,-0.013469427538802847,0.15158706903457642,0.203271484375,-1.1285904731601477,0.0003,0.02183285,,
7074,1495040,730,17.3645,211,369.78,2.8029674720484765,0.2,0.1821773648262024,7290,-0.024096018707496114,0.29065150022506714,0.20791015625,-1.0758237414062024,0.0003,0.022022275,,
7084,1497088,731,18.8723,211,380.72,1.6453434203518555,0.2,0.4199395775794983,7300,-0.022864686502725818,0.06783962994813919,0.1990234375,-0.95782331507653,0.0003,0.021751814,,
7093,1499136,732,19.2267,211,386.21,1.991661854274571,0.2,0.2559250593185425,7310,-0.031095469876891,0.08126753568649292,0.220751953125,-1.1387408893555402,0.0003,0.021468082,,
,1500000,,,,,2.0098773657809943,0.2,0.4147226810455322,7320,-0.01797982957214117,0.145512193441391,0.158154296875,-0.9967567099258303,0.0003,0.019235888,13.456,348.2
7109,1501184,733,19.4465,211,388.21,,,,,,,,,,,,
7118,1503232,734,19.4015,211,383.71,2.7023865002673118,0.2,-0.02044975757598877,7330,-0.02165758960763924,0.13757845759391785,0.163720703125,-0.96418281160295,0.0003,0.01976297,,
7127,1505280,735,18.2608,211,369.54,2.5849710519425573,0.2,0.1880323886871338,7340,-0.02021397034986876,0.13606971502304077,0.1685546875,-1.006754927895963,0.0003,0.022444509,,
7136,1507328,736,18.046100000000003,211,368.05,1.9851186224026605,0.2,0.4629397392272949,7350,-0.019882892348687165,0.10142889618873596,0.180078125,-0.9726080741733313,0.0003,0.02040685,,
7146,1509376,737,19.0607,211,379.6,1.7639788085361943,0.2,0.19144630432128906,7360,-0.023990447688265703,0.024567648768424988,0.175830078125,-0.9328659994527697,0.0003,0.018675927,,
,1510000,,,,,2.5034256593789905,0.2,0.3985164165496826,7370,-0.02050009814556688,0.09000842273235321,0.17900390625,-1.0650760227814318,0.0003,0.020213448,2.9399999999999995,296.0
7160,1511424,738,19.0503,211,378.56,,,,,,,,,,,,
7169,1513472,739,19.662300000000002,211,379.8,2.7039319049101325,0.2,-0.03734254837036133,7380,-0.019449778817943297,0.067437082529068,0.180029296875,-1.120962100289762,0.0003,0.019237783,,
7178,1515520,740,18.317200000000003,211,365.13,2.401420098775998,0.2,0.4269312024116516,7390,-0.020133722969330848,0.5165103673934937,0.16279296875,-0.9716888435184956,0.0003,0.018392604,,
7187,1517568,741,18.0466,211,368.04,2.0328973662341014,0.2,0.24094289541244507,7400,-0.020003788059693762,0.06818617135286331,0.17705078125,-1.087233996205032,0.0003,0.02798086,,
7196,1519616,742,16.8358,211,356.85,2.086643674550578,0.2,0.5970778465270996,7410,-0.016546128515619783,0.14967124164104462,0.169580078125,-0.9700820110738277,0.0003,0.019153472,,
,1520000,,,,,2.3618071642238645,0.2,0.23627018928527832,7420,-0.01913589120085817,0.38706502318382263,0.158544921875,-1.0081121707335114,0.0003,0.018535644,6.436,245.6
7209,1521664,743,17.373399999999997,211,360.66,,,,,,,,,,,,
7219,1523712,744,17.955799999999996,211,368.95,2.1633784449193625,0.2,-0.02907705307006836,7430,-0.018082604414667004,0.0718592181801796,0.178857421875,-1.0557634424418212,0.0003,0.022781892,,
7230,1525760,745,18.3697,211,370.38,2.100101179210469,0.2,0.39438241720199585,7440,-0.023374669550685213,0.12158414721488953,0.17958984375,-0.9971876805648208,0.0003,0.019287836,,
7240,1527808,746,18.9157,211,375.03,1.6378511339891701,0.2,0.33808207511901855,7450,-0.019261228857794778,0.12907175719738007,0.154345703125,-0.8693249771371484,0.0003,0.018615369,,
7249,1529856,747,19.221899999999998,211,375.68,2.0804849876556544,0.2,0.35122907161712646,7460,-0.022251714846061078,0.15076899528503418,0.16728515625,-1.0754822814837097,0.0003,0.021144502,,
,1530000,,,,,1.7168466873234138,0.2,0.4641870856285095,7470,-0.017480320851609575,0.08799214661121368,0.16962890625,-1.0521167857572435,0.0003,0.018663626,16.206,423.8
7265,1531904,748,19.608400000000003,210,374.35,,,,,,,,,,,,
7274,1533952,749,18.5623,210,369.64,1.372109036357142,0.2,0.5772315263748169,7480,-0.030325932626146822,0.054226353764534,0.2171875,-1.033851516060531,0.0003,0.028746933,,
7285,1536000,750,19.606299999999997,210,374.14,1.4721187647432088,0.2,0.5267624855041504,7490,-0.023730242368765177,0.0360187366604805,0.167822265625,-0.9594364872202277,0.0003,0.017684456,,
7293,1538048,751,18.6247,210,365.89,1.9416369150392712,0.2,0.5270335674285889,7500,-0.017032324004685507,0.34701818227767944,0.149560546875,-0.938113159686327,0.0003,0.022089435,,
,1540000,,,,,2.203745503188111,0.2,0.6055696606636047,7510,-0.019001427303010132,0.13227081298828125,0.1681640625,-1.1335091929882766,0.0003,0.019221375,2.2459999999999996,226.6
7306,1540096,752,20.213199999999997,210,374.83,,,,,,,,,,,,
7316,1542144,753,19.675400000000007,210,371.0,2.3004900086671114,0.2,0.51472008228302,7520,-0.02228542848606594,0.27297839522361755,0.172998046875,-1.0883720401674508,0.0003,0.019954072,,
7325,1544192,754,19.642899999999997,210,367.73,3.0450599940028042,0.2,0.07560169696807861,7530,-0.02060461760556791,0.07348640263080597,0.161474609375,-1.0645937349647283,0.0003,0.01808177,,
7335,1546240,755,20.2719,210,370.69,1.8591978250769898,0.2,0.38410311937332153,7540,-0.024764742230763657,0.24834981560707092,0.190087890625,-1.0915126912295818,0.0003,0.02116696,,
7344,1548288,756,19.410800000000002,210,364.5,2.127333586430177,0.2,0.2220194935798645,7550,-0.024019938122364692,0.03441020846366882,0.191748046875,-1.0883024364709855,0.0003,0.024047669,,
,1550000,,,,,2.634121872205287,0.2,0.1776910424232483,7560,-0.02149281978781801,0.19537930190563202,0.193017578125,-1.0722757998853922,0.0003,0.020800004,6.862,288.6
7358,1550336,757,18.635,210,356.91,,,,,,,,,,,,
7368,1552384,758,18.6257,210,355.98,3.3886700678151103,0.2,0.09863865375518799,7570,-0.02243398567661643,0.1454581469297409,0.149365234375,-1.0588263489305973,0.0003,0.014739011,,
7378,1554432,759,19.790599999999998,210,362.58,1.450332633825019,0.2,0.3123406767845154,7580,-0.029204685517470352,0.14238224923610687,0.2150390625,-1.1314289776608348,0.0003,0.024755238,,
7388,1556480,760,20.8066,210,364.26,2.2465604609344156,0.2,0.4829670786857605,7590,-0.024941083462908863,0.02017088606953621,0.21748046875,-1.1203818028792738,0.0003,0.024244618,,
7397,1558528,761,19.278599999999997,210,351.3,2.8770855958107857,0.2,0.5178180932998657,7600,-0.020645726002112497,0.1548888236284256,0.13095703125,-0.9995901102200151,0.0003,0.016217738,,
,1560000,,,,,2.593932584160939,0.2,0.13867861032485962,7610,-0.01966012087650597,0.07682400196790695,0.189208984375,-1.158662685379386,0.0003,0.020607695,15.776,380.8
7413,1560576,762,18.5182,210,345.19,,,,,,,,,,,,
7422,1562624,763,18.0706,210,340.39,2.548728256812319,0.2,0.26479971408843994,7620,-0.022271134209586308,0.11773405224084854,0.14873046875,-1.0044353244826199,0.0003,0.017184187,,
7432,1564672,764,18.4079,210,344.15,3.480535103008151,0.2,0.0957874059677124,7630,-0.021023113798582925,0.3837975859642029,0.169580078125,-0.999457392282784,0.0003,0.019378792,,
7441,1566720,765,18.414,210,344.76,2.471009175502695,0.2,0.4097859859466553,7640,-0.018894524103961884,0.23267829418182373,0.165576171875,-0.9965132424607873,0.0003,0.01784298,,
7451,1568768,766,16.785100000000003,210,331.68,2.03830248946324,0.2,0.4849904179573059,7650,-0.02305779005982913,0.09907174855470657,0.203955078125,-1.150208917632699,0.0003,0.023821637,,
,1570000,,,,,2.915227424679324,0.2,0.26607102155685425,7660,-0.022989443446567746,0.16340869665145874,0.192724609375,-1.1658002950251103,0.0003,0.025049597,7.206,323.0
7465,1570816,767,17.9872,210,342.0,,,,,,,,,,,,
7474,1572864,768,17.974500000000003,210,340.73,2.6254183661192654,0.2,0.3074684739112854,7670,-0.01966696479066741,0.10008547455072403,0.16640625,-1.1113406032323838,0.0003,0.019345442,,
7483,1574912,769,18.558899999999998,210,349.26,3.5731713249348105,0.2,0.28818637132644653,7680,-0.025450161448679863,1.5044012069702148,0.200537109375,-1.1854961536824704,0.0003,0.017045215,,
7493,1576960,770,19.4673,210,360.2,2.0259468710981308,0.2,0.49193012714385986,7690,-0.021178467184654437,0.10650978237390518,0.19072265625,-1.2263446424156428,0.0003,0.025344389,,
7502,1579008,771,20.4207,210,365.63,2.1281785112805665,0.2,0.07133477926254272,7700,-0.028185432808822953,0.3459688127040863,0.218310546875,-1.0827675549313427,0.0003,0.02453548,,
,1580000,,,,,3.2932629241608082,0.2,0.23478996753692627,7710,-0.020446955849183723,0.10954578965902328,0.1779296875,-1.173488698154688,0.0003,0.021068789,6.531999999999999,255.6
7515,1581056,772,18.835900000000002,210,357.02,,,,,,,,,,,,
7525,1583104,773,19.162400000000005,210,359.68,3.1640748099423943,0.2,0.3269527554512024,7720,-0.02530209769611247,0.12445157021284103,0.175244140625,-1.1686370018869638,0.0003,0.024043255,,
7535,1585152,774,18.9922,210,362.64,2.5496011398267,0.2,0.20686590671539307,7730,-0.022698174070683308,0.6266708970069885,0.185546875,-1.1409054163843393,0.0003,0.019765072,,
7544,1587200,775,19.974899999999998,210,371.0,2.122423488437198,0.2,0.48868757486343384,7740,-0.029582683483022267,0.07180769741535187,0.2154296875,-1.1024555565789342,0.0003,0.029310426,,
7553,1589248,776,20.2005,210,373.58,2.302445930428803,0.2,0.17195916175842285,7750,-0.024674196360865607,0.08974551409482956,0.179931640625,-1.0485060470178724,0.0003,0.024304012,,
,1590000,,,,,2.335830462956801,0.2,0.33627766370773315,7760,-0.022697075869655237,0.012342393398284912,0.201953125,-1.131377519108355,0.0003,0.026684422,26.651999999999997,469.0
7571,1591296,777,19.5112,210,364.55,,,,,,,,,,,,
7580,1593344,778,19.743699999999997,210,367.84,2.1638717394787816,0.2,0.2863668203353882,7770,-0.02383582867914811,0.10930255055427551,0.183935546875,-1.1319797938689589,0.0003,0.021194376,,
7590,1595392,779,21.476599999999998,210,381.29,2.578571700397879,0.2,0.5062359571456909,7780,-0.021603759544086644,0.024977676570415497,0.160791015625,-1.073427052050829,0.0003,0.021410696,,
7599,1597440,780,21.9125,210,384.92,3.1993494680151344,0.2,0.1430150866508484,7790,-0.030706709924561437,0.3205066919326782,0.169384765625,-1.060509038157761,0.0003,0.018858774,,
7608,1599488,781,22.4514,210,388.84,1.5413683942053467,0.2,0.2889217138290405,7800,-0.025226962423766965,0.015069618821144104,0.2185546875,-1.0979831943288445,0.0003,0.027061734,,
,1600000,,,,,1.3298708570655435,0.2,0.6295126080513,7810,-0.021280413438216784,0.14280523359775543,0.200732421875,-1.170789222419262,0.0003,0.019221693,17.612000000000002,364.6
7624,1601536,782,23.1316,210,396.92,,,,,,,,,,,,
7633,1603584,783,23.677700000000005,210,401.58,2.8745836006943137,0.2,0.11119091510772705,7820,-0.026744010354741478,0.1933077722787857,0.198486328125,-1.1895371034741402,0.0003,0.022918005,,
7642,1605632,784,22.51910000000001,210,395.63,2.8474684530403467,0.2,-0.16620922088623047,7830,-0.025500774040119724,0.6911898255348206,0.20830078125,-1.1616586271673441,0.0003,0.021478565,,
7651,1607680,785,22.002300000000005,210,393.94,1.870717406552285,0.2,0.4705420136451721,7840,-0.021425213938346132,0.11752969026565552,0.20537109375,-1.192847853526473,0.0003,0.021678627,,
7660,1609728,786,20.3943,210,382.99,2.088877884647809,0.2,0.03556150197982788,7850,-0.02310253747855313,0.07532697916030884,0.18251953125,-1.0824336979538203,0.0003,0.022260793,,
,1610000,,,,,1.4748750419938006,0.2,0.2797991633415222,7860,-0.024347608943935485,0.5190278887748718,0.204248046875,-1.1755337957292795,0.0003,0.02441759,4.5840000000000005,260.6
7675,1611776,787,20.164,209,379.94,,,,,,,,,,,,
7685,1613824,788,20.029499999999995,209,376.48,2.2919270442798734,0.2,0.30709362030029297,7870,-0.027037007236503995,0.07647862285375595,0.1693359375,-1.1255856066942216,0.0003,0.01719015,,
7695,1615872,789,19.8654,209,370.02,2.1731029223883525,0.2,0.15066397190093994,7880,-0.023851052674581298,0.07973557710647583,0.176904296875,-1.1701600302010775,0.0003,0.019695323,,
7704,1617920,790,20.097699999999996,209,373.27,1.6795114943059162,0.2,0.5311212539672852,7890,-0.025712229224154726,0.08387476205825806,0.18359375,-1.0984469179064036,0.0003,0.019285986,,
7713,1619968,791,20.832100000000004,210,376.78,2.4648462279234082,0.2,0.24451619386672974,7900,-0.026864616907550952,0.15197405219078064,0.20341796875,-1.153633801266551,0.0003,0.022324916,,
,1620000,,,,,2.1326427498832343,0.2,0.2856246829032898,7910,-0.02866345497313887,0.04641076549887657,0.198193359375,-1.1328089052811265,0.0003,0.024853852,15.768,380.0
7729,1622016,792,21.17439999999999,209,381.06,,,,,,,,,,,,
7738,1624064,793,22.048299999999998,209,388.53,3.325034845015034,0.2,-0.09530222415924072,7920,-0.022232781659113243,0.29825907945632935,0.15341796875,-1.0866857392713427,0.0003,0.018251145,,
7747,1626112,794,21.3885,209,382.49,1.885901200864464,0.2,0.34604567289352417,7930,-0.026190057091298513,0.15468023717403412,0.196533203125,-1.0616538051515818,0.0003,0.025138555,,
7756,1628160,795,19.9134,209,374.86,2.8175240995362403,0.2,-0.22453784942626953,7940,-0.023480876779649405,0.17429856956005096,0.16337890625,-1.0707937633618712,0.0003,0.02003209,,
,1630000,,,,,1.4521914281649515,0.2,0.35708075761795044,7950,-0.02779958455648739,0.010902218520641327,0.224560546875,-1.1902698639780283,0.0003,0.024845932,19.398000000000003,343.4
7771,1630208,796,19.0991,209,373.37,,,,,,,,,,,,
7781,1632256,797,18.025699999999997,209,365.91,1.739818404475227,0.2,0.3452550172805786,7960,-0.02150149137014523,0.15702183544635773,0.19326171875,-1.159218567237258,0.0003,0.022204313,,
7790,1634304,798,18.4635,209,369.75,1.943571304064244,0.2,0.40032005310058594,7970,-0.02802402516826987,0.2960895299911499,0.198779296875,-1.1239128069952131,0.0003,0.021847647,,
7799,1636352,799,16.199399999999997,209,353.15,1.6990264649037272,0.2,0.6032085418701172,7980,-0.025558298183023,0.07308916747570038,0.18984375,-1.1051038129255175,0.0003,0.021888252,,
7809,1638400,800,16.7371,209,356.97,1.5685297976946457,0.2,0.2144429087638855,7990,-0.028480185486841947,0.10427932441234589,0.244140625,-1.1584373276680708,0.0003,0.02860052,,
,1640000,,,,,2.0981569159775972,0.2,0.47305190563201904,8000,-0.029784262887551448,0.04964035004377365,0.194677734375,-1.2220412068068982,0.0003,0.023704875,11.158,318.6
7824,1640448,801,16.722,209,355.44,,,,,,,,,,,,
7833,1642496,802,17.3879,209,362.07,1.7915305961854755,0.2,0.40675997734069824,8010,-0.02711682770168409,0.3848020136356354,0.20390625,-1.1192780673503875,0.0003,0.0213254,,
7842,1644544,803,17.6922,209,362.47,3.2659239177126436,0.2,0.05287140607833862,8020,-0.02330576413369272,0.09007886797189713,0.163427734375,-1.0417882069945335,0.0003,0.019412674,,
7852,1646592,804,17.362800000000004,209,359.5,2.0066750096622856,0.2,0.4328705668449402,8030,-0.024394659089739434,0.13052904605865479,0.2056640625,-1.0991035209968687,0.0003,0.024540909,,
7860,1648640,805,17.2367,209,356.84,1.7519798653898762,0.2,0.08579146862030029,8040,-0.035295384895289314,0.3454234004020691,0.200927734375,-1.099396764114499,0.0003,0.025962705,,
,1650000,,,,,2.2998079215409235,0.2,0.07915526628494263,8050,-0.024265138022019527,0.09137769788503647,0.184375,-1.1031147930771112,0.0003,0.021000827,21.478,351.6
7876,1650688,806,15.150799999999997,209,348.09,,,,,,,,,,,,
7886,1652736,807,14.620699999999998,209,345.03,2.1689686663914474,0.2,0.006361067295074463,8060,-0.024895618116715923,0.14967477321624756,0.215673828125,-1.2010653000324965,0.0003,0.028669339,,
7895,1654784,808,14.5909,209,342.05,2.1541877256007864,0.2,0.04938352108001709,8070,-0.022627115389332174,0.038652900606393814,0.15634765625,-1.0140008743852378,0.0003,0.017888341,,
7904,1656832,809,15.258600000000001,209,348.88,2.750791671220213,0.2,0.17988979816436768,8080,-0.02998656400741311,1.0811889171600342,0.183056640625,-1.1554541688412427,0.0003,0.021402203,,
7913,1658880,810,16.116,209,354.7,2.11800072172191,0.2,0.3115677237510681,8090,-0.023893305394449272,0.2581820785999298,0.202880859375,-1.084256943129003,0.0003,0.023057003,,
,1660000,,,,,2.107263673795387,0.2,0.5272663831710815,8100,-0.028437402882263995,0.10469847917556763,0.200244140625,-1.13302122335881,0.0003,0.023432601,1.592,160.4
7925,1660928,811,16.4208,209,355.21,,,,,,,,,,,,
7935,1662976,812,16.690500000000004,209,352.17,2.482892077183351,0.2,0.3003813624382019,8110,-0.02393233187031001,0.01857614517211914,0.18095703125,-1.0349326945841313,0.0003,0.023733485,,
7944,1665024,813,16.3105,209,344.14,3.213105546217412,0.2,0.1353435516357422,8120,-0.0191089240310248,0.26566025614738464,0.155712890625,-1.1016975054517388,0.0003,0.015251231,,
7954,1667072,814,16.854900000000004,209,348.63,2.3090056692017242,0.2,0.3377782106399536,8130,-0.026234058639965953,0.020845741033554077,0.217529296875,-1.1242657244205474,0.0003,0.02204991,,
7963,1669120,815,16.7479,209,347.9,1.8522011391818523,0.2,0.3512879014015198,8140,-0.02208234946883749,0.013255216181278229,0.18349609375,-1.0998255278915168,0.0003,0.022906303,,
,1670000,,,,,3.1365377042908222,0.2,0.305649995803833,8150,-0.023909571615513416,0.13389243185520172,0.185888671875,-1.0844714291393758,0.0003,0.019824544,20.140000000000004,417.6
7980,1671168,816,17.2863,209,351.79,,,,,,,,,,,,
7990,1673216,817,15.882199999999997,209,341.27,2.18797287393827,0.2,0.2877499461174011,8160,-0.029415417090058328,0.1865212321281433,0.213720703125,-1.1533587951213122,0.0003,0.028921388,,
7999,1675264,818,15.750900000000001,209,338.13,2.3117533362004905,0.2,0.27368831634521484,8170,-0.02781442577834241,0.07038076967000961,0.1955078125,-1.0602758839726447,0.0003,0.022254169,,
8008,1677312,819,15.649700000000003,209,338.06,1.9097175009781495,0.2,0.20022296905517578,8180,-0.02396025865455158,0.1460668444633484,0.1833984375,-1.074425094947219,0.0003,0.023155736,,
8018,1679360,820,15.347100000000001,209,337.79,2.687727123266086,0.2,0.1673005223274231,8190,-0.0265810785087524,0.37069085240364075,0.187109375,-1.1310906115919352,0.0003,0.018287294,,
,1680000,,,,,2.560694476729259,0.2,0.20443987846374512,8200,-0.025371670915046707,0.06543929874897003,0.170166015625,-1.170985370874405,0.0003,0.021286152,17.214,324.0
8033,1681408,821,15.3936,209,342.48,,,,,,,,,,,,
8043,1683456,822,14.932600000000003,209,336.34,1.8187842225888744,0.2,0.47995632886886597,8210,-0.031130769912851974,0.11906135082244873,0.247265625,-1.1265470564365387,0.0003,0.028848566,,
8052,1685504,823,16.6464,209,347.88,1.5317622947040945,0.2,0.24112367630004883,8220,-0.029344009928172453,0.0421314612030983,0.22177734375,-1.0816915871575474,0.0003,0.023115661,,
8061,1687552,824,18.1181,209,355.17,2.450655427156016,0.2,0.44061851501464844,8230,-0.025554828759049998,0.4014284312725067,0.161572265625,-1.0835439883172513,0.0003,0.018129647,,
8071,1689600,825,19.437699999999996,209,367.23,1.2788650980452076,0.2,0.47044336795806885,8240,-0.023724433884490283,0.13153527677059174,0.189892578125,-1.0685426242649556,0.0003,0.023557581,,
,1690000,,,,,1.751427400042303,0.2,0.2009350061416626,8250,-0.019048168629524298,0.1064348965883255,0.172412109375,-1.0900176195427775,0.0003,0.020218745,13.266000000000002,329.6
8087,1691648,826,17.9833,209,361.65,,,,,,,,,,,,
8096,1693696,827,18.4183,209,365.19,1.8565780216595158,0.2,0.3588058352470398,8260,-0.027239599195308984,0.05495164543390274,0.2119140625,-1.1448789842426776,0.0003,0.028002795,,
8106,1695744,828,16.250199999999996,209,348.16,1.9614699988858775,0.2,0.14600324630737305,8270,-0.019082357588922606,0.11488693207502365,0.154296875,-1.0094611996784806,0.0003,0.017522832,,
8116,1697792,829,16.3106,209,354.24,2.15290419945959,0.2,0.06685829162597656,8280,-0.024240314119379037,0.07376272976398468,0.17509765625,-1.1285680577158927,0.0003,0.020749053,,
8124,1699840,830,15.183699999999998,209,351.46,3.45120565420948,0.2,0.07743245363235474,8290,-0.0214039387908997,0.12650752067565918,0.150537109375,-1.1214756425470114,0.0003,0.017856915,,
,1700000,,,,,2.2953321076463906,0.2,0.39000993967056274,8300,-0.023494753486011176,0.03152542561292648,0.18212890625,-1.1869366034865378,0.0003,0.021764517,27.776,382.0
8141,1701888,831,15.8488,209,358.03,,,,,,,,,,,,
8150,1703936,832,16.0723,209,360.42,2.5884395057801157,0.2,0.12972491979599,8310,-0.018723230078467167,0.4159412980079651,0.156005859375,-1.071546152420342,0.0003,0.017202826,,
8159,1705984,833,16.258299999999995,209,359.04,2.497929693828337,0.2,0.36565643548965454,8320,-0.021734480591840112,0.12435533106327057,0.17451171875,-1.0974275572225451,0.0003,0.021382522,,
8168,1708032,834,17.355299999999996,209,368.84,2.223859465122223,0.2,0.24571353197097778,8330,-0.024325157442945056,0.049257565289735794,0.169775390625,-1.0982092466205358,0.0003,0.023113307,,
,1710000,,,,,2.279805507743731,0.2,0.40254485607147217,8340,-0.026594957982888447,0.12253482639789581,0.20712890625,-1.2216712128371001,0.0003,0.021941481,28.558,460.2
8185,1710080,835,17.4576,208,369.06,,,,,,,,,,,,
8194,1712128,836,16.915,208,364.73,1.9674343755934387,0.2,0.4381212592124939,8350,-0.024686985329026356,0.02705453336238861,0.193505859375,-1.09860406126827,0.0003,0.0254683,,
8203,1714176,837,17.5115,208,364.42,2.061867954907939,0.2,0.47154003381729126,8360,-0.02735608145594597,0.19337613880634308,0.220751953125,-1.1084814701229333,0.0003,0.035760544,,
8213,1716224,838,18.5851,208,371.88,2.378018071409315,0.2,0.1786670684814453,8370,-0.029052892600884662,0.09279931336641312,0.18984375,-1.0774819707497953,0.0003,0.023139581,,
8222,1718272,839,18.4812,208,371.48,2.3833265061024576,0.2,0.3350346088409424,8380,-0.021372382240951993,0.31704971194267273,0.171533203125,-1.1306159269064664,0.0003,0.019880343,,
,1720000,,,,,2.150242730276659,0.2,0.3021228313446045,8390,-0.030157249042531475,0.03461800515651703,0.20546875,-1.1269918844103812,0.0003,0.023102691,18.466,450.0
8240,1720320,840,20.1376,208,387.27,,,,,,,,,,,,
8249,1722368,841,20.9736,208,390.95,1.6632447919342668,0.2,0.24417144060134888,8400,-0.025141304940916598,0.046935249119997025,0.193115234375,-1.078838441707194,0.0003,0.023128077,,
8258,1724416,842,20.2157,208,385.09,2.948125288914889,0.2,0.18408584594726562,8410,-0.026984466650174,0.05062668025493622,0.17607421875,-1.1456009835004806,0.0003,0.019973334,,
8267,1726464,843,18.1375,208,367.12,2.495027681719512,0.2,0.36124300956726074,8420,-0.024774416381842457,0.09844018518924713,0.185791015625,-1.131929763406515,0.0003,0.020693928,,
8276,1728512,844,18.5452,208,367.93,2.6242417188826948,0.2,0.2630971074104309,8430,-0.027047827342175878,0.19434714317321777,0.19853515625,-1.1272150216624142,0.0003,0.021009747,,
,1730000,,,,,1.970322290668264,0.2,0.3146379590034485,8440,-0.027352851947944144,0.012807082384824753,0.215283203125,-1.1791920214891434,0.0003,0.02496933,15.132,316.4
8291,1730560,845,17.8823,208,361.56,,,,,,,,,,,,
8300,1732608,846,17.4571,208,359.0,3.289243267546408,0.2,0.012296497821807861,8450,-0.02155928896390833,0.00995757058262825,0.184228515625,-1.1957647040486337,0.0003,0.01987721,,
8309,1734656,847,18.336800000000004,208,367.05,3.6104184664320202,0.2,0.07824045419692993,8460,-0.02055450989573728,0.18722259998321533,0.175927734375,-1.1570898801088334,0.0003,0.02134613,,
8318,1736704,848,20.693900000000003,208,382.98,1.9770787504501641,0.2,0.3178900480270386,8470,-0.02373799047782086,0.06565625220537186,0.22353515625,-1.2590605068951846,0.0003,0.022308217,,
8326,1738752,849,21.086100000000002,208,382.24,2.519924026960507,0.2,0.19019752740859985,8480,-0.028139808101695963,0.1669238954782486,0.187548828125,-1.1447677798569202,0.0003,0.022955697,,
,1740000,,,,,2.0231332149356605,0.2,0.15498948097229004,8490,-0.025066244482877663,0.12047001719474792,0.20908203125,-1.1712155193090439,0.0003,0.022296006,15.307999999999998,334.0
8340,1740800,850,21.180999999999997,208,381.74,,,,,,,,,,,,
8348,1742848,851,20.788600000000002,208,382.46,3.223400369938463,0.2,0.3264005780220032,8500,-0.025986430412740447,0.13875991106033325,0.191064453125,-1.1759850140661001,0.0003,0.02096992,,
8357,1744896,852,20.3954,208,383.1,2.086523263901472,0.2,0.3480665683746338,8510,-0.025023546724696644,0.18042004108428955,0.19267578125,-1.2047223757952452,0.0003,0.019552996,,
8365,1746944,853,21.5442,208,388.09,1.5538713017012924,0.2,0.3496819734573364,8520,-0.0332925932307262,0.0443391427397728,0.23505859375,-1.2220581833273172,0.0003,0.027462872,,
8374,1748992,854,21.645899999999997,208,388.27,2.0649250960675998,0.2,0.37793755531311035,8530,-0.025615526601905005,0.10441776365041733,0.2134765625,-1.209928334131837,0.0003,0.023007125,,
,1750000,,,,,2.8737458102870734,0.2,0.3860245943069458,8540,-0.025468922621803357,0.14070811867713928,0.17373046875,-1.1763665117323399,0.0003,0.018549807,21.344,338.2
8388,1751040,855,21.879399999999997,208,391.68,,,,,,,,,,,,
8397,1753088,856,21.464800000000004,208,390.18,1.9005222581326962,0.2,0.18373417854309082,8550,-0.029936782145523467,0.02849561721086502,0.24716796875,-1.2053105536848308,0.0003,0.029322771,,
8405,1755136,857,19.1126,208,374.76,3.407283880119212,0.2,0.22479552030563354,8560,-0.028966711892280728,0.10167820006608963,0.1859375,-1.219717326760292,0.0003,0.02105368,,
8413,1757184,858,18.947,208,368.19,1.918232648144476,0.2,0.008231103420257568,8570,-0.029399858444230632,0.24153228104114532,0.184814453125,-1.1903257817029953,0.0003,0.020882009,,
8422,1759232,859,18.311400000000003,208,364.57,2.651165372924879,0.2,0.009296715259552002,8580,-0.02477880520164035,0.09938086569309235,0.1529296875,-1.1721099350601434,0.0003,0.017814808,,
,1760000,,,,,2.077009661169723,0.2,0.14495635032653809,8590,-0.027960746159078554,0.18207529187202454,0.206396484375,-1.2724908150732517,0.0003,0.024671804,11.672,370.0
8436,1761280,860,18.381600000000002,208,361.58,,,,,,,,,,,,
8445,1763328,861,18.630000000000006,208,366.44,2.5074372090399266,0.2,0.29199618101119995,8600,-0.024710506206611173,0.3287249803543091,0.1873046875,-1.165938089415431,0.0003,0.022136947,,
8453,1765376,862,18.881700000000002,208,371.63,2.065543786343187,0.2,0.08882105350494385,8610,-0.03167684149811976,0.13919609785079956,0.223779296875,-1.2222743365913629,0.0003,0.026129834,,
8461,1767424,863,18.578,208,371.23,1.4929409252945334,0.2,0.48028141260147095,8620,-0.024876749742543326,0.22015807032585144,0.19716796875,-1.1868570264428855,0.0003,0.02443446,,
8469,1769472,864,18.1825,208,371.66,2.284526353003457,0.2,0.16200685501098633,8630,-0.024837582676263993,0.3708242177963257,0.201611328125,-1.291053345426917,0.0003,0.022278098,,
,1770000,,,,,1.80044148680754,0.2,-0.01872539520263672,8640,-0.021477903722552583,0.122538723051548,0.2126953125,-1.3453719951212406,0.0003,0.02605465,6.546000000000001,256.6
8480,1771520,865,19.5784,208,381.38,,,,,,,,,,,,
8488,1773568,866,17.311700000000002,208,364.48,3.9697375207673757,0.2,-0.16644251346588135,8650,-0.024784998506947886,0.2034231275320053,0.172607421875,-1.3869478669017554,0.0003,0.018047623,,
8497,1775616,867,15.8101,208,354.18,2.485352484509349,0.2,0.40685558319091797,8660,-0.0217904404271394,0.2041422724723816,0.1783203125,-1.2866564076393843,0.0003,0.021525336,,
8505,1777664,868,15.610199999999999,208,354.17,3.389757123729214,0.2,-0.25549590587615967,8670,-0.028795461330446415,0.07528707385063171,0.187548828125,-1.2471833474934102,0.0003,0.022114344,,
8513,1779712,869,15.6558,209,348.72,2.622849254542962,0.2,0.2858639359474182,8680,-0.027317253316869027,0.07971634715795517,0.18603515625,-1.1560956444591284,0.0003,0.024676317,,
,1780000,,,,,2.9164954307489097,0.2,-0.38623297214508057,8690,-0.019791520806029438,0.12513525784015656,0.21513671875,-1.3280450731515885,0.0003,0.02551939,4.814,283.6
8526,1781760,870,13.726700000000003,208,335.61,,,,,,,,,,,,
8534,1783808,871,13.472000000000001,209,330.08,2.401985228387639,0.2,0.1090741753578186,8700,-0.02241988960595336,0.08321084827184677,0.1951171875,-1.2579789083451032,0.0003,0.024383612,,
8542,1785856,872,12.861099999999999,209,328.93,3.2868751485832037,0.2,-0.10587763786315918,8710,-0.020372823206707837,0.17661912739276886,0.190673828125,-1.2814161278307439,0.0003,0.024673883,,
8550,1787904,873,12.762000000000002,209,329.01,2.017023225314915,0.2,0.20560407638549805,8720,-0.025760289368918166,0.5021376013755798,0.196240234375,-1.159408175572753,0.0003,0.024453942,,
8559,1789952,874,13.091700000000001,209,331.99,3.478094587940723,0.2,0.0335811972618103,8730,-0.019660798969562167,0.06874877214431763,0.178955078125,-1.2250924240797758,0.0003,0.018590424,,
,1790000,,,,,1.7721637675305828,0.2,0.22200113534927368,8740,-0.024061267121578567,0.05884877219796181,0.218505859375,-1.195094983652234,0.0003,0.023222841,21.836000000000002,387.4
8572,1792000,875,13.2281,209,335.64,,,,,,,,,,,,
8580,1794048,876,12.366399999999999,209,329.37,3.0629761988297104,0.2,-0.028241991996765137,8750,-0.018668531332514247,0.08793182671070099,0.19794921875,-1.2786641988903285,0.0003,0.021091117,,
8588,1796096,877,11.679100000000004,209,330.59,2.2512102867709474,0.2,0.02375572919845581,8760,-0.02721741735585965,0.17174014449119568,0.21923828125,-1.359484275057912,0.0003,0.024691876,,
8597,1798144,878,12.741800000000001,209,336.94,2.7309023726265877,0.2,0.3758808374404907,8770,-0.021108298565377482,0.2288338840007782,0.20244140625,-1.3027381997555494,0.0003,0.02096672,,
,1800000,,,,,1.979771703109145,0.2,0.4821491837501526,8780,-0.024366911756806074,0.0537288635969162,0.185986328125,-1.193545655719936,0.0003,0.021431208,2.6860000000000004,270.6
8610,1800192,879,12.099899999999998,209,332.69,,,,,,,,,,,,
8618,1802240,880,12.985899999999997,209,341.37,2.1882271949667484,0.2,0.529476523399353,8790,-0.020861898282601033,0.13035382330417633,0.20986328125,-1.217846804857254,0.0003,0.020805778,,
8625,1804288,881,12.328300000000002,209,335.55,1.393798367329873,0.2,0.35459238290786743,8800,-0.027208185044582934,0.09646114706993103,0.221826171875,-1.2680848650634289,0.0003,0.026306136,,
8634,1806336,882,12.0281,209,335.52,2.6667890464887023,0.2,-0.13391780853271484,8810,-0.028526876037358307,0.09984616935253143,0.228125,-1.3056478582322597,0.0003,0.021702427,,
8641,1808384,883,12.7978,209,342.52,2.4066917217336594,0.2,0.15703821182250977,8820,-0.02259024294326082,0.17739903926849365,0.201708984375,-1.2669313557446003,0.0003,0.021847773,,
,1810000,,,,,1.8147526214830578,0.2,0.01802957057952881,8830,-0.022327627977938393,0.5835967659950256,0.2212890625,-1.3336392540484667,0.0003,0.022916272,56.370000000000005,643.6
8660,1810432,884,12.338899999999999,209,336.57,,,,,,,,,,,,
8668,1812480,885,12.233799999999997,209,336.07,2.6084627169184387,0.2,-0.04020392894744873,8840,-0.024367214120866267,0.5937336087226868,0.19521484375,-1.2659048598259688,0.0003,0.022557609,,
8676,1814528,886,12.0248,209,335.15,1.6998504795134068,0.2,0.40825074911117554,8850,-0.024782254092860966,0.04221078008413315,0.193115234375,-1.2379852890968324,0.0003,0.022419333,,
8684,1816576,887,12.343799999999996,209,337.08,2.603350944630802,0.2,-0.12507760524749756,8860,-0.026725499978056177,0.09392836689949036,0.199365234375,-1.243408576026559,0.0003,0.021572188,,
8692,1818624,888,13.0135,209,344.15,2.859348580054939,0.2,0.055143654346466064,8870,-0.022019574424484746,0.20622123777866364,0.1833984375,-1.185916319489479,0.0003,0.020057207,,
,1820000,,,,,3.491868945816532,0.2,-0.045989394187927246,8880,-0.022385236143600197,0.23790310323238373,0.1853515625,-1.1627527616918087,0.0003,0.022236997,26.637999999999998,468.0
8707,1820672,889,13.274300000000004,209,350.25,,,,,,,,,,,,
8715,1822720,890,13.814899999999998,209,354.36,2.4955872158519923,0.2,0.1436108946800232,8890,-0.020490350504405796,0.1451047658920288,0.228564453125,-1.218033256009221,0.0003,0.025955793,,
8723,1824768,891,14.140700000000002,209,356.97,1.7950871934182941,0.2,0.5918471217155457,8900,-0.024839421952492557,0.8128003478050232,0.226025390625,-1.2491199772804975,0.0003,0.024274942,,
8731,1826816,892,15.1205,209,365.06,1.7950798919424416,0.2,0.3258562684059143,8910,-0.025761347176739946,0.06787701696157455,0.193701171875,-1.14799315482378,0.0003,0.021870296,,
8739,1828864,893,15.724199999999998,209,365.49,2.437929425062612,0.2,0.4210750460624695,8920,-0.02935353769280482,0.06440621614456177,0.198388671875,-1.2021979968994856,0.0003,0.023132034,,
,1830000,,,,,1.8047826232854276,0.2,0.3903804421424866,8930,-0.023768043340533042,0.0971422865986824,0.20244140625,-1.1653839357197284,0.0003,0.020314183,15.106,313.8
8752,1830912,894,15.8264,209,365.74,,,,,,,,,,,,
8760,1832960,895,15.570599999999999,209,360.14,3.2043360749259593,0.2,0.36115628480911255,8940,-0.02406999251106754,0.05938630923628807,0.171484375,-1.243624947220087,0.0003,0.020172864,,
8767,1835008,896,15.854599999999998,209,358.59,2.3420136617962273,0.2,0.5165579319000244,8950,-0.027610824746079742,0.07737217098474503,0.2037109375,-1.219683487713337,0.0003,0.018795904,,
8775,1837056,897,14.837900000000005,209,346.83,2.2896822089329363,0.2,0.4198989272117615,8960,-0.019735551733174362,0.24423781037330627,0.1974609375,-1.241291382163763,0.0003,0.027109448,,
8783,1839104,898,16.2518,209,358.35,1.8897514872485772,0.2,0.44532495737075806,8970,-0.019146119052311405,0.11416520178318024,0.232568359375,-1.2044833373278379,0.0003,0.02695941,,
,1840000,,,,,2.859650521399453,0.2,0.43558210134506226,8980,-0.015968947618966924,0.3445252478122711,0.1677734375,-1.2194593124091626,0.0003,0.016975373,23.902,394.2
8796,1841152,899,16.101300000000002,209,353.29,,,,,,,,,,,,
8804,1843200,900,15.751900000000001,209,348.36,2.5393433660967277,0.2,0.506600022315979,8990,-0.015854638478776904,0.22268614172935486,0.19658203125,-1.1539197284728289,0.0003,0.019142045,,
8811,1845248,901,15.6475,209,347.93,2.002629039157182,0.2,0.5264260768890381,9000,-0.025605395314050837,0.12009923905134201,0.208642578125,-1.1802014984190463,0.0003,0.019988574,,
8819,1847296,902,15.451899999999998,209,348.35,2.076760624116287,0.2,0.3112281560897827,9010,-0.02686097331752535,0.038448020815849304,0.216015625,-1.2256312247365713,0.0003,0.027684882,,
8827,1849344,903,16.2087,209,354.1,2.263518387172371,0.2,0.12749630212783813,9020,-0.022756098659010605,0.03973608464002609,0.224365234375,-1.2835106644779444,0.0003,0.030379355,,
,1850000,,,,,3.5532317811623217,0.2,0.23189908266067505,9030,-0.028536257799714804,2.2581260204315186,0.236376953125,-1.2506307650357484,0.0003,0.022911835,23.845999999999997,388.6
8840,1851392,904,15.909799999999997,209,354.2,,,,,,,,,,,,
8848,1853440,905,15.250199999999998,209,348.18,2.0222235759487375,0.2,0.3642116189002991,9040,-0.019983063920517453,0.09838250279426575,0.184765625,-1.203862911462784,0.0003,0.019978072,,
8855,1855488,906,15.865,209,349.72,2.3763488432858138,0.2,0.3590049147605896,9050,-0.025362545912503264,0.2933123707771301,0.197802734375,-1.180802851356566,0.0003,0.024286974,,
8863,1857536,907,16.202599999999997,209,353.51,1.9693817775230855,0.2,0.5521596670150757,9060,-0.026864900699001736,0.2164706289768219,0.209619140625,-1.163894846662879,0.0003,0.029459083,,
8871,1859584,908,17.8358,209,366.98,3.17177284413483,0.2,-0.048058390617370605,9070,-0.028360473821521737,0.10089177638292313,0.19375,-1.1953383840620517,0.0003,0.024861526,,
,1860000,,,,,2.2947072335518897,0.2,0.3046773076057434,9080,-0.01908836324000731,0.06100180745124817,0.171875,-1.2631227359175683,0.0003,0.023750262,11.145999999999999,317.4
8883,1861632,909,17.804799999999997,209,363.88,,,,,,,,,,,,
8890,1863680,910,16.322599999999998,209,355.52,2.560558107169345,0.2,0.3501526117324829,9090,-0.023495909091434442,0.16192585229873657,0.202783203125,-1.2868587352335452,0.0003,0.021807306,,
8899,1865728,911,17.297299999999996,209,363.08,2.223317470913753,0.2,0.362781286239624,9100,-0.028474339086096735,0.1502787172794342,0.218701171875,-1.1982545122504233,0.0003,0.025991268,,
8907,1867776,912,18.187499999999996,209,372.18,1.742736578080803,0.2,0.3442379832267761,9110,-0.023322777746943756,0.013196274638175964,0.177490234375,-1.0544123185798526,0.0003,0.020716082,,
8914,1869824,913,18.211900000000004,209,374.64,2.60231785508804,0.2,0.3868839144706726,9120,-0.027761972747975962,0.11782830953598022,0.185693359375,-1.1745805274695158,0.0003,0.020512499,,
,1870000,,,,,4.2457244688645,0.2,-0.20967400074005127,9130,-0.020956256054341794,0.19257470965385437,0.143212890625,-1.2536330364644528,0.0003,0.01789346,9.363999999999999,339.0
8926,1871872,914,18.885199999999994,209,382.01,,,,,,,,,,,,
8934,1873920,915,18.8922,209,382.71,2.6157328763976695,0.2,0.23398858308792114,9140,-0.029968239786103367,0.2722293734550476,0.218603515625,-1.1210825385525822,0.0003,0.026903523,,
8942,1875968,916,19.2278,209,386.3,1.6627942307852208,0.2,0.435014009475708,9150,-0.030237273694365286,0.08883650600910187,0.2052734375,-1.089394230209291,0.0003,0.02925321,,
8949,1878016,917,17.301199999999998,209,373.46,2.310183181427419,0.2,0.20070356130599976,9160,-0.024225869862129913,0.10914737731218338,0.198974609375,-1.1479205835610629,0.0003,0.02488505,,
,1880000,,,,,2.0828891372308136,0.2,0.20807373523712158,9170,-0.025199144176440313,0.06241677328944206,0.187158203125,-1.124166409485042,0.0003,0.02625937,5.140000000000001,316.2
8961,1880064,918,18.4052,209,383.96,,,,,,,,,,,,
8968,1882112,919,18.7845,209,381.93,2.5922727169003337,0.2,0.1332988142967224,9180,-0.02663246774172876,0.9816616773605347,0.196630859375,-1.1456520803272725,0.0003,0.0200624,,
8975,1884160,920,19.802300000000002,209,393.8,2.671339903632179,0.2,0.25496864318847656,9190,-0.021421944530447944,0.7168856859207153,0.17705078125,-1.1687573451548814,0.0003,0.019863103,,
8982,1886208,921,20.130200000000002,209,396.62,2.0751668627839535,0.2,0.23978930711746216,9200,-0.017929738500970415,0.06284086406230927,0.17255859375,-1.1817465793341397,0.0003,0.02021985,,
8990,1888256,922,20.237900000000003,210,397.4,2.3696801327634605,0.2,0.03806793689727783,9210,-0.02111126645177137,0.22817736864089966,0.1654296875,-1.0709993064403533,0.0003,0.019124135,,
,1890000,,,,,2.174024873459712,0.2,0.21670877933502197,9220,-0.022851431807794143,0.1207801103591919,0.2025390625,-1.2186188619583844,0.0003,0.023059748,2.2620000000000005,227.8
9000,1890304,923,19.818,210,395.37,,,,,,,,,,,,
9007,1892352,924,20.5033,210,403.96,2.763559322571382,0.2,-0.0402374267578125,9230,-0.02138322116516065,0.05852729082107544,0.19482421875,-1.138550383411348,0.0003,0.0225498,,
9015,1894400,925,21.077800000000003,210,411.46,2.296392839215696,0.2,0.3919665217399597,9240,-0.021370449705864304,0.11493983119726181,0.204833984375,-1.1162311062216759,0.0003,0.027839558,,
9022,1896448,926,18.8523,210,388.71,1.8848461744375526,0.2,0.08891505002975464,9250,-0.018771845719311387,0.12135615944862366,0.219140625,-1.2207240782678128,0.0003,0.027888022,,
9029,1898496,927,16.911200000000004,210,374.38,1.9019417813513428,0.2,0.3855695128440857,9260,-0.025023652863455936,0.027138076722621918,0.2205078125,-1.1932887740433216,0.0003,0.024934035,,
,1900000,,,,,1.841213094163686,0.2,0.36266517639160156,9270,-0.01969185050402302,0.286461740732193,0.179931640625,-1.2433160632848739,0.0003,0.018116625,20.099999999999998,413.2
9041,1900544,928,16.3895,210,372.16,,,,,,,,,,,,
9048,1902592,929,14.950899999999999,210,358.15,2.2614647964481263,0.2,-0.238747239112854,9280,-0.020757765969028695,0.2706223428249359,0.22158203125,-1.278207229077816,0.0003,0.023770977,,
9055,1904640,930,15.8337,210,366.51,2.6139017662033437,0.2,0.36347758769989014,9290,-0.01906086673552636,0.3519262373447418,0.160302734375,-1.177540908753872,0.0003,0.018140174,,
9062,1906688,931,15.705,210,363.63,2.3092724511399867,0.2,0.15022099018096924,9300,-0.027006870848708786,0.03835320100188255,0.222998046875,-1.166883860528469,0.0003,0.025198568,,
9070,1908736,932,14.416199999999998,210,354.65,1.5853183585219086,0.2,0.2118040919303894,9310,-0.02643940976704471,0.04087233543395996,0.229248046875,-1.2558174949139356,0.0003,0.025175612,,
,1910000,,,,,1.6275660232640803,0.2,-0.13764488697052002,9320,-0.03589068172732368,0.08342883735895157,0.248779296875,-1.2129885718226432,0.0003,0.033293232,-8.316,169.4
9080,1910784,933,14.3402,210,357.04,,,,,,,,,,,,
9087,1912832,934,13.865200000000002,210,349.48,2.1210570988245308,0.2,0.13879263401031494,9330,-0.027421882597263903,0.2637450695037842,0.231640625,-1.3387987691909076,0.0003,0.026745763,,
9094,1914880,935,12.365,210,339.3,1.7235002880916,0.2,0.13335776329040527,9340,-0.028238219063496217,-0.0022818483412265778,0.21123046875,-1.2609987892210484,0.0003,0.024163283,,
9101,1916928,936,12.476899999999999,210,340.48,1.5312748211668805,0.2,0.45717769861221313,9350,-0.030805452904314735,0.20257075130939484,0.227294921875,-1.3436429113149644,0.0003,0.031407543,,
9108,1918976,937,11.7935,210,332.04,3.1558198106009514,0.2,-0.7586339712142944,9360,-0.0241563427465735,0.1822279840707779,0.16806640625,-1.2496245104819537,0.0003,0.01872886,,
,1920000,,,,,2.2281061567366125,0.2,-0.2152116298675537,9370,-0.02794711800816003,0.18157878518104553,0.19384765625,-1.2475280925631522,0.0003,0.022288935,15.616,364.8
9121,1921024,938,10.7022,210,322.81,,,,,,,,,,,,
9127,1923072,939,10.9255,210,325.16,1.6508416388649494,0.2,0.15008479356765747,9380,-0.028247421627747828,0.36057260632514954,0.22744140625,-1.2079136125743388,0.0003,0.026117874,,
9134,1925120,940,11.018799999999999,210,324.48,2.447590150358155,0.2,0.42157185077667236,9390,-0.024656954762758688,0.42197197675704956,0.195556640625,-1.2456006914377213,0.0003,0.0231338,,
9141,1927168,941,10.704,210,322.97,2.3562346783932298,0.2,0.29515308141708374,9400,-0.023292753484565765,0.05880820006132126,0.203662109375,-1.2688847206532956,0.0003,0.021395918,,
9148,1929216,942,11.6823,210,330.87,1.5818081006640567,0.2,0.1975964903831482,9410,-0.02156807842548005,0.10172630101442337,0.197265625,-1.1041932631284,0.0003,0.025080353,,
,1930000,,,,,2.6424008967820556,0.2,0.09388363361358643,9420,-0.024311159399803727,1.745635747909546,0.238916015625,-1.2375133648514747,0.0003,0.028456084,7.5280000000000005,355.2
9161,1931264,943,12.161900000000001,210,338.87,,,,,,,,,,,,
9168,1933312,944,12.291699999999999,210,341.9,2.017964019579813,0.2,0.0922696590423584,9430,-0.025561758896219543,0.05618147552013397,0.20478515625,-1.1246296346187592,0.0003,0.026623406,,
9176,1935360,945,11.8325,210,335.96,2.971613749396056,0.2,0.32892459630966187,9440,-0.024562948511447757,0.35482484102249146,0.20888671875,-1.2591103199869393,0.0003,0.0218853,,
9183,1937408,946,10.3159,210,324.16,1.448773090308532,0.2,0.33252114057540894,9450,-0.03216041246196255,0.056217581033706665,0.233251953125,-1.170203616656363,0.0003,0.026428543,,
9190,1939456,947,10.4445,211,327.03,2.4980768333654852,0.2,0.2550963759422302,9460,-0.025271315428835806,0.36760032176971436,0.184130859375,-1.2418030332773924,0.0003,0.020695373,,
,1940000,,,,,2.4409766419790686,0.2,0.10389924049377441,9470,-0.01999238898861222,0.10620754957199097,0.184765625,-1.3030436359345914,0.0003,0.020590033,8.799999999999999,282.6
9202,1941504,948,8.9571,210,318.15,,,,,,,,,,,,
9209,1943552,949,8.4444,211,316.85,1.5960597466211766,0.2,-0.19424116611480713,9480,-0.03074907223053742,0.6881533861160278,0.226611328125,-1.2149680141359567,0.0003,0.025053605,,
9217,1945600,950,8.783599999999998,211,320.8,1.0319809544598684,0.2,0.21374881267547607,9490,-0.020245922889444046,0.0028864331543445587,0.245751953125,-1.2968474715948104,0.0003,0.02654424,,
9224,1947648,951,9.885599999999998,211,331.12,1.7075735273770989,0.2,0.2471361756324768,9500,-0.026660967242787593,0.031872548162937164,0.20615234375,-1.213605957478285,0.0003,0.025322456,,
9232,1949696,952,9.557399999999998,211,328.29,2.3635285330470652,0.2,0.1669684648513794,9510,-0.025042908056639133,0.6744763851165771,0.190771484375,-1.3300758842378855,0.0003,0.020437093,,
,1950000,,,,,2.0245651009958237,0.2,0.36109548807144165,9520,-0.030301596786011943,0.08193281292915344,0.2201171875,-1.2010872460901738,0.0003,0.026674766,36.724000000000004,477.2
9246,1951744,953,8.5915,211,321.65,,,,,,,,,,,,
9254,1953792,954,8.586500000000001,211,321.15,1.8351152216549962,0.2,0.17560535669326782,9530,-0.025381351832766085,0.06356032192707062,0.2322265625,-1.2004476072266699,0.0003,0.025811817,,
9261,1955840,955,7.7454,211,316.96,2.0177216711919757,0.2,0.05780380964279175,9540,-0.02716664209146984,0.09226501733064651,0.227685546875,-1.2768016465008258,0.0003,0.025579115,,
9269,1957888,956,7.936300000000001,211,316.09,1.3352807681076229,0.2,0.5203112363815308,9550,-0.02431770552357193,0.05735038220882416,0.213623046875,-1.1002840273082257,0.0003,0.023524303,,
9276,1959936,957,9.214,211,323.98,1.8633094333577902,0.2,0.3648499846458435,9560,-0.030167469748994334,0.23222394287586212,0.2056640625,-1.1916326243430375,0.0003,0.022776177,,
,1960000,,,,,2.6910175822675226,0.2,0.16025662422180176,9570,-0.028961968104704285,0.05750911682844162,0.207421875,-1.1132493695244192,0.0003,0.02454517,13.61,364.0
9289,1961984,958,8.797999999999998,211,312.33,,,,,,,,,,,,
9296,1964032,959,8.9223,211,314.77,3.2095677003730088,0.2,0.3330835700035095,9580,-0.02412341671588365,0.5153605341911316,0.18564453125,-1.2344519637525082,0.0003,0.02214228,,
9303,1966080,960,8.817,211,314.23,2.088824101956561,0.2,0.3835199475288391,9590,-0.020601378749415745,0.06703297048807144,0.208642578125,-1.2416693806648254,0.0003,0.024287477,,
9311,1968128,961,9.2622,211,318.79,2.3764279118739067,0.2,0.2912158966064453,9600,-0.022758420556783676,0.23672756552696228,0.184033203125,-1.2004175577312708,0.0003,0.018844657,,
,1970000,,,,,1.843641003081575,0.2,0.47132807970046997,9610,-0.02597897895029746,0.03546230122447014,0.211181640625,-1.225590817630291,0.0003,0.025785383,15.463999999999999,349.2
9323,1970176,962,9.053799999999997,211,317.93,,,,,,,,,,,,
9330,1972224,963,9.5014,211,322.73,3.7227321922779084,0.2,0.40447843074798584,9620,-0.026655311399372293,0.20370617508888245,0.182958984375,-1.2681310746818781,0.0003,0.021157555,,
9338,1974272,964,10.7629,211,328.98,3.040525813680142,0.2,0.22594237327575684,9630,-0.030952529009664432,0.2683030366897583,0.233984375,-1.2820159446448087,0.0003,0.028493047,,
9346,1976320,965,11.503999999999998,211,333.16,2.708169038593769,0.2,0.027325689792633057,9640,-0.024349932713084853,0.411761075258255,0.18779296875,-1.2952245566993952,0.0003,0.021829356,,
9353,1978368,966,11.576899999999998,211,330.44,2.1560855922289193,0.2,0.5470261573791504,9650,-0.029959245887584984,0.06189906969666481,0.231591796875,-1.193039658293128,0.0003,0.027747098,,
,1980000,,,,,2.479219469986856,0.2,0.17996662855148315,9660,-0.02299536804348463,0.8455991744995117,0.207666015625,-1.2068985119462012,0.0003,0.019761737,26.171999999999997,421.4
9367,1980416,967,10.900900000000002,211,322.78,,,,,,,,,,,,
9374,1982464,968,12.305000000000001,211,333.3,2.0078565062955023,0.2,0.27278757095336914,9670,-0.025110997981391846,0.1407308578491211,0.195458984375,-1.1710496097803116,0.0003,0.023129785,,
9382,1984512,969,12.317800000000002,211,334.58,3.127353122830391,0.2,0.06790602207183838,9680,-0.028070123420911842,0.1567542999982834,0.218603515625,-1.2355920765548944,0.0003,0.023893062,,
9389,1986560,970,13.301200000000001,211,343.01,2.5293816288001834,0.2,0.12824326753616333,9690,-0.023784786599571818,0.24214524030685425,0.1783203125,-1.1954382713884115,0.0003,0.01950986,,
9396,1988608,971,13.7126,211,344.19,2.6304243719670923,0.2,0.2319563627243042,9700,-0.02898505825723987,0.06971937417984009,0.242578125,-1.280727357417345,0.0003,0.030518323,,
,1990000,,,,,1.5021662818966433,0.2,0.3760715126991272,9710,-0.02425273376284167,0.2522769868373871,0.24345703125,-1.3558438297361135,0.0003,0.024998557,28.916000000000004,496.0
9410,1990656,972,14.4418,211,347.18,,,,,,,,,,,,
9418,1992704,973,13.708999999999998,211,343.83,4.010735776554793,0.2,-0.029566526412963867,9720,-0.02929621982621029,0.21586957573890686,0.172265625,-1.1580989979207517,0.0003,0.02000865,,
9425,1994752,974,13.279100000000003,211,340.78,2.2733484549447893,0.2,0.22149819135665894,9730,-0.02969018306757789,0.047523416578769684,0.19091796875,-1.2060860119760037,0.0003,0.024086855,,
9432,1996800,975,13.4311,211,346.01,2.0136482727713885,0.2,0.33067959547042847,9740,-0.027780794468708337,0.21732410788536072,0.2185546875,-1.2627118278294802,0.0003,0.022774193,,
9440,1998848,976,14.270999999999999,211,350.08,2.4577190381940452,0.2,0.4542996287345886,9750,-0.023336758013465443,0.3618844747543335,0.192626953125,-1.2381694301962853,0.0003,0.01944518,,
,2000000,,,,,3.02642080062069,0.2,0.19430255889892578,9760,-0.026557996729388834,1.5250593423843384,0.192529296875,-1.164972983673215,0.0003,0.022822782,12.982,301.2
9452,2000896,977,14.589899999999998,211,352.0,,,,,,,,,,,,
