time/fps,time/iterations,rollout/ep_rew_mean,time/total_timesteps,rollout/ep_len_mean,time/time_elapsed,train/explained_variance,train/loss,train/approx_kl,train/value_loss,train/learning_rate,train/clip_range,train/clip_fraction,train/n_updates,train/policy_gradient_loss,train/entropy_loss,eval/mean_ep_length,eval/mean_reward
961,1,-8.872083333333332,2048,83.0,2,,,,,,,,,,,,
794,2,-9.64943396226415,4096,77.01886792452831,5,-0.015681982040405273,4.853084564208984,0.009662083,8.614505343139172,0.0003,0.2,0.052685546875,10,-0.007730230048764497,-1.0928020525723696,,
770,3,-9.708823529411765,6144,71.89411764705882,7,0.24902373552322388,1.5043153762817383,0.013951918,4.602503694593906,0.0003,0.2,0.1314453125,20,-0.014018541487166658,-1.0808078121393918,,
751,4,-9.7136,8192,75.7,10,0.26405441761016846,1.8357725143432617,0.011105923,5.00443052276969,0.0003,0.2,0.08896484375,30,-0.011015106692502741,-1.0852149352431297,,
,,,10000,,,0.31195396184921265,2.322575330734253,0.009776027,4.183125198632479,0.0003,0.2,0.07607421875,40,-0.011661764056771062,-1.0808892104774714,301.0,-13.0
706,5,-9.6929,10240,69.13,14,,,,,,,,,,,,
712,6,-9.3105,12288,71.33,17,0.22826194763183594,2.89076828956604,0.010992227,5.0012739833444355,0.0003,0.2,0.102197265625,50,-0.013279833827982656,-1.078730707988143,,
712,7,-9.6263,14336,67.67,20,0.2799222469329834,1.6478493213653564,0.011276502,4.264757322892547,0.0003,0.2,0.146142578125,60,-0.014937908967840485,-1.0583440754562616,,
711,8,-9.5471,16384,71.76,23,0.3862308859825134,1.917620301246643,0.012547048,3.06191808655858,0.0003,0.2,0.16240234375,70,-0.017894022235122976,-1.06030762642622,,
711,9,-9.7045,18432,75.29,25,0.21984177827835083,2.4726951122283936,0.0134094525,3.3917589109390973,0.0003,0.2,0.1681640625,80,-0.01724002581613604,-1.0541855357587337,,
,,,20000,,,0.3140971064567566,1.134925127029419,0.012454368,1.950724183395505,0.0003,0.2,0.14921875,90,-0.01450541105295997,-1.0352603387087584,301.0,-13.319999999999999
691,10,-9.931000000000001,20480,83.23,29,,,,,,,,,,,,
695,11,-9.5696,22528,95.34,32,0.3378150463104248,1.1721502542495728,0.007922294,2.5020239105448128,0.0003,0.2,0.0515625,100,-0.0097824653115822,-1.0151014007627963,,
698,12,-9.6611,24576,106.79,35,0.28714704513549805,1.7078020572662354,0.008965887,3.62405822314322,0.0003,0.2,0.055810546875,110,-0.007880574028240517,-1.0100885331630707,,
697,13,-9.4508,26624,117.89,38,0.13306480646133423,1.0179110765457153,0.009415753,2.104393780976534,0.0003,0.2,0.12998046875,120,-0.013662830261455382,-1.0048196423798799,,
696,14,-9.441,28672,126.92,41,0.2656964063644409,1.0087778568267822,0.009275511,2.5393415581434966,0.0003,0.2,0.113232421875,130,-0.014023062607157044,-0.9358979756012559,,
,,,30000,,,0.41519618034362793,0.7304072976112366,0.010007312,2.4462172707542775,0.0003,0.2,0.102099609375,140,-0.011534888987080194,-0.908727952837944,321.2,-11.2
685,15,-9.4065,30720,143.99,44,,,,,,,,,,,,
686,16,-9.0026,32768,158.75,47,0.18482768535614014,1.2488206624984741,0.012627357,2.1661719758063556,0.0003,0.2,0.14765625,150,-0.011942604370415211,-0.854725350253284,,
687,17,-8.7863,34816,172.05,50,0.28313565254211426,0.9055688977241516,0.008767823,2.7777072079479694,0.0003,0.2,0.047802734375,160,-0.004096380528062582,-0.8608082301914692,,
686,18,-8.644499999999999,36864,181.89,53,0.20384955406188965,1.2202962636947632,0.0053701997,2.3183857571333646,0.0003,0.2,0.07294921875,170,-0.008042278719949536,-0.8411766083911061,,
688,19,-8.2854,38912,202.73,56,-0.013583898544311523,1.035536766052246,0.009147966,2.5575463931076228,0.0003,0.2,0.1146484375,180,-0.0066196136656799355,-0.8520560102537275,,
,,,40000,,,0.2263008952140808,1.8636019229888916,0.004280923,2.677346230298281,0.0003,0.2,0.053271484375,190,-0.005282099651230965,-0.823354746773839,301.0,-12.719999999999999
677,20,-7.898300000000001,40960,216.57,60,,,,,,,,,,,,
676,21,-7.966299999999999,43008,233.78,63,0.3500514626502991,1.9555301666259766,0.005785653,2.291357414238155,0.0003,0.2,0.06044921875,200,-0.005158590713108424,-0.8190946528688073,,
676,22,-7.9239,45056,247.15,66,0.2584933638572693,1.7379372119903564,0.008005841,2.165059555508196,0.0003,0.2,0.0703125,210,-0.006215025994606549,-0.8775565879419446,,
677,23,-7.882000000000001,47104,259.07,69,0.2574349045753479,1.1419252157211304,0.006661199,2.73327850010246,0.0003,0.2,0.07041015625,220,-0.00750492000952363,-0.8871399737894535,,
677,24,-8.4011,49152,269.84,72,-0.11987900733947754,0.3584156036376953,0.012080532,2.3283179767429827,0.0003,0.2,0.13505859375,230,-0.012082121841376647,-0.8709918892011046,,
,,,50000,,,0.04153752326965332,1.008320927619934,0.009692788,2.099673310853541,0.0003,0.2,0.11474609375,240,-0.01045488274830859,-0.8587050760164857,323.0,-11.238
670,25,-8.613299999999999,51200,275.24,76,,,,,,,,,,,,
671,26,-8.6852,53248,283.53,79,-0.012683987617492676,1.241974949836731,0.0086174365,1.9142578979022802,0.0003,0.2,0.10693359375,250,-0.005885615933220833,-0.8600521598011255,,
671,27,-8.457500000000001,55296,294.49,82,-0.04784083366394043,1.384488821029663,0.008904172,2.5411712994799016,0.0003,0.2,0.133984375,260,-0.011902844620635733,-0.8573067845776677,,
672,28,-8.4633,57344,307.48,85,0.06855690479278564,1.2891138792037964,0.008945096,3.086534953210503,0.0003,0.2,0.10703125,270,-0.008213863155106083,-0.8451841820031405,,
672,29,-8.560799999999999,59392,320.13,88,-0.03789687156677246,0.828963577747345,0.008597707,2.25078002596274,0.0003,0.2,0.0779296875,280,-0.006104859770857729,-0.8876823626458645,,
,,,60000,,,0.1203763484954834,1.269395112991333,0.0074454504,2.286041325284168,0.0003,0.2,0.087939453125,290,-0.007839547870389652,-0.8533826572820544,301.0,-13.0
667,30,-8.076500000000001,61440,319.04,92,,,,,,,,,,,,
667,31,-7.937199999999999,63488,317.82,95,0.06652390956878662,1.4293341636657715,0.010156764,3.389368669502437,0.0003,0.2,0.114501953125,300,-0.007784090100903996,-0.8640581585466862,,
667,32,-8.262300000000002,65536,320.0,98,0.05657845735549927,1.8450753688812256,0.006127835,2.7192699811421335,0.0003,0.2,0.0763671875,310,-0.00793450668134028,-0.8981479929760099,,
669,33,-7.799200000000002,67584,321.83,101,-0.0011148452758789062,0.3742493987083435,0.011323594,2.213818159326911,0.0003,0.2,0.121826171875,320,-0.007288138376316056,-0.8903447290882468,,
670,34,-8.189599999999999,69632,319.43,103,0.16383570432662964,1.7723307609558105,0.013565836,3.103089325875044,0.0003,0.2,0.145947265625,330,-0.010394861310487613,-0.8797933043912053,,
,,,70000,,,-0.06255710124969482,1.393002986907959,0.0093385,2.68226686809212,0.0003,0.2,0.06884765625,340,-0.006577272503636778,-0.9019668495282531,323.2,-11.499999999999998
664,35,-8.4207,71680,309.61,107,,,,,,,,,,,,
664,36,-8.4139,73728,300.52,110,0.05050164461135864,2.114943742752075,0.008142809,2.880418757535517,0.0003,0.2,0.09345703125,350,-0.005049904159386642,-0.9008700927719474,,
665,37,-8.0208,75776,302.95,113,0.0952947735786438,1.0408629179000854,0.008120874,2.700134137645364,0.0003,0.2,0.113818359375,360,-0.00835455568449106,-0.9150182688608766,,
666,38,-7.528500000000001,77824,309.67,116,0.1598699688911438,1.3479148149490356,0.008065201,2.8629115847870708,0.0003,0.2,0.072607421875,370,-0.006510288247955032,-0.9009063374251127,,
667,39,-7.1941,79872,310.46,119,0.1275324821472168,1.6590300798416138,0.007489676,2.8030919350683687,0.0003,0.2,0.06875,380,-0.004281123960390687,-0.8893321262672543,,
,,,80000,,,0.061482131481170654,1.5102531909942627,0.0067868447,2.8871708845719697,0.0003,0.2,0.093505859375,390,-0.006112459914584178,-0.8913093492388725,218.4,-1.3640000000000003
663,40,-6.937799999999999,81920,307.55,123,,,,,,,,,,,,
664,41,-6.718999999999999,83968,318.7,126,0.1269756555557251,1.0418429374694824,0.010666568,3.4910672787576913,0.0003,0.2,0.119091796875,400,-0.009990003555139992,-0.875684073753655,,
665,42,-6.025999999999999,86016,320.07,129,0.14634710550308228,0.7724857926368713,0.011247201,2.866389865987003,0.0003,0.2,0.089208984375,410,-0.007622337659995537,-0.8911853892728686,,
666,43,-6.2940000000000005,88064,316.04,132,0.2355545163154602,2.246903657913208,0.008853461,3.5382909759879113,0.0003,0.2,0.120849609375,420,-0.010539400704146829,-0.8749575618654489,,
,,,90000,,,-0.01320338249206543,0.8897815346717834,0.008108338,2.183742619585246,0.0003,0.2,0.134619140625,430,-0.009108792842016555,-0.8876293333247304,399.0,-5.452
661,44,-6.153400000000001,90112,312.39,136,,,,,,,,,,,,
661,45,-6.1958,92160,316.83,139,0.13826489448547363,0.5110583305358887,0.009598309,2.627578224148601,0.0003,0.2,0.179931640625,440,-0.010559464839752763,-0.8695544965565205,,
661,46,-6.5295,94208,315.27,142,0.14395809173583984,2.271390199661255,0.008218181,2.6872256698086856,0.0003,0.2,0.10869140625,450,-0.006851583009120077,-0.8010490860790014,,
662,47,-6.475100000000001,96256,323.44,145,-0.011501431465148926,1.2325977087020874,0.007929471,2.350158909521997,0.0003,0.2,0.1078125,460,-0.00685728388489224,-0.7766009874641895,,
662,48,-6.3798,98304,323.82,148,0.11006391048431396,1.265604019165039,0.007937556,2.7783936634659767,0.0003,0.2,0.09296875,470,-0.006688575647422113,-0.8322763159871102,,
,,,100000,,,-0.01315760612487793,0.8367855548858643,0.007672969,2.369099258771166,0.0003,0.2,0.11025390625,480,-0.006184120204125065,-0.7990517908707261,329.6,-2.516
658,49,-6.6546,100352,326.68,152,,,,,,,,,,,,
658,50,-6.134799999999999,102400,322.95,155,0.1863880157470703,0.5050184726715088,0.009469437,2.6404390007257463,0.0003,0.2,0.157861328125,490,-0.00926235472143162,-0.8309704335406423,,
659,51,-6.1289,104448,325.26,158,0.09344375133514404,1.7832285165786743,0.0065722326,4.142574684694409,0.0003,0.2,0.07158203125,500,-0.0036501262758974915,-0.8468107400462032,,
659,52,-5.8481,106496,331.21,161,0.07282251119613647,1.2768880128860474,0.008906827,3.4324410425499083,0.0003,0.2,0.110302734375,510,-0.008144983513921034,-0.8017377953976392,,
659,53,-5.5987,108544,323.49,164,0.13817375898361206,1.6556731462478638,0.013289567,2.795034423284233,0.0003,0.2,0.151513671875,520,-0.00834368371142773,-0.7889577442780137,,
,,,110000,,,0.21573656797409058,1.9302685260772705,0.00803555,3.9117040388286113,0.0003,0.2,0.06669921875,530,-0.005217557674041018,-0.8112170837819577,267.2,-6.376
657,54,-5.306900000000001,110592,326.54,168,,,,,,,,,,,,
657,55,-4.9456,112640,332.35,171,0.2043743133544922,2.3955166339874268,0.0055259457,3.787475174292922,0.0003,0.2,0.06943359375,540,-0.004712698349612765,-0.796063544601202,,
659,56,-4.6156,114688,331.38,173,0.18791067600250244,1.9793806076049805,0.00988636,2.521282914560288,0.0003,0.2,0.1373046875,550,-0.008441445294010919,-0.8372296113520861,,
660,57,-4.525699999999999,116736,325.69,176,0.17755126953125,2.459996223449707,0.008439811,4.369661081582308,0.0003,0.2,0.081298828125,560,-0.0068355404800968245,-0.8225292118266225,,
661,58,-4.985500000000001,118784,331.23,179,0.010300278663635254,3.6661667823791504,0.0055164583,3.9324980387464166,0.0003,0.2,0.04462890625,570,-0.0023013997997622937,-0.8232016203925013,,
,,,120000,,,0.14721834659576416,1.411693811416626,0.007279882,2.382361471001059,0.0003,0.2,0.071142578125,580,-0.004312272704555653,-0.8306372348219156,249.8,0.6439999999999995
659,59,-4.8542999999999985,120832,327.32,183,,,,,,,,,,,,
661,60,-3.9160000000000004,122880,318.47,185,0.14737820625305176,1.1742390394210815,0.0056427876,3.6999828735366465,0.0003,0.2,0.077978515625,590,-0.005308218640857376,-0.8293711643666029,,
662,61,-3.9495000000000005,124928,318.32,188,0.1359044313430786,1.68767511844635,0.008408612,5.379969113692641,0.0003,0.2,0.080908203125,600,-0.006555519680841826,-0.8342188127338886,,
663,62,-3.4331,126976,314.12,191,0.16782927513122559,2.051889657974243,0.011007126,4.1626975979655985,0.0003,0.2,0.14267578125,610,-0.008697063024737873,-0.8505766414105892,,
663,63,-2.6866999999999996,129024,298.54,194,0.16197443008422852,2.786905288696289,0.008884909,3.4807960601523518,0.0003,0.2,0.10986328125,620,-0.004986832682334352,-0.8664922706782818,,
,,,130000,,,0.12986111640930176,6.024881839752197,0.008281317,6.954633456841111,0.0003,0.2,0.146044921875,630,-0.009408135490957648,-0.8655680166557431,402.4,-5.586
660,64,-2.7578000000000005,131072,296.74,198,,,,,,,,,,,,
661,65,-2.7097,133120,299.64,201,0.21930092573165894,1.3998104333877563,0.0113606425,4.375126567855477,0.0003,0.2,0.127587890625,640,-0.009018710101372562,-0.8714783143252134,,
661,66,-1.9033000000000002,135168,283.06,204,0.12140703201293945,1.700961947441101,0.008566414,4.766499957069755,0.0003,0.2,0.115234375,650,-0.008543165592709557,-0.8698003863915801,,
662,67,-2.3864,137216,289.83,207,0.14757376909255981,1.7654049396514893,0.008752465,5.482537543773651,0.0003,0.2,0.11845703125,660,-0.006786064099287614,-0.8598339382559061,,
662,68,-3.2112000000000007,139264,285.83,210,0.08742588758468628,1.4921565055847168,0.009979993,3.362562452536076,0.0003,0.2,0.140625,670,-0.008600126513920258,-0.8682349322363734,,
,,,140000,,,0.026382386684417725,0.610826313495636,0.0069162645,2.547528706304729,0.0003,0.2,0.09150390625,680,-0.004669432458467781,-0.8780464719980955,301.0,-13.280000000000001
660,69,-2.9382,141312,279.95,213,,,,,,,,,,,,
661,70,-2.9613,143360,281.96,216,0.134269118309021,1.9261544942855835,0.009034557,3.8485628431662917,0.0003,0.2,0.113623046875,690,-0.008128322787524667,-0.8551653545349837,,
662,71,-2.6631,145408,274.96,219,0.1702304482460022,1.0190246105194092,0.009451613,4.628286216780543,0.0003,0.2,0.1345703125,700,-0.011490260290156585,-0.8463495770469308,,
663,72,-2.3559,147456,273.07,222,0.17883014678955078,1.529833436012268,0.007763068,6.318068563938141,0.0003,0.2,0.097607421875,710,-0.008276888194086496,-0.8479453984647989,,
664,73,-1.7094,149504,267.37,224,0.2126944661140442,2.5710501670837402,0.01075236,4.032300142385066,0.0003,0.2,0.109033203125,720,-0.007273310341406614,-0.8712367074564099,,
,,,150000,,,0.16464942693710327,3.261852264404297,0.0060242927,8.083648052066565,0.0003,0.2,0.039990234375,730,-0.0049715515982825306,-0.856073248013854,261.0,-8.556
664,74,-2.0054999999999996,151552,277.26,228,,,,,,,,,,,,
665,75,-1.7700000000000002,153600,273.03,230,0.016012966632843018,0.7717052102088928,0.008277576,2.9136081712320445,0.0003,0.2,0.123974609375,740,-0.0068356391653651375,-0.8458037154749036,,
666,76,-1.2582999999999998,155648,267.6,233,0.19155550003051758,2.777784585952759,0.01041308,5.441930442303419,0.0003,0.2,0.1234375,750,-0.00809594889578875,-0.7927194483578205,,
667,77,-1.0215999999999998,157696,272.25,236,0.1624138355255127,5.2119669914245605,0.0054692924,8.782009239494801,0.0003,0.2,0.04599609375,760,-0.00540969681169372,-0.7673827176913619,,
667,78,-0.42689999999999967,159744,265.13,239,0.19721531867980957,3.929469347000122,0.0064858925,7.721605431288481,0.0003,0.2,0.070751953125,770,-0.00639971255150158,-0.7572069210931659,,
,,,160000,,,0.18844127655029297,5.616487979888916,0.005357283,8.729743507504462,0.0003,0.2,0.048779296875,780,-0.0053277953149518,-0.7793766554445029,397.6,6.0520000000000005
664,79,0.16470000000000012,161792,260.62,243,,,,,,,,,,,,
664,80,1.2053,163840,255.25,246,0.14736485481262207,3.874879837036133,0.006721895,8.550710847973823,0.0003,0.2,0.06015625,790,-0.006581482457113453,-0.7281807916238904,,
664,81,2.0801000000000003,165888,246.44,249,0.11534726619720459,2.950059652328491,0.0072880946,8.878377360850573,0.0003,0.2,0.07744140625,800,-0.007501864765072241,-0.6954116050153971,,
665,82,2.7741000000000007,167936,243.9,252,0.19295144081115723,2.7800819873809814,0.007841224,5.7237821843475105,0.0003,0.2,0.093310546875,810,-0.010368248932354617,-0.6734900692477822,,
665,83,3.8736999999999995,169984,241.44,255,0.13412249088287354,3.5930566787719727,0.0062570493,8.820919448882341,0.0003,0.2,0.073486328125,820,-0.00601453437411692,-0.6530298987403512,,
,,,170000,,,0.19366765022277832,5.98709774017334,0.007842705,9.844323028624057,0.0003,0.2,0.084716796875,830,-0.0074853973215795126,-0.5966760396957398,310.2,18.336000000000002
663,84,4.6739,172032,238.89,259,,,,,,,,,,,,
663,85,5.018699999999999,174080,240.44,262,0.1614040732383728,4.690702438354492,0.0045094583,9.722133684903383,0.0003,0.2,0.05888671875,840,-0.005733771246741526,-0.5708123477175832,,
664,86,6.3327,176128,235.75,265,0.18408823013305664,5.696502208709717,0.0053665424,9.779770413041115,0.0003,0.2,0.070703125,850,-0.007151295887888409,-0.5384386803954839,,
664,87,6.7348,178176,233.47,268,0.16317850351333618,7.237141132354736,0.011329959,10.907169857621193,0.0003,0.2,0.080517578125,860,-0.009373348247027024,-0.505048809852451,,
,,,180000,,,0.13185793161392212,4.124013423919678,0.008451715,8.529656045138836,0.0003,0.2,0.055078125,870,-0.005405860058090184,-0.5328400382772088,580.0,30.412
660,88,6.6002,180224,238.92,272,,,,,,,,,,,,
660,89,7.841999999999998,182272,246.26,275,0.15475213527679443,3.445679187774658,0.0065214606,6.697942369803786,0.0003,0.2,0.068603515625,880,-0.0061682053026743235,-0.5674119818024337,,
660,90,9.218499999999999,184320,249.64,278,0.16898834705352783,4.515841484069824,0.0025303406,9.190049280971289,0.0003,0.2,0.038525390625,890,-0.005417685022985097,-0.5452342974022031,,
661,91,9.3107,186368,254.42,281,0.22851496934890747,8.451949119567871,0.004660036,16.22338523119688,0.0003,0.2,0.044921875,900,-0.005697620174032636,-0.5390967496670782,,
661,92,9.5962,188416,260.2,284,0.07327800989151001,5.728861331939697,0.0067640515,7.971427427232266,0.0003,0.2,0.072216796875,910,-0.004117527398921084,-0.5695660774596035,,
,,,190000,,,0.17343485355377197,2.106368064880371,0.005324359,7.290973029285669,0.0003,0.2,0.0572265625,920,-0.0021783393691293894,-0.5688162418082356,285.4,3.55
659,93,10.594299999999999,190464,262.38,288,,,,,,,,,,,,
660,94,11.721300000000001,192512,271.19,291,0.15788620710372925,5.21921968460083,0.002681835,11.47908416390419,0.0003,0.2,0.034033203125,930,-0.004800115645048208,-0.5710369401611388,,
660,95,13.296,194560,269.96,294,0.2382602095603943,6.122165203094482,0.0044827107,13.447763501107692,0.0003,0.2,0.059521484375,940,-0.005193191350554116,-0.5382757538929581,,
660,96,13.852199999999998,196608,279.4,297,0.13771086931228638,11.064273834228516,0.0059693838,19.227532991766928,0.0003,0.2,0.052880859375,950,-0.00784300252853427,-0.5331884159706533,,
661,97,14.291699999999997,198656,281.19,300,0.11770671606063843,5.822752475738525,0.011229623,12.361800999939442,0.0003,0.2,0.12783203125,960,-0.00836519944423344,-0.5294388119131327,,
,,,200000,,,0.1751115918159485,4.814753532409668,0.0042909663,13.589636808633804,0.0003,0.2,0.041796875,970,-0.004378742462722585,-0.504261218290776,374.6,31.223999999999997
659,98,15.732999999999997,200704,286.29,304,,,,,,,,,,,,
659,99,16.763299999999997,202752,291.26,307,0.19510936737060547,6.404240131378174,0.004304289,13.395984145998955,0.0003,0.2,0.04072265625,980,-0.003730922759859823,-0.4682592933997512,,
659,100,17.2504,204800,293.3,310,0.15635836124420166,7.7666215896606445,0.0073985355,12.489122946560382,0.0003,0.2,0.080322265625,990,-0.007599803479388356,-0.4716954474337399,,
660,101,17.7593,206848,304.37,313,0.26060181856155396,4.108389377593994,0.0048451377,17.099369367957117,0.0003,0.2,0.046630859375,1000,-0.004828669129346963,-0.44646918438374994,,
660,102,18.9512,208896,315.2,316,0.21504908800125122,6.338617324829102,0.0065357205,11.142277957499028,0.0003,0.2,0.071142578125,1010,-0.006473896266834344,-0.4367488677613437,,
,,,210000,,,0.20054423809051514,5.57750940322876,0.0056173624,12.21150707155466,0.0003,0.2,0.068701171875,1020,-0.006477480418107006,-0.411187504325062,530.2,11.331999999999999
657,103,20.593400000000003,210944,315.93,320,,,,,,,,,,,,
657,104,21.662000000000003,212992,316.96,323,0.24103695154190063,5.8628668785095215,0.0050635748,11.760243055224418,0.0003,0.2,0.0458984375,1030,-0.00391200580925215,-0.4052215166389942,,
658,105,21.871600000000004,215040,315.81,326,0.21857041120529175,3.6316287517547607,0.0048449845,12.824253453314304,0.0003,0.2,0.05048828125,1040,-0.004983969160821289,-0.3790456266142428,,
658,106,22.4918,217088,329.45,329,0.15948832035064697,3.4898006916046143,0.0055309585,11.06130522340536,0.0003,0.2,0.04765625,1050,-0.0037756929858005607,-0.3695104834623635,,
658,107,22.370900000000002,219136,329.63,332,0.23893362283706665,8.764413833618164,0.00267591,14.814027941226959,0.0003,0.2,0.04326171875,1060,-0.005718725218321197,-0.34095444781705736,,
,,,220000,,,0.20512473583221436,1.7137064933776855,0.006498129,6.748424961790443,0.0003,0.2,0.07568359375,1070,-0.005140989256324247,-0.36070337081328036,532.0,16.098
655,108,23.572400000000002,221184,342.9,337,,,,,,,,,,,,
655,109,24.434400000000004,223232,351.58,340,0.22291570901870728,3.9368224143981934,0.00628536,8.561767894774675,0.0003,0.2,0.063818359375,1080,-0.0075227132154395806,-0.3417190146632493,,
655,110,25.0079,225280,347.18,343,0.20768839120864868,7.271701812744141,0.0026316433,12.770487476885318,0.0003,0.2,0.040966796875,1090,-0.005070960278681013,-0.3447848128154874,,
656,111,24.2408,227328,342.72,346,0.24867701530456543,11.547918319702148,0.0053917086,23.226237547397613,0.0003,0.2,0.039404296875,1100,-0.003805601595377084,-0.3600569287315011,,
656,112,23.367000000000004,229376,341.81,349,0.18837934732437134,11.468507766723633,0.0067527634,19.404431787133216,0.0003,0.2,0.05703125,1110,-0.005647524216328748,-0.33751135040074587,,
,,,230000,,,0.25756436586380005,7.413471698760986,0.002571887,11.707673393189907,0.0003,0.2,0.04033203125,1120,-0.002321955701336265,-0.31937958165071906,437.8,20.064
654,113,25.174799999999994,231424,343.0,353,,,,,,,,,,,,
654,114,26.3929,233472,351.61,356,0.3008893132209778,6.075931072235107,0.004898489,18.66728138923645,0.0003,0.2,0.055517578125,1130,-0.005631396058015525,-0.27988270642235874,,
654,115,26.4977,235520,342.53,359,0.19019490480422974,8.16681957244873,0.003408774,13.825555023550987,0.0003,0.2,0.0314453125,1140,-0.002987002667214256,-0.2901498937513679,,
655,116,28.275199999999998,237568,345.85,362,0.2577183246612549,12.5850191116333,0.003109788,24.927362957596777,0.0003,0.2,0.033447265625,1150,-0.005622049470548518,-0.24687902331352235,,
655,117,28.355100000000004,239616,353.57,365,0.22653549909591675,6.976706504821777,0.007058408,17.584671695530414,0.0003,0.2,0.064453125,1160,-0.00769324061111547,-0.25465937997214494,,
,,,240000,,,0.22935223579406738,4.230321884155273,0.0045575863,12.516597634553909,0.0003,0.2,0.036962890625,1170,-0.003635028502321802,-0.23752612043172122,504.2,26.546000000000003
653,118,30.7073,241664,348.76,369,,,,,,,,,,,,
653,119,30.068299999999994,243712,342.79,372,0.2815946936607361,8.197288513183594,0.0033566523,17.446366439759732,0.0003,0.2,0.040576171875,1180,-0.0027894406419363806,-0.22859827103093266,,
653,120,30.2615,245760,344.69,376,0.18001699447631836,4.736618518829346,0.0043423874,16.6529610902071,0.0003,0.2,0.03994140625,1190,-0.0038336872035870328,-0.25243048365227877,,
653,121,30.507900000000003,247808,337.88,379,0.23347711563110352,8.201571464538574,0.0032089478,16.90848725140095,0.0003,0.2,0.036083984375,1200,-0.0021056683675851674,-0.23567705592140556,,
653,122,33.0747,249856,345.64,382,0.2659149765968323,12.560613632202148,0.008617964,19.659057655930518,0.0003,0.2,0.041943359375,1210,-0.0066476430249167604,-0.243034085072577,,
,,,250000,,,0.1659787893295288,8.378472328186035,0.0025708396,17.58318783938885,0.0003,0.2,0.037939453125,1220,-0.0023690883885137738,-0.2379336768761277,951.8,37.46399999999999
649,123,33.3202,251904,346.21,387,,,,,,,,,,,,
649,124,34.5782,253952,358.14,390,0.2379888892173767,14.573930740356445,0.003917738,15.785250954329967,0.0003,0.2,0.037353515625,1230,-0.0020825821004109455,-0.217396509507671,,
649,125,34.6666,256000,355.31,393,0.16785180568695068,10.285399436950684,0.0065626046,11.021053621172905,0.0003,0.2,0.053125,1240,-0.0032758782952441836,-0.24060307792387903,,
650,126,35.3461,258048,358.33,396,0.29325103759765625,7.563478946685791,0.005384194,10.528048995137215,0.0003,0.2,0.039892578125,1250,-0.0024129993951646613,-0.20662931418046354,,
,,,260000,,,0.27734696865081787,8.696307182312012,0.0030737878,14.841433808207512,0.0003,0.2,0.0275390625,1260,-0.0016309146172716281,-0.19860903574153782,698.0,40.022000000000006
647,127,37.3432,260096,365.11,401,,,,,,,,,,,,
647,128,37.615500000000004,262144,375.61,405,0.1185489296913147,9.025280952453613,0.0026217652,18.01466920673847,0.0003,0.2,0.039501953125,1270,-0.0045811268966645,-0.20184032386168838,,
647,129,38.3239,264192,384.84,408,0.17787986993789673,5.942580699920654,0.0047242553,8.406068243458867,0.0003,0.2,0.046533203125,1280,-0.0034810369077604266,-0.21509780706837772,,
647,130,39.5959,266240,399.97,410,0.3423749804496765,6.0851874351501465,0.002378087,13.202660244703292,0.0003,0.2,0.0287109375,1290,-0.003524658520473167,-0.19048175315838306,,
648,131,41.38890000000001,268288,408.63,413,0.21913552284240723,8.094467163085938,0.009362295,14.763552990555763,0.0003,0.2,0.045068359375,1300,-0.003528162100701593,-0.20213045356795192,,
,,,270000,,,0.20045417547225952,5.678854465484619,0.0021157223,16.65371290445328,0.0003,0.2,0.029052734375,1310,-0.002809342785621993,-0.19665454332716764,501.8,13.758
646,132,42.068400000000004,270336,408.45,418,,,,,,,,,,,,
646,133,42.94610000000001,272384,414.46,421,0.254743754863739,8.515202522277832,0.00400571,19.02128677070141,0.0003,0.2,0.04052734375,1320,-0.005917961901286617,-0.20256025455892085,,
646,134,42.176399999999994,274432,420.46,424,0.30032020807266235,5.085529804229736,0.0027710209,11.957496569305658,0.0003,0.2,0.0296875,1330,-0.0009268089284887538,-0.19309675991535186,,
647,135,45.615300000000005,276480,423.98,427,0.20447921752929688,10.641583442687988,0.003846839,18.73053024113178,0.0003,0.2,0.043359375,1340,-0.0070147555525181815,-0.18761437323410063,,
647,136,45.96490000000001,278528,422.65,430,0.2769893407821655,8.248473167419434,0.0029878581,18.603549417853355,0.0003,0.2,0.032861328125,1350,-0.003623509590397589,-0.1723441739566624,,
,,,280000,,,0.34379851818084717,4.194614887237549,0.0026204688,18.21845651566982,0.0003,0.2,0.029296875,1360,-0.002587098677759059,-0.15849795523099602,609.8,11.957999999999998
645,137,47.3694,280576,438.63,434,,,,,,,,,,,,
645,138,45.8059,282624,441.54,437,0.207497239112854,5.118170738220215,0.0035873174,10.316650665551425,0.0003,0.2,0.032421875,1370,-0.0021161741547985,-0.17923972813878208,,
645,139,47.1749,284672,452.58,440,0.2870907783508301,7.341948509216309,0.00419262,13.025935634225608,0.0003,0.2,0.031396484375,1380,-0.0019408530060900375,-0.15234641486313194,,
645,140,49.364799999999995,286720,459.29,443,0.29001420736312866,9.146883010864258,0.0032807202,13.387880478799342,0.0003,0.2,0.028955078125,1390,-0.0017815352344769052,-0.1449537809472531,,
646,141,47.948400000000014,288768,459.6,446,0.3064268231391907,10.374734878540039,0.0027657344,22.514284986257554,0.0003,0.2,0.0248046875,1400,-0.002374054599204101,-0.13632571815978736,,
,,,290000,,,0.2590360641479492,6.714197635650635,0.0046456484,14.647447322309016,0.0003,0.2,0.058837890625,1410,-0.004721523288753815,-0.15250666404608637,240.0,10.45
645,142,48.580799999999996,290816,468.82,450,,,,,,,,,,,,
645,143,49.1675,292864,475.31,453,0.18004566431045532,4.169009685516357,0.0022768555,13.288671872019767,0.0003,0.2,0.02421875,1420,-0.0002473734348313883,-0.1261723716976121,,
646,144,49.1449,294912,483.37,456,0.25972670316696167,4.148121356964111,0.003001038,7.528731710463762,0.0003,0.2,0.036572265625,1430,-0.002708379511750536,-0.12899515419267119,,
646,145,47.2833,296960,476.75,459,0.2602308988571167,9.843148231506348,0.002153169,17.02171683460474,0.0003,0.2,0.023193359375,1440,-0.0009357380389701575,-0.11704302493017167,,
646,146,48.029799999999994,299008,479.07,462,0.3094403147697449,6.511710166931152,0.0030089885,15.519437241554261,0.0003,0.2,0.027587890625,1450,-0.004093346915033181,-0.11985674265306442,,
,,,300000,,,0.3113568425178528,4.938167572021484,0.0030525466,9.835383614897728,0.0003,0.2,0.024072265625,1460,-0.0011753308412153275,-0.10539932298706844,918.2,48.190000000000005
643,147,50.4234,301056,491.54,468,,,,,,,,,,,,
643,148,51.7206,303104,484.33,471,0.2928140163421631,10.127435684204102,0.0023521546,17.50670915544033,0.0003,0.2,0.021337890625,1470,-0.0009222322754794732,-0.11111978956032545,,
643,149,51.2612,305152,459.39,474,0.2575509548187256,9.059086799621582,0.0032622353,23.143399837613106,0.0003,0.2,0.03193359375,1480,-0.0033508418302517383,-0.10704239470651374,,
643,150,51.7833,307200,471.54,477,0.3155389428138733,8.775142669677734,0.0016063073,20.961110752820968,0.0003,0.2,0.01611328125,1490,-0.0028152049257187174,-0.09925799664342776,,
643,151,53.13369999999999,309248,476.63,480,0.20773690938949585,2.8631339073181152,0.0017046623,9.62901815995574,0.0003,0.2,0.0392578125,1500,-0.002023651415947825,-0.11814825661713257,,
,,,310000,,,0.29142051935195923,4.924743175506592,0.0038214051,16.542736905813218,0.0003,0.2,0.025390625,1510,-0.0028803853376302866,-0.12288506117183715,532.6,22.178
642,152,51.771300000000004,311296,457.93,484,,,,,,,,,,,,
642,153,52.1108,313344,447.91,487,0.21404874324798584,7.651888847351074,0.00294752,19.65396146029234,0.0003,0.2,0.03125,1520,-0.001783320153481327,-0.1299216679064557,,
642,154,53.111000000000004,315392,448.97,490,0.244598388671875,13.438102722167969,0.0033698701,21.116871458292007,0.0003,0.2,0.03017578125,1530,-0.002784037037054077,-0.11657154476270079,,
642,155,54.18280000000001,317440,439.48,493,0.2558695673942566,14.622601509094238,0.004716911,21.040943983197213,0.0003,0.2,0.035302734375,1540,-0.0031114023528061806,-0.12256632207427173,,
643,156,54.18140000000001,319488,442.63,496,0.3041538596153259,8.417998313903809,0.0026429235,19.468471267819403,0.0003,0.2,0.027490234375,1550,-0.003989296240615658,-0.1344683005474508,,
,,,320000,,,0.3058996796607971,5.723243236541748,0.0034375933,17.39138598293066,0.0003,0.2,0.030126953125,1560,-0.003355519195611123,-0.13142815534956753,685.4,57.544000000000004
640,157,53.3745,321536,447.15,501,,,,,,,,,,,,
641,158,53.636500000000005,323584,453.78,504,0.19535988569259644,4.44488000869751,0.0032262604,17.710801237821578,0.0003,0.2,0.032958984375,1570,-0.003601953780162148,-0.130702831200324,,
641,159,53.82540000000001,325632,440.4,507,0.2025129199028015,7.691036224365234,0.0024390137,13.917993059754371,0.0003,0.2,0.02734375,1580,-0.002338112093275413,-0.12030711390543729,,
641,160,56.02390000000001,327680,458.26,510,0.23777151107788086,9.958417892456055,0.004152083,17.01459010839462,0.0003,0.2,0.033251953125,1590,-0.003789336975023616,-0.11888254828518256,,
641,161,55.17090000000001,329728,438.26,513,0.2647237777709961,4.584927082061768,0.0023310727,12.885480712354184,0.0003,0.2,0.027685546875,1600,-0.0016579921793891117,-0.10727402524789795,,
,,,330000,,,0.24205100536346436,7.657990455627441,0.0037654107,16.75765447318554,0.0003,0.2,0.034326171875,1610,-0.004619280477345456,-0.12261289183516055,833.2,108.832
638,162,57.46189999999999,331776,443.17,519,,,,,,,,,,,,
639,163,59.232799999999976,333824,443.74,522,0.236744225025177,9.391103744506836,0.0028090633,24.246245732903482,0.0003,0.2,0.02177734375,1620,-0.0024751033168286087,-0.11650427641579882,,
639,164,60.2387,335872,463.16,525,0.28679603338241577,9.078909873962402,0.0038910462,17.76513351947069,0.0003,0.2,0.0302734375,1630,-0.0021536844426009337,-0.11739681533072144,,
639,165,61.175299999999986,337920,467.19,528,0.27387624979019165,3.0120863914489746,0.0030799997,6.219170619919896,0.0003,0.2,0.030517578125,1640,-0.0014694288416649214,-0.11025730778928847,,
639,166,62.98619999999999,339968,460.56,531,0.2555543780326843,5.626955509185791,0.002523657,15.690113352239132,0.0003,0.2,0.030517578125,1650,-0.0016364144859835506,-0.1263617492513731,,
,,,340000,,,0.24071067571640015,10.993844032287598,0.0029951772,20.436072894930838,0.0003,0.2,0.033935546875,1660,-0.0025865047122351826,-0.1219611055450514,531.0,48.498
638,167,63.20700000000001,342016,468.51,535,,,,,,,,,,,,
638,168,64.9333,344064,479.15,538,0.27290475368499756,4.988126754760742,0.0034454789,20.644176226854324,0.0003,0.2,0.03037109375,1670,-0.0031964976951712742,-0.12229793650330975,,
639,169,65.2895,346112,478.76,541,0.3052213191986084,6.463070392608643,0.0043426007,17.128818245232104,0.0003,0.2,0.042138671875,1680,-0.003536888977396302,-0.11124337306246161,,
640,170,65.7444,348160,473.4,543,0.23897916078567505,6.774427890777588,0.0029265496,19.937606684863567,0.0003,0.2,0.03544921875,1690,-0.004702464876754675,-0.11385187950218097,,
,,,350000,,,0.2810891270637512,4.178135871887207,0.003947341,8.10958885103464,0.0003,0.2,0.027587890625,1700,-0.0017832349782111122,-0.11188199769239873,281.8,76.39200000000001
640,171,64.02600000000001,350208,476.28,547,,,,,,,,,,,,
640,172,64.70420000000001,352256,477.53,549,0.3135583996772766,8.007062911987305,0.0032095267,18.251885259151457,0.0003,0.2,0.023828125,1710,-0.0025235956447431816,-0.10822254252852873,,
641,173,66.6467,354304,490.76,552,0.25518256425857544,7.620114326477051,0.002512882,16.277912560105325,0.0003,0.2,0.028564453125,1720,-0.003096012136666104,-0.11305266162380576,,
641,174,69.03699999999999,356352,487.84,555,0.3037632703781128,6.322541236877441,0.0036409616,19.83418052792549,0.0003,0.2,0.027001953125,1730,0.0005195868405280634,-0.10986971139209345,,
642,175,68.089,358400,487.15,557,0.2593989968299866,11.442981719970703,0.0040766965,26.401627665758134,0.0003,0.2,0.021923828125,1740,-0.002184089028742164,-0.09671074711950496,,
,,,360000,,,0.29860442876815796,6.48355770111084,0.0022294729,17.19994800686836,0.0003,0.2,0.02734375,1750,-0.0017229516903171315,-0.10080702161649242,1058.0,134.19
639,176,68.4257,360448,486.01,563,,,,,,,,,,,,
640,177,69.3311,362496,488.75,565,0.22017031908035278,11.428494453430176,0.002155578,22.018460911512374,0.0003,0.2,0.024755859375,1760,-0.0016041248047258705,-0.11417371728457511,,
641,178,69.96640000000001,364544,513.0,568,0.2965313196182251,8.16238021850586,0.0020123487,16.798261927068232,0.0003,0.2,0.027197265625,1770,-0.0019033284464967438,-0.1018027475452982,,
641,179,70.70060000000001,366592,518.86,571,0.30854541063308716,3.4229965209960938,0.0065933913,7.6335989106446505,0.0003,0.2,0.035107421875,1780,0.000754185940604657,-0.09100720437127166,,
641,180,73.88430000000001,368640,533.29,574,0.30064767599105835,9.093364715576172,0.0033128017,18.754774940013885,0.0003,0.2,0.02509765625,1790,-0.0022168790106661617,-0.10681567491265014,,
,,,370000,,,0.23866164684295654,9.573495864868164,0.002623676,21.20932886004448,0.0003,0.2,0.030126953125,1800,-0.0027822096963063814,-0.11321404555346817,525.4,103.34400000000001
640,181,73.8824,370688,539.78,578,,,,,,,,,,,,
641,182,76.1886,372736,549.57,581,0.20019066333770752,5.265296936035156,0.0041931476,16.826421308517457,0.0003,0.2,0.028466796875,1810,-0.0034072851733071728,-0.10561612227465958,,
642,183,76.1688,374784,544.94,583,0.30542075634002686,13.804430961608887,0.00397047,15.851406297087669,0.0003,0.2,0.02685546875,1820,-0.0014806918188696727,-0.09734651796752587,,
642,184,80.0891,376832,551.17,586,0.1917683482170105,9.298401832580566,0.002274767,22.998778146505355,0.0003,0.2,0.035986328125,1830,-0.0032677122799213976,-0.11297286713961512,,
642,185,80.5692,378880,558.51,589,0.22117853164672852,8.760536193847656,0.0034510435,28.655724781751633,0.0003,0.2,0.018603515625,1840,-0.0021445841513923368,-0.09512883753050119,,
,,,380000,,,0.2652427554130554,5.428300380706787,0.0027527004,14.224700662493706,0.0003,0.2,0.0328125,1850,-0.0035690361342858522,-0.09822425660677254,1197.0,71.564
639,186,79.23720000000002,380928,535.77,596,,,,,,,,,,,,
639,187,81.42510000000001,382976,538.08,599,0.18750262260437012,6.589142799377441,0.004677712,20.707663464546204,0.0003,0.2,0.036865234375,1860,-0.0029784177109831943,-0.11565666069509462,,
639,188,84.01790000000001,385024,551.84,602,0.2646244168281555,7.61299467086792,0.0033302174,17.828965559601784,0.0003,0.2,0.031591796875,1870,-0.003258537441433873,-0.10287186027271673,,
639,189,84.41719999999998,387072,560.85,605,0.32556039094924927,6.048184871673584,0.0051114447,15.307549971342088,0.0003,0.2,0.0345703125,1880,-0.0030288950714748354,-0.107354156288784,,
639,190,84.09280000000001,389120,557.66,608,0.26338160037994385,9.55007553100586,0.0029514087,18.836710634827615,0.0003,0.2,0.02353515625,1890,-0.0029689865012187512,-0.08443001400446519,,
,,,390000,,,0.2339913249015808,12.282866477966309,0.0034907153,22.79351696372032,0.0003,0.2,0.03857421875,1900,-0.0015473538573132829,-0.09244781936286017,1089.0,70.862
636,191,85.4683,391168,549.32,614,,,,,,,,,,,,
637,192,88.1749,393216,554.91,617,0.28878724575042725,9.618331909179688,0.0054698214,15.67837463915348,0.0003,0.2,0.03134765625,1910,-0.004238412779523059,-0.08646170445717871,,
637,193,89.7185,395264,548.68,620,0.3452281355857849,8.527515411376953,0.003872336,21.902045571804045,0.0003,0.2,0.022900390625,1920,-0.003097176706069149,-0.08150058855535462,,
637,194,89.94639999999998,397312,546.0,623,0.24212861061096191,21.108610153198242,0.0043943617,28.231695032119752,0.0003,0.2,0.02587890625,1930,-0.0025407798049855044,-0.08997849978040903,,
637,195,90.42150000000001,399360,535.82,626,0.2716138958930969,4.1561598777771,0.0017340281,18.940155500173567,0.0003,0.2,0.018896484375,1940,-0.0014830752974376083,-0.08969193873926998,,
,,,400000,,,0.18770742416381836,10.42240047454834,0.0040029865,27.913153344392775,0.0003,0.2,0.0279296875,1950,-0.002686082266154699,-0.09575730649521574,496.8,16.369999999999997
636,196,92.31380000000001,401408,528.86,630,,,,,,,,,,,,
636,197,94.0518,403456,544.43,633,0.3423435688018799,13.611489295959473,0.012049733,17.217324765026568,0.0003,0.2,0.039404296875,1960,-0.003025611539487727,-0.10237609941978007,,
636,198,95.85249999999998,405504,553.43,636,0.19427084922790527,9.3287935256958,0.010147867,16.579948976635933,0.0003,0.2,0.03720703125,1970,-0.007963983726222068,-0.10804118070518598,,
637,199,97.16279999999998,407552,556.62,639,0.30640238523483276,10.724201202392578,0.017485619,14.595148327946664,0.0003,0.2,0.03544921875,1980,-0.0010653145669493823,-0.10419944623718039,,
637,200,97.4273,409600,555.49,642,0.2308618426322937,10.364830017089844,0.002013764,23.02598086297512,0.0003,0.2,0.025439453125,1990,-0.0013103326375130564,-0.11061621127882973,,
,,,410000,,,0.2248317003250122,7.187103748321533,0.0036146499,14.579690377414227,0.0003,0.2,0.0318359375,2000,-0.0016377968349843286,-0.10791124452371151,308.8,39.989999999999995
636,201,98.63169999999998,411648,566.37,646,,,,,,,,,,,,
636,202,94.3299,413696,539.34,649,0.26189494132995605,5.645974636077881,0.003241913,19.463043999671935,0.0003,0.2,0.028076171875,2010,-0.002065089388634078,-0.10439309575594961,,
637,203,95.50640000000001,415744,548.3,652,0.19552123546600342,7.8369221687316895,0.0031239672,27.055549371242524,0.0003,0.2,0.031591796875,2020,-0.0021362146551837215,-0.11391860995208844,,
637,204,94.35960000000001,417792,519.65,655,0.3398360013961792,5.71089506149292,0.008660642,20.38236721009016,0.0003,0.2,0.038916015625,2030,-0.003165054183045868,-0.12104656851151958,,
637,205,96.74160000000002,419840,526.66,658,0.31601381301879883,7.6765594482421875,0.0064226976,21.746904507279396,0.0003,0.2,0.027099609375,2040,-0.0025052425218746064,-0.10747448615729809,,
,,,420000,,,0.2538672685623169,8.084541320800781,0.005652827,12.969732803106307,0.0003,0.2,0.042333984375,2050,-0.0026432314130943268,-0.12122454908676446,1296.6,112.924
633,206,96.06200000000003,421888,527.57,665,,,,,,,,,,,,
634,207,94.212,423936,524.81,668,0.28606903553009033,6.945777416229248,0.00194447,20.923125392198564,0.0003,0.2,0.028076171875,2060,-0.0017400476965121925,-0.10217250548303128,,
634,208,92.65530000000001,425984,513.23,671,0.27883094549179077,5.234816551208496,0.0035102838,12.393789862841368,0.0003,0.2,0.036083984375,2070,-0.003027094551362097,-0.1175464728847146,,
634,209,91.03560000000002,428032,516.36,674,0.34852057695388794,21.7137393951416,0.003657414,31.678838390111924,0.0003,0.2,0.030322265625,2080,-0.004874918880523183,-0.10943665532395244,,
,,,430000,,,0.37264811992645264,9.66355037689209,0.0033260754,23.29850967526436,0.0003,0.2,0.0267578125,2090,-0.0030570036062272264,-0.10138680941890925,427.8,65.924
634,210,93.74670000000002,430080,513.59,678,,,,,,,,,,,,
634,211,93.6591,432128,515.96,681,0.2513428330421448,10.11281967163086,0.002978562,27.1666730761528,0.0003,0.2,0.027783203125,2100,-0.0030888053617672993,-0.11241365649038926,,
634,212,94.9102,434176,520.46,684,0.3177507519721985,14.597890853881836,0.0030365689,25.368054354190825,0.0003,0.2,0.026513671875,2110,-0.001573535636998713,-0.10861617393093184,,
634,213,89.76480000000001,436224,491.32,687,0.2066546082496643,13.083226203918457,0.0027698576,22.13709053695202,0.0003,0.2,0.023388671875,2120,-0.0025389433663804083,-0.10728195572737605,,
634,214,91.8989,438272,508.02,690,0.24177312850952148,6.715790748596191,0.004758968,21.589214123785496,0.0003,0.2,0.029638671875,2130,-0.003090262392652221,-0.11422269680770114,,
,,,440000,,,0.28767627477645874,9.478007316589355,0.003738426,21.38291747868061,0.0003,0.2,0.0341796875,2140,-0.0030672021064674483,-0.11462273817742244,609.2,147.042
633,215,91.74210000000001,440320,516.9,695,,,,,,,,,,,,
633,216,88.93450000000001,442368,505.39,698,0.28642594814300537,8.257874488830566,0.0060771545,17.22797235697508,0.0003,0.2,0.040869140625,2150,-0.0009004198029288091,-0.13522455876227468,,
633,217,87.29119999999999,444416,500.27,701,0.24334216117858887,5.765327453613281,0.003940303,19.45416490584612,0.0003,0.2,0.02587890625,2160,-0.0018095277860993519,-0.13119265597779303,,
634,218,87.45110000000003,446464,503.2,704,0.23339217901229858,20.929903030395508,0.004318364,23.782123330235482,0.0003,0.2,0.0466796875,2170,-0.004722692556970287,-0.10899718652945012,,
634,219,88.63310000000001,448512,515.52,707,0.09066152572631836,10.937553405761719,0.007848775,21.679293420910835,0.0003,0.2,0.03896484375,2180,-0.004074700961064081,-0.1274364018230699,,
,,,450000,,,0.2832033038139343,5.982466220855713,0.0045320233,15.667707593739033,0.0003,0.2,0.034423828125,2190,-0.0005474042889545671,-0.11263876527082176,830.8,88.818
632,220,87.98639999999999,450560,512.43,712,,,,,,,,,,,,
632,221,81.061,452608,474.51,715,0.2782894968986511,8.908405303955078,0.006180078,20.384941336512565,0.0003,0.2,0.03779296875,2200,-0.004830078457598574,-0.10649252622388303,,
632,222,81.3194,454656,463.29,718,0.20349538326263428,9.369834899902344,0.003666313,25.998028379678725,0.0003,0.2,0.035107421875,2210,-0.004074680044141132,-0.10890527397859842,,
632,223,81.20339999999999,456704,458.67,721,0.271554172039032,10.926920890808105,0.004543657,27.200942966341973,0.0003,0.2,0.03056640625,2220,-0.003950974300096277,-0.10713246867526323,,
632,224,83.5415,458752,468.18,725,0.310283899307251,7.787405967712402,0.003462554,15.546457320451736,0.0003,0.2,0.03427734375,2230,-0.003273678924597334,-0.10459724622778595,,
,,,460000,,,0.1903412938117981,16.362564086914062,0.0039035853,26.440236857533456,0.0003,0.2,0.02744140625,2240,-0.0029191441339207814,-0.10469041657634079,816.0,57.538
630,225,84.01520000000002,460800,483.16,730,,,,,,,,,,,,
630,226,86.573,462848,496.82,733,0.27746450901031494,7.14019775390625,0.0043562413,14.306264527142048,0.0003,0.2,0.0384765625,2250,-0.002556362297036685,-0.10978485340019688,,
631,227,87.1667,464896,495.41,736,0.20594125986099243,5.596054553985596,0.002853665,20.479615944623948,0.0003,0.2,0.03115234375,2260,-0.0034119239164283497,-0.09300099076936022,,
631,228,87.3982,466944,505.38,739,0.20110195875167847,8.361660957336426,0.0034709065,25.285218465328217,0.0003,0.2,0.031103515625,2270,-0.002998837816994637,-0.110493645851966,,
631,229,88.85980000000004,468992,508.96,742,0.28478914499282837,5.972607135772705,0.0044569746,14.713318684697152,0.0003,0.2,0.03203125,2280,-0.0008675559409311972,-0.08897509974194691,,
,,,470000,,,0.30559176206588745,9.920153617858887,0.0028788578,24.571224814653398,0.0003,0.2,0.02607421875,2290,-0.003045288955036085,-0.09560092900646851,1046.4,88.28399999999999
628,230,89.06290000000001,471040,506.38,748,,,,,,,,,,,,
629,231,89.7585,473088,524.5,751,0.2955251932144165,12.27118968963623,0.0015256419,22.79367715716362,0.0003,0.2,0.022607421875,2300,-0.0022989281540503727,-0.1080700933584012,,
629,232,93.04189999999998,475136,520.45,755,0.2743685841560364,2.2082629203796387,0.0078019127,7.661866766214371,0.0003,0.2,0.052294921875,2310,3.351931227371097e-05,-0.13093528122408316,,
629,233,93.3827,477184,531.41,757,0.32535022497177124,8.287352561950684,0.0019394476,22.897106999158858,0.0003,0.2,0.02646484375,2320,-0.003750545780349057,-0.10537324561737478,,
629,234,95.57910000000001,479232,535.77,760,0.28996193408966064,7.781027793884277,0.003585605,16.195257179439068,0.0003,0.2,0.030322265625,2330,-0.003253046149620786,-0.1140933028771542,,
,,,480000,,,0.18531924486160278,7.741324424743652,0.0030191746,24.710031509399414,0.0003,0.2,0.019873046875,2340,-0.002856385981431231,-0.10368147309636697,565.8,48.63
628,235,95.45689999999996,481280,535.78,765,,,,,,,,,,,,
628,236,94.41099999999999,483328,539.18,768,0.22171783447265625,6.324978351593018,0.0046178647,16.833139592409132,0.0003,0.2,0.03251953125,2350,-0.002970730286324397,-0.11663089414360002,,
629,237,93.4795,485376,556.16,771,0.2998502850532532,11.78464126586914,0.004769417,20.241651448607445,0.0003,0.2,0.036962890625,2360,-0.00361524673353415,-0.10688564780866727,,
629,238,94.13480000000001,487424,559.78,774,0.3366314172744751,2.597776412963867,0.0064303325,8.302879866585135,0.0003,0.2,0.03974609375,2370,-0.0005342291668057441,-0.11567186382017099,,
629,239,92.81460000000001,489472,560.48,777,0.2685220241546631,8.024417877197266,0.0016322137,24.278707537055016,0.0003,0.2,0.020068359375,2380,-0.002425867345300503,-0.1019013657933101,,
,,,490000,,,0.3431330919265747,8.7816743850708,0.0035190692,14.775077144801617,0.0003,0.2,0.03349609375,2390,-0.0025991164118750023,-0.09636245843721554,787.8,118.53599999999999
628,240,94.068,491520,561.66,782,,,,,,,,,,,,
628,241,94.70469999999999,493568,576.76,785,0.3118690848350525,11.47381591796875,0.0018616181,23.263607558608054,0.0003,0.2,0.017431640625,2400,-0.0014874338812660426,-0.09194815725786612,,
628,242,92.90730000000002,495616,554.51,788,0.24822527170181274,12.916792869567871,0.0032743504,17.64347710609436,0.0003,0.2,0.030322265625,2410,-0.002036887552822009,-0.12392397980438545,,
628,243,92.66059999999999,497664,554.26,791,0.056481778621673584,9.199029922485352,0.0028314532,23.96815913617611,0.0003,0.2,0.02763671875,2420,-0.00321772005117964,-0.08818346004700288,,
628,244,95.12320000000001,499712,570.43,794,0.24324947595596313,12.073310852050781,0.004060082,20.17124899625778,0.0003,0.2,0.024951171875,2430,-0.0039551674446556715,-0.0896666344080586,,
,,,500000,,,0.16777265071868896,9.191780090332031,0.0065035475,11.337894321233033,0.0003,0.2,0.05078125,2440,-0.002986688613600563,-0.10942115406505763,1112.6,155.66199999999998
626,245,95.82439999999998,501760,578.38,800,,,,,,,,,,,,
626,246,94.15199999999999,503808,578.26,803,0.2980295419692993,5.632729530334473,0.0031014795,18.266997469961645,0.0003,0.2,0.032080078125,2450,-0.0020612195774447175,-0.09491724722320213,,
626,247,93.55309999999997,505856,587.4,807,0.27745938301086426,9.874610900878906,0.0037190386,13.89607630968094,0.0003,0.2,0.03076171875,2460,0.0002725446553085931,-0.0923580386384856,,
627,248,91.03229999999999,507904,582.65,809,0.3265942335128784,2.376150131225586,0.0035264057,10.36552115380764,0.0003,0.2,0.039990234375,2470,-0.00010007525561377406,-0.09526632640045136,,
627,249,94.4618,509952,599.53,812,0.21062934398651123,8.621702194213867,0.002544864,16.365070854127406,0.0003,0.2,0.027685546875,2480,-0.0016764080530265347,-0.09662534482777119,,
,,,510000,,,0.2636687755584717,7.8614678382873535,0.0014793518,18.673539423942564,0.0003,0.2,0.019482421875,2490,-0.0020838623866438867,-0.08797819699975662,1219.4,127.832
624,250,96.79650000000001,512000,609.58,819,,,,,,,,,,,,
625,251,98.02409999999996,514048,625.35,822,0.2962537407875061,15.097597122192383,0.0024081366,24.75385964214802,0.0003,0.2,0.018212890625,2500,-0.0032238236264674923,-0.0934573445818387,,
625,252,94.6357,516096,617.68,825,0.2705821990966797,4.442843437194824,0.0043720533,12.744715629518032,0.0003,0.2,0.033984375,2510,-0.003363228641683236,-0.10759878460085019,,
625,253,96.33000000000001,518144,629.11,828,0.2980078458786011,8.129470825195312,0.0024413196,18.73459870815277,0.0003,0.2,0.02880859375,2520,-0.0019449053041171282,-0.09993975888937712,,
,,,520000,,,0.2938871383666992,9.932409286499023,0.0048775766,17.066577008366586,0.0003,0.2,0.033837890625,2530,-0.0018185822875238955,-0.11029265756951645,486.8,100.986
624,254,94.3859,520192,631.05,832,,,,,,,,,,,,
624,255,94.6667,522240,640.8,835,0.32273679971694946,10.573951721191406,0.0030277236,20.748557597398758,0.0003,0.2,0.040087890625,2540,-0.0023374945056275466,-0.10362007246585563,,
625,256,96.7321,524288,639.05,838,0.33617299795150757,7.907450199127197,0.0045018615,18.09942046701908,0.0003,0.2,0.036181640625,2550,-0.002893035620218143,-0.10538939973339438,,
625,257,99.6549,526336,635.83,841,0.282839834690094,14.930314064025879,0.0020683338,22.98816121816635,0.0003,0.2,0.0189453125,2560,-0.0022693656996125356,-0.08521987974527293,,
625,258,97.12630000000003,528384,622.85,844,0.30048316717147827,10.303857803344727,0.0030644382,19.992631229758263,0.0003,0.2,0.031005859375,2570,-0.0033617065462749453,-0.08880248692585155,,
,,,530000,,,0.10962706804275513,8.01196575164795,0.0023302482,31.149489256739617,0.0003,0.2,0.02509765625,2580,-0.0027574350053328088,-0.09959458608645946,1248.2,112.42999999999999
623,259,100.28370000000001,530432,627.8,851,,,,,,,,,,,,
623,260,99.3834,532480,626.64,854,0.32515954971313477,5.9255146980285645,0.003851208,16.480883449316025,0.0003,0.2,0.02685546875,2590,-0.0019466217258013786,-0.0844447081675753,,
623,261,97.76190000000001,534528,606.72,857,0.2624424695968628,15.535992622375488,0.0020899766,27.668458062410355,0.0003,0.2,0.019287109375,2600,-0.0019637900113593787,-0.07948915973538533,,
623,262,97.1808,536576,622.69,860,0.3582838177680969,5.859401702880859,0.007748452,14.341451077163219,0.0003,0.2,0.037744140625,2610,-0.0017254003090783955,-0.09427541189361363,,
624,263,98.0143,538624,619.71,863,0.36712783575057983,2.8630940914154053,0.006976782,12.143036795407534,0.0003,0.2,0.0345703125,2620,-0.0021635669385432267,-0.10270354931708425,,
,,,540000,,,0.05393582582473755,6.015108108520508,0.0031467073,23.222433429956435,0.0003,0.2,0.020703125,2630,-0.0011827817259472794,-0.09052504744031467,625.6,155.388
622,264,99.6285,540672,624.84,867,,,,,,,,,,,,
623,265,97.29440000000001,542720,617.93,870,0.31141138076782227,4.791816711425781,0.004812816,19.369480741024017,0.0003,0.2,0.030126953125,2640,-0.0028602051883353853,-0.0817283117561601,,
623,266,96.4068,544768,612.4,873,0.19791322946548462,17.8481502532959,0.0058040037,26.965274593234064,0.0003,0.2,0.036962890625,2650,-0.0032392650668043644,-0.09857743314933032,,
623,267,98.33139999999999,546816,597.5,877,0.2846928834915161,9.994248390197754,0.003398516,27.591833889484406,0.0003,0.2,0.027880859375,2660,-0.0022281190642388536,-0.08495264364173635,,
623,268,100.5266,548864,612.39,879,0.28768646717071533,7.954026222229004,0.005592257,21.94263849556446,0.0003,0.2,0.02978515625,2670,-0.0025191057502524927,-0.09320818079868332,,
,,,550000,,,0.32684463262557983,9.86878776550293,0.0064990837,17.99708454310894,0.0003,0.2,0.0337890625,2680,-0.0001012421416817233,-0.09578901536297053,1263.2,132.05800000000002
621,269,101.05179999999999,550912,614.12,886,,,,,,,,,,,,
621,270,100.83769999999998,552960,616.2,889,0.2904110550880432,11.994902610778809,0.0048196497,15.786134180426597,0.0003,0.2,0.03427734375,2690,-0.0011797644532634878,-0.0934072254167404,,
621,271,102.04129999999999,555008,632.76,892,0.26435011625289917,12.576895713806152,0.0018217771,22.798218300938608,0.0003,0.2,0.024267578125,2700,-0.0010822017589816823,-0.08671466842060908,,
622,272,100.79089999999998,557056,625.48,895,0.3272262215614319,2.867128849029541,0.004158367,8.174432983994484,0.0003,0.2,0.0236328125,2710,-0.0007170527591370046,-0.09243466136977077,,
622,273,106.3343,559104,643.66,898,0.3594359755516052,6.181940078735352,0.00827187,17.075195817649366,0.0003,0.2,0.038818359375,2720,-0.002412382318289019,-0.101997616677545,,
,,,560000,,,0.2845086455345154,14.2196683883667,0.003367011,32.90625422000885,0.0003,0.2,0.027587890625,2730,-0.002974143420578912,-0.09582729709800333,950.2,98.056
620,274,108.2043,561152,654.44,904,,,,,,,,,,,,
620,275,108.58620000000002,563200,668.2,907,0.38046765327453613,6.865967273712158,0.0025630398,19.306461024284364,0.0003,0.2,0.024853515625,2740,-0.0009987247132812627,-0.09596116696484387,,
620,276,109.70320000000001,565248,659.2,910,0.3718227744102478,6.975586891174316,0.0073140105,13.889650870859622,0.0003,0.2,0.038330078125,2750,-0.0034213204256957398,-0.11787679211702198,,
621,277,111.60090000000002,567296,652.3,913,0.28249436616897583,4.655648708343506,0.0022454544,18.598965683579443,0.0003,0.2,0.0314453125,2760,-0.002322679659118876,-0.10300536366412416,,
621,278,111.1186,569344,661.2,916,0.2618158459663391,11.655782699584961,0.003141407,25.155458155274392,0.0003,0.2,0.032666015625,2770,-0.0017075044917874039,-0.10934085929766298,,
,,,570000,,,0.29458868503570557,5.2466511726379395,0.006748032,12.54892275929451,0.0003,0.2,0.04267578125,2780,-0.0015792512116604485,-0.11097518110182136,1008.8,81.234
619,279,112.2942,571392,656.95,922,,,,,,,,,,,,
619,280,107.11800000000001,573440,631.08,925,0.1967288851737976,10.376256942749023,0.006657784,16.38987995684147,0.0003,0.2,0.03251953125,2790,-0.001777925326314289,-0.10541849120054395,,
619,281,108.7594,575488,638.69,928,0.3070206046104431,7.631139278411865,0.0017700256,22.087346813082696,0.0003,0.2,0.02177734375,2800,-0.0017798383414628915,-0.09080420946702361,,
619,282,107.42349999999999,577536,629.25,931,0.2821611166000366,14.59865951538086,0.0032689911,21.49312906265259,0.0003,0.2,0.031201171875,2810,-0.002781067360774614,-0.08261143148411065,,
620,283,107.90900000000002,579584,647.06,934,0.44684553146362305,8.987016677856445,0.0025476702,14.656299552321434,0.0003,0.2,0.03544921875,2820,-0.0022236512406379914,-0.10145748927025125,,
,,,580000,,,0.2965167760848999,4.229555130004883,0.005112864,10.448853754997254,0.0003,0.2,0.043896484375,2830,-0.0048237820781650955,-0.09814995169872417,2314.8,242.61000000000004
616,284,111.336,581632,667.68,944,,,,,,,,,,,,
616,285,112.33729999999997,583680,662.34,947,0.277731716632843,10.304963111877441,0.0017169855,22.29986624121666,0.0003,0.2,0.02353515625,2840,-0.0018373636004980654,-0.08212574775097892,,
616,286,111.3209,585728,637.87,950,0.29983681440353394,8.611739158630371,0.0042181537,17.63736809194088,0.0003,0.2,0.026513671875,2850,-0.0019426637983997353,-0.08878372142207809,,
616,287,111.68610000000001,587776,647.79,953,0.2120618224143982,23.460220336914062,0.0031253449,26.586094522476195,0.0003,0.2,0.0263671875,2860,-0.0036695103131933137,-0.0891284356242977,,
616,288,110.8834,589824,659.1,956,0.1524534821510315,1.0143688917160034,0.04161313,6.938212428614497,0.0003,0.2,0.0533203125,2870,-0.001494992320658639,-0.09578980376245454,,
,,,590000,,,0.3212584853172302,8.09674072265625,0.006527367,19.96479413807392,0.0003,0.2,0.0423828125,2880,-0.003134459008288104,-0.12057786968071013,1425.8,82.208
614,289,110.92410000000001,591872,664.14,963,,,,,,,,,,,,
614,290,109.17389999999999,593920,662.6,966,0.34278690814971924,7.568315029144287,0.0071744765,17.14287202358246,0.0003,0.2,0.03916015625,2890,-0.0014037872606422752,-0.11938221737509594,,
614,291,111.427,595968,673.4,969,0.22627443075180054,6.989627838134766,0.006204526,18.973409524559976,0.0003,0.2,0.048828125,2900,-0.002713177993427962,-0.132022513251286,,
615,292,112.06110000000001,598016,692.77,972,0.3319500684738159,10.575647354125977,0.0026671637,17.208566477894784,0.0003,0.2,0.027880859375,2910,-0.0030150040140142663,-0.113577672210522,,
,,,600000,,,0.3281870484352112,5.549278259277344,0.0071564815,11.001942344754934,0.0003,0.2,0.054345703125,2920,-0.0033256586699280887,-0.1362095495685935,2035.4,152.54
611,293,112.5873,600064,706.02,981,,,,,,,,,,,,
611,294,112.82259999999998,602112,705.81,984,0.3635638952255249,14.124366760253906,0.003274287,19.32903557121754,0.0003,0.2,0.022509765625,2930,-0.002152385434601456,-0.09929149620002135,,
612,295,115.3958,604160,708.72,987,0.32182037830352783,11.208622932434082,0.0018096087,23.866975462436677,0.0003,0.2,0.024658203125,2940,-0.0014358574626385234,-0.10298019553301856,,
612,296,115.30290000000001,606208,698.29,990,0.24629157781600952,21.012189865112305,0.00254713,23.359297761321066,0.0003,0.2,0.028076171875,2950,-0.003339589595270809,-0.0856386568164453,,
612,297,114.7368,608256,690.34,993,0.29599428176879883,14.710714340209961,0.0049413387,16.88814865797758,0.0003,0.2,0.03994140625,2960,-0.002274449449032545,-0.0993099718238227,,
,,,610000,,,0.3321698307991028,7.870156764984131,0.0028340686,21.400565537810326,0.0003,0.2,0.02373046875,2970,-0.0017964543483685702,-0.08984350238461047,985.0,142.766
610,298,117.63560000000001,610304,705.93,999,,,,,,,,,,,,
610,299,120.10879999999999,612352,712.25,1002,0.31341850757598877,11.224223136901855,0.0038479634,20.84297497868538,0.0003,0.2,0.038037109375,2980,-0.0029412907315418124,-0.09842801773920655,,
611,300,120.2518,614400,725.17,1005,0.31126558780670166,12.916985511779785,0.004164901,25.640368530154227,0.0003,0.2,0.03154296875,2990,-0.003447185152617749,-0.08966256751446053,,
611,301,120.4887,616448,727.6,1008,0.20785343647003174,1.7768619060516357,0.004185824,9.272671611607075,0.0003,0.2,0.0392578125,3000,-0.0014664190239273012,-0.10981680254917592,,
611,302,121.54360000000003,618496,755.73,1011,0.33428555727005005,7.652624130249023,0.0032777684,14.652565288543702,0.0003,0.2,0.033935546875,3010,-0.0022991855803411454,-0.11349468223052099,,
,,,620000,,,0.29852789640426636,8.5928316116333,0.0045761433,13.35304259583354,0.0003,0.2,0.03642578125,3020,-0.0018695040314923971,-0.11805889138486236,1111.0,66.11800000000001
609,303,121.66449999999999,620544,767.36,1018,,,,,,,,,,,,
609,304,122.84809999999999,622592,763.5,1021,0.3705858588218689,6.955009460449219,0.0024154978,15.073058898746968,0.0003,0.2,0.02919921875,3030,0.0005453191319247708,-0.10410331976599992,,
609,305,127.16320000000002,624640,776.89,1024,0.24222952127456665,6.2940192222595215,0.0037682774,18.389203864336015,0.0003,0.2,0.0328125,3040,-0.00313461922632996,-0.10876273412723095,,
610,306,128.75689999999997,626688,772.16,1027,0.40319281816482544,7.20338249206543,0.0021979958,15.840306070446967,0.0003,0.2,0.021826171875,3050,-0.0016967229952570052,-0.09030385671649128,,
610,307,128.75689999999997,628736,772.16,1030,0.3433416485786438,11.896077156066895,0.0018910547,21.488764062523842,0.0003,0.2,0.0259765625,3060,-0.002430200797971338,-0.09255574352573603,,
,,,630000,,,0.42333680391311646,7.132085800170898,0.009580647,11.48803416788578,0.0003,0.2,0.04267578125,3070,-0.0029309701727470382,-0.1276097136666067,926.8,165.668
608,308,133.4505,630784,795.04,1036,,,,,,,,,,,,
609,309,134.72070000000002,632832,795.94,1038,0.38181519508361816,10.387123107910156,0.0034641551,20.794085970520975,0.0003,0.2,0.036279296875,3080,-0.0035936222790041938,-0.10153155868174508,,
609,310,130.9837,634880,770.69,1041,0.30557674169540405,7.770825386047363,0.0033476034,19.002263981103898,0.0003,0.2,0.029296875,3090,-0.003456807613838464,-0.08981396747985855,,
609,311,133.017,636928,774.83,1045,0.15748673677444458,8.64951229095459,0.0066768257,21.010857729613782,0.0003,0.2,0.0408203125,3100,-0.0025038981693796813,-0.11901461519300938,,
609,312,132.05569999999997,638976,770.97,1047,0.2606886029243469,11.277459144592285,0.0033859895,24.331902053952216,0.0003,0.2,0.027197265625,3110,-0.0017080748832086102,-0.09673724740277975,,
,,,640000,,,0.3210669755935669,7.6649065017700195,0.004259072,16.871546813845633,0.0003,0.2,0.02666015625,3120,-0.0005791266594314948,-0.09447501623653806,1043.4,133.676
608,313,133.62709999999998,641024,776.37,1054,,,,,,,,,,,,
608,314,136.1925,643072,791.27,1057,0.42034047842025757,6.4198126792907715,0.004024458,15.858175933361053,0.0003,0.2,0.032275390625,3130,-0.0024306619772687553,-0.11830937440972775,,
608,315,137.2687,645120,794.35,1060,0.4229849576950073,5.594813346862793,0.001602376,20.419037488102912,0.0003,0.2,0.02216796875,3140,-0.001883452947367914,-0.11829486496280879,,
608,316,138.44389999999999,647168,817.76,1063,0.3126422166824341,6.925364971160889,0.0042898683,16.43156652748585,0.0003,0.2,0.0314453125,3150,-0.0028799370484193787,-0.1087116023292765,,
608,317,138.09449999999998,649216,813.66,1066,0.23109841346740723,2.69313907623291,0.0073267603,8.633790796622634,0.0003,0.2,0.046875,3160,-0.0020324671146227046,-0.12351648792391642,,
,,,650000,,,0.35424184799194336,9.676490783691406,0.002925362,20.574814173579217,0.0003,0.2,0.02734375,3170,-0.004089404732803814,-0.10773504753597081,1683.2,254.99200000000002
606,318,139.6514,651264,816.4,1074,,,,,,,,,,,,
606,319,144.0076,653312,828.38,1077,0.30922871828079224,6.513129234313965,0.0029381225,19.082350644469262,0.0003,0.2,0.02255859375,3180,-0.0019188189326087013,-0.09571084571070969,,
606,320,146.38189999999997,655360,831.87,1080,0.28717488050460815,8.896849632263184,0.0035322902,16.14709142446518,0.0003,0.2,0.020947265625,3190,-0.0027186830484424718,-0.1037883699988015,,
606,321,148.59579999999997,657408,837.18,1083,0.29576921463012695,12.59792423248291,0.0039280076,19.13352498114109,0.0003,0.2,0.037841796875,3200,-0.002180127706378698,-0.10412407006369903,,
607,322,148.001,659456,846.42,1086,0.28832197189331055,11.068608283996582,0.003168139,19.641050036251546,0.0003,0.2,0.026025390625,3210,-0.002830658297170885,-0.10218905342044309,,
,,,660000,,,0.12713396549224854,5.379391193389893,0.008674212,8.279255975969136,0.0003,0.2,0.052392578125,3220,-0.0012028577009914442,-0.12339103498961776,1844.6,166.238
604,323,148.5456,661504,859.62,1094,,,,,,,,,,,,
604,324,149.5215,663552,873.23,1097,0.31585097312927246,9.059972763061523,0.004353227,18.36662131100893,0.0003,0.2,0.04033203125,3230,-0.003445596327946987,-0.1440852134488523,,
604,325,153.65739999999997,665600,864.31,1100,0.3463979959487915,10.790590286254883,0.0022510143,17.142863909155132,0.0003,0.2,0.02158203125,3240,-0.0010865388016100042,-0.11898603492882102,,
604,326,154.6926,667648,852.68,1103,0.28287971019744873,18.84110450744629,0.0033843992,30.90593812465668,0.0003,0.2,0.029736328125,3250,-0.0026998425120837053,-0.10158157842815854,,
605,327,154.0718,669696,850.71,1106,0.31182801723480225,7.91021203994751,0.003224644,27.261462599039078,0.0003,0.2,0.02373046875,3260,-0.002879940182901919,-0.09074260983616114,,
,,,670000,,,0.2639673352241516,6.500400066375732,0.0028721807,22.213718166947366,0.0003,0.2,0.0236328125,3270,-0.0019977045682026072,-0.082266320718918,956.4,157.666
603,328,154.3296,671744,862.16,1112,,,,,,,,,,,,
604,329,156.3633,673792,842.05,1115,0.23485922813415527,7.528735637664795,0.002151678,18.548403638601304,0.0003,0.2,0.027392578125,3280,-6.802453426644207e-05,-0.10697547808522359,,
604,330,156.1988,675840,839.78,1118,0.32931065559387207,10.649391174316406,0.0026991295,23.357110345363616,0.0003,0.2,0.019677734375,3290,-0.0016623334973701275,-0.09754077618708834,,
604,331,155.8885,677888,842.28,1121,0.2481391429901123,3.1638917922973633,0.008329244,11.772325971722603,0.0003,0.2,0.0373046875,3300,-0.001670433915569447,-0.10369233787059784,,
604,332,157.6454,679936,845.65,1124,0.292463481426239,14.533655166625977,0.0017604483,30.34347003698349,0.0003,0.2,0.01484375,3310,-0.001101589691825211,-0.09219312374480068,,
,,,680000,,,0.2888396382331848,14.753135681152344,0.004025436,29.52263260781765,0.0003,0.2,0.02685546875,3320,-0.0015501437927014194,-0.09930798463756219,697.6,185.856
603,333,159.04739999999998,681984,823.15,1129,,,,,,,,,,,,
604,334,156.41510000000002,684032,822.85,1132,0.33348560333251953,7.089608669281006,0.0025218548,18.35198509991169,0.0003,0.2,0.029052734375,3330,7.894934969954193e-06,-0.10585110824322327,,
604,335,160.06550000000001,686080,827.94,1135,0.3133084177970886,16.534914016723633,0.0044953683,22.663235223293306,0.0003,0.2,0.02783203125,3340,-0.0019381696183700114,-0.09637414928292856,,
604,336,158.99030000000002,688128,821.96,1138,0.23830419778823853,7.24644136428833,0.0023200386,21.929195952415466,0.0003,0.2,0.026904296875,3350,-0.0010784167374367827,-0.0967307411483489,,
,,,690000,,,0.3182021379470825,5.580859184265137,0.0029658517,22.78811260163784,0.0003,0.2,0.03974609375,3360,-0.003112956922268495,-0.10575861589750275,2007.2,224.968
601,337,158.85240000000002,690176,810.04,1147,,,,,,,,,,,,
601,338,157.7185,692224,810.62,1150,0.3168301582336426,12.015229225158691,0.0033565424,25.609054040908813,0.0003,0.2,0.030419921875,3370,-0.002825083635980263,-0.09531474467366934,,
601,339,157.014,694272,761.47,1153,0.3523615598678589,15.228460311889648,0.0035969066,26.59796036183834,0.0003,0.2,0.0404296875,3380,-0.0013661126286024228,-0.11930312928743661,,
602,340,159.5807,696320,772.74,1156,0.284010648727417,14.978570938110352,0.0049852477,31.58052599132061,0.0003,0.2,0.02646484375,3390,-0.004259647743310779,-0.09145755384815857,,
602,341,150.53279999999998,698368,731.19,1159,0.2998712658882141,10.912198066711426,0.0079268105,20.327541634440422,0.0003,0.2,0.030615234375,3400,-0.0015854197583394126,-0.09139283368131146,,
,,,700000,,,0.3260096311569214,17.914932250976562,0.003080275,36.53772533237934,0.0003,0.2,0.02158203125,3410,-0.002634507342008874,-0.09141834686743096,480.2,143.712
601,342,146.0698,700416,703.07,1163,,,,,,,,,,,,
602,343,145.7266,702464,702.16,1166,0.3592708110809326,10.443366050720215,0.0028665094,25.43621469140053,0.0003,0.2,0.030224609375,3420,-0.00042649727256502954,-0.08655458026332781,,
602,344,148.31990000000002,704512,705.76,1169,0.3352975845336914,11.61777400970459,0.0021011233,27.36655592918396,0.0003,0.2,0.019189453125,3430,-0.0004714676353614777,-0.09089639362646267,,
602,345,152.74009999999998,706560,713.35,1172,0.31338995695114136,6.539355278015137,0.0036767141,21.340966713428497,0.0003,0.2,0.0314453125,3440,-0.0014254769310355186,-0.08719790512695909,,
602,346,151.7078,708608,721.59,1175,0.38393276929855347,7.692599296569824,0.0029638265,21.29300533235073,0.0003,0.2,0.026953125,3450,-0.0007678772250073962,-0.09024993876228109,,
,,,710000,,,0.264715313911438,15.471847534179688,0.0037947446,19.015054756402968,0.0003,0.2,0.031884765625,3460,-0.001960219070315361,-0.09996500216657296,669.2,201.574
601,347,152.1742,710656,708.19,1180,,,,,,,,,,,,
601,348,143.0275,712704,656.29,1184,0.29825156927108765,16.552186965942383,0.005217313,27.49461906850338,0.0003,0.2,0.017333984375,3470,-0.0030327848784509116,-0.07028488483047113,,
602,349,140.4779,714752,656.22,1187,0.24855071306228638,12.244165420532227,0.0031726982,21.842124289274217,0.0003,0.2,0.02158203125,3480,-0.002501344290067209,-0.08268453736091033,,
602,350,142.274,716800,658.68,1190,0.33863842487335205,6.077968120574951,0.006393157,17.833708783984186,0.0003,0.2,0.03037109375,3490,-0.0019064928841544316,-0.06801767870201729,,
602,351,139.0515,718848,645.13,1193,0.31990647315979004,13.677538871765137,0.0028423574,22.161647894978522,0.0003,0.2,0.021533203125,3500,-0.0018892659893026576,-0.07713646383490413,,
,,,720000,,,0.241036057472229,8.338175773620605,0.0037185685,21.349304702877998,0.0003,0.2,0.027490234375,3510,-0.002847328278585337,-0.07812214064761065,739.6,139.05400000000003
601,352,141.1729,720896,655.18,1198,,,,,,,,,,,,
601,353,139.056,722944,659.79,1201,0.3858332633972168,6.353536128997803,0.0022274535,20.777572014927863,0.0003,0.2,0.01962890625,3520,-0.0013682157703442499,-0.06973244930268266,,
602,354,141.4443,724992,654.27,1204,0.33627432584762573,7.970190525054932,0.0032794673,19.919397301971912,0.0003,0.2,0.0322265625,3530,-0.0012511138993431814,-0.08537617801339366,,
602,355,145.06050000000002,727040,659.37,1207,0.1958974003791809,4.271907329559326,0.003665565,19.129101330041884,0.0003,0.2,0.029736328125,3540,-0.0013828024908434599,-0.08001939291134477,,
602,356,144.91400000000002,729088,672.12,1210,0.3888252377510071,9.108677864074707,0.0026836803,15.770723848044872,0.0003,0.2,0.032861328125,3550,-0.0029991891118697823,-0.07994830792304128,,
,,,730000,,,0.30861037969589233,5.0352630615234375,0.007036958,12.891409916430712,0.0003,0.2,0.033203125,3560,0.0019990440108813346,-0.07640337286284193,825.6,172.946
601,357,142.29120000000003,731136,663.54,1215,,,,,,,,,,,,
601,358,139.61909999999997,733184,662.4,1218,0.3407633304595947,10.022826194763184,0.0023695144,23.214284855127335,0.0003,0.2,0.018310546875,3570,-0.0011234668170800432,-0.06540958016412332,,
601,359,139.9701,735232,662.73,1221,0.3783022165298462,8.154644012451172,0.0031561141,21.74780068397522,0.0003,0.2,0.022314453125,3580,-0.002118635103397537,-0.07312511997297406,,
601,360,143.4223,737280,684.85,1224,0.4280672073364258,7.185258388519287,0.0039007901,16.661968886852264,0.0003,0.2,0.024072265625,3590,-0.001943924863007851,-0.06979580709594302,,
602,361,145.4665,739328,683.01,1227,0.38865041732788086,11.876177787780762,0.0044978918,26.633115836977957,0.0003,0.2,0.025927734375,3600,-0.002984297175134998,-0.05827993952552788,,
,,,740000,,,0.2407017946243286,6.57253885269165,0.0052185617,20.34591147005558,0.0003,0.2,0.019482421875,3610,-0.0016148109978530556,-0.05476930625154637,869.6,149.406
601,362,148.49790000000002,741376,692.55,1233,,,,,,,,,,,,
601,363,144.5822,743424,668.65,1236,0.28172391653060913,10.529746055603027,0.003327531,24.434811475872994,0.0003,0.2,0.02822265625,3620,-0.0022652852610917764,-0.06770782372332178,,
601,364,143.80150000000003,745472,677.56,1239,0.2535781264305115,17.927413940429688,0.0025869904,24.05415732264519,0.0003,0.2,0.024658203125,3630,-0.002406275752582587,-0.07033774109440856,,
601,365,139.5031,747520,660.6,1242,0.3033254146575928,13.244195938110352,0.0065285405,22.381699500977994,0.0003,0.2,0.034228515625,3640,-0.002558044002216775,-0.07432277539628558,,
601,366,143.5952,749568,662.26,1245,0.20407962799072266,12.930012702941895,0.003076136,27.532572454214097,0.0003,0.2,0.023583984375,3650,-0.002067749999696389,-0.07133342085871845,,
,,,750000,,,0.3046404719352722,13.375003814697266,0.0028201141,26.300872147083282,0.0003,0.2,0.0193359375,3660,-0.001947914980701171,-0.07491229029255919,1161.2,117.02199999999998
600,367,139.49130000000002,751616,651.17,1251,,,,,,,,,,,,
600,368,142.2814,753664,652.11,1254,0.33026087284088135,11.30927848815918,0.006916442,19.06884914636612,0.0003,0.2,0.0314453125,3670,-0.003519352542934939,-0.06881825238233433,,
600,369,142.2814,755712,652.11,1258,0.3440468907356262,14.796717643737793,0.0036344668,17.897783145308495,0.0003,0.2,0.023486328125,3680,-0.0011106885096523911,-0.08543738910229877,,
600,370,146.96849999999998,757760,688.75,1261,0.3525145649909973,3.2909164428710938,0.0074953013,9.53581835627556,0.0003,0.2,0.041650390625,3690,-0.002294073154916987,-0.10064527163049206,,
601,371,147.1172,759808,687.59,1264,0.33237093687057495,6.4169416427612305,0.0036456755,23.726841875910758,0.0003,0.2,0.0236328125,3700,-0.003481500926136505,-0.07821115960832685,,
,,,760000,,,0.3046695590019226,10.915785789489746,0.0048559858,24.54292475283146,0.0003,0.2,0.03193359375,3710,-0.002074793551582843,-0.08891989742405712,957.6,38.266
599,372,147.1172,761856,687.59,1269,,,,,,,,,,,,
600,373,147.5181,763904,713.26,1272,-0.38076162338256836,1.1739963293075562,0.027186122,2.5965900938026607,0.0003,0.2,0.143359375,3720,-0.006060728643205948,-0.1673443447216414,,
600,374,145.59569999999997,765952,715.32,1275,0.3274235129356384,8.127694129943848,0.0058938265,18.82061849832535,0.0003,0.2,0.045166015625,3730,-0.004993201963952742,-0.17849035125691443,,
600,375,146.516,768000,732.68,1278,0.24984043836593628,10.064268112182617,0.0058888206,19.435084196925164,0.0003,0.2,0.0455078125,3740,-0.005799697845941409,-0.16205651357304304,,
,,,770000,,,0.1972562074661255,3.3669400215148926,0.008902525,9.065601574629545,0.0003,0.2,0.058251953125,3750,-0.005077504887594841,-0.1531136866658926,1776.6,145.32
598,376,145.43540000000002,770048,740.65,1286,,,,,,,,,,,,
598,377,146.2697,772096,745.59,1289,0.40413230657577515,3.924309253692627,0.004920247,11.456659054756164,0.0003,0.2,0.040869140625,3760,-0.001644716365262866,-0.13585733133368194,,
598,378,150.6319,774144,769.18,1292,0.28484469652175903,4.006330490112305,0.0039608567,15.079943306744099,0.0003,0.2,0.032470703125,3770,-0.0036729389743413777,-0.10436674800002947,,
598,379,154.5834,776192,773.9,1295,0.22665029764175415,7.037651538848877,0.0046374444,22.440539593994618,0.0003,0.2,0.03466796875,3780,-0.0036006772133987397,-0.12206798517145216,,
599,380,156.9894,778240,783.31,1298,0.3611118197441101,16.360057830810547,0.005311709,24.35758209526539,0.0003,0.2,0.030859375,3790,-0.004364209601772018,-0.09630609950982034,,
,,,780000,,,0.4146374464035034,9.51884937286377,0.0041330177,18.79747331291437,0.0003,0.2,0.021435546875,3800,-0.0017881993626360781,-0.0965860508615151,614.8,238.39000000000001
598,381,158.4715,780288,785.52,1303,,,,,,,,,,,,
598,382,151.74009999999998,782336,765.45,1306,0.3612866997718811,11.447957992553711,0.005591655,18.98030751645565,0.0003,0.2,0.038037109375,3810,-0.0032607635745080187,-0.12330426967237144,,
598,383,149.71949999999998,784384,745.32,1309,0.26877444982528687,16.58038902282715,0.005285273,31.790644425153733,0.0003,0.2,0.0384765625,3820,-0.005210742721101269,-0.1119098472641781,,
598,384,151.08020000000002,786432,755.86,1312,0.33499282598495483,9.016530990600586,0.0084410915,18.07131456434727,0.0003,0.2,0.036572265625,3830,-0.0031502606929279865,-0.11163665595231578,,
599,385,153.9182,788480,761.12,1315,0.34896236658096313,9.532404899597168,0.0024463169,22.231864449381828,0.0003,0.2,0.01884765625,3840,-0.0017345168103929608,-0.09898138165008277,,
,,,790000,,,0.29540514945983887,7.714865207672119,0.0099797,23.70982052385807,0.0003,0.2,0.037451171875,3850,-0.0031677322287578134,-0.10396429790416732,1581.0,198.68
597,386,161.6019,790528,773.55,1323,,,,,,,,,,,,
597,387,165.2883,792576,776.84,1326,0.26958519220352173,7.0357160568237305,0.0045573865,29.914967945218088,0.0003,0.2,0.034619140625,3860,-0.003945615477277897,-0.10220461402786896,,
597,388,164.66479999999999,794624,772.03,1329,0.3359522223472595,6.29599666595459,0.006238658,19.8141987323761,0.0003,0.2,0.043212890625,3870,-0.004152810831146781,-0.10272065089084208,,
597,389,171.29809999999998,796672,794.02,1332,0.307550311088562,7.933300971984863,0.0029084247,21.60042107105255,0.0003,0.2,0.027392578125,3880,-0.002647391558275558,-0.09043909214669839,,
597,390,170.70280000000002,798720,790.19,1335,0.46500474214553833,9.797774314880371,0.008693336,18.27324657738209,0.0003,0.2,0.037841796875,3890,-0.002849508135113865,-0.11007077699759975,,
,,,800000,,,0.29722148180007935,21.527851104736328,0.005635866,20.937486082315445,0.0003,0.2,0.033984375,3900,-0.004207094959565438,-0.07922030573245138,634.0,116.53
597,391,172.07879999999997,800768,782.91,1340,,,,,,,,,,,,
597,392,172.2725,802816,788.65,1343,0.3406982421875,13.366455078125,0.023909088,22.7587458640337,0.0003,0.2,0.04873046875,3910,-0.00332232431974262,-0.11455943769542501,,
597,393,171.58849999999998,804864,759.77,1346,0.35712355375289917,9.645035743713379,0.003159957,19.357266938686372,0.0003,0.2,0.029052734375,3920,-0.002137575708911754,-0.08834236488910392,,
597,394,172.25150000000002,806912,759.53,1349,0.27632224559783936,5.95990514755249,0.002608968,21.34834899008274,0.0003,0.2,0.031591796875,3930,-0.0010414946111268364,-0.09381634473102167,,
598,395,171.0602,808960,758.86,1352,0.3408091068267822,17.26824188232422,0.0034048576,27.084183979034425,0.0003,0.2,0.030810546875,3940,0.00018414806690998377,-0.10249900583876297,,
,,,810000,,,0.3704946041107178,10.792143821716309,0.0031894906,20.08162802159786,0.0003,0.2,0.03212890625,3950,-0.0026381096831755713,-0.09767998254392296,940.0,265.704
596,396,177.0463,811008,778.9,1358,,,,,,,,,,,,
597,397,175.45620000000002,813056,758.04,1361,0.4229145050048828,8.475326538085938,0.0043606963,18.654100719094277,0.0003,0.2,0.030322265625,3960,-0.002239170113170985,-0.08856694785645232,,
597,398,171.79440000000002,815104,746.08,1364,0.3456324338912964,7.484512805938721,0.0040059993,17.457026219367982,0.0003,0.2,0.0275390625,3970,-0.0015744108124636114,-0.08124107810435817,,
597,399,175.57620000000003,817152,742.23,1367,0.24264466762542725,6.435387134552002,0.0034108965,32.23137285411358,0.0003,0.2,0.032177734375,3980,-0.00269956213014666,-0.07815126565983518,,
597,400,179.1046,819200,742.91,1370,0.29589027166366577,13.741660118103027,0.0035399024,29.080702885985374,0.0003,0.2,0.023193359375,3990,-0.0019884050823748113,-0.07854219226283021,,
,,,820000,,,0.20972979068756104,10.241735458374023,0.015510068,25.98519705235958,0.0003,0.2,0.037548828125,4000,-0.002763494673126843,-0.08562515047378838,697.0,244.494
596,401,180.79840000000002,821248,744.69,1375,,,,,,,,,,,,
597,402,185.38360000000003,823296,755.0,1378,0.27797138690948486,10.323819160461426,0.0043612625,29.907975208759307,0.0003,0.2,0.022802734375,4010,-0.0022694917104672642,-0.07982949850265868,,
597,403,186.31600000000006,825344,755.64,1381,0.3701546788215637,11.540035247802734,0.004971578,25.67257545888424,0.0003,0.2,0.029150390625,4020,-0.0032990120831527746,-0.07251888962346129,,
597,404,191.06530000000004,827392,767.05,1384,0.33534759283065796,12.709412574768066,0.003216608,21.07283846437931,0.0003,0.2,0.031103515625,4030,-0.00033005813311319797,-0.08341157243121415,,
597,405,191.429,829440,763.42,1387,0.2523069381713867,7.705363750457764,0.0028282905,21.054834657907485,0.0003,0.2,0.02568359375,4040,-0.0038847345793328715,-0.07367854118929244,,
,,,830000,,,0.3213918209075928,12.078875541687012,0.0060971584,27.194128713011743,0.0003,0.2,0.032421875,4050,-0.002591700351331383,-0.08364949960960075,619.4,224.512
597,406,189.53130000000002,831488,739.1,1392,,,,,,,,,,,,
597,407,192.22220000000002,833536,752.55,1395,0.3743688464164734,11.502341270446777,0.0035992109,22.416763609647752,0.0003,0.2,0.024658203125,4060,-0.0027745428698835893,-0.07650522005860694,,
597,408,187.76429999999996,835584,705.6,1398,0.40281981229782104,11.29637622833252,0.0036208425,23.325044700503348,0.0003,0.2,0.02431640625,4070,-0.0017662774946074933,-0.07818786003626883,,
597,409,191.97969999999998,837632,705.24,1401,0.23879754543304443,9.046577453613281,0.0049090777,40.8386587113142,0.0003,0.2,0.030029296875,4080,-0.0025358960265293717,-0.07944869328057394,,
597,410,188.41820000000007,839680,680.15,1404,0.4119991660118103,6.509984493255615,0.0033136872,20.04535466134548,0.0003,0.2,0.026953125,4090,-0.0022811182308942078,-0.06864938284852543,,
,,,840000,,,0.2738032937049866,24.82832908630371,0.0038089694,27.414219349622726,0.0003,0.2,0.029296875,4100,-0.0008958090271335095,-0.08670097027206794,776.4,175.598
596,411,185.8594,841728,661.18,1409,,,,,,,,,,,,
597,412,185.6177,843776,657.83,1412,0.28975164890289307,12.639175415039062,0.003463633,33.79375754892826,0.0003,0.2,0.03251953125,4110,-0.0031244261670508424,-0.06260143930849153,,
597,413,183.8903,845824,657.63,1416,0.28210318088531494,15.0641450881958,0.007563666,22.188638439774515,0.0003,0.2,0.034912109375,4120,-0.003404069892712869,-0.09035074190469458,,
597,414,187.98550000000003,847872,664.09,1419,0.36701416969299316,11.376059532165527,0.0044135973,20.963761992752552,0.0003,0.2,0.0328125,4130,-0.0020709128642920406,-0.07143165041925385,,
597,415,191.27219999999997,849920,670.62,1422,0.4550737738609314,8.864803314208984,0.004374194,23.794219428300856,0.0003,0.2,0.023095703125,4140,-0.0018611212057294325,-0.06515876193298027,,
,,,850000,,,0.26845669746398926,9.543193817138672,0.0025881566,37.04671594500542,0.0003,0.2,0.019677734375,4150,-0.002313111862167716,-0.07081766377086751,1198.4,193.93599999999998
596,416,193.2516,851968,671.27,1428,,,,,,,,,,,,
596,417,191.74659999999997,854016,664.03,1431,0.3300238847732544,12.681404113769531,0.008031554,30.226964181661607,0.0003,0.2,0.05078125,4160,-0.004297547959140502,-0.0815366614900995,,
596,418,192.83610000000002,856064,667.26,1434,0.26403117179870605,12.930704116821289,0.007966559,22.182336565852165,0.0003,0.2,0.0330078125,4170,-0.0029238140690722504,-0.08424641222227365,,
596,419,185.05200000000002,858112,638.65,1437,0.3375158905982971,11.715627670288086,0.01203303,24.009818109869958,0.0003,0.2,0.039306640625,4180,-0.0011210004100576042,-0.08295702552422882,,
,,,860000,,,0.1844794750213623,16.850078582763672,0.0030553662,36.212918284535405,0.0003,0.2,0.016650390625,4190,-0.002592883340548724,-0.0770028003724292,866.0,206.53000000000003
596,420,182.27699999999996,860160,627.29,1442,,,,,,,,,,,,
596,421,177.60139999999998,862208,591.81,1445,0.3716157078742981,5.607951641082764,0.0054130517,23.623217555880547,0.0003,0.2,0.029296875,4200,-0.0027362914857803843,-0.08086175424978137,,
596,422,176.67449999999997,864256,581.71,1448,0.288787841796875,9.572134017944336,0.0024029424,33.06274877488613,0.0003,0.2,0.020361328125,4210,-0.0023231891726027245,-0.07135438339901157,,
596,423,175.62110000000004,866304,568.94,1451,0.29196488857269287,16.637649536132812,0.0030691484,26.621028801798822,0.0003,0.2,0.029443359375,4220,-0.0027691833340213632,-0.08330501127056777,,
596,424,174.8871,868352,566.07,1454,0.29893815517425537,12.392587661743164,0.0045654355,26.99544158577919,0.0003,0.2,0.026953125,4230,-0.002720933037926443,-0.09555434281937777,,
,,,870000,,,0.40217578411102295,10.654756546020508,0.0034846156,16.366700533032418,0.0003,0.2,0.028662109375,4240,-0.0008724060753593221,-0.081024703750154,819.8,267.668
596,425,174.08839999999998,870400,566.57,1460,,,,,,,,,,,,
596,426,172.8161,872448,565.79,1463,0.31024664640426636,13.244211196899414,0.00473952,30.203071334958075,0.0003,0.2,0.023828125,4250,-0.002717214450240135,-0.08501620630850085,,
596,427,174.63339999999997,874496,573.13,1466,0.28693443536758423,14.963821411132812,0.0036163807,25.832518422603606,0.0003,0.2,0.031005859375,4260,-0.0037547176209045572,-0.08475584784755483,,
596,428,177.83700000000002,876544,582.46,1469,0.3633880019187927,7.2667317390441895,0.011579603,21.865398958325386,0.0003,0.2,0.040087890625,4270,-0.0018151654163375496,-0.08669946250156499,,
596,429,177.05200000000002,878592,583.87,1472,0.18304550647735596,12.822402954101562,0.007981554,29.505019932985306,0.0003,0.2,0.039501953125,4280,-0.00010696148674469442,-0.10610754227964207,,
,,,880000,,,0.2513427734375,14.248992919921875,0.0013839044,25.486170089244844,0.0003,0.2,0.02919921875,4290,0.0007480814252630808,-0.09152167286956683,711.8,255.97599999999997
596,430,171.8673,880640,575.14,1477,,,,,,,,,,,,
596,431,168.73040000000003,882688,566.65,1480,0.2873033881187439,8.471610069274902,0.0057617733,22.468071994185447,0.0003,0.2,0.037451171875,4300,-0.0028295751981204376,-0.09541018741438165,,
596,432,166.34650000000002,884736,560.71,1483,0.3392353653907776,16.865474700927734,0.0048857657,31.418251195549963,0.0003,0.2,0.02939453125,4310,-0.003259850907488726,-0.08731597162550316,,
596,433,159.5798,886784,542.25,1486,0.25650304555892944,7.045629024505615,0.009177665,21.418452537059785,0.0003,0.2,0.0482421875,4320,-0.004925386764807626,-0.10193412859225645,,
596,434,160.10739999999996,888832,544.95,1489,0.3298228979110718,12.56373405456543,0.003929481,23.91306838989258,0.0003,0.2,0.03251953125,4330,-0.001832957231090404,-0.11387450157199056,,
,,,890000,,,0.3816624879837036,13.735271453857422,0.0041981107,21.10544474720955,0.0003,0.2,0.035888671875,4340,-0.0018036449589999392,-0.10416851344052702,1140.0,245.18999999999997
595,435,165.78439999999995,890880,564.77,1495,,,,,,,,,,,,
595,436,170.58329999999998,892928,573.82,1498,0.33747512102127075,8.232169151306152,0.0037646834,22.835018146038056,0.0003,0.2,0.03525390625,4350,-0.0007852413138607517,-0.11879460636992008,,
595,437,169.23000000000005,894976,570.73,1501,0.3790488839149475,13.09518814086914,0.003921494,22.46243160068989,0.0003,0.2,0.0337890625,4360,-0.003262763646489475,-0.09715096148429439,,
596,438,170.4368,897024,573.76,1504,0.3639618158340454,14.549710273742676,0.0042613335,30.771097883582115,0.0003,0.2,0.027001953125,4370,-0.0029291004670085386,-0.09226834170985967,,
596,439,167.38879999999997,899072,569.08,1507,0.435840368270874,16.46474266052246,0.00634641,24.973062005639076,0.0003,0.2,0.040771484375,4380,-0.0024319613701663913,-0.10277791956905276,,
,,,900000,,,0.278641939163208,20.409435272216797,0.0023632585,36.37837632894516,0.0003,0.2,0.02490234375,4390,-0.0022481012747448403,-0.11488698022440076,616.4,194.814
595,440,165.23860000000002,901120,558.89,1512,,,,,,,,,,,,
595,441,163.9073,903168,558.4,1516,0.2920835018157959,6.1322245597839355,0.004023239,21.675661325454712,0.0003,0.2,0.029443359375,4400,-0.0019404468446737155,-0.09226087790448219,,
595,442,162.7415,905216,562.27,1519,0.3238537907600403,15.66152572631836,0.0058765537,25.169204679131507,0.0003,0.2,0.038818359375,4410,-0.002207847703539301,-0.1084892834420316,,
596,443,163.4831,907264,564.57,1522,0.3958098888397217,7.79051399230957,0.0057188226,19.426431539654732,0.0003,0.2,0.0412109375,4420,-0.0014892949970089831,-0.10976996634854004,,
596,444,164.56280000000004,909312,563.6,1525,0.4454103708267212,14.917142868041992,0.0037771692,25.09383305609226,0.0003,0.2,0.032861328125,4430,-0.0028917104908032345,-0.09316282731015235,,
,,,910000,,,0.3370435833930969,13.177068710327148,0.0023494489,27.346789628267288,0.0003,0.2,0.0291015625,4440,-0.00033196551084984093,-0.09472014295170084,626.8,229.502
595,445,163.172,911360,555.97,1530,,,,,,,,,,,,
595,446,164.1184,913408,558.83,1532,0.32847028970718384,23.158809661865234,0.0043371376,28.11304573714733,0.0003,0.2,0.032177734375,4450,-0.004276787144772243,-0.08878029984189198,,
596,447,160.5198,915456,547.16,1535,0.0942266583442688,32.26544189453125,0.013592017,40.133302414417265,0.0003,0.2,0.041796875,4460,-0.005396412704430986,-0.11285186007153243,,
596,448,165.38109999999998,917504,561.98,1538,0.19087189435958862,9.488025665283203,0.004584161,30.33724134862423,0.0003,0.2,0.0392578125,4470,-0.0029947508141049185,-0.10005063698627055,,
596,449,165.52309999999997,919552,568.8,1541,0.3681122660636902,14.782759666442871,0.0076920544,17.652322348952293,0.0003,0.2,0.053564453125,4480,-0.0008392248215386644,-0.12098983790492639,,
,,,920000,,,0.31186842918395996,20.276830673217773,0.0036310488,29.416524255275725,0.0003,0.2,0.038525390625,4490,-0.0029785921855363996,-0.12205683712381869,493.4,186.296
595,450,165.59439999999998,921600,568.19,1546,,,,,,,,,,,,
596,451,169.71669999999997,923648,580.84,1549,0.3238227963447571,13.956303596496582,0.0034765226,36.83163314461708,0.0003,0.2,0.0294921875,4500,-0.0010449134599184618,-0.09531037210253998,,
596,452,164.47,925696,566.74,1552,0.3857707977294922,6.304292678833008,0.010130601,16.92957384288311,0.0003,0.2,0.049560546875,4510,-0.0037193022057181225,-0.12563875352498144,,
596,453,167.39399999999998,927744,579.21,1555,0.21550196409225464,13.914994239807129,0.0024510464,33.417566353082655,0.0003,0.2,0.03828125,4520,-0.0007909390667919069,-0.12724739320110529,,
596,454,168.90470000000002,929792,578.17,1558,0.3441963195800781,13.853951454162598,0.004503349,19.98607386648655,0.0003,0.2,0.03251953125,4530,-0.0001605564815690741,-0.11863233061740175,,
,,,930000,,,0.39609748125076294,12.115080833435059,0.0039329045,28.094058245420456,0.0003,0.2,0.030078125,4540,-0.0015395589696709066,-0.09748315811157227,1460.2,207.61599999999999
595,455,172.1516,931840,588.47,1565,,,,,,,,,,,,
595,456,170.37009999999998,933888,583.56,1569,0.3248707056045532,7.398413181304932,0.0036158692,18.558471819758417,0.0003,0.2,0.035986328125,4550,-0.0027985868859104813,-0.10945735794957727,,
595,457,171.44449999999998,935936,587.03,1572,0.2833699584007263,19.368003845214844,0.006045784,32.49890048503876,0.0003,0.2,0.049560546875,4560,-0.0035529944172594695,-0.11262293681502342,,
595,458,174.77379999999997,937984,592.91,1575,0.18796390295028687,9.990649223327637,0.004471641,37.327192169427875,0.0003,0.2,0.030322265625,4570,-0.002559560153167695,-0.09790325324283913,,
,,,940000,,,0.2905634045600891,21.611305236816406,0.0076861605,32.614381617307664,0.0003,0.2,0.03935546875,4580,-0.002896305124158971,-0.11858584230067208,398.6,158.718
595,459,175.1067,940032,590.36,1579,,,,,,,,,,,,
595,460,173.0668,942080,589.26,1582,0.35174739360809326,10.848917007446289,0.004387187,27.358845829963684,0.0003,0.2,0.037158203125,4590,-0.0020613153552403673,-0.1145977738313377,,
595,461,178.91980000000004,944128,605.69,1585,0.21254080533981323,12.359881401062012,0.005656617,33.58659751117229,0.0003,0.2,0.03955078125,4600,-0.004111735397600569,-0.1147818380384706,,
595,462,179.20630000000006,946176,601.37,1588,0.4567406177520752,7.618707656860352,0.0035878986,23.767078721523283,0.0003,0.2,0.03212890625,4610,-0.0033368964068358764,-0.09674170117359608,,
595,463,185.87449999999998,948224,618.17,1591,0.3041408061981201,12.88798999786377,0.004614016,28.26496942639351,0.0003,0.2,0.03486328125,4620,-0.0012568749240017495,-0.10756187677616254,,
,,,950000,,,0.43691396713256836,6.025988578796387,0.005223753,22.211880055069923,0.0003,0.2,0.03359375,4630,-0.002724957844475284,-0.10559803752694279,1283.0,208.046
594,464,188.7211,950272,618.57,1598,,,,,,,,,,,,
594,465,180.8222,952320,592.83,1601,0.3315052390098572,7.707425594329834,0.004218105,24.540360087156294,0.0003,0.2,0.031103515625,4640,-0.0010017348948167637,-0.10157189990859479,,
594,466,177.54229999999998,954368,581.82,1604,0.28024739027023315,26.40604591369629,0.006486767,30.44317282140255,0.0003,0.2,0.037451171875,4650,-0.0011778290441725402,-0.1002565631410107,,
595,467,181.8827,956416,591.38,1607,0.22691524028778076,14.19714641571045,0.004781872,35.56136687994003,0.0003,0.2,0.03359375,4660,-0.0015674950016546063,-0.10619476661086083,,
595,468,181.92109999999997,958464,591.14,1610,0.3447507619857788,19.726245880126953,0.0042291684,34.331812956929205,0.0003,0.2,0.032666015625,4670,-0.0027666638692608104,-0.11454759571934119,,
,,,960000,,,0.26740407943725586,15.980369567871094,0.005218808,25.327198711037635,0.0003,0.2,0.0435546875,4680,-0.002161535227787681,-0.11339896167628467,1735.0,253.592
593,469,183.52920000000003,960512,613.99,1618,,,,,,,,,,,,
593,470,185.02979999999997,962560,630.07,1621,0.4712873101234436,2.789139986038208,0.0064770835,7.287253172695637,0.0003,0.2,0.07353515625,4690,0.0004789450074895285,-0.160952046723105,,
593,471,181.5983,964608,616.4,1624,0.3883054256439209,8.703003883361816,0.007054873,15.436020854115487,0.0003,0.2,0.03583984375,4700,-0.0022882642660988495,-0.14993626954965295,,
594,472,183.4499,966656,620.02,1627,0.28013843297958374,20.648460388183594,0.004838971,25.253121444582938,0.0003,0.2,0.03515625,4710,-0.0024720086657907814,-0.14967030168045312,,
594,473,179.4142,968704,609.31,1630,0.267744243144989,13.813431739807129,0.0062493747,28.56141471862793,0.0003,0.2,0.0474609375,4720,-0.002164466063550208,-0.13803543273825197,,
,,,970000,,,0.24556797742843628,16.192216873168945,0.004599629,33.83847471773625,0.0003,0.2,0.043505859375,4730,-0.0028341367782559247,-0.1277030360419303,1465.8,153.232
592,474,174.4217,970752,597.61,1637,,,,,,,,,,,,
592,475,178.1663,972800,606.5,1640,0.33677852153778076,9.88779067993164,0.0036474876,29.98660482764244,0.0003,0.2,0.034130859375,4740,-0.0016190414535230957,-0.1269654697040096,,
593,476,181.0025,974848,614.34,1643,0.2504221200942993,9.365189552307129,0.0051721055,24.274422946572304,0.0003,0.2,0.037744140625,4750,-0.003840485354885459,-0.12231479609617964,,
593,477,184.35390000000004,976896,627.51,1646,0.38077569007873535,5.2734575271606445,0.0025385348,18.55299073457718,0.0003,0.2,0.030126953125,4760,-0.00018505344196455552,-0.10557439553085715,,
593,478,185.80739999999997,978944,635.19,1649,0.35146528482437134,21.31517219543457,0.0056219,25.635216104984284,0.0003,0.2,0.055908203125,4770,-0.003555614678771235,-0.16041091259103268,,
,,,980000,,,0.16447556018829346,17.650129318237305,0.0067440392,32.61103440821171,0.0003,0.2,0.044287109375,4780,-0.0040270579658681525,-0.13830222978722304,755.6,151.906
592,479,184.62439999999995,980992,627.38,1654,,,,,,,,,,,,
592,480,183.8732,983040,624.83,1657,0.35560494661331177,10.134875297546387,0.0043497942,24.228442043066025,0.0003,0.2,0.044921875,4790,-0.00370695648889523,-0.15376122149173171,,
593,481,184.15690000000004,985088,643.6,1660,0.30256474018096924,7.896305561065674,0.003995275,19.262595090270043,0.0003,0.2,0.03818359375,4800,-0.002038739550334867,-0.16171405327040703,,
593,482,183.41080000000002,987136,641.64,1663,0.4482029676437378,14.487398147583008,0.0047190445,30.123855072259904,0.0003,0.2,0.035400390625,4810,-0.001411709729291033,-0.14637654202524572,,
593,483,182.90779999999998,989184,638.49,1666,0.3530116081237793,20.28392219543457,0.0038762349,32.46107628643513,0.0003,0.2,0.027587890625,4820,-0.0028149061457952485,-0.10901807612972333,,
,,,990000,,,0.37228357791900635,9.812570571899414,0.0037307716,25.77763811647892,0.0003,0.2,0.039794921875,4830,-0.0018831641820725054,-0.1445527188014239,603.4,164.22
592,484,185.9461,991232,645.04,1671,,,,,,,,,,,,
593,485,187.79170000000002,993280,651.05,1674,0.4269114136695862,13.40413761138916,0.0073187836,24.732093816995622,0.0003,0.2,0.03798828125,4840,-0.0027022229551221244,-0.12247389015974477,,
593,486,180.92999999999995,995328,637.7,1677,0.4259662628173828,19.672727584838867,0.005597217,29.942978447675706,0.0003,0.2,0.04423828125,4850,-0.001245101058157161,-0.13631656505167483,,
593,487,180.30109999999996,997376,636.44,1680,0.4149835705757141,20.933773040771484,0.0061938986,29.09151450097561,0.0003,0.2,0.0404296875,4860,-0.0031901868103886956,-0.1523523748270236,,
593,488,182.87789999999993,999424,648.6,1683,0.38962674140930176,16.953020095825195,0.004876456,27.97160310447216,0.0003,0.2,0.038427734375,4870,-0.00133508694707416,-0.13270363465417176,,
,,,1000000,,,0.3676852583885193,19.049375534057617,0.004056108,28.3509520560503,0.0003,0.2,0.038134765625,4880,-0.0028719695954350756,-0.11978817922063172,1165.0,186.68599999999998
592,489,183.69069999999996,1001472,661.61,1690,,,,,,,,,,,,
592,490,186.02689999999996,1003520,669.4,1693,0.4077554941177368,10.369311332702637,0.0194831,23.709880170226096,0.0003,0.2,0.05068359375,4890,-0.0011090273328591138,-0.15286837816238402,,
592,491,186.0504,1005568,669.56,1696,0.21252256631851196,19.984909057617188,0.0038672637,28.42996453642845,0.0003,0.2,0.03017578125,4900,-0.0014305030112154783,-0.11640902127837763,,
592,492,182.7977,1007616,658.42,1699,0.2975318431854248,14.194222450256348,0.00540455,21.795858862996102,0.0003,0.2,0.031787109375,4910,-0.0032910401278059,-0.12278974240180104,,
593,493,182.56,1009664,662.27,1702,0.2905288338661194,14.531567573547363,0.007325007,28.77167202234268,0.0003,0.2,0.040478515625,4920,-0.00268447482958436,-0.1020710585755296,,
,,,1010000,,,0.3683762550354004,8.675455093383789,0.0064712497,22.617388707399368,0.0003,0.2,0.039404296875,4930,-0.003979568547219969,-0.09724871958605945,631.2,241.288
592,494,182.56,1011712,662.27,1707,,,,,,,,,,,,
592,495,177.24629999999996,1013760,674.48,1710,-2.523599624633789,0.3799840807914734,0.06261831,2.619286185037345,0.0003,0.2,0.1041015625,4940,0.0032969494321150707,-0.1717309701954946,,
592,496,176.56320000000002,1015808,681.23,1713,0.2558884024620056,7.787509918212891,0.004730212,20.547902870178223,0.0003,0.2,0.039013671875,4950,-0.003110097911849152,-0.15219525552820415,,
592,497,170.94080000000002,1017856,675.55,1716,0.31315070390701294,9.71731185913086,0.0023852666,24.847720274329184,0.0003,0.2,0.0177734375,4960,-0.0014446864908677526,-0.12117763257119804,,
593,498,172.30960000000002,1019904,685.0,1719,0.3349263668060303,13.813458442687988,0.0025767887,27.800848066806793,0.0003,0.2,0.029248046875,4970,-0.002686211105901748,-0.11375572556862608,,
,,,1020000,,,0.44763803482055664,8.849478721618652,0.0051309927,19.620994952321052,0.0003,0.2,0.02822265625,4980,-0.003310846388922073,-0.12716838181950152,829.6,152.94799999999998
592,499,175.34039999999996,1021952,694.2,1724,,,,,,,,,,,,
592,500,176.44109999999998,1024000,703.74,1728,0.23695677518844604,21.607166290283203,0.0037069719,31.920667433738707,0.0003,0.2,0.03251953125,4990,-0.004694161773659289,-0.09920367840677499,,
592,501,175.6884,1026048,710.85,1731,0.2205573320388794,6.990657806396484,0.004493722,17.32069822251797,0.0003,0.2,0.039208984375,5000,-0.0020894225279334934,-0.14333327626809478,,
592,502,177.61019999999996,1028096,712.45,1734,0.3339616060256958,12.188828468322754,0.0032623154,24.49340033531189,0.0003,0.2,0.043603515625,5010,-0.004086324098170735,-0.13709492086200042,,
,,,1030000,,,0.25994980335235596,14.411795616149902,0.0024257195,29.377371987700464,0.0003,0.2,0.0208984375,5020,-0.003089908063702751,-0.09769982614088804,716.2,224.206
592,503,179.64139999999995,1030144,719.12,1739,,,,,,,,,,,,
592,504,177.5869,1032192,687.48,1742,0.2822192907333374,9.995495796203613,0.005355034,22.200751408934593,0.0003,0.2,0.02919921875,5030,-0.0031588723126333208,-0.1136252045747824,,
592,505,177.21120000000002,1034240,678.31,1745,0.2366662621498108,7.283377170562744,0.0039819814,28.493989071249963,0.0003,0.2,0.03017578125,5040,-0.003064296508091502,-0.1171237557195127,,
592,506,180.5356,1036288,686.78,1748,0.37161004543304443,13.801643371582031,0.0045823627,27.725828763842582,0.0003,0.2,0.032421875,5050,-0.0024333459441550076,-0.09824299565516412,,
592,507,181.60709999999995,1038336,692.23,1751,0.3981286287307739,16.72118377685547,0.0032195975,24.659595668315887,0.0003,0.2,0.032275390625,5060,-0.0018877056121709757,-0.1208461320027709,,
,,,1040000,,,0.294087290763855,13.788779258728027,0.0030931956,30.400885248184203,0.0003,0.2,0.034912109375,5070,-0.001820292194315698,-0.13424630836816503,525.8,172.738
592,508,181.97729999999996,1040384,695.24,1755,,,,,,,,,,,,
592,509,183.31400000000002,1042432,700.39,1758,0.29279786348342896,12.182535171508789,0.005269345,28.420062637329103,0.0003,0.2,0.033935546875,5080,-0.00045887523738201707,-0.11102965069003404,,
592,510,168.41940000000002,1044480,659.07,1761,0.3029221296310425,11.025627136230469,0.009126053,17.314242912828924,0.0003,0.2,0.037353515625,5090,-0.0015592878626193851,-0.11174307294422761,,
593,511,171.3936,1046528,665.72,1764,0.14310532808303833,19.70470428466797,0.0038265497,49.5069116473198,0.0003,0.2,0.037548828125,5100,-0.004199166514445097,-0.13268201996106654,,
593,512,171.79420000000002,1048576,673.3,1767,0.318986177444458,11.14615535736084,0.0041002007,20.33405728638172,0.0003,0.2,0.033251953125,5110,-0.0015536169696133584,-0.10863509769551456,,
,,,1050000,,,0.1341264247894287,7.7432475090026855,0.015147677,11.639488115161658,0.0003,0.2,0.060400390625,5120,-0.0005785671892226674,-0.17435173329431564,936.2,159.488
592,513,169.8734,1050624,666.4,1773,,,,,,,,,,,,
592,514,166.80720000000002,1052672,658.94,1775,0.2607765793800354,10.891599655151367,0.0060043153,26.337041449546813,0.0003,0.2,0.035986328125,5130,-0.0018791928101563825,-0.14598004203289747,,
592,515,166.62400000000002,1054720,662.64,1779,0.23196542263031006,11.86828899383545,0.01582321,23.120542347431183,0.0003,0.2,0.058984375,5140,-0.0027355680897017008,-0.16093091953080146,,
592,516,167.2937,1056768,665.83,1782,0.23391473293304443,20.645450592041016,0.0030404937,27.441467025876044,0.0003,0.2,0.02587890625,5150,-0.0015317295910790563,-0.11910646233009174,,
593,517,167.3215,1058816,659.65,1785,0.2225441336631775,7.395993709564209,0.0064939735,22.165531435608862,0.0003,0.2,0.037939453125,5160,-0.0011010225614882074,-0.12312310438137501,,
,,,1060000,,,0.2865690588951111,9.742280960083008,0.0064195422,22.291253432631493,0.0003,0.2,0.042041015625,5170,-0.0016739217986469156,-0.12452732716919854,566.6,214.792
592,518,167.7288,1060864,663.46,1789,,,,,,,,,,,,
592,519,171.28479999999996,1062912,665.18,1792,0.30330967903137207,11.243175506591797,0.00306754,21.879573145508765,0.0003,0.2,0.0326171875,5180,-0.0022278226402704603,-0.10609351751627401,,
593,520,172.9806,1064960,666.95,1795,0.25239109992980957,4.467079162597656,0.005357473,22.91550442427397,0.0003,0.2,0.0341796875,5190,-0.0020991935511119665,-0.12900873373728244,,
593,521,167.8511,1067008,640.11,1798,0.1820966601371765,15.827943801879883,0.004154844,32.11770852208137,0.0003,0.2,0.02958984375,5200,-0.0014744591666385532,-0.12292559816269204,,
593,522,168.50300000000004,1069056,641.68,1801,0.27942562103271484,11.2719144821167,0.005415375,28.819529062509538,0.0003,0.2,0.03974609375,5210,-0.0014373562298715115,-0.1329993171384558,,
,,,1070000,,,0.2721853256225586,16.095367431640625,0.0066472813,31.48411038517952,0.0003,0.2,0.048486328125,5220,-0.0023256059430423193,-0.1225260041304864,1471.2,177.84000000000003
592,523,172.5208,1071104,651.06,1808,,,,,,,,,,,,
592,524,176.8754,1073152,660.8,1811,0.33012855052948,15.359535217285156,0.0037397952,24.632725241780282,0.0003,0.2,0.032958984375,5230,-0.0029183775710407644,-0.12084056760650128,,
592,525,178.33550000000002,1075200,660.43,1814,0.3538691997528076,19.4871883392334,0.005001509,26.703645333647728,0.0003,0.2,0.03671875,5240,-0.0027669199043884873,-0.10819632401689887,,
592,526,179.5009,1077248,639.17,1817,0.39301997423171997,6.348323345184326,0.006231277,27.23558149933815,0.0003,0.2,0.0494140625,5250,-0.0034076842945069074,-0.11959771206602454,,
592,527,176.54429999999996,1079296,618.15,1820,0.1853926181793213,18.973670959472656,0.0042780987,24.53653218150139,0.0003,0.2,0.035546875,5260,-0.003915763612894807,-0.12685373016865925,,
,,,1080000,,,0.25296521186828613,12.725149154663086,0.00364106,23.129054233431816,0.0003,0.2,0.038623046875,5270,-0.0018761466097203083,-0.11550913387909531,1057.0,206.266
591,528,179.82809999999995,1081344,634.68,1826,,,,,,,,,,,,
592,529,180.59309999999996,1083392,638.45,1829,0.28465449810028076,11.915246963500977,0.0035933102,23.916944646835326,0.0003,0.2,0.04052734375,5280,0.00040266666474053636,-0.14068991297390313,,
592,530,179.00780000000003,1085440,644.34,1832,0.3818483352661133,7.269528865814209,0.0053641824,15.458021176606417,0.0003,0.2,0.046142578125,5290,-0.002230349148157984,-0.14817381880711764,,
592,531,176.70620000000002,1087488,643.69,1835,0.34213852882385254,13.202077865600586,0.003075707,25.946117624640465,0.0003,0.2,0.0314453125,5300,-0.0015017430952866562,-0.11182612241245807,,
592,532,180.6744,1089536,655.64,1838,0.29717469215393066,7.034984588623047,0.00785753,20.964923648536207,0.0003,0.2,0.04365234375,5310,-0.002575319155585021,-0.12790551596553995,,
,,,1090000,,,0.30505460500717163,9.292967796325684,0.0023490055,28.37734194099903,0.0003,0.2,0.02333984375,5320,-0.002058642086922191,-0.1019281697459519,628.4,163.488
592,533,179.0877,1091584,642.65,1843,,,,,,,,,,,,
592,534,178.7184,1093632,641.44,1846,0.25507551431655884,14.58937931060791,0.0045149294,37.435221639275554,0.0003,0.2,0.04052734375,5330,-0.0036413623267435467,-0.10613718490349129,,
592,535,183.2829,1095680,647.9,1849,0.31819504499435425,6.184168338775635,0.0060790544,17.833133932948112,0.0003,0.2,0.0349609375,5340,-0.0008676115307025611,-0.09726391505682841,,
592,536,185.00339999999997,1097728,655.11,1852,0.4531906247138977,13.054576873779297,0.003408793,23.71372675895691,0.0003,0.2,0.033154296875,5350,-0.001238599937641993,-0.09985049647511915,,
592,537,186.6157,1099776,664.52,1855,0.2780107855796814,8.06637191772461,0.0042122547,15.318537326157093,0.0003,0.2,0.03818359375,5360,-0.0019194855150999502,-0.11523995612515137,,
,,,1100000,,,0.2991194725036621,7.687890529632568,0.009660913,25.596112486720084,0.0003,0.2,0.03876953125,5370,-0.0034374672424746676,-0.12240425271447748,626.4,176.698
592,538,185.80549999999997,1101824,677.67,1860,,,,,,,,,,,,
592,539,188.77739999999997,1103872,688.05,1863,0.308543860912323,19.95796012878418,0.00455948,20.872933399677276,0.0003,0.2,0.039306640625,5380,-0.0007156616688007489,-0.13673379975371064,,
592,540,186.1618,1105920,688.17,1866,0.18451082706451416,13.06323528289795,0.0070509217,22.318846848607063,0.0003,0.2,0.051806640625,5390,-0.0034844128065742554,-0.13715136100072414,,
592,541,181.4339,1107968,677.42,1869,0.2736671566963196,6.45340633392334,0.0032387525,27.00945063829422,0.0003,0.2,0.03359375,5400,-0.0023100445891031996,-0.11103406561305747,,
,,,1110000,,,0.24438464641571045,21.52150535583496,0.0026269858,31.75341425538063,0.0003,0.2,0.025537109375,5410,-0.0020404223119840025,-0.11328034743200988,697.0,187.224
592,542,180.97349999999997,1110016,673.61,1874,,,,,,,,,,,,
592,543,184.0586,1112064,682.28,1876,0.2453882098197937,8.628887176513672,0.0035583505,26.091670027375223,0.0003,0.2,0.027978515625,5420,-0.003951474107452668,-0.09786141897784546,,
592,544,190.57749999999996,1114112,694.49,1879,0.30837148427963257,13.19932746887207,0.0047344705,25.063444432616233,0.0003,0.2,0.028369140625,5430,-0.0028394607375958002,-0.09967423503985628,,
592,545,187.5952,1116160,676.54,1882,0.3051944375038147,21.938270568847656,0.0036785356,29.078824985027314,0.0003,0.2,0.02822265625,5440,-0.0013936370029114186,-0.10258923376677558,,
592,546,188.36600000000007,1118208,675.12,1885,0.3135145306587219,10.132655143737793,0.006671162,22.848814538121225,0.0003,0.2,0.048193359375,5450,-0.0023303132635192013,-0.1305036198347807,,
,,,1120000,,,0.3842562437057495,11.687267303466797,0.003990045,27.799682092666625,0.0003,0.2,0.03125,5460,-0.001142620446626097,-0.10882297359639778,659.8,173.602
592,547,188.03550000000004,1120256,680.24,1890,,,,,,,,,,,,
592,548,190.1979,1122304,674.0,1893,0.20981532335281372,6.953378677368164,0.0076037347,22.031146177649497,0.0003,0.2,0.04677734375,5470,-0.0022431422956287863,-0.1254221969516948,,
592,549,194.7579,1124352,687.83,1896,0.3903541564941406,17.027002334594727,0.0048249043,26.3472190618515,0.0003,0.2,0.03125,5480,-0.0021884992253035306,-0.10242621299112216,,
592,550,189.79160000000005,1126400,681.52,1899,0.3797112703323364,9.835395812988281,0.0020618285,26.020060485601427,0.0003,0.2,0.028564453125,5490,-0.002543990808771923,-0.10694806767860428,,
593,551,194.37810000000002,1128448,699.39,1902,0.3419843912124634,24.194616317749023,0.0055922363,28.25845956802368,0.0003,0.2,0.038916015625,5500,-0.0029789436870487408,-0.10246282613952644,,
,,,1130000,,,0.4921027421951294,7.1116623878479,0.0035094358,18.14413504600525,0.0003,0.2,0.03759765625,5510,-0.001672373342444189,-0.09834476537071168,2054.4,288.672
591,552,185.5467,1130496,675.92,1912,,,,,,,,,,,,
591,553,184.3064,1132544,670.34,1914,0.351670503616333,24.066879272460938,0.0023604357,35.52411090135574,0.0003,0.2,0.029248046875,5520,-0.0030705651312018744,-0.10051883363630623,,
591,554,189.1799,1134592,684.34,1918,0.27841299772262573,15.401046752929688,0.002595914,38.05007044970989,0.0003,0.2,0.0228515625,5530,-0.002158353569393512,-0.08664616571040824,,
591,555,189.44530000000003,1136640,681.03,1921,0.2934357523918152,8.981008529663086,0.005473705,24.50367017686367,0.0003,0.2,0.034765625,5540,-0.00044720881269313397,-0.09832499352050945,,
591,556,181.19580000000002,1138688,660.93,1924,0.2915915250778198,13.460314750671387,0.004502551,32.42487379610539,0.0003,0.2,0.027685546875,5550,-0.003958657740440685,-0.09508076505735516,,
,,,1140000,,,0.32106584310531616,30.084747314453125,0.0055813943,35.79681413173675,0.0003,0.2,0.03671875,5560,-0.0031268981721950693,-0.08692622818052768,942.0,333.73
591,557,179.6572,1140736,652.65,1930,,,,,,,,,,,,
591,558,181.33540000000002,1142784,656.18,1933,0.3894506096839905,18.406982421875,0.0025891187,32.67802235484123,0.0003,0.2,0.026513671875,5570,-0.001528984039032366,-0.07950504875043407,,
591,559,179.62830000000002,1144832,641.63,1936,0.526653528213501,8.16804027557373,0.0055539585,22.826477324962617,0.0003,0.2,0.03671875,5580,-0.0036782553972443564,-0.0929637928144075,,
591,560,179.17819999999995,1146880,622.48,1939,0.260583758354187,7.551822662353516,0.0046184696,35.73014380931854,0.0003,0.2,0.041943359375,5590,-0.003512967613642104,-0.09812158097047359,,
591,561,179.2009,1148928,624.12,1942,0.3875475525856018,7.507379531860352,0.0070509017,17.579967400431634,0.0003,0.2,0.039453125,5600,-0.0019650639704195784,-0.09598288886481895,,
,,,1150000,,,0.29691964387893677,17.835121154785156,0.005185922,23.23412541747093,0.0003,0.2,0.037109375,5610,-0.002781049406621605,-0.09780195624334738,539.0,227.138
591,562,180.9875,1150976,616.62,1946,,,,,,,,,,,,
591,563,184.19910000000004,1153024,620.95,1949,0.2675093412399292,22.611459732055664,0.0074368916,44.26740620732308,0.0003,0.2,0.03203125,5620,-0.002923459289013408,-0.08444796242984012,,
591,564,188.38549999999998,1155072,632.7,1952,0.39493000507354736,8.200594902038574,0.0023481837,29.144105699658393,0.0003,0.2,0.027099609375,5630,-0.0008833974046865478,-0.08380046908278019,,
591,565,185.6399,1157120,621.02,1955,0.3585623502731323,8.584492683410645,0.0063813645,23.939248214662076,0.0003,0.2,0.042822265625,5640,-0.0029752394941169767,-0.09440548948477953,,
591,566,179.1185,1159168,597.75,1958,0.275108277797699,23.117374420166016,0.0022007944,38.03250968456268,0.0003,0.2,0.026416015625,5650,-0.0025675049400888383,-0.08781698611564934,,
,,,1160000,,,0.284579336643219,14.718755722045898,0.002817613,22.588000616431238,0.0003,0.2,0.02880859375,5660,-0.002285251423018053,-0.09546597327571363,643.6,124.01999999999998
591,567,183.68080000000006,1161216,596.42,1963,,,,,,,,,,,,
591,568,183.72420000000005,1163264,588.07,1966,0.27320510149002075,5.925029754638672,0.0039298246,25.62193026393652,0.0003,0.2,0.038720703125,5670,-0.002287149209587369,-0.09658478790079243,,
591,569,186.4646,1165312,592.68,1969,0.24328631162643433,23.307373046875,0.004212413,33.56226634681225,0.0003,0.2,0.025048828125,5680,-0.002329339043353684,-0.08594549809931777,,
591,570,189.9754,1167360,599.53,1972,0.3475750684738159,8.010279655456543,0.0041704,26.578672847151758,0.0003,0.2,0.03330078125,5690,-0.0008574314939323813,-0.09721588771790265,,
591,571,188.88049999999998,1169408,597.03,1975,0.28471094369888306,8.95480728149414,0.01608916,31.35698141157627,0.0003,0.2,0.040380859375,5700,-0.007809610923868604,-0.10449056432116777,,
,,,1170000,,,0.29767876863479614,12.188206672668457,0.00590356,34.03805162608624,0.0003,0.2,0.03681640625,5710,-0.002734448661794886,-0.11120760411722586,1226.2,183.914
590,572,190.86050000000003,1171456,603.61,1982,,,,,,,,,,,,
591,573,194.7983,1173504,617.4,1985,0.35103708505630493,9.191374778747559,0.0057825027,21.375921666622162,0.0003,0.2,0.031982421875,5720,-0.0012420511164236813,-0.09170453287661076,,
591,574,199.32299999999998,1175552,631.04,1988,0.41371774673461914,9.373475074768066,0.003872037,23.128044295310975,0.0003,0.2,0.042236328125,5730,-0.004185823127045296,-0.1120375219732523,,
591,575,195.8019,1177600,626.72,1991,0.24700337648391724,26.532222747802734,0.004740335,33.475588858127594,0.0003,0.2,0.04228515625,5740,-0.0031715756907942706,-0.09950121496804058,,
591,576,195.39430000000002,1179648,612.64,1994,0.2894708514213562,11.883193969726562,0.0072876243,25.97563163936138,0.0003,0.2,0.038330078125,5750,-0.0030456010339548812,-0.12369652532506734,,
,,,1180000,,,0.2747061848640442,13.15611743927002,0.004508353,25.921909308433534,0.0003,0.2,0.04033203125,5760,-0.0013274392258608714,-0.09143257586983963,1039.4,257.46400000000006
590,577,196.96460000000008,1181696,611.65,2000,,,,,,,,,,,,
590,578,193.59359999999998,1183744,597.22,2003,0.420731782913208,13.237969398498535,0.004287539,20.752874866127968,0.0003,0.2,0.0396484375,5770,-0.0015652209069230594,-0.09600483631948009,,
591,579,194.8186,1185792,585.42,2006,0.2176608443260193,16.460708618164062,0.0030214218,46.34887146651745,0.0003,0.2,0.025146484375,5780,-0.0018797559692757203,-0.08854125677607953,,
591,580,195.00290000000004,1187840,579.5,2009,0.4319843053817749,9.9229097366333,0.0039945105,25.6312627106905,0.0003,0.2,0.04248046875,5790,-0.0014750919246580452,-0.10869900224497542,,
591,581,193.58899999999997,1189888,580.66,2012,0.2505863904953003,19.52008819580078,0.0019726192,39.542683178186415,0.0003,0.2,0.03408203125,5800,-0.002713866280100774,-0.09017539562773891,,
,,,1190000,,,0.32807594537734985,13.885811805725098,0.0065414254,24.089419850707053,0.0003,0.2,0.03837890625,5810,-0.002668609778629616,-0.10575513828080148,998.8,101.772
590,582,192.02349999999998,1191936,578.17,2018,,,,,,,,,,,,
590,583,186.1581,1193984,561.77,2021,0.4372785687446594,13.337911605834961,0.0047751702,28.83449796140194,0.0003,0.2,0.030859375,5820,-0.0027699207741534336,-0.09596564685925842,,
590,584,191.0959,1196032,572.64,2024,0.14197808504104614,23.746105194091797,0.0068420134,47.386587435007094,0.0003,0.2,0.02861328125,5830,-0.0040961067046737295,-0.09004999923054129,,
591,585,193.81880000000004,1198080,581.3,2027,0.3478996753692627,12.875676155090332,0.009538913,29.03010521531105,0.0003,0.2,0.04169921875,5840,-0.0018361482449108734,-0.09753031018772162,,
,,,1200000,,,0.2854602336883545,9.938036918640137,0.0072720842,32.76452051401138,0.0003,0.2,0.03369140625,5850,-0.0025891170924296604,-0.09036921769147739,1207.0,139.204
590,586,190.50920000000002,1200128,571.95,2033,,,,,,,,,,,,
590,587,190.87919999999997,1202176,577.19,2036,0.3488784432411194,7.528063774108887,0.0056425347,20.687275999784468,0.0003,0.2,0.03330078125,5860,-0.0021835125400684772,-0.08521210812032223,,
590,588,193.2325,1204224,582.58,2039,0.24417638778686523,13.199419021606445,0.0013107732,33.986547127366066,0.0003,0.2,0.023193359375,5870,-0.0015221200403175317,-0.06681961358408443,,
590,589,193.6304,1206272,582.73,2042,0.26553982496261597,7.153536796569824,0.006028761,18.72690360546112,0.0003,0.2,0.03544921875,5880,-0.0014078852560487575,-0.08015078285825439,,
590,590,192.21699999999998,1208320,576.93,2045,0.22489792108535767,16.324207305908203,0.003868469,30.8273607134819,0.0003,0.2,0.0236328125,5890,-0.0009766134069650434,-0.07677803953993134,,
,,,1210000,,,0.29675304889678955,14.249351501464844,0.0020406165,33.507573413848874,0.0003,0.2,0.0177734375,5900,-0.002115262711595278,-0.06163791081053205,580.2,91.904
590,591,188.00749999999996,1210368,567.4,2050,,,,,,,,,,,,
590,592,188.8258,1212416,569.94,2052,0.22127509117126465,11.92763614654541,0.003106095,30.55662881433964,0.0003,0.2,0.02578125,5910,-0.000656654525664635,-0.06329002739512361,,
590,593,189.30079999999998,1214464,576.48,2055,0.2909053564071655,12.672883033752441,0.0039044488,28.380392038822173,0.0003,0.2,0.032470703125,5920,-0.0031416069687111303,-0.08395584768150002,,
590,594,191.34620000000004,1216512,582.73,2058,0.20875275135040283,16.68337059020996,0.0040587354,31.771933603286744,0.0003,0.2,0.02373046875,5930,-0.0018480709157302044,-0.07956564974738285,,
591,595,186.55329999999998,1218560,567.31,2061,0.33376646041870117,11.24190902709961,0.00398888,23.12513371407986,0.0003,0.2,0.030859375,5940,-0.0016216296076891012,-0.08229266916168854,,
,,,1220000,,,0.3709847331047058,17.151268005371094,0.0035224336,28.62753445804119,0.0003,0.2,0.029541015625,5950,-0.001853656918683555,-0.08595152071211487,704.6,164.048
590,596,183.72980000000004,1220608,562.5,2066,,,,,,,,,,,,
590,597,181.7478,1222656,558.32,2069,0.08170843124389648,7.438950061798096,0.0036026721,33.354449862241744,0.0003,0.2,0.028125,5960,-0.0018752083444269374,-0.08707680617226288,,
590,598,186.59390000000002,1224704,570.05,2072,0.3248089551925659,9.245229721069336,0.0065816515,22.171476152539253,0.0003,0.2,0.040185546875,5970,-0.0024606288847280667,-0.08638883224921301,,
591,599,186.42079999999999,1226752,567.64,2075,0.42361122369766235,12.608500480651855,0.004521228,24.344581666588784,0.0003,0.2,0.0314453125,5980,-0.0010319797656848095,-0.0758371070609428,,
591,600,186.26959999999997,1228800,578.76,2078,0.30138319730758667,23.414714813232422,0.0031315591,34.369430360198024,0.0003,0.2,0.023974609375,5990,-0.0022139664477435874,-0.07740571043104864,,
,,,1230000,,,0.40727782249450684,3.3262646198272705,0.0019458598,16.058134622871876,0.0003,0.2,0.025732421875,6000,-0.000996026697976049,-0.07727268954040482,1024.2,215.73999999999995
590,601,183.415,1230848,566.15,2084,,,,,,,,,,,,
590,602,181.87129999999996,1232896,558.09,2087,0.21153861284255981,28.585895538330078,0.0042047263,35.93017044961452,0.0003,0.2,0.038134765625,6010,-0.0031343940616352485,-0.08628041172050871,,
590,603,184.3268,1234944,560.66,2090,0.256946861743927,10.915600776672363,0.0044421386,29.742203584313394,0.0003,0.2,0.025,6020,-0.0014651014731498434,-0.07670654124231077,,
590,604,184.15509999999998,1236992,563.52,2093,0.24662333726882935,11.008420944213867,0.0054151295,29.206686252355574,0.0003,0.2,0.029052734375,6030,-0.0005007573054172099,-0.08332594478852115,,
590,605,178.5823,1239040,552.69,2096,0.3373264670372009,10.756702423095703,0.003944777,32.63589020073414,0.0003,0.2,0.02548828125,6040,-0.0022256270298385062,-0.07978954978170805,,
,,,1240000,,,0.35746026039123535,7.869075298309326,0.0036759325,27.244084438681604,0.0003,0.2,0.03203125,6050,-0.0017664567130850628,-0.06938315495208372,557.8,145.118
590,606,183.1018,1241088,567.85,2101,,,,,,,,,,,,
590,607,178.3242,1243136,557.58,2104,0.291648268699646,12.163533210754395,0.0048246803,32.42663811445236,0.0003,0.2,0.0328125,6060,-0.003448623484291602,-0.0720612303703092,,
590,608,184.25349999999997,1245184,574.09,2107,0.3469480872154236,28.375852584838867,0.008717339,30.511034521460534,0.0003,0.2,0.041943359375,6070,-0.0036679015582194554,-0.0855340915848501,,
591,609,184.2498,1247232,569.36,2110,0.4592550992965698,7.318258285522461,0.004183867,17.3118898332119,0.0003,0.2,0.03291015625,6080,-0.0030278153368271886,-0.08337033236166462,,
591,610,183.40979999999996,1249280,565.68,2113,0.23928403854370117,15.579258918762207,0.00254928,37.66069698929787,0.0003,0.2,0.023779296875,6090,-0.002225287930923514,-0.08964557959698141,,
,,,1250000,,,0.34127557277679443,8.825933456420898,0.0031769788,33.533007946610454,0.0003,0.2,0.033447265625,6100,-0.0029590743884909897,-0.08587836540536956,1127.4,153.87399999999997
590,611,187.72369999999998,1251328,577.38,2119,,,,,,,,,,,,
590,612,179.5237,1253376,556.43,2123,0.3065028190612793,20.759794235229492,0.0048489785,29.951575416326524,0.0003,0.2,0.030078125,6110,-0.0020178334263619034,-0.08562452085316181,,
590,613,174.3692,1255424,541.11,2126,0.3101236820220947,19.778610229492188,0.004652916,40.913545441627505,0.0003,0.2,0.038427734375,6120,-0.002831284166313708,-0.09679170929593965,,
590,614,173.38649999999996,1257472,543.99,2129,0.3557833433151245,20.68014907836914,0.0026540998,40.79001826047897,0.0003,0.2,0.03115234375,6130,-0.0006259939560550265,-0.0882054123270791,,
590,615,170.9993,1259520,538.89,2132,0.4732910394668579,10.900400161743164,0.004777996,28.346306294202805,0.0003,0.2,0.043994140625,6140,-0.0004949868540279567,-0.11092407361138612,,
,,,1260000,,,0.28029865026474,10.221738815307617,0.003797119,34.6204803109169,0.0003,0.2,0.03369140625,6150,-0.0015132916014408693,-0.08791076012421399,876.4,88.72200000000001
590,616,170.3343,1261568,539.93,2137,,,,,,,,,,,,
590,617,167.84779999999998,1263616,535.44,2140,0.40482097864151,8.064921379089355,0.009873088,19.9344230979681,0.0003,0.2,0.0376953125,6160,-0.0011503808127599768,-0.08574737348826603,,
590,618,160.7215,1265664,515.52,2143,0.34552115201950073,12.99283504486084,0.0034006557,33.83071767985821,0.0003,0.2,0.0318359375,6170,-0.0013057012154604308,-0.07091001407243311,,
590,619,161.41729999999998,1267712,520.61,2146,0.200999915599823,33.552730560302734,0.004688221,41.93779783844948,0.0003,0.2,0.02626953125,6180,-0.0023566910516819918,-0.06452320907847024,,
590,620,157.7414,1269760,514.96,2149,0.41362422704696655,6.067361354827881,0.0017292231,21.354262240231037,0.0003,0.2,0.024755859375,6190,-0.0010428379639051855,-0.08241992349503562,,
,,,1270000,,,0.45323437452316284,12.462566375732422,0.03875823,30.493268379569052,0.0003,0.2,0.050439453125,6200,-0.00391356129111955,-0.0898811396502424,1648.8,105.41799999999998
589,621,158.51230000000004,1271808,515.05,2157,,,,,,,,,,,,
589,622,158.2735,1273856,516.92,2160,0.426800012588501,20.92633819580078,0.0065771258,30.402951776981354,0.0003,0.2,0.03837890625,6210,-0.00331295742362272,-0.0996845189249143,,
589,623,161.9541,1275904,526.2,2162,0.380729079246521,14.050829887390137,0.0040818136,37.067076799273494,0.0003,0.2,0.0349609375,6220,-0.0030069309112150224,-0.08676873325603082,,
590,624,162.111,1277952,524.82,2165,0.31741857528686523,13.201303482055664,0.005620574,29.392356765270232,0.0003,0.2,0.044970703125,6230,-0.00198972441139631,-0.11136117050191388,,
,,,1280000,,,0.16844797134399414,8.640424728393555,0.0021444894,37.37973636090756,0.0003,0.2,0.0259765625,6240,-0.0007900445110863074,-0.0910711639910005,1026.2,82.64
589,625,164.03099999999998,1280000,527.2,2171,,,,,,,,,,,,
589,626,163.6786,1282048,518.2,2174,0.3282095193862915,11.79834270477295,0.0066975662,29.83560285270214,0.0003,0.2,0.03955078125,6250,-0.003951342788059265,-0.09980561119737104,,
589,627,164.0728,1284096,524.03,2177,0.3895491361618042,7.774967193603516,0.007021917,22.80790559053421,0.0003,0.2,0.039306640625,6260,-0.00011030200694222003,-0.11085635696072131,,
589,628,162.9829,1286144,522.22,2180,0.19256508350372314,14.550335884094238,0.004854026,35.16136047542095,0.0003,0.2,0.0349609375,6270,-0.0028327406849712133,-0.09342544908868149,,
589,629,161.2012,1288192,519.72,2183,0.37788617610931396,19.338775634765625,0.0070055006,33.08911080360413,0.0003,0.2,0.03408203125,6280,-0.003626771960989572,-0.09087908918736502,,
,,,1290000,,,0.24284780025482178,8.823740005493164,0.003962228,28.124987283349036,0.0003,0.2,0.032470703125,6290,-0.0014174047362757846,-0.09953079638071358,314.6,76.424
589,630,164.6384,1290240,527.32,2187,,,,,,,,,,,,
589,631,165.90919999999997,1292288,527.36,2190,0.3586094379425049,8.376834869384766,0.0039804727,30.38106099963188,0.0003,0.2,0.0375,6300,-0.0027509573788847773,-0.09652107092551887,,
590,632,159.6868,1294336,507.02,2193,0.361441969871521,12.582223892211914,0.002911659,23.507802399992944,0.0003,0.2,0.03525390625,6310,-0.004083807529241312,-0.09235680538695305,,
590,633,153.1995,1296384,490.25,2196,0.27942734956741333,22.603439331054688,0.004608429,41.40229293704033,0.0003,0.2,0.03349609375,6320,-0.002185909524268936,-0.10480141267180443,,
590,634,158.71480000000003,1298432,507.72,2199,0.2986844778060913,8.325366973876953,0.005147334,25.28674995303154,0.0003,0.2,0.031591796875,6330,-0.002383680056664161,-0.07859900402836502,,
,,,1300000,,,0.3091186285018921,18.194049835205078,0.0033188406,26.560568475723265,0.0003,0.2,0.034765625,6340,-0.0017827752773882822,-0.09208794601727277,472.0,154.07999999999998
590,635,160.9468,1300480,518.12,2203,,,,,,,,,,,,
590,636,163.3492,1302528,523.7,2206,0.39338451623916626,11.406615257263184,0.0055918894,28.35052061975002,0.0003,0.2,0.028857421875,6350,-0.003126930905273184,-0.10168598691234365,,
590,637,162.47979999999998,1304576,517.96,2209,0.21354073286056519,7.201164245605469,0.004168423,28.298320090770723,0.0003,0.2,0.03046875,6360,-0.0013507975614629685,-0.10183688449906185,,
590,638,169.19879999999998,1306624,533.09,2212,0.28813594579696655,12.097562789916992,0.002294337,34.8437287658453,0.0003,0.2,0.025048828125,6370,-0.002228025865042582,-0.08305227140081115,,
590,639,167.61000000000004,1308672,521.21,2215,0.2738981246948242,11.149676322937012,0.0059108823,32.2783416390419,0.0003,0.2,0.03935546875,6380,-0.0022219006539671684,-0.09850352504290641,,
,,,1310000,,,0.3344855308532715,16.199907302856445,0.020513834,33.61521168351173,0.0003,0.2,0.037890625,6390,-0.006154699652688578,-0.09379995163762941,1381.4,129.714
589,640,169.90439999999998,1310720,530.79,2222,,,,,,,,,,,,
589,641,171.7972,1312768,537.89,2225,0.20375418663024902,8.62134838104248,0.008346785,16.90134597569704,0.0003,0.2,0.053662109375,6400,-0.004007615578302648,-0.1271299186279066,,
589,642,176.7601,1314816,558.57,2228,0.35908228158950806,10.813970565795898,0.005386063,26.603742045164108,0.0003,0.2,0.0453125,6410,-0.005005661072209478,-0.11593138152966276,,
590,643,178.3328,1316864,569.34,2231,0.2806333303451538,7.75922966003418,0.004828323,23.66621888279915,0.0003,0.2,0.040869140625,6420,-0.0019333519507199527,-0.11434530045371502,,
590,644,177.54640000000003,1318912,566.71,2234,0.3861772418022156,8.084097862243652,0.0039710226,21.01120791435242,0.0003,0.2,0.03837890625,6430,-0.0009108043450396508,-0.10723541101906449,,
,,,1320000,,,0.2906509041786194,12.080534934997559,0.0027398744,30.259729334712027,0.0003,0.2,0.03876953125,6440,-0.0009590605841367505,-0.10585040021687746,810.4,135.64399999999998
589,645,178.9235,1320960,573.42,2240,,,,,,,,,,,,
589,646,180.92899999999997,1323008,577.56,2242,0.25217151641845703,22.929264068603516,0.0024587477,34.34393337965012,0.0003,0.2,0.024609375,6450,-0.002207713965617586,-0.08986728732706979,,
590,647,179.93549999999996,1325056,560.51,2245,0.42046403884887695,15.139803886413574,0.0024084703,27.976379457116128,0.0003,0.2,0.02724609375,6460,-0.0026447816111613066,-0.0912147716153413,,
590,648,183.27079999999998,1327104,571.59,2248,0.36487728357315063,14.436062812805176,0.0045917146,35.41171108186245,0.0003,0.2,0.025,6470,-0.0024006428735447115,-0.08777964024338872,,
590,649,181.80140000000003,1329152,564.59,2251,0.38586193323135376,12.178055763244629,0.0074602147,26.75177670121193,0.0003,0.2,0.03837890625,6480,-0.0019690587956574745,-0.10246464652009309,,
,,,1330000,,,0.41038286685943604,5.532855033874512,0.003665186,20.866510576009752,0.0003,0.2,0.024267578125,6490,-0.0026581006255582905,-0.07026715451502241,800.6,124.252
589,650,177.429,1331200,555.22,2257,,,,,,,,,,,,
589,651,175.5717,1333248,556.09,2259,0.2903985381126404,17.990467071533203,0.0030428444,29.330339416861534,0.0003,0.2,0.02919921875,6500,-0.0021719645475968717,-0.08646162730874493,,
590,652,174.8481,1335296,555.0,2263,0.3978692293167114,16.00567054748535,0.00446509,28.30956353545189,0.0003,0.2,0.03251953125,6510,-0.0028003598097711803,-0.10648655707482249,,
590,653,172.41269999999997,1337344,540.7,2265,0.28689539432525635,10.67800521850586,0.002530986,40.09905936717987,0.0003,0.2,0.025634765625,6520,-0.002663507699617185,-0.09522658215137199,,
590,654,174.08289999999997,1339392,547.01,2269,0.2136073112487793,13.695818901062012,0.002542331,36.49056741297245,0.0003,0.2,0.02548828125,6530,-0.00222822250216268,-0.07731821007910185,,
,,,1340000,,,0.3779931664466858,14.036629676818848,0.0049596066,29.706069272756576,0.0003,0.2,0.034326171875,6540,-0.0020255897266906685,-0.08759847896872089,884.8,291.97799999999995
589,655,173.51399999999998,1341440,543.95,2274,,,,,,,,,,,,
589,656,175.0989,1343488,549.11,2277,0.22754043340682983,11.402027130126953,0.0030777021,36.43245071172714,0.0003,0.2,0.029541015625,6550,-0.0016875030967639759,-0.08623032029718161,,
589,657,177.59479999999996,1345536,553.65,2280,0.21791350841522217,7.829339027404785,0.0045602117,24.75240663588047,0.0003,0.2,0.0408203125,6560,-0.0019417955889366567,-0.0971258339821361,,
590,658,178.13930000000005,1347584,555.16,2283,0.2890694737434387,16.128816604614258,0.0041689547,30.45180530846119,0.0003,0.2,0.023876953125,6570,-0.0013747203687671573,-0.0806479616323486,,
590,659,182.17050000000006,1349632,565.81,2286,0.33741331100463867,10.28104019165039,0.0047790585,25.741130006313323,0.0003,0.2,0.026025390625,6580,-0.002869130962062627,-0.08661845535389148,,
,,,1350000,,,0.3752051591873169,11.90947437286377,0.00260956,24.60117104053497,0.0003,0.2,0.033544921875,6590,-0.002495301974704489,-0.08487222832627594,842.4,79.374
589,660,187.3598,1351680,575.26,2292,,,,,,,,,,,,
589,661,186.63010000000003,1353728,581.07,2295,0.1919681429862976,21.956932067871094,0.0037258023,30.811905694007873,0.0003,0.2,0.029833984375,6600,-0.0024315089831361547,-0.07701287467498333,,
589,662,184.97560000000001,1355776,575.67,2298,0.23840194940567017,45.69565200805664,0.002335689,32.92302602827549,0.0003,0.2,0.034228515625,6610,-0.0019508791243424638,-0.08937262740219012,,
590,663,190.71360000000004,1357824,586.01,2300,0.34417396783828735,11.781634330749512,0.005853886,20.106481856107713,0.0003,0.2,0.030126953125,6620,-0.00031863523763604463,-0.08330315847415477,,
590,664,191.3025,1359872,587.67,2303,0.42188775539398193,7.293854236602783,0.0038774593,19.34242177903652,0.0003,0.2,0.03720703125,6630,-0.004080136270204093,-0.08761428665020503,,
,,,1360000,,,0.35638999938964844,7.186237335205078,0.0039171204,24.027241212129592,0.0003,0.2,0.031298828125,6640,-0.0026057443203171713,-0.08934514129068702,528.8,70.64
590,665,191.49740000000003,1361920,589.69,2308,,,,,,,,,,,,
590,666,195.61219999999997,1363968,603.59,2311,0.18370425701141357,33.94911575317383,0.016647669,40.26899640262127,0.0003,0.2,0.04375,6650,-0.003045777704392094,-0.0947089615277946,,
590,667,193.54590000000005,1366016,599.92,2314,0.17200148105621338,9.133710861206055,0.009236115,23.86436421573162,0.0003,0.2,0.046044921875,6660,-0.004089729630504735,-0.09728798434371129,,
590,668,196.9845,1368064,612.57,2317,0.3192126154899597,12.594630241394043,0.0034346844,30.270812606811525,0.0003,0.2,0.027099609375,6670,-0.0018667725031264125,-0.08737811212195083,,
,,,1370000,,,0.3876773715019226,10.234724998474121,0.00523665,27.934027692675592,0.0003,0.2,0.043896484375,6680,-0.004269633976218756,-0.09920901391888037,1904.8,295.61600000000004
589,669,198.64950000000002,1370112,621.02,2325,,,,,,,,,,,,
589,670,200.2618,1372160,639.05,2328,0.2862536907196045,4.831269264221191,0.0059775403,19.384798631072044,0.0003,0.2,0.0419921875,6690,-0.003384984451986384,-0.0940384447807446,,
589,671,203.3282,1374208,643.29,2331,0.20520180463790894,9.644984245300293,0.0028236434,28.581208395957947,0.0003,0.2,0.03095703125,6700,-0.0018114763515768573,-0.1084085455397144,,
589,672,205.6207,1376256,648.15,2334,0.3778820037841797,10.813709259033203,0.0046794564,26.54506773352623,0.0003,0.2,0.0328125,6710,-0.00356942039943533,-0.0909198984503746,,
589,673,196.36090000000002,1378304,617.67,2337,0.5158413648605347,10.008915901184082,0.00990358,17.66482050716877,0.0003,0.2,0.0439453125,6720,-0.003272353581269272,-0.10602224336471408,,
,,,1380000,,,0.29589569568634033,11.187650680541992,0.004789384,35.24548697173596,0.0003,0.2,0.035546875,6730,-0.004768755007535219,-0.09408718429040164,996.8,190.69
589,674,203.29200000000003,1380352,631.71,2343,,,,,,,,,,,,
589,675,204.08680000000004,1382400,629.9,2346,0.36617958545684814,10.153403282165527,0.0037334508,26.72184167802334,0.0003,0.2,0.0287109375,6740,-0.0030747483076993378,-0.09481132220244035,,
589,676,204.6929,1384448,632.66,2348,0.4953896403312683,9.42763614654541,0.004352121,19.47302764058113,0.0003,0.2,0.034912109375,6750,-0.0019353352661710232,-0.091549069841858,,
589,677,206.02110000000005,1386496,644.76,2351,0.2919108271598816,9.939227104187012,0.0029135593,26.139497217535972,0.0003,0.2,0.030810546875,6760,-0.003697739707422443,-0.08553405666025356,,
589,678,210.0789,1388544,656.95,2355,0.28660547733306885,10.722386360168457,0.010340476,33.53653031289578,0.0003,0.2,0.03134765625,6770,-0.0050630857193027625,-0.07879169271327555,,
,,,1390000,,,0.2920730710029602,17.815065383911133,0.0032351806,22.03304556906223,0.0003,0.2,0.028662109375,6780,-0.0020518852863460777,-0.089486312167719,829.4,308.63
589,679,212.58099999999996,1390592,668.07,2360,,,,,,,,,,,,
589,680,209.7417,1392640,658.04,2363,0.28953951597213745,10.335306167602539,0.0037646568,28.51136964559555,0.0003,0.2,0.029736328125,6790,-0.002491007682692725,-0.09097760944860056,,
589,681,210.68379999999996,1394688,662.02,2366,0.29302507638931274,17.0226993560791,0.0064087706,31.125318348407745,0.0003,0.2,0.033935546875,6800,-0.00280007819092134,-0.08660352198639884,,
589,682,213.9345,1396736,673.15,2369,0.35847795009613037,10.202582359313965,0.0037115542,24.788908088207243,0.0003,0.2,0.026318359375,6810,-0.00023419505450874566,-0.09122598014073446,,
589,683,215.13140000000004,1398784,677.67,2372,0.393832266330719,11.078561782836914,0.0033101037,23.913464361429213,0.0003,0.2,0.02802734375,6820,-0.0005808099347632378,-0.08501321603544057,,
,,,1400000,,,0.37920039892196655,10.022919654846191,0.0029548241,28.592593678832053,0.0003,0.2,0.031103515625,6830,-0.0023395627315039745,-0.08971302529098465,1291.4,257.166
588,684,214.89800000000002,1400832,672.78,2379,,,,,,,,,,,,
588,685,216.96920000000003,1402880,678.05,2382,0.19861775636672974,26.037973403930664,0.008341319,41.95999481081962,0.0003,0.2,0.02666015625,6840,-0.0017472881765570492,-0.0639247840445023,,
589,686,219.342,1404928,691.39,2385,0.4470418691635132,6.3157219886779785,0.007299414,23.971144005656242,0.0003,0.2,0.04013671875,6850,-0.0038103558734292166,-0.0875590133247897,,
589,687,225.24489999999997,1406976,712.14,2388,0.4426405429840088,20.88217544555664,0.0075186663,24.94764892756939,0.0003,0.2,0.0462890625,6860,-0.003158067031472456,-0.11005412931554019,,
589,688,225.6626,1409024,711.11,2391,0.38390296697616577,5.947046756744385,0.009282889,18.047244337201118,0.0003,0.2,0.033935546875,6870,-0.0017989673295232933,-0.09738511436153204,,
,,,1410000,,,0.2600604295730591,18.940332412719727,0.0056285327,25.07004060149193,0.0003,0.2,0.02939453125,6880,-0.0014761460843146779,-0.08234269903041422,376.4,108.63600000000001
589,689,231.4255,1411072,727.05,2395,,,,,,,,,,,,
589,690,230.56069999999997,1413120,729.67,2398,0.36244338750839233,7.038766384124756,0.0063691763,22.589158290624617,0.0003,0.2,0.031103515625,6890,-0.0011311603884678334,-0.08265244194772095,,
589,691,223.7891,1415168,709.21,2401,0.2884666323661804,15.14008617401123,0.005026789,30.553293967247008,0.0003,0.2,0.026123046875,6900,-0.0015573462529573589,-0.08681382359936833,,
589,692,221.70010000000002,1417216,708.72,2404,0.3220564126968384,21.165401458740234,0.0034934327,40.04242352247238,0.0003,0.2,0.031005859375,6910,-0.0023468920422601513,-0.08929320327006281,,
589,693,223.04969999999997,1419264,710.28,2407,0.44173920154571533,20.880020141601562,0.004039815,29.394899347424506,0.0003,0.2,0.032421875,6920,-0.0038203380623599513,-0.09908059614244849,,
,,,1420000,,,0.41068774461746216,11.84531307220459,0.0061922977,24.656779599189758,0.0003,0.2,0.0287109375,6930,-0.0025208468185155654,-0.08637974974699318,429.0,85.55
589,694,221.86460000000002,1421312,708.18,2411,,,,,,,,,,,,
589,695,222.9366,1423360,711.68,2414,0.2596582770347595,18.23328399658203,0.00477631,32.57541348338127,0.0003,0.2,0.03271484375,6940,-0.0033654212165856734,-0.0810338886687532,,
589,696,225.7739,1425408,734.92,2417,0.22863352298736572,8.477958679199219,0.004284192,24.492838671803476,0.0003,0.2,0.03525390625,6950,-0.0013352834270335735,-0.09623370514018462,,
589,697,231.6967,1427456,753.78,2420,0.44143807888031006,7.84617805480957,0.0063849045,17.941852727532385,0.0003,0.2,0.0447265625,6960,-0.001687838666839525,-0.11340342005714774,,
589,698,226.0106,1429504,732.56,2423,0.43609875440597534,9.107837677001953,0.0061460687,19.525254091620447,0.0003,0.2,0.043017578125,6970,-0.004052176180994138,-0.09077952231746167,,
,,,1430000,,,0.2576703429222107,13.117817878723145,0.003270727,29.76021876335144,0.0003,0.2,0.0267578125,6980,-0.0018846984778065235,-0.07405144925578497,436.2,141.108
589,699,222.26329999999996,1431552,729.04,2427,,,,,,,,,,,,
589,700,219.5847,1433600,732.07,2430,0.2524481415748596,7.945051670074463,0.0065421583,18.823476797342302,0.0003,0.2,0.03798828125,6990,-0.0007509499759180471,-0.09174259399296716,,
589,701,217.93130000000005,1435648,727.66,2433,0.2668612003326416,15.70706844329834,0.0044925977,26.91646920144558,0.0003,0.2,0.0408203125,7000,-0.001471100389608182,-0.09237957363948227,,
589,702,221.60260000000002,1437696,732.77,2436,0.2816820740699768,6.132663726806641,0.0023133731,26.47755523324013,0.0003,0.2,0.026904296875,7010,-0.0015238334832247346,-0.08859098807442933,,
590,703,224.0605,1439744,739.11,2439,0.3474771976470947,15.257303237915039,0.004519974,25.58175308406353,0.0003,0.2,0.0294921875,7020,-0.0031657667699619197,-0.09026239013765007,,
,,,1440000,,,0.3014112710952759,25.860736846923828,0.0021347962,30.434621733427047,0.0003,0.2,0.032763671875,7030,-0.0019583254790632052,-0.0868118966696784,787.6,257.442
589,704,222.18659999999997,1441792,746.04,2445,,,,,,,,,,,,
589,705,219.7495,1443840,723.63,2448,0.14145690202713013,3.785956382751465,0.005358802,15.043592782318592,0.0003,0.2,0.037939453125,7040,0.0004748662584461272,-0.08614010603632778,,
589,706,216.76159999999996,1445888,723.05,2451,0.29898935556411743,25.809282302856445,0.0023219811,30.697328275442125,0.0003,0.2,0.023193359375,7050,-0.0012446333363186567,-0.08852491007419303,,
589,707,217.17519999999996,1447936,718.71,2454,0.35844457149505615,9.91858959197998,0.005837957,28.137793520092963,0.0003,0.2,0.03583984375,7060,-0.004858750029234216,-0.08377107601845638,,
590,708,216.66289999999998,1449984,717.6,2457,0.3213232755661011,10.99403190612793,0.0042201914,19.35012905597687,0.0003,0.2,0.031396484375,7070,-0.0013475795713020489,-0.08665854220744222,,
,,,1450000,,,0.312406063079834,8.62929916381836,0.0024717168,27.690223625302316,0.0003,0.2,0.023193359375,7080,-0.0008585519666667096,-0.07717374576022848,609.0,219.852
589,709,209.11790000000005,1452032,700.39,2461,,,,,,,,,,,,
589,710,209.54720000000006,1454080,707.2,2464,0.2690298557281494,13.281005859375,0.0026397847,34.656424856185915,0.0003,0.2,0.02998046875,7090,-0.001835693250177428,-0.07745680719381198,,
590,711,209.29420000000002,1456128,701.67,2467,0.32208043336868286,12.207860946655273,0.0038137846,22.07096031010151,0.0003,0.2,0.036181640625,7100,-0.0008007636235561222,-0.11040099418023601,,
590,712,215.0206,1458176,718.36,2471,0.35165542364120483,18.566923141479492,0.0033790295,29.46201748549938,0.0003,0.2,0.029833984375,7110,-0.0031445118234842083,-0.08731819468084723,,
,,,1460000,,,0.3299521207809448,13.432517051696777,0.0053337784,26.262955486774445,0.0003,0.2,0.04091796875,7120,-0.0028321901365416123,-0.10403846157714725,702.2,121.574
589,713,215.81140000000002,1460224,722.16,2476,,,,,,,,,,,,
589,714,220.32049999999998,1462272,729.96,2479,0.3557758331298828,8.77046012878418,0.0043639014,20.582481807470323,0.0003,0.2,0.03662109375,7130,-0.0010218379145953804,-0.09318023979431019,,
589,715,221.93970000000002,1464320,734.79,2482,0.4225577116012573,6.459683895111084,0.008076413,18.702701963484287,0.0003,0.2,0.041650390625,7140,-0.004359798296354711,-0.09525649750139564,,
590,716,226.1992,1466368,747.13,2485,0.31866663694381714,22.25312042236328,0.003461769,25.60244112312794,0.0003,0.2,0.02607421875,7150,-0.0016095375249278732,-0.07152958186925389,,
590,717,224.93509999999998,1468416,753.74,2488,0.3778541088104248,11.16073226928711,0.0031764447,30.013012605905534,0.0003,0.2,0.02998046875,7160,-0.003458364907419309,-0.08054963848553598,,
,,,1470000,,,0.3121929168701172,9.078092575073242,0.004021812,26.542329162359238,0.0003,0.2,0.023876953125,7170,-0.0011105370242148638,-0.08366628708317876,483.2,122.85999999999999
589,718,221.63859999999997,1470464,741.39,2492,,,,,,,,,,,,
590,719,225.7961,1472512,752.72,2495,0.32035279273986816,22.47206687927246,0.0074054203,31.823477694392203,0.0003,0.2,0.033251953125,7180,-0.0027221686730626972,-0.08893801152007655,,
590,720,229.4921,1474560,768.66,2498,0.2976337671279907,7.33026123046875,0.0031949596,25.02999922633171,0.0003,0.2,0.027294921875,7190,-0.0014862147683743388,-0.08194255306734703,,
590,721,229.26760000000002,1476608,768.39,2501,0.3247911334037781,7.720516681671143,0.005974003,19.703345933556555,0.0003,0.2,0.042724609375,7200,-0.0006246889272006229,-0.08438629225711339,,
590,722,232.40529999999998,1478656,776.61,2504,0.40572017431259155,20.468490600585938,0.005583889,27.760061329603197,0.0003,0.2,0.033642578125,7210,-0.00192940572014777,-0.088187955704052,,
,,,1480000,,,0.32974773645401,12.041054725646973,0.006543114,27.873442298173906,0.0003,0.2,0.034130859375,7220,-0.003174939489690587,-0.09264883252326399,908.0,209.856
589,723,226.8064,1480704,761.28,2510,,,,,,,,,,,,
589,724,224.0695,1482752,750.02,2513,0.36906611919403076,10.981026649475098,0.004562669,25.65650531500578,0.0003,0.2,0.028564453125,7230,-0.001582466167747043,-0.06557710344204679,,
590,725,213.62290000000002,1484800,731.73,2516,0.16230332851409912,21.575971603393555,0.0017995596,22.298857343196868,0.0003,0.2,0.02333984375,7240,-0.001684591846424155,-0.09019347762223333,,
590,726,217.8702,1486848,732.47,2519,0.33939051628112793,17.078811645507812,0.0029991274,34.54465328156948,0.0003,0.2,0.022412109375,7250,-0.0010583392446278594,-0.07640267544193194,,
590,727,209.19719999999998,1488896,708.36,2522,0.26002925634384155,15.921941757202148,0.0019784258,32.15067910552025,0.0003,0.2,0.01962890625,7260,-0.0020899655399261976,-0.07285767942667007,,
,,,1490000,,,0.26269567012786865,26.926565170288086,0.0036402796,42.84817148447037,0.0003,0.2,0.02490234375,7270,-0.0012715345626929774,-0.07057295545819216,1732.0,164.962
589,728,211.3711,1490944,712.08,2530,,,,,,,,,,,,
589,729,209.49810000000002,1492992,707.2,2533,0.3375433087348938,10.27143669128418,0.0057221153,19.41238051354885,0.0003,0.2,0.03076171875,7280,-0.0009234604687662796,-0.07466827889438718,,
589,730,196.7554,1495040,660.18,2536,0.28185707330703735,11.91379165649414,0.002745218,28.858949103951453,0.0003,0.2,0.029736328125,7290,-0.0019349569804035128,-0.07187430651974865,,
589,731,203.41210000000004,1497088,669.81,2539,0.3435920476913452,9.718873023986816,0.004755036,31.030678287148476,0.0003,0.2,0.035888671875,7300,-0.004877212017890997,-0.06616408019326628,,
589,732,206.07870000000003,1499136,659.0,2542,0.26918327808380127,11.823410034179688,0.014165057,35.050241672992705,0.0003,0.2,0.0326171875,7310,-0.003055098652839661,-0.06213964941271115,,
,,,1500000,,,0.32466137409210205,18.204557418823242,0.0051438147,27.301018568873406,0.0003,0.2,0.029541015625,7320,-0.0021862513807718643,-0.09621678323019296,705.0,160.72
589,733,207.69369999999998,1501184,666.85,2547,,,,,,,,,,,,
589,734,204.0177,1503232,658.91,2550,0.35891157388687134,14.028160095214844,0.015582396,25.865717390179633,0.0003,0.2,0.03623046875,7330,-0.003307441677316092,-0.09212142452597619,,
589,735,200.0835,1505280,652.97,2553,0.43666934967041016,9.023703575134277,0.0041920417,23.671084851026535,0.0003,0.2,0.03671875,7340,-0.0026219300016236957,-0.11877528375480324,,
589,736,201.46670000000003,1507328,642.56,2556,0.1782476305961609,13.082054138183594,0.012648897,36.806678876280785,0.0003,0.2,0.04560546875,7350,-0.0028120902425143868,-0.09144883337430657,,
589,737,199.79899999999998,1509376,632.27,2559,0.3655773401260376,12.394207954406738,0.004199445,25.53242091536522,0.0003,0.2,0.03134765625,7360,-0.003181499257334508,-0.09559402728918939,,
,,,1510000,,,0.2989490032196045,16.066753387451172,0.012669943,32.82682496905327,0.0003,0.2,0.032568359375,7370,-0.004121957914321683,-0.09063534563174472,401.2,98.49999999999999
589,738,198.01229999999998,1511424,627.09,2563,,,,,,,,,,,,
589,739,200.54880000000006,1513472,628.37,2566,0.281798779964447,17.355289459228516,0.003467603,27.510327357053757,0.0003,0.2,0.023974609375,7380,-0.0012870161270257085,-0.10225130853941664,,
589,740,200.17529999999996,1515520,637.6,2569,0.23916256427764893,19.254594802856445,0.0043121167,33.80598482787609,0.0003,0.2,0.03037109375,7390,-0.002097677392885089,-0.09593371046939865,,
590,741,195.30180000000004,1517568,620.6,2572,0.2502535581588745,10.703288078308105,0.005207472,20.822433015704156,0.0003,0.2,0.03876953125,7400,-0.0018222976723336615,-0.09601453462382778,,
590,742,184.5686000000001,1519616,589.13,2575,0.32148587703704834,15.50436019897461,0.0038802454,29.05784590244293,0.0003,0.2,0.0291015625,7410,-0.0016254422545898706,-0.0882325637852773,,
,,,1520000,,,0.32636338472366333,13.070127487182617,0.0047781356,32.45599679946899,0.0003,0.2,0.022998046875,7420,-0.0029517907212721186,-0.08908355069579557,833.0,158.058
589,743,182.00540000000004,1521664,587.42,2580,,,,,,,,,,,,
589,744,182.6436,1523712,585.85,2583,0.32225650548934937,13.83439826965332,0.0030468623,25.924594205617904,0.0003,0.2,0.02822265625,7430,-0.001256419079436455,-0.07864290170255117,,
589,745,185.15200000000002,1525760,580.24,2586,0.2243233323097229,10.402669906616211,0.0022097537,26.868930712342262,0.0003,0.2,0.01953125,7440,-0.0011228824965655803,-0.07217624941840768,,
589,746,183.7366,1527808,573.64,2589,0.3038877844810486,6.878714084625244,0.008870648,22.076368686556815,0.0003,0.2,0.03935546875,7450,-0.0035202320665121078,-0.0973864036728628,,
589,747,179.35450000000003,1529856,557.15,2593,0.35986393690109253,12.379894256591797,0.009436443,23.403421717882157,0.0003,0.2,0.03466796875,7460,-0.0013722592819249257,-0.0795506485272199,,
,,,1530000,,,0.3429473042488098,13.558822631835938,0.0032010966,29.176717746257783,0.0003,0.2,0.022998046875,7470,-0.002119934449729044,-0.0817242089076899,778.6,238.51399999999998
589,748,179.20559999999998,1531904,550.91,2598,,,,,,,,,,,,
589,749,181.53209999999999,1533952,558.18,2601,0.4581976532936096,17.965036392211914,0.004946084,22.180019736289978,0.0003,0.2,0.033251953125,7480,-0.0032186885640840047,-0.07326124329119921,,
589,750,177.2653,1536000,557.07,2604,0.32194435596466064,6.598116874694824,0.0068957284,20.735521227121353,0.0003,0.2,0.040380859375,7490,-0.003669858947978355,-0.07947926285560243,,
589,751,175.75619999999995,1538048,550.54,2607,0.2738448977470398,18.106962203979492,0.0070691817,23.823135310411452,0.0003,0.2,0.0357421875,7500,-0.0045240861902129835,-0.06775765859638341,,
,,,1540000,,,0.34193116426467896,15.283940315246582,0.0051224176,26.180275735259055,0.0003,0.2,0.02744140625,7510,-0.0026321955534513108,-0.06441547007416375,956.8,238.916
589,752,182.7285,1540096,565.04,2613,,,,,,,,,,,,
589,753,185.80899999999997,1542144,576.97,2616,0.3469187021255493,10.626315116882324,0.0056368476,24.807629385590552,0.0003,0.2,0.025634765625,7520,-0.0028466422663768753,-0.07041669266181998,,
589,754,183.5578,1544192,569.09,2619,0.32137221097946167,10.042269706726074,0.004373334,28.268952974677084,0.0003,0.2,0.02236328125,7530,-0.0022353475622367116,-0.07390931952977553,,
589,755,182.60130000000004,1546240,567.55,2622,0.21747058629989624,20.61418342590332,0.0050509213,35.11985871195793,0.0003,0.2,0.033203125,7540,-0.0031753638701047747,-0.06664178634237032,,
589,756,187.79500000000004,1548288,595.58,2625,0.36169397830963135,7.957067012786865,0.0029064612,15.463592663407326,0.0003,0.2,0.015185546875,7550,-0.001389242449658923,-0.06533762413891964,,
,,,1550000,,,0.37424302101135254,12.202412605285645,0.0025076848,22.431110513210296,0.0003,0.2,0.020068359375,7560,-0.00010556288034422324,-0.06095013144076802,474.4,158.362
589,757,190.96560000000002,1550336,613.22,2629,,,,,,,,,,,,
589,758,194.87690000000003,1552384,622.14,2632,0.3365440368652344,14.829977035522461,0.004364824,29.602405190467834,0.0003,0.2,0.025390625,7570,-0.0030548136099241676,-0.07146038338541985,,
589,759,195.51360000000005,1554432,623.83,2635,0.46613186597824097,14.112168312072754,0.0066027143,22.516160529851913,0.0003,0.2,0.033203125,7580,-0.0035644621617393567,-0.08138544954708778,,
589,760,197.0838,1556480,637.96,2638,0.3696048855781555,8.419169425964355,0.0043109604,20.30570921599865,0.0003,0.2,0.02978515625,7590,0.0008789862695266493,-0.08999749280628748,,
589,761,194.62910000000002,1558528,642.92,2641,0.34993696212768555,4.881796836853027,0.0047745975,12.354645657539368,0.0003,0.2,0.027783203125,7600,-0.0005804176238598302,-0.07706947160186246,,
,,,1560000,,,0.26234573125839233,24.257083892822266,0.0041711275,29.913111409544946,0.0003,0.2,0.031298828125,7610,-0.003000711087952368,-0.09475155161926523,2215.4,136.688
588,762,201.6009,1560576,659.2,2651,,,,,,,,,,,,
588,763,202.4623,1562624,662.94,2654,0.36990243196487427,18.760894775390625,0.0037888626,38.91169975399971,0.0003,0.2,0.037744140625,7620,-0.0038388617860618977,-0.08812363500474021,,
588,764,203.00699999999995,1564672,666.23,2657,0.24237656593322754,6.366847038269043,0.0034274594,25.666932466626168,0.0003,0.2,0.0298828125,7630,-0.0027503479868755676,-0.08545430009253323,,
588,765,206.3696,1566720,681.28,2660,0.22572565078735352,9.009011268615723,0.02105121,21.554148325324057,0.0003,0.2,0.0375,7640,-0.002277343210880645,-0.09068715535104274,,
589,766,204.75349999999997,1568768,681.85,2663,0.31440550088882446,13.405591011047363,0.005381557,27.439955133199692,0.0003,0.2,0.030322265625,7650,-0.0014528611951391212,-0.09500964805483818,,
,,,1570000,,,0.2843061685562134,9.0519437789917,0.0048003346,30.42863427400589,0.0003,0.2,0.033447265625,7660,-0.0031336087675299497,-0.08560498672304676,1732.6,97.99600000000001
588,767,204.04029999999995,1570816,697.12,2671,,,,,,,,,,,,
588,768,207.27659999999997,1572864,707.29,2674,0.19140863418579102,5.181773662567139,0.0111799035,8.729750164970756,0.0003,0.2,0.043896484375,7670,-0.0008722645550733432,-0.08266582646756433,,
588,769,207.21810000000002,1574912,706.84,2677,0.37045711278915405,8.540112495422363,0.003741807,27.288659092783927,0.0003,0.2,0.0310546875,7680,-0.0015773511899169535,-0.08770268282969482,,
588,770,209.22820000000004,1576960,710.52,2680,0.2884431481361389,14.302105903625488,0.0033144574,30.359741270542145,0.0003,0.2,0.02861328125,7690,-0.00265538111270871,-0.07529995468794368,,
588,771,208.8611,1579008,715.29,2683,0.35049182176589966,20.061954498291016,0.0020568282,26.973538362979887,0.0003,0.2,0.0228515625,7700,-0.0019763303884246853,-0.06816725048120134,,
,,,1580000,,,0.4622509479522705,6.277382850646973,0.0030461857,18.84687165915966,0.0003,0.2,0.0302734375,7710,-0.00246273796656169,-0.10197392909321934,576.6,224.92200000000003
588,772,211.6675,1581056,724.71,2688,,,,,,,,,,,,
588,773,217.53799999999998,1583104,741.9,2691,0.37151074409484863,6.893499851226807,0.008173231,15.789630983769893,0.0003,0.2,0.03955078125,7720,-0.004365869465982541,-0.08584690705756656,,
588,774,217.26720000000006,1585152,742.55,2694,0.36093461513519287,11.456008911132812,0.004061826,26.953445526957513,0.0003,0.2,0.037841796875,7730,-0.0033167901885462923,-0.08677518488257192,,
588,775,218.55959999999993,1587200,747.42,2697,0.31864529848098755,9.366900444030762,0.0020417129,17.369733023643494,0.0003,0.2,0.0279296875,7740,-0.0030409997067181393,-0.08234676565625705,,
588,776,218.5429,1589248,740.38,2700,0.3271246552467346,11.355897903442383,0.0037891087,20.32123238146305,0.0003,0.2,0.031494140625,7750,-0.0031616721709724514,-0.07322893527452834,,
,,,1590000,,,0.205696702003479,18.84224510192871,0.0043370184,32.318733462691306,0.0003,0.2,0.028173828125,7760,-0.0029091399934259242,-0.08965827106731013,965.0,336.45799999999997
588,777,221.28520000000003,1591296,739.69,2706,,,,,,,,,,,,
588,778,222.92790000000002,1593344,741.67,2709,0.2822585105895996,15.157577514648438,0.0042678444,27.357964235544205,0.0003,0.2,0.0240234375,7770,-0.0015076219307957218,-0.06776459187967702,,
588,779,230.63410000000005,1595392,764.56,2712,0.3606758117675781,7.222297668457031,0.004638911,13.607892720401287,0.0003,0.2,0.03330078125,7780,-0.0015028585126856341,-0.07935728956363164,,
588,780,232.5488,1597440,766.36,2715,0.392511785030365,16.14523696899414,0.0030647968,22.078490605950357,0.0003,0.2,0.02265625,7790,-0.0013795902079436928,-0.06794435731717385,,
588,781,233.44240000000002,1599488,768.89,2718,0.3335456848144531,5.91376256942749,0.00526213,23.956544759869576,0.0003,0.2,0.034228515625,7800,-0.0018683284433791414,-0.09238644602010027,,
,,,1600000,,,0.3331671953201294,19.009511947631836,0.0025525657,34.54740934073925,0.0003,0.2,0.026806640625,7810,-0.0032955357193714006,-0.08672556900419295,613.4,201.20999999999998
588,782,231.60280000000003,1601536,768.07,2722,,,,,,,,,,,,
588,783,232.2838,1603584,766.42,2725,0.22038352489471436,6.640510559082031,0.0050464207,24.569340044260024,0.0003,0.2,0.0330078125,7820,-0.0033357640873873605,-0.08335770545527339,,
588,784,233.34170000000003,1605632,770.22,2728,0.4106358289718628,12.121933937072754,0.0057964306,23.14622866213322,0.0003,0.2,0.0314453125,7830,-0.002190946735208854,-0.0633847905031871,,
588,785,235.4686,1607680,776.43,2731,0.31992071866989136,10.298108100891113,0.0055534206,24.585087119042875,0.0003,0.2,0.031640625,7840,-0.003019006700196769,-0.083826087648049,,
588,786,236.23680000000002,1609728,782.69,2734,0.3912351131439209,11.49586009979248,0.0037541154,26.900700280070303,0.0003,0.2,0.03154296875,7850,-0.0017544423491926864,-0.09122524108970538,,
,,,1610000,,,0.44477909803390503,10.814640998840332,0.008173723,29.767227205634118,0.0003,0.2,0.0353515625,7860,-0.0030219000909710303,-0.07009553451789544,911.0,268.84000000000003
588,787,230.65659999999997,1611776,764.99,2740,,,,,,,,,,,,
588,788,228.30220000000006,1613824,750.22,2743,0.2636187672615051,8.74345588684082,0.008425674,36.74261563718319,0.0003,0.2,0.02822265625,7870,-0.0066871133225504305,-0.06600091265281663,,
588,789,222.79629999999997,1615872,739.81,2746,0.2640693783760071,7.487232685089111,0.004846055,24.090695562958718,0.0003,0.2,0.030126953125,7880,-0.0023778193251928316,-0.07494421782321296,,
588,790,224.75349999999995,1617920,746.48,2749,0.3512691259384155,11.664034843444824,0.0022612014,28.18473011851311,0.0003,0.2,0.0232421875,7890,-0.0020958617620635777,-0.068268243141938,,
588,791,226.18500000000003,1619968,750.16,2752,0.32368040084838867,18.098129272460938,0.009601431,27.124516946077346,0.0003,0.2,0.039453125,7900,-0.0026454286009538917,-0.08959241843549534,,
,,,1620000,,,0.267403244972229,8.97321891784668,0.005510711,23.97007038295269,0.0003,0.2,0.034326171875,7910,-0.0012652610923396424,-0.07497368019539863,802.2,225.106
588,792,222.49339999999992,1622016,719.56,2757,,,,,,,,,,,,
588,793,219.1694,1624064,714.66,2760,0.30425262451171875,18.271987915039062,0.0064233,28.99348827302456,0.0003,0.2,0.0345703125,7920,-0.0020413228834513576,-0.08581523322500288,,
588,794,222.06059999999997,1626112,724.02,2764,0.29233765602111816,6.3185272216796875,0.0066517573,19.83216176331043,0.0003,0.2,0.037841796875,7930,-0.0024120272457366808,-0.0880108384997584,,
588,795,221.15510000000003,1628160,714.37,2767,0.29660511016845703,6.743889331817627,0.002861032,27.50881407856941,0.0003,0.2,0.0326171875,7940,-0.00010215641814284026,-0.08572794572100975,,
,,,1630000,,,0.21596872806549072,11.996983528137207,0.004342189,27.512301650643348,0.0003,0.2,0.033642578125,7950,-0.0029448706802213563,-0.07444166845525615,622.0,251.23199999999997
588,796,226.96290000000002,1630208,718.91,2772,,,,,,,,,,,,
588,797,231.19899999999998,1632256,727.78,2775,0.39257681369781494,10.36531925201416,0.0072629605,25.5160390406847,0.0003,0.2,0.032666015625,7960,-0.004152367699134629,-0.07456713321153075,,
588,798,231.19899999999998,1634304,727.78,2778,0.3258821368217468,11.0109281539917,0.0023210535,24.071522632241248,0.0003,0.2,0.03017578125,7970,-0.0008844064359436743,-0.0769665619591251,,
588,799,234.80129999999997,1636352,745.98,2781,0.2588859796524048,7.383762359619141,0.008394783,17.460991263389587,0.0003,0.2,0.0451171875,7980,-0.0030337678908836097,-0.10512711518676951,,
588,800,230.80419999999998,1638400,729.81,2784,0.4164775609970093,18.348737716674805,0.0054409085,25.19465590119362,0.0003,0.2,0.030419921875,7990,-0.003490163212700281,-0.07655687886872328,,
,,,1640000,,,0.2512384057044983,10.602707862854004,0.007994499,28.407535231113435,0.0003,0.2,0.041943359375,8000,-0.005227830333751626,-0.0822032826486975,1316.2,161.714
587,801,230.25079999999997,1640448,724.69,2790,,,,,,,,,,,,
587,802,230.2926,1642496,726.71,2793,0.2878778576850891,11.47751522064209,0.0024422659,30.047934433817865,0.0003,0.2,0.02666015625,8010,-0.00243493788439082,-0.09491112713003531,,
588,803,237.2256,1644544,728.03,2796,0.29635149240493774,8.032135009765625,0.0040563624,15.974775096774101,0.0003,0.2,0.02841796875,8020,-0.0009807703812839464,-0.0743103617336601,,
588,804,238.47539999999998,1646592,723.94,2799,0.34819990396499634,13.170714378356934,0.007140764,24.722326985001565,0.0003,0.2,0.039404296875,8030,-0.003966426222177688,-0.08926419325871393,,
588,805,242.0419,1648640,736.32,2802,0.23195123672485352,8.788796424865723,0.0053251255,27.755455708503725,0.0003,0.2,0.03173828125,8040,-0.00095868423813954,-0.07684982630307786,,
,,,1650000,,,0.4079306125640869,7.877996921539307,0.0045364574,20.783371689915658,0.0003,0.2,0.03212890625,8050,-0.0018831703666364775,-0.0772447967727203,928.6,234.548
587,806,238.00600000000006,1650688,727.23,2808,,,,,,,,,,,,
587,807,232.93869999999998,1652736,701.59,2811,0.32567864656448364,13.92182731628418,0.004472544,32.41530756652355,0.0003,0.2,0.027294921875,8060,-0.002938521184842102,-0.07998213270911947,,
587,808,234.4937,1654784,709.25,2814,0.3262560963630676,15.07468032836914,0.0050705858,30.077468064427375,0.0003,0.2,0.032568359375,8070,-0.0029652017285116015,-0.07496835964848288,,
588,809,233.77949999999998,1656832,704.01,2817,0.2535661458969116,13.525249481201172,0.013601215,35.714389035105704,0.0003,0.2,0.0396484375,8080,-0.004893780694692396,-0.08920664674951695,,
588,810,236.77790000000002,1658880,712.45,2820,0.2485145926475525,8.554762840270996,0.0069141807,25.558322693407536,0.0003,0.2,0.034619140625,8090,-0.0027876328327693044,-0.09257012688321993,,
,,,1660000,,,0.43657296895980835,14.34969711303711,0.008357267,25.926665565371515,0.0003,0.2,0.03671875,8100,-0.0034507241594837978,-0.09460534378886223,489.6,187.314
587,811,241.016,1660928,721.14,2824,,,,,,,,,,,,
588,812,245.3601,1662976,730.23,2828,0.262703001499176,7.926352024078369,0.0022611266,34.980145138502124,0.0003,0.2,0.0236328125,8110,-0.00027266100805718453,-0.0764741989027243,,
588,813,242.5307,1665024,723.51,2830,0.298927903175354,14.431459426879883,0.0070555448,29.88570404946804,0.0003,0.2,0.032666015625,8120,-0.00433388159435708,-0.07289640178205445,,
588,814,243.96760000000003,1667072,725.84,2834,0.1994827389717102,10.40286636352539,0.00630753,28.260833713412286,0.0003,0.2,0.030419921875,8130,-0.001986138182110153,-0.0785621679155156,,
588,815,236.77530000000002,1669120,708.52,2837,0.3362637162208557,10.554389953613281,0.008341993,18.47802524268627,0.0003,0.2,0.03994140625,8140,-0.001835879744612612,-0.08707573008141481,,
,,,1670000,,,0.24838519096374512,13.171957969665527,0.006622498,42.07995048761368,0.0003,0.2,0.032568359375,8150,-0.002150997711578384,-0.08534542536363006,2402.0,365.12999999999994
586,816,234.71210000000002,1671168,705.65,2847,,,,,,,,,,,,
586,817,231.9114,1673216,705.58,2850,0.2721335291862488,14.659367561340332,0.0059393262,25.196452420949935,0.0003,0.2,0.03671875,8160,-0.0006529021164169535,-0.08759224232053384,,
587,818,229.43200000000002,1675264,694.1,2853,0.2660806179046631,11.769845008850098,0.0044675916,33.93546411395073,0.0003,0.2,0.038720703125,8170,-0.0028627279883949087,-0.09479905712651089,,
587,819,229.5577,1677312,696.44,2856,0.21967005729675293,27.545814514160156,0.0050876155,40.10419075489044,0.0003,0.2,0.0337890625,8180,-0.003128306100552436,-0.094036630471237,,
587,820,226.08519999999996,1679360,685.67,2859,0.35703688859939575,10.530350685119629,0.0058219433,27.32913165986538,0.0003,0.2,0.043701171875,8190,-0.003445430971623864,-0.10477693524444476,,
,,,1680000,,,0.4513261318206787,13.847908973693848,0.0053407266,23.493315267562867,0.0003,0.2,0.0396484375,8200,-0.003477186165400781,-0.08825225491309538,1421.4,209.30599999999998
586,821,232.02379999999997,1681408,701.95,2866,,,,,,,,,,,,
586,822,233.15599999999998,1683456,705.42,2869,0.37263792753219604,10.612567901611328,0.0033557431,28.990402111411093,0.0003,0.2,0.02841796875,8210,-0.00150694471958559,-0.07259699510177597,,
586,823,234.43740000000003,1685504,701.39,2872,0.2754681706428528,14.821776390075684,0.0077656303,23.2135872900486,0.0003,0.2,0.041064453125,8220,-0.0030669127299916,-0.093140132795088,,
586,824,232.8459,1687552,701.29,2875,0.2927609086036682,13.967459678649902,0.00769169,29.2186264783144,0.0003,0.2,0.042236328125,8230,-0.0033540334210556467,-0.0946218881988898,,
586,825,231.71199999999996,1689600,699.07,2878,0.32744985818862915,6.627784252166748,0.00463639,24.04577623307705,0.0003,0.2,0.03212890625,8240,-0.003775267567834817,-0.08327591924462467,,
,,,1690000,,,0.3233364224433899,16.240062713623047,0.008088413,28.255857163667677,0.0003,0.2,0.037939453125,8250,-0.004773189485422336,-0.07889585610828362,800.0,289.70200000000006
586,826,231.9863,1691648,699.96,2883,,,,,,,,,,,,
586,827,233.7495,1693696,702.99,2886,0.3024556040763855,9.750123023986816,0.0049367035,31.53216975927353,0.0003,0.2,0.03828125,8260,-0.002363170542230364,-0.06835255734040402,,
586,828,228.4984,1695744,690.52,2889,0.2850648760795593,9.677692413330078,0.0063402313,17.91289308667183,0.0003,0.2,0.0375,8270,-0.0004906471833237447,-0.08076585086528212,,
586,829,224.35570000000004,1697792,679.32,2892,0.4344968795776367,16.99919891357422,0.0038520922,27.683099299669266,0.0003,0.2,0.032568359375,8280,-0.002710032346658409,-0.0898287420743145,,
587,830,228.9863,1699840,690.48,2895,0.3411098122596741,19.226364135742188,0.0035835425,33.998800253868104,0.0003,0.2,0.025537109375,8290,-0.0034910082817077638,-0.07489894923637622,,
,,,1700000,,,0.3187935948371887,11.682446479797363,0.004723711,24.51892257332802,0.0003,0.2,0.032666015625,8300,-0.0037862148456042632,-0.08484867899678647,832.4,254.03000000000003
586,831,221.14730000000003,1701888,665.06,2900,,,,,,,,,,,,
586,832,218.68509999999998,1703936,657.06,2903,0.3812231421470642,9.509766578674316,0.002915054,28.68183479309082,0.0003,0.2,0.0263671875,8310,-0.0017778743043891155,-0.06516933802631683,,
586,833,204.06240000000003,1705984,610.09,2906,0.19485920667648315,9.169107437133789,0.0048640682,31.640148442983627,0.0003,0.2,0.0361328125,8320,-0.006010200493619777,-0.08490005039493553,,
586,834,198.9781,1708032,595.17,2909,0.20707541704177856,22.446910858154297,0.003291178,47.917917388677594,0.0003,0.2,0.031298828125,8330,-0.0021684244129573926,-0.07866443299571983,,
,,,1710000,,,0.17713165283203125,22.042102813720703,0.0037024652,34.676061657071116,0.0003,0.2,0.03154296875,8340,-0.003145870924345218,-0.07860401449725032,921.8,347.66200000000003
586,835,200.37169999999995,1710080,596.94,2915,,,,,,,,,,,,
586,836,206.1159999999999,1712128,614.94,2918,0.19651830196380615,13.240673065185547,0.0027654036,28.795062890648843,0.0003,0.2,0.035205078125,8350,-0.0018637085260706954,-0.07944609116530046,,
586,837,207.40009999999998,1714176,618.95,2921,0.4366280436515808,7.334695339202881,0.0058299787,15.73654140084982,0.0003,0.2,0.038232421875,8360,-0.0047550252143992115,-0.08251263585407287,,
586,838,210.05519999999996,1716224,624.58,2924,0.3278062343597412,13.887317657470703,0.00725427,28.656378895044327,0.0003,0.2,0.039013671875,8370,-0.003598035138566047,-0.08695063277846202,,
587,839,206.00269999999998,1718272,611.35,2926,0.19008749723434448,15.272455215454102,0.002871486,26.605515670776366,0.0003,0.2,0.026123046875,8380,-0.0011277492361841724,-0.07298996184254065,,
,,,1720000,,,0.3033088445663452,28.64165496826172,0.0035993517,35.11227951049805,0.0003,0.2,0.02958984375,8390,-0.0025571892067091538,-0.07760926984483377,1188.2,285.564
586,840,203.69969999999998,1720320,606.03,2932,,,,,,,,,,,,
586,841,199.59399999999994,1722368,597.71,2935,0.3718394637107849,14.287698745727539,0.004286669,26.2960465580225,0.0003,0.2,0.030908203125,8400,-0.0016473845942527987,-0.08082992927520535,,
586,842,204.35339999999997,1724416,611.21,2938,0.3000355362892151,7.433773040771484,0.011835312,24.699920147657394,0.0003,0.2,0.047265625,8410,-0.0005453336547361687,-0.08497249180800281,,
587,843,207.24969999999996,1726464,619.95,2941,0.32844752073287964,8.652499198913574,0.0039809765,21.841869750618933,0.0003,0.2,0.043359375,8420,-0.004062602935300674,-0.08415797364432365,,
587,844,202.5339,1728512,610.11,2943,0.23533207178115845,14.854326248168945,0.014088428,27.65209264755249,0.0003,0.2,0.039208984375,8430,-0.002440286273485981,-0.08865478122606874,,
,,,1730000,,,0.2519763112068176,7.477741241455078,0.00685348,34.09521642029286,0.0003,0.2,0.043408203125,8440,-0.00405055308365263,-0.11504141511395574,873.0,200.88
586,845,208.21970000000002,1730560,618.84,2949,,,,,,,,,,,,
586,846,211.96849999999998,1732608,627.51,2951,0.4636176824569702,8.71264934539795,0.0075671114,21.617700812220573,0.0003,0.2,0.0326171875,8450,-0.003864806375349872,-0.07368615836603568,,
587,847,209.05489999999998,1734656,634.81,2954,0.2665724754333496,7.500668525695801,0.005453269,24.907769665122032,0.0003,0.2,0.035205078125,8460,-0.002628070637001656,-0.10146979842102155,,
587,848,211.03650000000002,1736704,637.43,2957,0.2613998055458069,15.366264343261719,0.005246053,31.57142879962921,0.0003,0.2,0.030419921875,8470,-0.0038782565825385973,-0.07696255263872445,,
587,849,207.89520000000002,1738752,637.38,2959,0.4008445739746094,21.91472625732422,0.0024621102,27.221584022045135,0.0003,0.2,0.0271484375,8480,-0.0024809814669424666,-0.078244720492512,,
,,,1740000,,,0.253905713558197,8.907463073730469,0.00665896,22.419418385624887,0.0003,0.2,0.042529296875,8490,-0.0020683350783656353,-0.09467064512427896,1543.6,374.834
586,850,214.3723,1740800,657.37,2966,,,,,,,,,,,,
586,851,215.72899999999998,1742848,660.33,2969,0.1572592854499817,11.826019287109375,0.005521873,30.07044222652912,0.0003,0.2,0.041064453125,8500,-0.0034266729810042305,-0.08465822042780928,,
587,852,220.1715,1744896,674.98,2972,0.35291337966918945,6.581563472747803,0.0035946728,16.901696094870566,0.0003,0.2,0.036767578125,8510,-0.0006044836991350166,-0.08956502620130777,,
587,853,220.25939999999994,1746944,673.9,2974,0.3157980442047119,4.535796642303467,0.004553128,19.156165048480034,0.0003,0.2,0.03349609375,8520,-0.00306568990345113,-0.08085940493037924,,
587,854,224.29289999999997,1748992,684.63,2977,0.1953992247581482,11.01728343963623,0.004091694,28.425423181056978,0.0003,0.2,0.029296875,8530,-0.0004899711289908737,-0.08320296354359016,,
,,,1750000,,,0.4090111255645752,10.46895980834961,0.006460104,15.511853148043155,0.0003,0.2,0.035009765625,8540,-0.002603174519026652,-0.08999309811624698,1247.0,146.332
586,855,221.59530000000004,1751040,677.34,2983,,,,,,,,,,,,
587,856,226.31130000000002,1753088,687.77,2986,0.3241773247718811,10.806253433227539,0.0050120354,26.829808500409126,0.0003,0.2,0.03681640625,8550,-0.0028734152554534377,-0.09652157744858414,,
587,857,227.62640000000002,1755136,694.89,2989,0.3132256865501404,16.91899299621582,0.0044668736,28.781078320741653,0.0003,0.2,0.03037109375,8560,-0.003311572229722515,-0.08020865071448498,,
587,858,226.36999999999998,1757184,687.81,2991,0.3667759895324707,17.930025100708008,0.0045648357,26.158041501045226,0.0003,0.2,0.02666015625,8570,-0.001707414623524528,-0.08711466522654518,,
587,859,222.04080000000002,1759232,679.34,2994,0.24264901876449585,10.157234191894531,0.0070671593,27.126134073734285,0.0003,0.2,0.03974609375,8580,-0.002642813434067648,-0.09557584978174419,,
,,,1760000,,,0.3306947946548462,16.417558670043945,0.0038603507,37.2174430668354,0.0003,0.2,0.029296875,8590,-0.004786182712996379,-0.08715340860653668,1317.8,462.726
586,860,224.9244,1761280,687.05,3000,,,,,,,,,,,,
587,861,224.74479999999997,1763328,683.2,3003,0.4343637228012085,8.3258638381958,0.0025738725,19.596700017154216,0.0003,0.2,0.027490234375,8600,-0.001941250593517907,-0.10088916344102472,,
587,862,224.6324,1765376,678.03,3006,0.3181816339492798,19.247560501098633,0.004183488,28.290384712815285,0.0003,0.2,0.03232421875,8610,-0.002346438956737984,-0.09243774460628629,,
587,863,222.2849,1767424,671.67,3008,0.21491014957427979,12.578521728515625,0.006609301,29.284357094764708,0.0003,0.2,0.041162109375,8620,-0.0047932741756085305,-0.09469435000792145,,
587,864,229.28009999999998,1769472,693.41,3011,0.39344942569732666,15.308582305908203,0.0043443395,26.716693967580795,0.0003,0.2,0.02958984375,8630,-0.002102928209933452,-0.08458697178866714,,
,,,1770000,,,0.3648892641067505,7.244664669036865,0.0040397085,22.085383811593054,0.0003,0.2,0.030908203125,8640,-0.0032323359890142457,-0.0904318489599973,1077.2,361.31800000000004
587,865,230.19539999999998,1771520,694.67,3017,,,,,,,,,,,,
587,866,232.18359999999996,1773568,705.24,3019,0.3622485399246216,8.691280364990234,0.0031044565,18.811581206321716,0.0003,0.2,0.02529296875,8650,-0.0008866311167366802,-0.07047292626230046,,
587,867,238.88239999999993,1775616,727.79,3022,0.42054373025894165,8.80111026763916,0.0075407787,20.1927287876606,0.0003,0.2,0.034765625,8660,-0.004051828591036611,-0.08560878307325766,,
587,868,237.54930000000002,1777664,727.88,3025,0.5943942070007324,4.673745632171631,0.0032675755,17.61471588909626,0.0003,0.2,0.027197265625,8670,-0.002013838232960552,-0.08053967535961419,,
587,869,241.48420000000002,1779712,740.65,3028,0.2546459436416626,14.177508354187012,0.017101536,41.0469562292099,0.0003,0.2,0.03466796875,8680,-0.00677879845170537,-0.07912847062107176,,
,,,1780000,,,0.3115183711051941,16.214799880981445,0.0031091205,25.912176647782324,0.0003,0.2,0.0244140625,8690,-0.0009229037823388353,-0.07293170348275453,828.0,316.312
587,870,248.5914,1781760,759.58,3032,,,,,,,,,,,,
587,871,250.29999999999995,1783808,762.86,3035,0.2954583764076233,7.1380767822265625,0.0071372585,26.55394003689289,0.0003,0.2,0.032666015625,8700,-0.0021027796712587586,-0.08196109411655925,,
587,872,254.13610000000006,1785856,775.31,3038,0.20399242639541626,10.670175552368164,0.0041899486,24.648963943123817,0.0003,0.2,0.03623046875,8710,-0.0010485940758371726,-0.08826406057924033,,
587,873,254.32390000000007,1787904,775.35,3040,0.21574020385742188,18.652740478515625,0.026070826,32.07271410524845,0.0003,0.2,0.0337890625,8720,-0.00481779170804657,-0.08143702269298955,,
588,874,248.72119999999998,1789952,761.4,3043,0.3085825443267822,12.281159400939941,0.0073917205,19.53698146045208,0.0003,0.2,0.0376953125,8730,-0.0038821884198114278,-0.08461234351852909,,
,,,1790000,,,0.3177754878997803,12.31264591217041,0.003983703,30.23680416047573,0.0003,0.2,0.034375,8740,-0.002424070112465415,-0.08502471263054759,929.2,248.27599999999998
587,875,248.29289999999997,1792000,759.68,3048,,,,,,,,,,,,
587,876,249.6068,1794048,762.52,3051,0.25114375352859497,31.523710250854492,0.008067189,31.646993163228036,0.0003,0.2,0.04287109375,8750,-0.0005649974424159155,-0.07598634905880317,,
588,877,254.33750000000003,1796096,778.18,3054,0.4371163249015808,10.183112144470215,0.00967587,23.72985723912716,0.0003,0.2,0.039306640625,8760,-0.004369935858994723,-0.0860931659117341,,
588,878,255.43409999999997,1798144,780.01,3057,0.43585556745529175,7.625752925872803,0.0070128725,21.451871219277383,0.0003,0.2,0.0400390625,8770,-0.0027189918488147668,-0.09505671121878549,,
,,,1800000,,,0.4562854766845703,10.313982009887695,0.00262526,22.366811352968217,0.0003,0.2,0.02216796875,8780,-0.0025734000257216392,-0.07594892365741543,751.8,69.99000000000001
587,879,254.7722,1800192,776.24,3062,,,,,,,,,,,,
588,880,246.4264,1802240,751.46,3064,0.3439980745315552,18.546276092529297,0.006315683,32.06174625456333,0.0003,0.2,0.035791015625,8790,-0.002369317457487341,-0.09156834210734814,,
588,881,249.667,1804288,758.29,3067,0.38909345865249634,14.172098159790039,0.002459657,41.33750131428242,0.0003,0.2,0.02529296875,8800,-0.0031612869090167804,-0.07666187391150743,,
588,882,244.03940000000003,1806336,748.12,3070,0.3328975439071655,12.497636795043945,0.0025578614,22.16558628976345,0.0003,0.2,0.029736328125,8810,-0.0029153373528970406,-0.0814459391811397,,
588,883,241.53289999999998,1808384,728.82,3072,0.34343403577804565,11.178194999694824,0.0038600247,24.028568111360073,0.0003,0.2,0.0306640625,8820,-0.0016764046798925848,-0.08415775474859402,,
,,,1810000,,,0.3932343125343323,20.540668487548828,0.0021919305,30.09166548848152,0.0003,0.2,0.026953125,8830,-0.00023405643441947176,-0.08315818931441754,1441.4,144.086
587,884,240.26980000000003,1810432,715.5,3079,,,,,,,,,,,,
588,885,242.49850000000004,1812480,721.15,3081,0.39913398027420044,14.200613975524902,0.0032615138,33.020471930503845,0.0003,0.2,0.02255859375,8840,-0.0007900686410721392,-0.07592266859719529,,
588,886,231.213,1814528,680.36,3084,0.511184573173523,8.462371826171875,0.0035006632,26.59638171195984,0.0003,0.2,0.03125,8850,-0.003208351126522757,-0.07422147265751847,,
588,887,228.03740000000002,1816576,671.23,3087,0.2223968505859375,32.3895149230957,0.008487359,50.9383292645216,0.0003,0.2,0.027490234375,8860,-0.0035783554892987015,-0.06537713198194979,,
588,888,226.20199999999997,1818624,664.4,3089,0.29834479093551636,15.024608612060547,0.0054679234,30.062131518125533,0.0003,0.2,0.034033203125,8870,-0.003368614902137779,-0.07048997989622877,,
,,,1820000,,,0.3608773350715637,10.51279354095459,0.004183381,25.435396948456763,0.0003,0.2,0.025146484375,8880,-0.0017433893357519993,-0.06298149270005524,1132.4,285.76
588,889,226.81439999999998,1820672,673.82,3095,,,,,,,,,,,,
588,890,229.8242,1822720,684.92,3098,0.3604498505592346,13.52326774597168,0.013597035,29.86768553853035,0.0003,0.2,0.03876953125,8890,-0.0018208952446002514,-0.08725089309737086,,
588,891,230.0856,1824768,692.4,3101,0.519806981086731,7.216188430786133,0.0064561255,17.280936223268508,0.0003,0.2,0.036572265625,8900,-0.003196928752004169,-0.07350534225115553,,
588,892,230.86469999999997,1826816,687.06,3103,0.34348779916763306,17.917896270751953,0.0032232753,26.115085065364838,0.0003,0.2,0.029052734375,8910,-0.00021771499596070498,-0.08694881798001006,,
588,893,236.0197,1828864,699.62,3106,0.3296883702278137,6.703493118286133,0.0024871957,30.316005101799966,0.0003,0.2,0.027783203125,8920,-0.0037835999974049628,-0.0743608026765287,,
,,,1830000,,,0.3319781422615051,13.514452934265137,0.0018799449,31.293177443742753,0.0003,0.2,0.02314453125,8930,-0.0014827220598817802,-0.06484727272763849,1047.6,368.262
588,894,240.97420000000002,1830912,721.34,3112,,,,,,,,,,,,
588,895,236.28289999999998,1832960,703.92,3114,0.4234551787376404,4.636711597442627,0.005198043,17.471874579787254,0.0003,0.2,0.0412109375,8940,-0.0016015312226954847,-0.0956652922439389,,
588,896,238.94960000000003,1835008,716.8,3117,0.23325270414352417,7.927490234375,0.0028215214,26.87320974469185,0.0003,0.2,0.0240234375,8950,-0.0030902879690984262,-0.07616702682571486,,
588,897,240.3396,1837056,724.73,3119,0.308899462223053,10.028143882751465,0.004026884,26.678537130355835,0.0003,0.2,0.028857421875,8960,-0.0014318698493298143,-0.094224508816842,,
588,898,242.8477,1839104,729.85,3122,0.5339189767837524,8.981452941894531,0.011883549,15.778930021822452,0.0003,0.2,0.046337890625,8970,-0.004105168278329074,-0.08286297549493611,,
,,,1840000,,,0.2269701361656189,22.45584487915039,0.0032340116,25.910445863008498,0.0003,0.2,0.021142578125,8980,-0.0031752749608131127,-0.06659222749876789,494.0,98.42999999999999
588,899,246.99720000000002,1841152,741.18,3126,,,,,,,,,,,,
589,900,243.90740000000002,1843200,731.45,3129,0.3664258122444153,6.572937965393066,0.0030521753,15.369118233025073,0.0003,0.2,0.02734375,8990,-0.0027527264290256427,-0.07902762956218794,,
589,901,233.5271,1845248,696.01,3131,0.3280651569366455,12.121696472167969,0.0076816725,30.743235859274865,0.0003,0.2,0.0384765625,9000,-0.002299257824779488,-0.07564097184222192,,
589,902,236.4217,1847296,703.21,3134,0.33967745304107666,18.66164779663086,0.0023837853,23.051168921589852,0.0003,0.2,0.0306640625,9010,-0.0006992062641074881,-0.08296992682153359,,
589,903,236.7069,1849344,705.11,3137,0.4684523344039917,11.419689178466797,0.0040994673,27.280312874913214,0.0003,0.2,0.03125,9020,-0.004155978634662461,-0.08452971313963645,,
,,,1850000,,,0.3755233883857727,12.551167488098145,0.011298263,17.358479562401772,0.0003,0.2,0.03681640625,9030,-0.002886348936590366,-0.08504395839408971,671.4,193.98600000000002
589,904,235.3537,1851392,701.5,3141,,,,,,,,,,,,
589,905,229.50490000000002,1853440,693.66,3144,0.2012103796005249,40.74673080444336,0.0031749553,31.873308965563773,0.0003,0.2,0.025732421875,9040,-0.0030321150174131618,-0.07785534225986339,,
589,906,229.6749,1855488,692.27,3147,0.28801673650741577,16.200361251831055,0.0044080727,30.07885475754738,0.0003,0.2,0.033349609375,9050,-0.002126851139473729,-0.08046184379491024,,
589,907,227.33210000000003,1857536,683.74,3149,0.2868230938911438,8.005276679992676,0.0041422285,27.768338826298713,0.0003,0.2,0.02431640625,9060,-0.0027811493375338612,-0.08064312339993193,,
589,908,232.84149999999997,1859584,704.1,3152,0.300136923789978,8.994039535522461,0.00324625,24.744147542119027,0.0003,0.2,0.02841796875,9070,-0.0018284186808159575,-0.08645005495636723,,
,,,1860000,,,0.35241472721099854,14.431009292602539,0.008631269,20.469770723581313,0.0003,0.2,0.0419921875,9080,-0.00253482150437776,-0.08653260393766686,1171.6,128.69
589,909,230.03859999999997,1861632,696.03,3158,,,,,,,,,,,,
589,910,233.99399999999997,1863680,710.05,3161,0.5045557618141174,7.965622425079346,0.00758931,14.920578733086586,0.0003,0.2,0.04296875,9090,-0.005004955874755979,-0.0899150188663043,,
589,911,238.37669999999997,1865728,727.68,3163,0.4275363087654114,11.081563949584961,0.005685412,18.94809323847294,0.0003,0.2,0.033154296875,9100,-0.003210414668137673,-0.08753497003344819,,
589,912,233.6754,1867776,710.68,3166,0.4540053606033325,12.839261054992676,0.0030428031,19.118564996123315,0.0003,0.2,0.026953125,9110,-0.001396530936472118,-0.08424189887009562,,
589,913,232.49559999999997,1869824,705.76,3169,0.287617027759552,12.30632209777832,0.004221815,30.5032738506794,0.0003,0.2,0.034521484375,9120,-0.00471226595400367,-0.08584911430370994,,
,,,1870000,,,0.1921710968017578,22.805654525756836,0.004429203,32.001031044125554,0.0003,0.2,0.027294921875,9130,-0.003203104413114488,-0.08647043294622563,468.0,189.894
589,914,233.10689999999994,1871872,707.78,3173,,,,,,,,,,,,
590,915,238.1218,1873920,719.84,3175,0.25552088022232056,8.179221153259277,0.0035525404,20.45641764253378,0.0003,0.2,0.031396484375,9140,-0.0007887826461228542,-0.06796112815500237,,
590,916,239.26350000000002,1875968,724.48,3178,0.29142045974731445,17.207536697387695,0.0053064637,22.597584201395513,0.0003,0.2,0.039599609375,9150,-0.0038610788629739544,-0.08597136064199731,,
590,917,242.39049999999995,1878016,730.68,3181,0.28927987813949585,12.266980171203613,0.008409693,29.30743545293808,0.0003,0.2,0.040673828125,9160,-0.0029061535358778203,-0.09590137670747936,,
,,,1880000,,,0.19883358478546143,20.343698501586914,0.0025608675,35.66717177331448,0.0003,0.2,0.023193359375,9170,-0.001873832961427979,-0.07045349600957707,1395.4,209.406
589,918,241.06,1880064,728.52,3188,,,,,,,,,,,,
589,919,245.11590000000004,1882112,735.21,3190,0.33723020553588867,11.481779098510742,0.008660838,19.83342790156603,0.0003,0.2,0.04892578125,9180,-0.003468183902441524,-0.10219908413710073,,
590,920,249.06059999999997,1884160,745.41,3193,0.3483976125717163,22.025686264038086,0.0043036016,43.620672249794005,0.0003,0.2,0.0369140625,9190,-0.005203176799113862,-0.0841184017888736,,
590,921,239.35769999999997,1886208,725.09,3196,0.3260166645050049,17.971006393432617,0.008297693,25.698025393486024,0.0003,0.2,0.034228515625,9200,-0.0045387016754830254,-0.07911229011369869,,
590,922,245.72209999999995,1888256,743.04,3198,0.27630460262298584,10.910896301269531,0.005343322,27.043201598525048,0.0003,0.2,0.04794921875,9210,-0.0022015604306943716,-0.11439292652066797,,
,,,1890000,,,0.10616689920425415,11.402571678161621,0.0024763658,30.54816471338272,0.0003,0.2,0.025830078125,9220,-0.0010494151079910806,-0.07837297610240057,504.0,46.624
590,923,248.11239999999998,1890304,747.13,3202,,,,,,,,,,,,
590,924,247.48829999999998,1892352,752.4,3205,0.26221269369125366,11.984516143798828,0.012165926,31.47904598414898,0.0003,0.2,0.044580078125,9230,-0.0022685197545797564,-0.09173557037720456,,
590,925,242.00750000000005,1894400,729.58,3208,0.3703988790512085,11.524059295654297,0.0053892285,30.337937197089197,0.0003,0.2,0.0408203125,9240,-0.0016186877677682788,-0.11465512436116114,,
590,926,243.28359999999998,1896448,720.79,3211,0.28187257051467896,15.859753608703613,0.004023949,38.85615478754043,0.0003,0.2,0.0349609375,9250,-0.0028229127638041973,-0.0866485286038369,,
590,927,240.6189,1898496,717.92,3213,0.3759568929672241,12.716031074523926,0.006383632,26.097315761446954,0.0003,0.2,0.037646484375,9260,-0.002552728990849573,-0.09161280073458329,,
,,,1900000,,,0.35343241691589355,15.231742858886719,0.005441907,28.937506878376006,0.0003,0.2,0.03271484375,9270,-0.0014884103555232286,-0.09380218338919803,864.8,256.35
590,928,238.75660000000005,1900544,714.9,3218,,,,,,,,,,,,
590,929,235.84199999999998,1902592,701.69,3221,0.3070722222328186,32.90035629272461,0.0058437246,34.8372779995203,0.0003,0.2,0.03583984375,9280,-0.003743617027066648,-0.09890082639176398,,
590,930,234.95680000000002,1904640,697.92,3224,0.4027286767959595,21.25486946105957,0.005174691,38.2036065608263,0.0003,0.2,0.034375,9290,-0.003505345054145437,-0.09234274913324043,,
590,931,236.4776,1906688,698.18,3226,0.35654187202453613,11.876762390136719,0.0047818273,30.65574437379837,0.0003,0.2,0.030078125,9300,-0.0012382606248138473,-0.09311363053275272,,
591,932,231.05169999999998,1908736,682.97,3229,0.3653647303581238,9.596895217895508,0.0051217186,25.520062562823295,0.0003,0.2,0.031640625,9310,-0.0024970425525680183,-0.09081799509003759,,
,,,1910000,,,0.3238045573234558,13.5628662109375,0.004517492,35.46014682352543,0.0003,0.2,0.038330078125,9320,-0.00365508898103144,-0.09126102613518014,908.2,322.174
590,933,228.5144,1910784,674.38,3234,,,,,,,,,,,,
590,934,222.79969999999997,1912832,655.62,3237,0.4281685948371887,14.664313316345215,0.0074154004,29.89833202958107,0.0003,0.2,0.034423828125,9330,-0.0035142263324814847,-0.08283802611986175,,
590,935,225.79139999999998,1914880,665.03,3240,0.4167693853378296,10.910506248474121,0.0032963834,33.96091073453427,0.0003,0.2,0.026806640625,9340,-0.001349364931229502,-0.0905937083880417,,
591,936,225.06940000000003,1916928,659.78,3242,0.39032816886901855,17.22852325439453,0.0040661003,25.1340214073658,0.0003,0.2,0.03251953125,9350,-0.0015421623320435174,-0.08778328743064776,,
591,937,226.34560000000002,1918976,664.67,3245,0.35835081338882446,14.3036527633667,0.004627575,31.17916710078716,0.0003,0.2,0.02607421875,9360,-0.0033713267344865016,-0.09587375370319932,,
,,,1920000,,,0.3674044609069824,5.526088714599609,0.009894431,18.955883406102657,0.0003,0.2,0.03818359375,9370,-0.0032734169537434353,-0.09829936155001633,734.0,226.79000000000002
591,938,226.5032,1921024,656.52,3250,,,,,,,,,,,,
591,939,223.2128,1923072,646.66,3252,0.2882733941078186,26.16683006286621,0.0033721714,36.866557264328,0.0003,0.2,0.033740234375,9380,-0.004912947159027681,-0.10483763898955659,,
591,940,226.18099999999998,1925120,653.72,3255,0.3136975169181824,10.61775016784668,0.005236429,21.487704357504846,0.0003,0.2,0.033203125,9390,-0.00017665777268121018,-0.09673498058691621,,
591,941,213.40929999999997,1927168,615.42,3258,0.29784637689590454,8.544736862182617,0.006941684,29.804812574386595,0.0003,0.2,0.039501953125,9400,-0.0041994859057012945,-0.10549390217056498,,
591,942,212.19179999999997,1929216,614.96,3261,0.35650748014450073,14.810538291931152,0.003658494,34.20433671474457,0.0003,0.2,0.0283203125,9410,-0.0019120051292702556,-0.0990185787435621,,
,,,1930000,,,0.16544467210769653,6.557633399963379,0.004143639,31.562460392713547,0.0003,0.2,0.045166015625,9420,-0.004093614287558012,-0.1046339702210389,2069.8,281.29
590,943,213.20109999999997,1931264,619.23,3269,,,,,,,,,,,,
590,944,216.2633,1933312,629.49,3272,0.3768056035041809,7.540867805480957,0.00645995,24.604896214604377,0.0003,0.2,0.034423828125,9430,-0.002744874521158636,-0.09724549615057185,,
590,945,210.06399999999994,1935360,614.96,3274,0.4192483425140381,6.943423748016357,0.0038809236,21.45690871477127,0.0003,0.2,0.039306640625,9440,-0.00356998943752842,-0.09731133525492623,,
591,946,208.95929999999996,1937408,616.83,3277,0.36942732334136963,8.008541107177734,0.004662761,31.38040600121021,0.0003,0.2,0.033837890625,9450,-0.0030206580900994594,-0.09310682395007461,,
591,947,210.0997,1939456,618.49,3280,0.36474961042404175,17.691299438476562,0.0048957677,30.04947588145733,0.0003,0.2,0.0361328125,9460,-0.002106780224130489,-0.08533919119508937,,
,,,1940000,,,0.3055931329727173,11.254863739013672,0.0038814219,26.71452514529228,0.0003,0.2,0.029345703125,9470,-0.002033994550583884,-0.08082488580839708,377.6,17.762
591,948,207.96110000000002,1941504,611.95,3283,,,,,,,,,,,,
591,949,207.5162,1943552,610.3,3286,0.4268079996109009,11.492606163024902,0.0039618853,27.872914797067644,0.0003,0.2,0.029052734375,9480,-0.002203191953594796,-0.10064737767679617,,
591,950,212.93990000000002,1945600,624.13,3288,0.3777949810028076,8.176888465881348,0.011230351,18.356920197606087,0.0003,0.2,0.039111328125,9490,-0.004363270543399267,-0.09583489518845453,,
591,951,213.1079,1947648,627.55,3291,0.2473577857017517,12.923575401306152,0.005583561,44.07208517491817,0.0003,0.2,0.033984375,9500,-0.003531035818741657,-0.09957674534525722,,
591,952,205.53499999999997,1949696,603.83,3294,0.1993890404701233,14.331049919128418,0.005298212,29.000962954759597,0.0003,0.2,0.04755859375,9510,-0.00261598116485402,-0.11389965236885473,,
,,,1950000,,,0.1429021954536438,10.145517349243164,0.009432889,37.279099562764166,0.0003,0.2,0.045751953125,9520,-0.004295496504346375,-0.1070660555618815,602.2,242.26000000000005
591,953,208.7196,1951744,614.87,3298,,,,,,,,,,,,
591,954,212.2052,1953792,623.42,3301,0.24486511945724487,12.203822135925293,0.0056830347,28.488890674710273,0.0003,0.2,0.039404296875,9530,-0.0050959007639903575,-0.09203592935809865,,
591,955,217.41589999999997,1955840,633.92,3304,0.27727949619293213,6.928752899169922,0.0043626525,20.215489074587822,0.0003,0.2,0.034765625,9540,-0.004167861706810072,-0.09506565446499735,,
592,956,219.95439999999996,1957888,644.61,3307,0.34880656003952026,12.386750221252441,0.0046635666,21.391818264126776,0.0003,0.2,0.0349609375,9550,-0.0035750955750700085,-0.09652398810721934,,
592,957,222.84969999999998,1959936,655.44,3309,0.2521857023239136,13.664253234863281,0.0044074827,27.686719378829004,0.0003,0.2,0.03369140625,9560,-0.0024645220750244335,-0.10599481835961341,,
,,,1960000,,,0.37812238931655884,13.036341667175293,0.004037616,18.53510724902153,0.0003,0.2,0.030615234375,9570,-0.0024738805106608195,-0.08262645606882871,882.2,268.88800000000003
591,958,227.7723,1961984,665.84,3314,,,,,,,,,,,,
591,959,226.44059999999993,1964032,672.59,3317,0.2716176509857178,6.739297389984131,0.0043211933,22.631129568815233,0.0003,0.2,0.02998046875,9580,-0.0023488849925342946,-0.09780176319181919,,
592,960,227.6767,1966080,677.8,3320,0.33243608474731445,11.728294372558594,0.00281148,25.338364383578302,0.0003,0.2,0.0326171875,9590,-0.004124464589403942,-0.09226057202322409,,
592,961,226.06730000000005,1968128,674.19,3323,0.365114688873291,12.682450294494629,0.0047082147,23.222111675143243,0.0003,0.2,0.036767578125,9600,-0.0037805462401593105,-0.09577227605041116,,
,,,1970000,,,0.31712228059768677,12.459551811218262,0.0030797785,25.23933816254139,0.0003,0.2,0.03076171875,9610,-0.0014279130438808352,-0.09412344460142777,1084.6,302.932
591,962,229.31080000000006,1970176,680.84,3328,,,,,,,,,,,,
591,963,231.7029,1972224,685.95,3331,0.4098079800605774,11.25950813293457,0.0047999006,31.819854885339737,0.0003,0.2,0.025537109375,9620,-0.002754126266518142,-0.08694668780080975,,
592,964,232.71040000000002,1974272,689.0,3334,0.3124012351036072,21.168773651123047,0.0058671185,35.78354908823967,0.0003,0.2,0.03310546875,9630,-0.004232038336340338,-0.09230684273643419,,
592,965,230.74030000000005,1976320,688.33,3337,0.2064107060432434,6.578771114349365,0.004653261,22.881870779395104,0.0003,0.2,0.0306640625,9640,-0.0031228990730596705,-0.10289564854465424,,
592,966,230.74030000000005,1978368,688.33,3340,0.2944471836090088,11.35931396484375,0.008429938,25.64612384736538,0.0003,0.2,0.032568359375,9650,-0.003299451057682745,-0.08785453110467642,,
,,,1980000,,,0.2933511734008789,12.363892555236816,0.00572352,14.869270940124988,0.0003,0.2,0.040283203125,9660,-0.0019991455905255862,-0.08793065804056824,1712.4,303.442
591,967,233.37830000000002,1980416,709.78,3347,,,,,,,,,,,,
591,968,237.6952,1982464,726.39,3349,0.37433910369873047,10.382843971252441,0.0036807088,23.203706046938898,0.0003,0.2,0.027294921875,9670,-0.003567666313028894,-0.07918148196768016,,
591,969,239.36149999999998,1984512,733.61,3352,0.18685698509216309,10.838059425354004,0.002804373,33.49607428610325,0.0003,0.2,0.022607421875,9680,-0.002768030550214462,-0.09357129395939409,,
592,970,239.35539999999997,1986560,736.32,3355,0.48151451349258423,4.913174629211426,0.0049793674,16.02927756905556,0.0003,0.2,0.029931640625,9690,-0.001922446045500692,-0.09016796911600977,,
592,971,247.66559999999998,1988608,760.07,3357,0.2621590495109558,7.219818115234375,0.004628686,30.02227863073349,0.0003,0.2,0.031103515625,9700,-0.002854495172505267,-0.09699965387117118,,
,,,1990000,,,0.3945351839065552,7.663680076599121,0.0047222236,17.754080668091774,0.0003,0.2,0.0388671875,9710,-0.005097178812138736,-0.09457618164597079,743.4,199.73200000000003
592,972,246.2323,1990656,753.17,3362,,,,,,,,,,,,
592,973,245.2121,1992704,756.89,3365,0.45105957984924316,12.487502098083496,0.005649275,19.561145052313805,0.0003,0.2,0.0427734375,9720,-0.003075582708697766,-0.1026224200730212,,
592,974,238.45850000000002,1994752,740.03,3367,0.34241920709609985,8.312082290649414,0.004782916,26.800759088993072,0.0003,0.2,0.0375,9730,-0.0017425691010430455,-0.12131622210144996,,
592,975,243.7187,1996800,756.69,3370,0.33319973945617676,10.749065399169922,0.0054275184,27.246887174248695,0.0003,0.2,0.0392578125,9740,-0.001507334111374803,-0.09339130638400092,,
592,976,248.6505,1998848,770.16,3373,0.2385631799697876,9.293449401855469,0.0037662494,22.10802880525589,0.0003,0.2,0.032080078125,9750,-0.0033796410731156356,-0.10332044955575839,,
,,,2000000,,,0.48965752124786377,18.728727340698242,0.0071156523,21.990796679258345,0.0003,0.2,0.051220703125,9760,-0.0067118530219886455,-0.10703092105686665,420.0,151.098
592,977,249.4057,2000896,771.31,3376,,,,,,,,,,,,
