time/iterations,rollout/ep_len_mean,time/fps,time/total_timesteps,time/time_elapsed,rollout/ep_rew_mean,train/loss,train/clip_fraction,train/entropy_loss,train/value_loss,train/approx_kl,train/learning_rate,train/explained_variance,train/n_updates,train/clip_range,train/policy_gradient_loss,eval/mean_reward,eval/mean_ep_length
1,284.7142857142857,262,2048,7,0.0,,,,,,,,,,,,
2,255.3125,248,4096,16,-1.25,3.237184524536133,0.06279296875,-2.191152061522007,5.672400766983628,0.011739157,0.0003,-0.001573324203491211,10,0.2,-0.0068716374458745125,,
3,253.70833333333334,254,6144,24,0.0,5.172267436981201,0.096435546875,-2.1822673246264457,4.784657193906606,0.009929768,0.0003,0.06342291831970215,20,0.2,-0.011638498087995686,,
4,263.3225806451613,254,8192,32,0.0,3.2238214015960693,0.072802734375,-2.1587136924266814,5.900994795747101,0.008170285,0.0003,-0.04100751876831055,30,0.2,-0.007186857140914072,,
,,,10000,,,2.5115745067596436,0.1267578125,-2.159379629045725,4.651551538333297,0.010739762,0.0003,0.13564032316207886,40,0.2,-0.010179768418311141,6.0,385.0
5,268.86486486486484,230,10240,44,0.5405405405405406,,,,,,,,,,,,
6,280.69767441860466,234,12288,52,1.3953488372093024,1.8764880895614624,0.082421875,-2.1273655489087107,4.144210621714592,0.010999648,0.0003,0.010242342948913574,50,0.2,-0.007286379938886966,,
7,285.1,237,14336,60,2.2,2.755810499191284,0.08642578125,-2.1343290701508524,6.309828090667724,0.008996157,0.0003,-0.0065953731536865234,60,0.2,-0.0097049515490653,,
8,286.859649122807,240,16384,68,2.6315789473684212,3.5332510471343994,0.120751953125,-2.10488683655858,6.053797432035208,0.014538093,0.0003,0.04355674982070923,70,0.2,-0.008764830151631032,,
9,283.4,243,18432,75,2.4615384615384617,3.6287500858306885,0.079833984375,-2.089290466159582,7.481019547581672,0.011275771,0.0003,-0.049182772636413574,80,0.2,-0.008416218450292945,,
,,,20000,,,2.0962936878204346,0.07392578125,-2.063850877434015,6.932333331182599,0.008515717,0.0003,-0.04156494140625,90,0.2,-0.007119504496222362,-2.0,271.8
10,274.4189189189189,238,20480,85,1.0810810810810811,,,,,,,,,,,,
11,274.4320987654321,241,22528,93,1.2345679012345678,0.6032738089561462,0.13427734375,-2.043879047036171,4.409848316386342,0.012683539,0.0003,0.016467571258544922,100,0.2,-0.009716316727281082,,
12,284.6860465116279,243,24576,100,2.441860465116279,2.34065318107605,0.140234375,-2.095661433786154,6.218071354180575,0.014055973,0.0003,-0.045961976051330566,110,0.2,-0.012516825434431667,,
13,281.7741935483871,245,26624,108,2.3655913978494625,2.1114232540130615,0.07353515625,-2.085267075896263,7.733456330001355,0.010442818,0.0003,-0.0353548526763916,120,0.2,-0.007995862617099192,,
14,287.44444444444446,246,28672,116,2.8282828282828283,1.034223198890686,0.040478515625,-2.0709718853235244,6.767817950248718,0.0077888584,0.0003,-0.02646327018737793,130,0.2,-0.0035371095771552065,,
,,,30000,,,5.406052112579346,0.03232421875,-2.053179095685482,6.495499919354915,0.0063241003,0.0003,0.12027126550674438,140,0.2,-0.005475621024379507,-6.0,228.6
15,286.43,239,30720,128,2.8,,,,,,,,,,,,
16,292.69,241,32768,135,3.5,2.6551880836486816,0.087744140625,-2.067289154231548,6.145628359913826,0.0099105425,0.0003,0.0325961709022522,150,0.2,-0.012495917602791451,,
17,295.37,242,34816,143,3.3,2.2386064529418945,0.128515625,-2.0297809936106206,5.6132850799709555,0.012691984,0.0003,-0.03803884983062744,160,0.2,-0.014310010784538463,,
18,298.36,244,36864,150,3.6,1.1136361360549927,0.075439453125,-2.0116245586425068,5.724122279882431,0.010346444,0.0003,-0.008313179016113281,170,0.2,-0.007172014741809107,,
19,298.2,245,38912,158,3.3,1.5060102939605713,0.12802734375,-1.974223305657506,5.304442415386438,0.01034254,0.0003,-0.026415109634399414,180,0.2,-0.00912845645507332,,
,,,40000,,,1.7775394916534424,0.16630859375,-2.0241474181413652,4.846808896958828,0.012250131,0.0003,0.11747676134109497,190,0.2,-0.014600616396637633,10.0,363.0
20,303.31,239,40960,171,4.6,,,,,,,,,,,,
21,299.41,239,43008,179,3.8,3.081200361251831,0.10673828125,-2.0109169602394106,6.882294387370348,0.010781417,0.0003,0.2016473412513733,200,0.2,-0.012058347111451439,,
22,304.65,239,45056,187,4.2,1.7483865022659302,0.0701171875,-1.9463126905262471,5.664335815981031,0.0075355475,0.0003,0.4185723662376404,210,0.2,-0.009879514470230787,,
23,305.16,240,47104,196,4.5,2.318726062774658,0.07978515625,-1.9513469062745572,6.054426915198564,0.009221394,0.0003,0.2995089292526245,220,0.2,-0.012796679543680512,,
24,305.59,241,49152,203,4.2,4.530288219451904,0.053564453125,-1.9411315858364104,6.188928931206465,0.007892711,0.0003,0.2682846188545227,230,0.2,-0.006700701478985138,,
,,,50000,,,4.684944152832031,0.1099609375,-1.9365613035857678,5.598784487321973,0.009960709,0.0003,0.10519862174987793,240,0.2,-0.01390073548827786,22.0,463.4
25,313.82,232,51200,219,5.3,,,,,,,,,,,,
26,313.75,234,53248,227,5.7,3.453861951828003,0.08095703125,-2.001682372391224,5.022685723006726,0.009451352,0.0003,0.12051475048065186,250,0.2,-0.009788506690529174,,
27,320.28,234,55296,235,6.2,6.445382118225098,0.062841796875,-1.9913682155311108,8.213842715322972,0.008363782,0.0003,0.1533360481262207,260,0.2,-0.009116841116338037,,
28,322.88,234,57344,244,6.6,1.7711215019226074,0.0828125,-1.962966973334551,5.977914685383439,0.011157136,0.0003,0.2059038281440735,270,0.2,-0.009816649300046266,,
29,318.96,235,59392,251,5.9,5.231525897979736,0.0859375,-1.9435332879424094,6.69776311609894,0.009427635,0.0003,0.23513364791870117,280,0.2,-0.008207270203274674,,
,,,60000,,,3.960479736328125,0.07685546875,-1.9717566221952438,5.373805851303041,0.009575905,0.0003,0.21018993854522705,290,0.2,-0.008848379760456737,6.0,320.2
30,320.74,231,61440,265,6.0,,,,,,,,,,,,
31,318.79,232,63488,273,6.1,2.8707311153411865,0.137939453125,-1.908444409817457,6.224788507446647,0.012744546,0.0003,0.07565099000930786,300,0.2,-0.012738160467415582,,
32,317.69,232,65536,281,6.3,2.046546220779419,0.1416015625,-1.8870568171143531,5.396791096404195,0.012592135,0.0003,0.2426561713218689,310,0.2,-0.011483896407298744,,
33,313.52,231,67584,291,6.2,1.8168483972549438,0.08955078125,-1.874285750836134,5.750433267280459,0.010599347,0.0003,0.16686123609542847,320,0.2,-0.007037963827315252,,
34,320.31,231,69632,300,6.7,2.538850784301758,0.075830078125,-1.8456396579742431,7.085517767816782,0.008902765,0.0003,0.1466374397277832,330,0.2,-0.010378852457506582,,
,,,70000,,,3.3483493328094482,0.078076171875,-1.8489439472556115,6.547411863133311,0.0077359853,0.0003,-0.007200121879577637,340,0.2,-0.009439891696092672,2.0,268.4
35,326.92,228,71680,313,7.7,,,,,,,,,,,,
36,327.61,229,73728,321,7.5,3.512150764465332,0.0740234375,-1.8543817460536958,7.009599331766367,0.008345772,0.0003,0.039919495582580566,350,0.2,-0.009861054373322986,,
37,333.75,229,75776,330,8.0,4.609226226806641,0.106884765625,-1.888111177459359,6.335828540474177,0.010617386,0.0003,0.19405949115753174,360,0.2,-0.009677312450367025,,
38,321.72,230,77824,337,6.9,2.0851950645446777,0.10517578125,-1.8735234741121531,5.707446403801441,0.010058323,0.0003,0.22249990701675415,370,0.2,-0.00969351315870881,,
39,320.82,231,79872,345,6.5,4.116657733917236,0.067236328125,-1.876473006978631,6.417987241223455,0.008153356,0.0003,0.007885754108428955,380,0.2,-0.007747592953091953,,
,,,80000,,,3.6898155212402344,0.05947265625,-1.8765703864395618,6.170405479520559,0.00956521,0.0003,0.11264574527740479,390,0.2,-0.008146143447083887,2.0,274.8
40,323.58,229,81920,356,6.9,,,,,,,,,,,,
41,322.16,230,83968,363,6.9,2.8834447860717773,0.086083984375,-1.9119543243199586,6.369908349588513,0.010635374,0.0003,0.19423198699951172,400,0.2,-0.009179836588737089,,
42,326.43,230,86016,372,6.9,1.6476281881332397,0.103564453125,-1.9586397122591734,6.089360184594989,0.01118404,0.0003,0.23660194873809814,410,0.2,-0.008734295083559118,,
43,315.32,231,88064,380,5.7,3.496295928955078,0.096484375,-1.9254928402602673,5.44781723022461,0.009743439,0.0003,0.1576749086380005,420,0.2,-0.00780875394702889,,
,,,90000,,,3.5122902393341064,0.074072265625,-1.9342461798340083,5.990382353588939,0.009416174,0.0003,0.3024248480796814,430,0.2,-0.0065096516846097074,0.0,315.6
44,316.62,229,90112,393,5.6,,,,,,,,,,,,
45,314.68,229,92160,401,5.6,1.756082534790039,0.0826171875,-1.8411616697907447,5.240187146514654,0.01078495,0.0003,0.13703763484954834,440,0.2,-0.01000216501270188,,
46,322.19,229,94208,409,6.2,2.591386079788208,0.08505859375,-1.8621082805097102,4.797567573189736,0.009026206,0.0003,0.30941295623779297,450,0.2,-0.009879717612056993,,
47,324.37,229,96256,418,6.0,1.4187548160552979,0.087451171875,-1.7873397458344698,5.880574533715844,0.010484364,0.0003,0.25265729427337646,460,0.2,-0.011262204703234602,,
48,326.4,230,98304,426,6.4,1.4115536212921143,0.113330078125,-1.6882487833499908,3.5961840162053704,0.011251893,0.0003,0.29978668689727783,470,0.2,-0.012914879390154965,,
,,,100000,,,3.3907837867736816,0.09736328125,-1.749175713211298,7.829691346734762,0.011584614,0.0003,0.09528028964996338,480,0.2,-0.009737740972195753,-4.0,260.0
49,320.81,228,100352,438,6.1,,,,,,,,,,,,
50,308.82,229,102400,446,4.8,2.3905584812164307,0.108251953125,-1.7623045276850462,7.383142227679491,0.010787001,0.0003,0.26121747493743896,490,0.2,-0.011079740882269106,,
51,300.49,229,104448,455,3.5,1.667683482170105,0.10927734375,-1.783273857086897,4.377994795888663,0.011084305,0.0003,0.311845064163208,500,0.2,-0.00855401721491944,,
52,299.44,229,106496,463,3.9,2.8648126125335693,0.120947265625,-1.7170752596110106,5.026959360204637,0.012156649,0.0003,0.2908022999763489,510,0.2,-0.009612636604288127,,
53,305.19,229,108544,472,4.2,2.064136505126953,0.0734375,-1.6634573828428985,6.457586915791035,0.009361673,0.0003,-0.19604957103729248,520,0.2,-0.008481834470876493,,
,,,110000,,,1.5418834686279297,0.10302734375,-1.5410549130290747,4.215235524438322,0.008137491,0.0003,0.11861217021942139,530,0.2,-0.009947169353836216,-4.0,253.8
54,321.11,227,110592,486,5.5,,,,,,,,,,,,
55,316.84,227,112640,495,5.4,2.3151564598083496,0.1251953125,-1.6024561375379562,5.697198238223791,0.0121282255,0.0003,0.20294088125228882,540,0.2,-0.014552941563306377,,
56,313.49,227,114688,503,4.8,3.4068892002105713,0.13623046875,-1.6293578919023275,5.589064376428723,0.011156287,0.0003,0.26269352436065674,550,0.2,-0.010800362170266453,,
57,306.38,227,116736,512,4.5,1.4569858312606812,0.086767578125,-1.5340020179748535,4.953396577760577,0.0085647665,0.0003,0.23703312873840332,560,0.2,-0.00879872489022091,,
58,306.45,227,118784,521,4.2,1.4425019025802612,0.086474609375,-1.606856755912304,5.731060386821627,0.007757757,0.0003,0.10166901350021362,570,0.2,-0.008967582491459325,,
,,,120000,,,2.8278415203094482,0.096337890625,-1.6052262801676989,5.148453233391047,0.011093413,0.0003,0.19128912687301636,580,0.2,-0.011653841003135313,0.0,267.0
59,308.41,226,120832,532,4.6,,,,,,,,,,,,
60,305.74,226,122880,541,4.4,1.8054991960525513,0.06982421875,-1.5773037046194076,4.407733795419335,0.008999303,0.0003,0.2256757616996765,590,0.2,-0.0064512200697208755,,
61,300.07,226,124928,550,4.1,4.661715030670166,0.061083984375,-1.5414105124771595,6.3974683593958614,0.008968787,0.0003,0.12463057041168213,600,0.2,-0.011830684081360232,,
62,293.36,227,126976,559,3.6,1.2436758279800415,0.14697265625,-1.5591711584478616,5.771755724400282,0.012243746,0.0003,0.12056916952133179,610,0.2,-0.016665774726425296,,
63,302.96,226,129024,568,4.3,2.395271062850952,0.112353515625,-1.513734420388937,5.155020203255117,0.010894303,0.0003,0.18704694509506226,620,0.2,-0.008786492570652626,,
,,,130000,,,2.147550582885742,0.08173828125,-1.523154677078128,5.3580812849104404,0.008071827,0.0003,0.44280797243118286,630,0.2,-0.008632048647268676,10.0,383.4
64,300.9,224,131072,583,3.8,,,,,,,,,,,,
65,308.74,225,133120,591,4.5,1.3496651649475098,0.09501953125,-1.635435577109456,5.231798699498176,0.009804872,0.0003,0.02171957492828369,640,0.2,-0.010869814484613017,,
66,314.63,225,135168,599,5.0,2.8130075931549072,0.133447265625,-1.539726808667183,5.987878978252411,0.012536639,0.0003,0.09885770082473755,650,0.2,-0.008301742482581176,,
67,305.95,225,137216,607,3.8,4.147153377532959,0.09365234375,-1.6269358541816472,5.425213355198503,0.0103356,0.0003,0.40358471870422363,660,0.2,-0.00857987213821616,,
68,294.15,226,139264,615,3.2,1.2770988941192627,0.109033203125,-1.571088569611311,3.4359700666740536,0.012339758,0.0003,0.32792139053344727,670,0.2,-0.009374974574893714,,
,,,140000,,,3.230442523956299,0.127685546875,-1.5118661619722844,5.698448087275028,0.011891229,0.0003,0.32419437170028687,680,0.2,-0.01212237735162489,6.0,259.6
69,299.33,225,141312,627,3.7,,,,,,,,,,,,
70,298.14,225,143360,636,4.0,0.8497936725616455,0.107763671875,-1.456056559830904,4.370876768603921,0.010810041,0.0003,0.18259942531585693,690,0.2,-0.011926985006721225,,
71,304.09,225,145408,644,4.3,2.6264193058013916,0.073291015625,-1.5429475769400596,5.928742587566376,0.010273656,0.0003,0.24121695756912231,700,0.2,-0.007763296013581567,,
72,301.09,225,147456,653,3.7,3.1576032638549805,0.0873046875,-1.495237734168768,4.793990880250931,0.01139379,0.0003,0.17220711708068848,710,0.2,-0.0076862963833264075,,
73,311.25,225,149504,662,4.3,1.2043640613555908,0.138427734375,-1.5817952420562507,5.20098916515708,0.009555858,0.0003,0.032170653343200684,720,0.2,-0.015684099770442116,,
,,,150000,,,1.2541033029556274,0.138818359375,-1.4844747316092253,3.2629677658900618,0.015316618,0.0003,0.1032748818397522,730,0.2,-0.011972206429345534,8.0,357.0
74,303.08,223,151552,676,3.4,,,,,,,,,,,,
75,310.65,224,153600,685,3.6,0.8213502764701843,0.060595703125,-1.473423722758889,4.143042696639895,0.008282754,0.0003,0.12822729349136353,740,0.2,-0.005676282286003698,,
76,309.47,224,155648,694,3.0,1.8229795694351196,0.07900390625,-1.5222231324762105,4.183873404376209,0.008453461,0.0003,0.03794294595718384,750,0.2,-0.009551905625266954,,
77,309.94,224,157696,702,3.3,0.2342129647731781,0.0935546875,-1.5173167634755373,2.8054420702159404,0.0092381,0.0003,0.1117522120475769,760,0.2,-0.009005856154544745,,
78,312.54,224,159744,711,3.8,2.3739373683929443,0.0671875,-1.5010063897818327,5.938318653404712,0.009724326,0.0003,0.10819011926651001,770,0.2,-0.008043096860637889,,
,,,160000,,,1.6573344469070435,0.1203125,-1.562292169779539,4.799846724793315,0.0102930935,0.0003,0.21730023622512817,780,0.2,-0.012561559955065605,2.0,314.4
79,308.87,223,161792,724,3.3,,,,,,,,,,,,
80,304.35,223,163840,732,3.0,1.2884643077850342,0.11044921875,-1.4327775690704585,3.358005509339273,0.010602752,0.0003,0.27395719289779663,790,0.2,-0.00830395752855111,,
81,312.83,223,165888,741,3.7,2.571664810180664,0.074365234375,-1.379530329629779,3.7136365693062543,0.008617216,0.0003,0.5618468523025513,800,0.2,-0.008351871388731525,,
82,314.94,224,167936,749,4.2,2.5821893215179443,0.062890625,-1.3451607417315246,6.862111654877663,0.0060645537,0.0003,0.428766667842865,810,0.2,-0.006579901126679033,,
83,317.75,224,169984,758,4.5,0.8126201629638672,0.078466796875,-1.5053722940385341,3.6167198605835438,0.007389335,0.0003,0.6681692600250244,820,0.2,-0.0063138435943983495,,
,,,170000,,,1.4933902025222778,0.058447265625,-1.5700579784810542,5.494837937876582,0.0077623725,0.0003,0.38287651538848877,830,0.2,-0.008152887083997484,0.0,290.6
84,317.68,222,172032,771,4.7,,,,,,,,,,,,
85,318.31,223,174080,779,5.0,0.9807919859886169,0.095751953125,-1.4594757098704576,4.1043599106371405,0.012705892,0.0003,0.5186750292778015,840,0.2,-0.01069391252240166,,
86,318.49,223,176128,787,4.9,1.2833726406097412,0.073681640625,-1.3091250706464053,6.3793950892984865,0.007957364,0.0003,0.5065007209777832,850,0.2,-0.00696029792597983,,
87,316.62,223,178176,795,5.3,1.7031303644180298,0.085595703125,-1.4443200342357159,7.191571139544249,0.010420399,0.0003,0.5334340333938599,860,0.2,-0.006152182389632799,,
,,,180000,,,3.7229244709014893,0.114990234375,-1.3840232763439417,5.518766978010535,0.006884701,0.0003,0.43999868631362915,870,0.2,-0.009222719407989643,0.0,314.0
88,316.79,222,180224,808,5.6,,,,,,,,,,,,
89,312.63,223,182272,816,5.6,1.2198368310928345,0.061328125,-1.3800984535366296,4.761547135002911,0.0074236817,0.0003,0.5720426440238953,880,0.2,-0.0063346964248921726,,
90,316.39,223,184320,824,6.4,1.2969779968261719,0.0783203125,-1.4200265936553478,3.999094126559794,0.009352628,0.0003,0.5053563117980957,890,0.2,-0.009276707195385824,,
91,312.44,223,186368,833,6.6,2.676283836364746,0.035595703125,-1.2606324646621943,7.905716065317392,0.0046735886,0.0003,0.41594499349594116,900,0.2,-0.0047148981466307305,,
92,314.24,223,188416,841,7.2,2.6691620349884033,0.133984375,-1.4152536306530237,5.745926458761096,0.013727514,0.0003,0.09814995527267456,910,0.2,-0.01230373576254351,,
,,,190000,,,0.8911582231521606,0.118212890625,-1.2629516325891017,7.094955798983574,0.010787417,0.0003,0.08536398410797119,920,0.2,-0.011804480146383866,0.0,212.4
93,316.47,223,190464,852,7.5,,,,,,,,,,,,
94,323.56,223,192512,861,8.1,0.900736927986145,0.069287109375,-1.3184847809374332,5.328366957232356,0.006090901,0.0003,0.46395331621170044,930,0.2,-0.007016485132044181,,
95,317.17,223,194560,869,7.2,0.9595967531204224,0.11669921875,-1.382062080129981,4.758070603758097,0.00970489,0.0003,0.17136865854263306,940,0.2,-0.011094011916429735,,
96,320.5,224,196608,877,7.3,2.5675249099731445,0.132568359375,-1.3082221508026124,4.950409564375877,0.010803128,0.0003,-0.11838638782501221,950,0.2,-0.010107826796593144,,
97,316.64,224,198656,885,7.0,2.662731647491455,0.100634765625,-1.2479442451149225,5.582266070321202,0.011959249,0.0003,-0.007744789123535156,960,0.2,-0.01140643184480723,,
,,,200000,,,2.1244263648986816,0.08466796875,-1.1830366998910904,4.536619864217937,0.0063108923,0.0003,0.2046107053756714,970,0.2,-0.00828979152138345,-2.0,277.0
98,319.23,223,200704,896,7.1,,,,,,,,,,,,
99,315.22,224,202752,904,6.9,3.0678110122680664,0.08427734375,-1.2955695044249296,5.509650443866849,0.01584107,0.0003,0.3168603777885437,980,0.2,-0.007853978229104542,,
100,315.44,224,204800,912,6.6,1.5539777278900146,0.107275390625,-1.2947952073067426,6.162210945785046,0.010456843,0.0003,0.4517003893852234,990,0.2,-0.008101578860078007,,
101,313.36,224,206848,920,6.1,1.418342113494873,0.090576171875,-1.2588870503008365,3.977602690830827,0.009319304,0.0003,0.3694491386413574,1000,0.2,-0.0072656956253922544,,
102,313.76,224,208896,928,5.8,3.7709872722625732,0.105322265625,-1.1932327419519424,4.912545504234731,0.009209019,0.0003,0.4415358901023865,1010,0.2,-0.007863743472262286,,
,,,210000,,,1.3091739416122437,0.10166015625,-1.2242326013743878,5.298211014829576,0.011407984,0.0003,0.35094600915908813,1020,0.2,-0.008067369395575952,18.0,457.4
103,312.52,223,210944,943,5.4,,,,,,,,,,,,
104,315.33,224,212992,950,5.6,0.9721086621284485,0.10888671875,-1.2984769340604543,4.172142016887665,0.0087127965,0.0003,0.27196943759918213,1030,0.2,-0.007853783354221378,,
105,310.22,224,215040,958,4.8,2.862717628479004,0.050390625,-1.322120162844658,6.318208767473697,0.0061528804,0.0003,0.2458256483078003,1040,0.2,-0.004476724736741744,,
106,314.67,224,217088,965,5.1,1.3582807779312134,0.10556640625,-1.36108891479671,4.45063257953152,0.009849491,0.0003,0.2394932508468628,1050,0.2,-0.00718607107992284,,
107,322.68,225,219136,973,5.9,1.824885606765747,0.061669921875,-1.3032426867634057,4.805696661770344,0.0062048608,0.0003,0.02994978427886963,1060,0.2,-0.007020083622774109,,
,,,220000,,,3.196810245513916,0.07861328125,-1.0657164420932532,6.340954993292689,0.006179358,0.0003,0.2859552502632141,1070,0.2,-0.006780231196898967,2.0,337.2
108,324.63,224,221184,986,5.9,,,,,,,,,,,,
109,327.83,224,223232,994,6.2,3.0016565322875977,0.06044921875,-1.3153082892298698,5.226158049330115,0.009052459,0.0003,0.23712438344955444,1080,0.2,-0.008812690974446013,,
110,334.92,224,225280,1002,6.6,1.568528652191162,0.044775390625,-1.180202128738165,5.834862907230854,0.0055142622,0.0003,0.1692400574684143,1090,0.2,-0.0032534194047912023,,
111,338.2,224,227328,1010,7.4,1.996017336845398,0.082080078125,-1.1226111011579634,5.302156611159444,0.008227911,0.0003,0.4175897240638733,1100,0.2,-0.008891674716142006,,
112,336.89,225,229376,1017,7.6,3.2293202877044678,0.08623046875,-1.2534999236464501,6.970201629400253,0.008178296,0.0003,0.41224199533462524,1110,0.2,-0.006183017800503876,,
,,,230000,,,2.0734307765960693,0.114501953125,-1.2287049412727356,5.288701235502958,0.009512245,0.0003,0.4365769624710083,1120,0.2,-0.010137601513997651,-6.0,207.8
113,339.61,225,231424,1028,8.1,,,,,,,,,,,,
114,338.07,225,233472,1036,7.7,2.820831537246704,0.087744140625,-1.260335698351264,7.503374733775854,0.00915224,0.0003,0.35282814502716064,1130,0.2,-0.009245681420725304,,
115,343.24,225,235520,1044,7.8,0.6207227110862732,0.085693359375,-1.3154876932501793,3.5891532361507417,0.006965569,0.0003,0.5426710844039917,1140,0.2,-0.005351106691523455,,
116,342.17,225,237568,1052,7.8,0.7889429330825806,0.082177734375,-1.2262078620493413,5.3334702022373675,0.007508555,0.0003,0.24716037511825562,1150,0.2,-0.007190497366536874,,
117,338.76,226,239616,1059,7.6,2.21970272064209,0.066796875,-1.14611183013767,5.541039328277111,0.0069104107,0.0003,0.17319118976593018,1160,0.2,-0.0060930822670343335,,
,,,240000,,,2.769665002822876,0.082958984375,-1.1513160023838283,4.78549243118614,0.0059035057,0.0003,0.3243907690048218,1170,0.2,-0.008147639213711954,4.0,305.0
118,341.0,225,241664,1071,7.9,,,,,,,,,,,,
119,336.94,225,243712,1079,8.1,3.4294114112854004,0.0927734375,-1.0823611322790385,5.334781990200281,0.0081121605,0.0003,0.3028483986854553,1180,0.2,-0.007419478768133559,,
120,340.71,226,245760,1086,8.8,2.0562779903411865,0.066455078125,-1.0774652736261487,7.1738943174481395,0.0068674777,0.0003,0.01157224178314209,1190,0.2,-0.0051818933250615375,,
121,342.38,226,247808,1094,8.7,2.4912309646606445,0.118115234375,-1.128532007522881,4.164220401644707,0.011390428,0.0003,0.4204309582710266,1200,0.2,-0.008920641819713637,,
122,347.54,226,249856,1102,8.9,2.5756428241729736,0.0755859375,-1.1164839379489422,4.361995711177587,0.005842182,0.0003,0.44003570079803467,1210,0.2,-0.006906952039571479,,
,,,250000,,,2.4192614555358887,0.081103515625,-1.182970256358385,4.845021362230182,0.007838712,0.0003,0.22410601377487183,1220,0.2,-0.005618332599988207,0.0,303.6
123,334.97,225,251904,1115,7.4,,,,,,,,,,,,
124,325.94,226,253952,1123,5.9,1.5415064096450806,0.0806640625,-1.0994023952633143,3.6724806165322663,0.0074430164,0.0003,0.33957940340042114,1230,0.2,-0.006372334317711647,,
125,325.64,226,256000,1131,6.4,0.5622377395629883,0.05419921875,-1.10687999650836,3.8543679071590304,0.0057079857,0.0003,0.36934757232666016,1240,0.2,-0.0046523071534466,,
126,311.6,226,258048,1138,4.9,2.010413408279419,0.039453125,-1.0694295523688198,5.403561996296048,0.0050596506,0.0003,0.14755702018737793,1250,0.2,-0.0038759855349780993,,
,,,260000,,,2.5063748359680176,0.0435546875,-0.9828934760764241,5.260139007493853,0.0051699174,0.0003,0.15787160396575928,1260,0.2,-0.004711582773597911,20.0,364.6
127,319.22,225,260096,1151,5.2,,,,,,,,,,,,
128,320.19,226,262144,1159,5.4,1.4116060733795166,0.062890625,-1.0553013104945421,3.6271240991540252,0.007220854,0.0003,0.4291486144065857,1270,0.2,-0.005572614514676388,,
129,315.63,226,264192,1167,4.7,2.2067086696624756,0.1146484375,-1.0528080189600586,5.7882386729121205,0.0073815156,0.0003,-0.16735804080963135,1280,0.2,-0.010288048183429054,,
130,315.05,226,266240,1174,4.7,0.3562098443508148,0.12265625,-1.1044815508648753,2.864689651504159,0.012544664,0.0003,0.4427998661994934,1290,0.2,-0.013566640159115195,,
131,319.86,226,268288,1182,5.1,3.886742115020752,0.06650390625,-1.1416685223579406,6.011539177596569,0.008244002,0.0003,0.17713814973831177,1300,0.2,-0.006039825695916079,,
,,,270000,,,0.3935398459434509,0.094677734375,-1.2010938383638858,4.080608400329948,0.008500856,0.0003,0.2805978059768677,1310,0.2,-0.007876677683088928,0.0,312.0
132,323.63,226,270336,1194,5.0,,,,,,,,,,,,
133,321.74,226,272384,1202,5.0,0.9882255792617798,0.1052734375,-1.1424255669116974,4.338316901214421,0.011056067,0.0003,-0.01177072525024414,1320,0.2,-0.008818252562195993,,
134,315.67,226,274432,1210,4.0,2.439457893371582,0.077392578125,-1.1220961654558779,5.142421844601631,0.006606744,0.0003,0.40740054845809937,1330,0.2,-0.005749481989187189,,
135,318.68,227,276480,1217,4.3,0.5498019456863403,0.110693359375,-1.287762275338173,3.134762703254819,0.009348731,0.0003,0.29651516675949097,1340,0.2,-0.007687522115884349,,
136,317.11,227,278528,1225,4.2,0.6615301370620728,0.110595703125,-1.0810123331844808,3.1194438971579075,0.011201759,0.0003,0.33476269245147705,1350,0.2,-0.009194958477746696,,
,,,280000,,,2.8079721927642822,0.082373046875,-1.291112446784973,4.383912051282823,0.008143473,0.0003,0.3742193579673767,1360,0.2,-0.00811451707559172,18.0,436.6
137,325.55,226,280576,1239,5.1,,,,,,,,,,,,
138,327.54,226,282624,1247,5.7,2.386009693145752,0.10419921875,-1.1270802151411772,4.889226424321532,0.008870948,0.0003,0.37454813718795776,1370,0.2,-0.010152660540188662,,
139,327.91,226,284672,1255,5.9,0.7726507186889648,0.0943359375,-1.1325588366016746,3.5319215577095746,0.006888816,0.0003,0.39267516136169434,1380,0.2,-0.00831812056421768,,
140,325.48,226,286720,1263,5.3,1.330898642539978,0.06865234375,-1.1150782722979784,4.060669614747167,0.007893173,0.0003,0.5631223917007446,1390,0.2,-0.0074699171906104315,,
141,324.67,227,288768,1270,5.0,1.044853925704956,0.08818359375,-1.0451287351548673,3.9907650830224157,0.009997671,0.0003,0.5859808921813965,1400,0.2,-0.007879907512688078,,
,,,290000,,,0.6659876108169556,0.054296875,-1.0466170426458121,3.153488671220839,0.0036676694,0.0003,0.757059633731842,1410,0.2,-0.004623144173820037,2.0,272.0
142,331.33,226,290816,1282,5.6,,,,,,,,,,,,
143,322.59,226,292864,1290,5.0,1.2793790102005005,0.063427734375,-1.091493520885706,6.177421579509973,0.006391857,0.0003,0.2712547183036804,1420,0.2,-0.007609946103184484,,
144,317.63,227,294912,1298,4.4,0.30680176615715027,0.06875,-1.2054715156555176,3.4214034946635365,0.007996,0.0003,0.6336996555328369,1430,0.2,-0.005370107528869994,,
145,314.51,227,296960,1306,4.5,1.6125158071517944,0.06728515625,-1.0687483444809913,4.222483987361192,0.0062174853,0.0003,0.5568714141845703,1440,0.2,-0.005864208389539272,,
146,311.88,227,299008,1313,4.1,1.6420543193817139,0.065625,-1.0397919675335288,5.232211915403605,0.008090431,0.0003,0.5003899335861206,1450,0.2,-0.006807872418721672,,
,,,300000,,,0.4075724482536316,0.075634765625,-1.1375090412795543,3.2814004380255937,0.010057512,0.0003,0.6173029541969299,1460,0.2,-0.005219685222255066,6.0,319.6
147,314.11,226,301056,1327,4.6,,,,,,,,,,,,
148,313.38,227,303104,1334,4.3,1.3345422744750977,0.107763671875,-1.087230845540762,4.489981688931584,0.011212503,0.0003,0.1334570050239563,1470,0.2,-0.008898122271057218,,
149,312.99,227,305152,1342,4.7,6.1821088790893555,0.051904296875,-1.0916922941803933,5.801885423436761,0.004711436,0.0003,0.2703389525413513,1480,0.2,-0.004519067562068812,,
150,311.96,227,307200,1350,5.0,2.3643798828125,0.0787109375,-1.08814313467592,4.555298957787454,0.009318327,0.0003,0.039298832416534424,1490,0.2,-0.005767964248661883,,
151,320.18,227,309248,1357,5.5,2.592181921005249,0.10283203125,-1.1805387955158948,5.620096702501177,0.008010896,0.0003,0.03989654779434204,1500,0.2,-0.007676369132241234,,
,,,310000,,,2.240568161010742,0.082421875,-1.2036549404263497,4.394543873146176,0.0074605723,0.0003,0.1468774676322937,1510,0.2,-0.00707523787568789,8.0,336.0
152,321.0,227,311296,1371,5.3,,,,,,,,,,,,
153,307.91,227,313344,1379,4.5,1.409093976020813,0.073779296875,-1.1215944034978746,4.756814408861101,0.0059922542,0.0003,0.30419647693634033,1520,0.2,-0.007000518793938681,,
154,300.11,227,315392,1387,4.0,1.7156693935394287,0.07578125,-1.2469622705131769,4.885604013875127,0.007090716,0.0003,0.2803994417190552,1530,0.2,-0.005660139481187798,,
155,309.32,227,317440,1395,4.9,2.2375237941741943,0.08505859375,-1.2548114277422429,4.976501263305545,0.0087001175,0.0003,0.14204365015029907,1540,0.2,-0.007528796858969145,,
156,300.3,227,319488,1403,4.0,0.7814962267875671,0.089013671875,-1.2935284804552794,4.567488425970078,0.00613237,0.0003,0.3026886582374573,1550,0.2,-0.005741772874898743,,
,,,320000,,,1.4488654136657715,0.127294921875,-1.3619950801134109,4.1773534376174215,0.009537114,0.0003,0.05278533697128296,1560,0.2,-0.011196642054710538,8.0,294.8
157,296.15,227,321536,1415,3.7,,,,,,,,,,,,
158,296.37,227,323584,1423,3.6,0.6979444622993469,0.080810546875,-1.2861182685941457,4.270005392841995,0.0064360662,0.0003,0.24159038066864014,1570,0.2,-0.006616037731873803,,
159,303.58,227,325632,1431,4.7,1.3460028171539307,0.11416015625,-1.3146803088486194,3.9114745527505876,0.010937523,0.0003,0.1615733504295349,1580,0.2,-0.009863437904277817,,
160,305.58,227,327680,1439,4.5,2.023414134979248,0.07939453125,-1.142243292182684,5.482033491507172,0.008195058,0.0003,0.19820398092269897,1590,0.2,-0.005959682764660102,,
161,305.43,227,329728,1447,4.7,0.4581281244754791,0.0634765625,-1.1944687686860562,4.49397658649832,0.006599295,0.0003,0.46676403284072876,1600,0.2,-0.006272103753872216,,
,,,330000,,,1.7545864582061768,0.10244140625,-1.2876600082963705,4.927677732519806,0.007203984,0.0003,0.19463276863098145,1610,0.2,-0.009613876685034484,6.0,252.8
162,296.18,227,331776,1459,3.9,,,,,,,,,,,,
163,298.52,227,333824,1467,4.8,1.126743197441101,0.09345703125,-1.305233159661293,4.367927491478622,0.009133185,0.0003,0.29774707555770874,1620,0.2,-0.008096845072577708,,
164,301.54,227,335872,1474,5.0,2.8915352821350098,0.097314453125,-1.2290913328528403,5.561923874542117,0.009511776,0.0003,0.18567228317260742,1630,0.2,-0.008739806646190118,,
165,300.55,227,337920,1482,4.4,3.2721781730651855,0.108544921875,-1.3383677531033755,5.7062307992950085,0.010831197,0.0003,0.2104014754295349,1640,0.2,-0.007591048686299473,,
166,290.12,228,339968,1490,3.6,1.913354754447937,0.106591796875,-1.2717767726629972,3.384299798216671,0.010052226,0.0003,0.5988196134567261,1650,0.2,-0.00927262994227931,,
,,,340000,,,2.15616512298584,0.099755859375,-1.3187168579548598,5.137057021819055,0.019526534,0.0003,0.027244627475738525,1660,0.2,-0.011679929427918978,6.0,246.2
167,295.74,227,342016,1503,4.5,,,,,,,,,,,,
168,305.46,227,344064,1511,5.2,2.1324896812438965,0.057763671875,-1.2391739148646592,4.024406319484115,0.007718024,0.0003,0.5349045991897583,1670,0.2,-0.008118078556435648,,
169,310.22,227,346112,1519,5.6,0.6903276443481445,0.10166015625,-1.39461890719831,4.086943856626749,0.009033531,0.0003,0.5214775800704956,1680,0.2,-0.011844308045692743,,
170,294.96,227,348160,1527,4.3,0.5513652563095093,0.071826171875,-1.3805585738271475,5.282119083032012,0.0070775175,0.0003,0.20731914043426514,1690,0.2,-0.007442315720254555,,
,,,350000,,,1.1846339702606201,0.064892578125,-1.3462960202246905,6.021948770619929,0.008015165,0.0003,0.322496235370636,1700,0.2,-0.0062082982185529545,-4.0,225.4
171,300.43,227,350208,1539,5.1,,,,,,,,,,,,
172,303.71,227,352256,1547,5.1,1.7987604141235352,0.11474609375,-1.390957149490714,4.156887246109545,0.013690237,0.0003,0.3705519437789917,1710,0.2,-0.008554705686401575,,
173,307.02,227,354304,1555,5.7,1.2248356342315674,0.105322265625,-1.348182487487793,3.2791985904797913,0.01372334,0.0003,0.4083939790725708,1720,0.2,-0.009019234598963522,,
174,306.02,227,356352,1563,5.6,2.297921657562256,0.062060546875,-1.3457170072942972,5.199199692159891,0.008439038,0.0003,0.17689096927642822,1730,0.2,-0.008641767711378635,,
175,308.68,227,358400,1571,5.9,2.366806745529175,0.08125,-1.3772684723138808,3.9215052094310523,0.008336283,0.0003,0.3320609927177429,1740,0.2,-0.00941945650120033,,
,,,360000,,,0.8471642136573792,0.10791015625,-1.3257508799433708,4.977962942048907,0.012540028,0.0003,0.056526005268096924,1750,0.2,-0.010881718137534335,-4.0,253.0
176,308.93,227,360448,1584,5.9,,,,,,,,,,,,
177,316.25,227,362496,1592,6.5,0.386282354593277,0.098388671875,-1.2787923410534858,3.1300637811422347,0.010169857,0.0003,0.5107367634773254,1760,0.2,-0.013579156858031637,,
178,311.75,227,364544,1599,6.2,0.7818803191184998,0.09091796875,-1.3796171620488167,3.971966924704611,0.008377446,0.0003,0.26790881156921387,1770,0.2,-0.008079524739878252,,
179,320.15,227,366592,1608,6.8,1.4832830429077148,0.08125,-1.432264868542552,5.0826570726931095,0.010105113,0.0003,0.4401179552078247,1780,0.2,-0.008001759895705618,,
180,319.75,227,368640,1617,6.8,0.5202197432518005,0.064990234375,-1.4279631614685058,3.610412811487913,0.009536041,0.0003,0.5790075063705444,1790,0.2,-0.007638782021240331,,
,,,370000,,,1.0118029117584229,0.086279296875,-1.3696821063756943,6.64455634355545,0.0095338,0.0003,0.022192656993865967,1800,0.2,-0.01059829809673829,-2.0,291.0
181,319.87,227,370688,1629,6.9,,,,,,,,,,,,
182,318.71,227,372736,1637,6.3,1.9139283895492554,0.093603515625,-1.4361889861524104,6.543716717138887,0.009872921,0.0003,0.08418679237365723,1810,0.2,-0.013304037883062846,,
183,312.56,227,374784,1645,5.3,0.9617222547531128,0.12861328125,-1.3147188551723956,4.298306689411402,0.012219948,0.0003,0.2632312774658203,1820,0.2,-0.010309059225255624,,
184,308.43,227,376832,1652,4.6,1.7173980474472046,0.068994140625,-1.2797286331653595,4.454032288864255,0.0071429056,0.0003,0.349293053150177,1830,0.2,-0.0059442183846840635,,
185,317.37,228,378880,1661,5.1,0.8004778623580933,0.114111328125,-1.3761013571172953,3.86812996994704,0.010116249,0.0003,0.29579007625579834,1840,0.2,-0.008534759320900776,,
,,,380000,,,0.8092433214187622,0.136328125,-1.3294165011495351,2.9139824410900474,0.0118017765,0.0003,0.43881362676620483,1850,0.2,-0.011903015729330946,-6.0,280.6
186,321.13,227,380928,1674,4.7,,,,,,,,,,,,
187,315.57,227,382976,1682,4.5,1.4704991579055786,0.090283203125,-1.3254058130085469,3.511142630688846,0.008040423,0.0003,0.4881933331489563,1860,0.2,-0.00996673467743676,,
188,315.79,227,385024,1690,4.8,0.5153460502624512,0.121826171875,-1.3868245579302312,3.3062513871118426,0.011120293,0.0003,0.49126893281936646,1870,0.2,-0.012569603300653398,,
189,308.63,227,387072,1699,3.7,1.748336911201477,0.119580078125,-1.374895016476512,4.533978113159537,0.0115655195,0.0003,0.1996573805809021,1880,0.2,-0.01237417116353754,,
190,315.11,227,389120,1707,4.7,1.110140323638916,0.09697265625,-1.4329692810773849,4.837460100278259,0.012514543,0.0003,0.1583082675933838,1890,0.2,-0.011008845790638589,,
,,,390000,,,0.7880766987800598,0.069970703125,-1.3583756811916827,4.662731574103236,0.008227539,0.0003,0.44296693801879883,1900,0.2,-0.008400717991753482,-8.0,247.2
191,309.02,227,391168,1720,4.4,,,,,,,,,,,,
192,301.63,227,393216,1728,3.9,0.9998233914375305,0.0638671875,-1.3778133261948824,5.720008721575141,0.008026749,0.0003,-0.0005669593811035156,1910,0.2,-0.009252513721003197,,
193,308.61,227,395264,1737,4.0,2.5433361530303955,0.1181640625,-1.4571938499808312,6.6081086050719025,0.013086925,0.0003,-0.10159099102020264,1920,0.2,-0.010469446142087691,,
194,306.51,227,397312,1746,3.9,1.8512024879455566,0.101025390625,-1.4106410901993514,4.590375205501914,0.010512638,0.0003,0.04505127668380737,1930,0.2,-0.01268422413704684,,
195,301.9,227,399360,1754,3.6,1.1200627088546753,0.069970703125,-1.31718392893672,5.313095173239708,0.008286934,0.0003,0.3092942237854004,1940,0.2,-0.008515289111528546,,
,,,400000,,,0.4078744947910309,0.142041015625,-1.3013913523405791,2.2239415210671725,0.01241398,0.0003,0.5053665637969971,1950,0.2,-0.013451634820376058,-2.0,267.2
196,301.07,227,401408,1766,3.5,,,,,,,,,,,,
197,300.13,227,403456,1774,3.2,0.9820069074630737,0.101806640625,-1.3320589192211627,4.248869554139674,0.009825261,0.0003,0.35262882709503174,1960,0.2,-0.00987891542899888,,
198,303.37,227,405504,1783,4.0,2.2523131370544434,0.089404296875,-1.3251986142247916,4.00882220575586,0.009022452,0.0003,0.1972551941871643,1970,0.2,-0.008127955690724775,,
199,300.36,227,407552,1792,3.7,1.8309803009033203,0.102197265625,-1.365570990741253,6.36766820885241,0.008452328,0.0003,0.05875664949417114,1980,0.2,-0.012039659124275204,,
200,299.09,227,409600,1800,3.9,1.4532747268676758,0.106201171875,-1.2499851897358893,3.4944290932267905,0.009720007,0.0003,0.19676566123962402,1990,0.2,-0.010381469652929808,,
,,,410000,,,1.387775182723999,0.06552734375,-1.35867216065526,4.05444855839014,0.008058927,0.0003,0.26185721158981323,2000,0.2,-0.0062463911977829415,2.0,320.2
201,301.37,226,411648,1814,3.4,,,,,,,,,,,,
202,313.16,227,413696,1821,4.4,0.25454819202423096,0.10634765625,-1.3203492913395167,2.101408111397177,0.009689854,0.0003,0.38754987716674805,2010,0.2,-0.009879981982521713,,
203,304.46,227,415744,1828,3.2,0.879782497882843,0.0646484375,-1.2103725526481868,4.030795886181295,0.0077120857,0.0003,0.26776963472366333,2020,0.2,-0.0060168814845383166,,
204,306.4,227,417792,1836,3.1,0.847256600856781,0.089208984375,-1.2990327455103396,2.9082348685711623,0.010264204,0.0003,0.3271484375,2030,0.2,-0.007617156943888403,,
205,303.02,227,419840,1844,2.2,0.5764809250831604,0.108203125,-1.2504852760583163,2.5977770732715726,0.0095707225,0.0003,0.4667086601257324,2040,0.2,-0.01190396451856941,,
,,,420000,,,0.4703744649887085,0.105322265625,-1.221538393944502,1.766549075394869,0.014188891,0.0003,0.5164954662322998,2050,0.2,-0.010305741921183654,-6.0,235.0
206,292.39,227,421888,1856,0.6,,,,,,,,,,,,
207,296.0,227,423936,1864,0.7,2.3595621585845947,0.084814453125,-1.354255961999297,3.347803059220314,0.009357518,0.0003,0.25646764039993286,2060,0.2,-0.00708978653565282,,
208,292.41,227,425984,1872,-0.1,0.5969505906105042,0.058837890625,-1.1318785052746534,3.125032174214721,0.0068041887,0.0003,0.22749638557434082,2070,0.2,-0.006605942736496217,,
209,294.77,227,428032,1880,-0.2,0.4336738884449005,0.0984375,-1.2361336570233106,2.391885137092322,0.011016551,0.0003,0.2837238907814026,2080,0.2,-0.007175057422136888,,
,,,430000,,,0.9823344945907593,0.111669921875,-1.203753312304616,2.7460046115331354,0.011372579,0.0003,0.1664564609527588,2090,0.2,-0.012075122699025087,-6.0,282.6
210,292.35,227,430080,1891,-0.3,,,,,,,,,,,,
211,295.27,227,432128,1899,0.1,1.2391105890274048,0.090966796875,-1.2831065494567155,3.1653603916987776,0.011756625,0.0003,0.07720935344696045,2100,0.2,-0.011391565797384828,,
212,299.14,227,434176,1906,0.7,1.2841607332229614,0.105419921875,-1.2488997418433427,3.3774583452381193,0.0123268645,0.0003,0.08317828178405762,2110,0.2,-0.012385732553957496,,
213,301.27,227,436224,1914,0.4,0.3385869264602661,0.083056640625,-1.2266610737890005,3.08239951916039,0.008213274,0.0003,0.30649763345718384,2120,0.2,-0.007793608718202449,,
214,295.24,228,438272,1921,0.3,1.3463054895401,0.09501953125,-1.1430737376213074,3.0788325026631354,0.011195835,0.0003,0.29507941007614136,2130,0.2,-0.007366982416715473,,
,,,440000,,,0.6450458765029907,0.089111328125,-1.2373974204063416,4.974095322564244,0.010792756,0.0003,0.25054770708084106,2140,0.2,-0.010628049160004593,-2.0,269.6
215,297.31,227,440320,1932,1.0,,,,,,,,,,,,
216,293.26,227,442368,1941,0.7,1.4546838998794556,0.0904296875,-1.159913058206439,4.758196578919888,0.008798882,0.0003,0.2544938921928406,2150,0.2,-0.007624203059822321,,
217,291.21,227,444416,1950,0.5,1.1509935855865479,0.0939453125,-1.2723724409937858,3.0166677656583487,0.009120608,0.0003,0.3347577452659607,2160,0.2,-0.0033670041520963423,,
218,295.53,227,446464,1958,1.1,0.5843473672866821,0.085791015625,-1.1811557736247777,3.68770263902843,0.007106383,0.0003,-0.08295249938964844,2170,0.2,-0.009513390509528107,,
219,292.94,227,448512,1968,0.8,0.527476966381073,0.07490234375,-1.274900894984603,4.120744267106057,0.009766368,0.0003,0.07579213380813599,2180,0.2,-0.008798005915014073,,
,,,450000,,,0.7828680872917175,0.101416015625,-1.2357891999185084,2.805958529934287,0.008688422,0.0003,0.3072071075439453,2190,0.2,-0.0100945648009656,0.0,344.2
220,292.63,227,450560,1981,1.2,,,,,,,,,,,,
221,287.56,227,452608,1988,0.7,0.4294416308403015,0.08515625,-1.19042893871665,2.8760397895239294,0.0075622867,0.0003,0.2869716286659241,2200,0.2,-0.006285028441925533,,
222,285.28,227,454656,1995,0.7,0.61091148853302,0.108203125,-1.1680780541151763,3.0104674197733403,0.009329431,0.0003,0.19746577739715576,2210,0.2,-0.0055983538695727475,,
223,287.5,228,456704,2002,1.1,0.6056500673294067,0.10458984375,-1.18859497718513,2.4973554444499313,0.008758821,0.0003,0.3893897533416748,2220,0.2,-0.00671723430568818,,
224,283.55,228,458752,2010,0.6,0.4611055850982666,0.094189453125,-1.1680391442030669,3.195646572485566,0.008134101,0.0003,0.2529498338699341,2230,0.2,-0.008119739947142079,,
,,,460000,,,0.3964221477508545,0.087841796875,-1.2448729321360588,1.875140157341957,0.010294341,0.0003,0.19752788543701172,2240,0.2,-0.0067995527962921186,8.0,318.2
225,284.12,227,460800,2022,0.9,,,,,,,,,,,,
226,290.35,227,462848,2030,0.9,0.8751927018165588,0.083447265625,-1.3464011818170547,4.137673270702362,0.011794105,0.0003,-0.4324302673339844,2250,0.2,-0.009845497718197293,,
227,287.13,228,464896,2037,0.7,0.7137896418571472,0.109228515625,-1.2656582765281201,2.3550855189561846,0.010086607,0.0003,0.4631326198577881,2260,0.2,-0.012086323412950151,,
228,286.87,228,466944,2045,0.4,1.1637275218963623,0.0935546875,-1.19413993768394,2.9071633127517997,0.010150162,0.0003,0.5274813175201416,2270,0.2,-0.006033237476367503,,
229,289.36,228,468992,2053,0.2,0.17239734530448914,0.09755859375,-1.2734132636338473,2.2368007441516964,0.0078354515,0.0003,0.43084031343460083,2280,0.2,-0.00965182519867085,,
,,,470000,,,0.25936779379844666,0.089208984375,-1.2799229636788367,2.479205282405019,0.012779231,0.0003,0.26120954751968384,2290,0.2,-0.006782870681490749,0.0,278.4
230,289.09,228,471040,2065,0.5,,,,,,,,,,,,
231,282.99,228,473088,2073,0.9,1.357133388519287,0.089990234375,-1.3113234866410495,3.4287809867411854,0.008774477,0.0003,0.23163169622421265,2300,0.2,-0.009879212483065202,,
232,275.76,228,475136,2079,0.2,0.8298460245132446,0.0908203125,-1.241818279400468,3.3750069988891482,0.0065126964,0.0003,0.13267338275909424,2310,0.2,-0.009637017943896353,,
233,277.16,228,477184,2087,0.0,1.2196664810180664,0.10244140625,-1.2355378475040197,2.6866618963889777,0.012621199,0.0003,0.25605112314224243,2320,0.2,-0.006311013686354272,,
234,275.3,228,479232,2095,-0.3,0.548905074596405,0.068212890625,-1.3240520257502795,1.8886733944527805,0.009004013,0.0003,0.17610377073287964,2330,0.2,-0.005166212939366232,,
,,,480000,,,1.1709483861923218,0.114404296875,-1.2972279645502567,2.7601335674524305,0.01170679,0.0003,0.32521671056747437,2340,0.2,-0.01148866918811109,-2.0,250.4
235,278.6,228,481280,2107,-0.1,,,,,,,,,,,,
236,290.57,228,483328,2114,1.4,0.7140324711799622,0.08349609375,-1.2355606127530336,4.198703675717115,0.008189252,0.0003,-0.12960314750671387,2350,0.2,-0.007429700641660019,,
237,289.4,228,485376,2122,1.5,1.0873298645019531,0.071484375,-1.168009889870882,3.5408217165619136,0.0071108993,0.0003,0.32965517044067383,2360,0.2,-0.007522913135471754,,
238,292.82,228,487424,2130,1.6,0.4877539873123169,0.0876953125,-1.2304597388952971,3.588012056611478,0.008263668,0.0003,0.4285871982574463,2370,0.2,-0.00800941187335411,,
239,293.93,228,489472,2137,1.4,0.6814212203025818,0.122021484375,-1.2581324186176062,3.337998316437006,0.012375815,0.0003,0.13168931007385254,2380,0.2,-0.013089691032655537,,
,,,490000,,,0.5650925040245056,0.105517578125,-1.2906429059803486,3.3825721187517046,0.011005569,0.0003,0.43433821201324463,2390,0.2,-0.008421526491292752,0.0,335.8
240,287.45,228,491520,2148,1.0,,,,,,,,,,,,
241,289.4,228,493568,2155,1.2,1.7439255714416504,0.132421875,-1.1962050262838602,6.24052742421627,0.012161486,0.0003,0.19150066375732422,2400,0.2,-0.01344669213576708,,
242,291.7,229,495616,2162,1.3,0.5089946985244751,0.1115234375,-1.1406283251941205,2.8062447144649925,0.0076657953,0.0003,0.5111236572265625,2410,0.2,-0.008163627865724266,,
243,293.01,229,497664,2170,1.2,1.7022223472595215,0.1130859375,-1.1584392227232456,2.645048705674708,0.010366235,0.0003,0.5397287607192993,2420,0.2,-0.007723803243425209,,
244,297.68,229,499712,2179,1.8,0.961989164352417,0.13603515625,-1.200795316696167,2.0337065272964536,0.015641917,0.0003,0.32286614179611206,2430,0.2,-0.009485869589843788,,
,,,500000,,,0.3447205126285553,0.071484375,-1.25367289558053,3.560818448662758,0.009517796,0.0003,0.18326079845428467,2440,0.2,-0.009374802143429405,0.0,329.8
245,307.31,228,501760,2195,2.0,,,,,,,,,,,,
246,312.29,228,503808,2202,1.7,0.4975479543209076,0.125634765625,-1.3107363894581794,2.2210431759245695,0.011740934,0.0003,0.40287649631500244,2450,0.2,-0.010133171788766049,,
247,322.6,228,505856,2209,2.8,0.3571053445339203,0.115283203125,-1.1662014454603196,1.8160543556790798,0.009250013,0.0003,0.24074310064315796,2460,0.2,-0.0052253585163271055,,
248,334.17,228,507904,2219,3.4,1.6433625221252441,0.071435546875,-1.0988537963479756,4.7430684810504316,0.0077239247,0.0003,-0.03296256065368652,2470,0.2,-0.007639678407576867,,
249,335.82,228,509952,2228,3.3,0.1467837244272232,0.132275390625,-1.3003776449710132,2.9144967288710175,0.012570658,0.0003,0.07125937938690186,2480,0.2,-0.01185311077424558,,
,,,510000,,,1.4722810983657837,0.093701171875,-1.2238549053668977,2.71484103044495,0.007841603,0.0003,0.09402275085449219,2490,0.2,-0.00691716888686642,8.0,381.8
250,337.79,228,512000,2241,3.5,,,,,,,,,,,,
251,340.31,228,514048,2250,4.0,0.24495504796504974,0.089111328125,-1.2167860969901085,1.6407342600170522,0.010810815,0.0003,0.5768026113510132,2500,0.2,-0.006652505794772878,,
252,333.49,228,516096,2258,3.1,1.656104326248169,0.108447265625,-1.1795757040381432,3.508791486918926,0.0102051385,0.0003,0.26029711961746216,2510,0.2,-0.011230547027662397,,
253,341.48,228,518144,2266,4.1,0.21574494242668152,0.0830078125,-1.261018193513155,3.107599706482142,0.0077713327,0.0003,0.3779364228248596,2520,0.2,-0.007749895098095294,,
,,,520000,,,0.6540337204933167,0.06142578125,-1.1387875847518445,4.854766497761011,0.006715581,0.0003,0.1262378692626953,2530,0.2,-0.006638538354309276,-4.0,214.6
254,342.58,228,520192,2278,3.9,,,,,,,,,,,,
255,349.07,228,522240,2287,4.2,0.6256515979766846,0.112744140625,-1.2330198004841804,2.630781044624746,0.00932237,0.0003,0.5465084314346313,2540,0.2,-0.00973562809813302,,
256,348.48,228,524288,2294,4.3,1.1579310894012451,0.1005859375,-1.2841075714677572,3.453757836483419,0.012296132,0.0003,0.13758516311645508,2550,0.2,-0.009228491179237608,,
257,339.82,228,526336,2301,3.6,0.20015433430671692,0.088330078125,-1.1708582118153572,2.434854666609317,0.007812986,0.0003,0.4325782060623169,2560,0.2,-0.005662737469538115,,
258,337.05,228,528384,2309,4.0,1.0803155899047852,0.110205078125,-1.189277481660247,2.992970675509423,0.01372494,0.0003,0.15279287099838257,2570,0.2,-0.0071510193141875785,,
,,,530000,,,1.154867172241211,0.076318359375,-1.1019217144697904,3.950261027738452,0.006528565,0.0003,0.03392988443374634,2580,0.2,-0.007750176123226993,16.0,420.2
259,341.42,228,530432,2323,4.0,,,,,,,,,,,,
260,346.91,228,532480,2332,5.0,0.5695309638977051,0.0650390625,-1.1377388728782534,2.3321861483156683,0.0063700397,0.0003,0.2927318215370178,2590,0.2,-0.008800254287780262,,
261,327.01,228,534528,2339,3.5,0.6293634176254272,0.106591796875,-1.1806857749819755,2.6812972823157906,0.011171881,0.0003,0.19782793521881104,2600,0.2,-0.007957016362342983,,
262,333.29,228,536576,2347,4.2,0.9610894322395325,0.107568359375,-1.1623526494950056,3.560054321214557,0.0085184015,0.0003,-0.13535583019256592,2610,0.2,-0.01058611483167624,,
263,325.42,228,538624,2355,3.3,0.37399283051490784,0.080419921875,-1.2513223361223935,2.4274626915343105,0.007652114,0.0003,0.1423836350440979,2620,0.2,-0.009399365214630962,,
,,,540000,,,1.7030905485153198,0.100341796875,-1.157391707599163,3.856640151143074,0.010840735,0.0003,0.40298283100128174,2630,0.2,-0.01077899883966893,0.0,309.8
264,314.86,228,540672,2368,2.9,,,,,,,,,,,,
265,311.0,228,542720,2375,2.9,1.675057291984558,0.09140625,-1.1351384103298188,3.73943640217185,0.009770604,0.0003,0.0500180721282959,2640,0.2,-0.007680278600309976,,
266,302.73,228,544768,2382,2.0,1.458146095275879,0.1041015625,-1.0633013959974051,2.914993797056377,0.0094318,0.0003,0.11436289548873901,2650,0.2,-0.008072797933709807,,
267,309.43,228,546816,2391,2.3,0.8185575008392334,0.09013671875,-1.1175087865442037,2.588143219612539,0.0083329845,0.0003,0.3588939905166626,2660,0.2,-0.007916940134600736,,
268,305.52,228,548864,2400,1.6,0.5973432064056396,0.074072265625,-1.019411669485271,2.440517397597432,0.0066446722,0.0003,0.47284358739852905,2670,0.2,-0.0055590821692021565,,
,,,550000,,,1.1035680770874023,0.140087890625,-1.1629014775156974,2.834565092436969,0.015198218,0.0003,0.24974948167800903,2680,0.2,-0.01131209231680259,-2.0,274.2
269,295.42,228,550912,2411,1.1,,,,,,,,,,,,
270,297.76,228,552960,2419,1.8,0.9409756660461426,0.044677734375,-1.055655293352902,3.0227800479158757,0.0056885174,0.0003,0.37164008617401123,2690,0.2,-0.004280544377979823,,
271,297.15,228,555008,2426,1.5,1.981101155281067,0.104541015625,-1.156433155760169,3.9769145265221595,0.010161009,0.0003,0.452312171459198,2700,0.2,-0.009044924686895684,,
272,298.79,228,557056,2433,1.3,0.5525382161140442,0.109521484375,-1.0457313498482108,2.5878505459055305,0.012364473,0.0003,0.5334848165512085,2710,0.2,-0.009060177802166437,,
273,304.37,228,559104,2442,1.5,0.2657686769962311,0.146337890625,-1.2285410925745963,2.0970524730160833,0.013382386,0.0003,0.2728174328804016,2720,0.2,-0.0105560004216386,,
,,,560000,,,0.8325348496437073,0.084228515625,-1.159317910298705,2.6449425405822695,0.009095527,0.0003,-0.0500788688659668,2730,0.2,-0.007098173536360264,6.0,266.4
274,300.17,228,561152,2453,0.9,,,,,,,,,,,,
275,305.6,228,563200,2460,1.6,0.7244808077812195,0.09765625,-1.0583308298140763,2.6262616349384187,0.009437755,0.0003,0.5082664489746094,2740,0.2,-0.010714615939650684,,
276,310.69,228,565248,2468,2.1,1.2750139236450195,0.0591796875,-1.004514685459435,3.6805627763271334,0.006012718,0.0003,0.49882370233535767,2750,0.2,-0.0049549797986401245,,
277,306.59,229,567296,2476,1.7,1.8457560539245605,0.090673828125,-1.172159406542778,4.534004091098905,0.008094987,0.0003,-0.018310189247131348,2760,0.2,-0.010642464988632128,,
278,303.89,229,569344,2485,1.8,1.9050157070159912,0.111376953125,-1.1699206840246916,3.4147409327328204,0.014640288,0.0003,0.266338586807251,2770,0.2,-0.009708836559730117,,
,,,570000,,,1.0797767639160156,0.05947265625,-1.229076287522912,2.886047011706978,0.006630902,0.0003,-0.22992277145385742,2780,0.2,-0.006976197562471498,2.0,274.2
279,309.85,228,571392,2497,2.3,,,,,,,,,,,,
280,314.36,228,573440,2505,2.8,2.1893134117126465,0.072265625,-1.0411170801147818,3.7146750604733825,0.008094195,0.0003,0.09192168712615967,2790,0.2,-0.006181731878314167,,
281,323.2,229,575488,2512,3.8,1.1435142755508423,0.102978515625,-1.1777795726433395,4.222568139247596,0.011353703,0.0003,0.16090530157089233,2800,0.2,-0.01141044605319621,,
282,325.58,229,577536,2521,3.9,1.223764419555664,0.10615234375,-1.0586920440196992,5.391479189693928,0.01087434,0.0003,0.05074650049209595,2810,0.2,-0.010611323444754817,,
283,325.27,229,579584,2529,4.2,0.35678771138191223,0.10390625,-1.022868881933391,4.1503028146922585,0.0095772585,0.0003,0.010437190532684326,2820,0.2,-0.008598727475327906,,
,,,580000,,,0.4154248535633087,0.089404296875,-1.060339606180787,2.356631576921791,0.010260422,0.0003,0.23504704236984253,2830,0.2,-0.009556257515214384,6.0,378.2
284,319.71,228,581632,2542,4.0,,,,,,,,,,,,
285,325.43,228,583680,2551,3.8,1.1403980255126953,0.0771484375,-1.0850317656993866,5.343154936656356,0.010661932,0.0003,0.05180615186691284,2840,0.2,-0.0087148228980368,,
286,337.02,228,585728,2559,4.0,0.5043339729309082,0.1189453125,-1.164646765217185,2.4687942951917647,0.011079959,0.0003,-0.035668253898620605,2850,0.2,-0.011704172269674018,,
287,339.46,228,587776,2568,4.0,0.8080543279647827,0.08427734375,-0.9894018471240997,3.1813149439170956,0.00916631,0.0003,-0.004297971725463867,2860,0.2,-0.0077886202023364605,,
288,350.43,228,589824,2576,4.4,1.3050494194030762,0.06142578125,-1.160203466564417,3.558715530205518,0.00794862,0.0003,0.32675158977508545,2870,0.2,-0.005189558764686808,,
,,,590000,,,1.19999361038208,0.09375,-1.0545844458043576,3.847292871028185,0.009381831,0.0003,0.12191110849380493,2880,0.2,-0.00793792588810902,8.0,346.8
289,360.66,228,591872,2591,5.1,,,,,,,,,,,,
290,368.8,228,593920,2599,5.6,0.4760449230670929,0.075634765625,-1.0130251806229353,2.497430901322514,0.008318916,0.0003,0.3794167637825012,2890,0.2,-0.007300079634296708,,
291,371.33,228,595968,2607,5.9,0.3881072998046875,0.092919921875,-1.0230057640001178,2.3556393906474113,0.009239664,0.0003,0.47403275966644287,2900,0.2,-0.009920284227700905,,
292,368.21,228,598016,2614,6.2,1.5947731733322144,0.054638671875,-1.0345568796619773,4.572623621672392,0.004917129,0.0003,0.15302371978759766,2910,0.2,-0.004286808174219914,,
,,,600000,,,3.244965076446533,0.073876953125,-1.0144889438524842,5.750913919135928,0.0073808096,0.0003,0.08429896831512451,2920,0.2,-0.008147001944598742,-2.0,263.8
293,357.48,228,600064,2625,5.1,,,,,,,,,,,,
294,360.84,228,602112,2634,5.1,2.6195852756500244,0.089453125,-1.0950620472431183,3.556455293111503,0.0095697455,0.0003,0.2452802062034607,2930,0.2,-0.008993034003651701,,
295,359.4,228,604160,2643,4.5,0.3578808903694153,0.093701171875,-1.0486345212906598,1.927539423201233,0.008928082,0.0003,0.270422101020813,2940,0.2,-0.009147325792582706,,
296,368.15,228,606208,2652,4.9,0.3059488534927368,0.114892578125,-1.1287393117323519,1.7798945505172015,0.011218891,0.0003,0.5030856132507324,2950,0.2,-0.01125288887124043,,
297,365.6,228,608256,2659,4.5,1.5039540529251099,0.105322265625,-0.9695715814828872,2.129542463645339,0.009417077,0.0003,0.5375295877456665,2960,0.2,-0.011367381512536667,,
,,,610000,,,1.7341912984848022,0.081396484375,-0.9003432366997004,3.1255429178476333,0.007858725,0.0003,0.040248870849609375,2970,0.2,-0.00889890881953761,-4.0,275.2
298,368.05,228,610304,2672,4.4,,,,,,,,,,,,
299,364.05,228,612352,2680,3.5,0.6985796093940735,0.091015625,-1.1184485241770745,2.473115858249366,0.010368966,0.0003,0.35969918966293335,2980,0.2,-0.010879783067503012,,
300,369.0,228,614400,2689,3.6,0.3530312180519104,0.107568359375,-1.0874149864539504,2.307925729919225,0.009508577,0.0003,0.25792545080184937,2990,0.2,-0.010262946502189152,,
301,359.93,228,616448,2696,2.7,0.23084980249404907,0.07431640625,-1.0200498878955842,2.484458018001169,0.008953208,0.0003,0.05073660612106323,3000,0.2,-0.007634624346974306,,
302,357.96,228,618496,2703,3.4,1.0156855583190918,0.096630859375,-1.0579371536150575,2.7727933017537,0.008530635,0.0003,0.22800856828689575,3010,0.2,-0.008821031104889698,,
,,,620000,,,3.412632703781128,0.037890625,-0.9717279639095068,5.552657995373011,0.005232044,0.0003,0.33305609226226807,3020,0.2,-0.004662136355182156,-6.0,256.4
303,351.41,228,620544,2714,3.5,,,,,,,,,,,,
304,340.61,228,622592,2722,3.4,1.1200170516967773,0.055029296875,-0.9582785485312343,3.8829166859388353,0.0063129296,0.0003,0.17160600423812866,3030,0.2,-0.004293506740941666,,
305,349.15,228,624640,2729,4.3,0.5739941000938416,0.09560546875,-1.0404910061508417,3.643110886774957,0.008299394,0.0003,0.1446247100830078,3040,0.2,-0.006201346805028152,,
306,345.6,228,626688,2738,4.1,0.9333030581474304,0.061181640625,-0.9951009806245565,4.097645592316985,0.006982607,0.0003,0.33224374055862427,3050,0.2,-0.004966918252466712,,
307,332.59,229,628736,2745,3.1,1.8457205295562744,0.09638671875,-1.0736919708549977,3.091036843042821,0.010239014,0.0003,0.1608765721321106,3060,0.2,-0.007307300443062559,,
,,,630000,,,0.62900310754776,0.08056640625,-1.0733824713155626,3.142176730372012,0.008704444,0.0003,0.3905373811721802,3070,0.2,-0.006848279680707492,-10.0,192.6
308,341.16,228,630784,2757,3.3,,,,,,,,,,,,
309,345.52,228,632832,2765,3.3,0.27229851484298706,0.099609375,-0.9457194764167071,1.244799543172121,0.010093797,0.0003,0.4153531789779663,3080,0.2,-0.0075239734054775905,,
310,342.04,228,634880,2774,2.6,0.6903303861618042,0.0646484375,-1.0455685483291746,2.061133558023721,0.007250378,0.0003,0.29565656185150146,3090,0.2,-0.004733484715688974,,
311,346.2,228,636928,2781,3.2,0.45756468176841736,0.073681640625,-0.9111257640644908,1.8883239863440395,0.005435751,0.0003,0.4409152865409851,3100,0.2,-0.008726008480880409,,
312,345.4,229,638976,2789,3.7,1.0441527366638184,0.063134765625,-0.9882093854248524,3.7181826999410985,0.00733904,0.0003,0.06939363479614258,3110,0.2,-0.008426799555309117,,
,,,640000,,,0.7551499009132385,0.083837890625,-1.0661074759438633,3.1098577901721,0.008713998,0.0003,0.18860065937042236,3120,0.2,-0.009602698389790021,-4.0,322.4
313,341.46,228,641024,2802,3.4,,,,,,,,,,,,
314,334.22,228,643072,2809,2.2,0.5521963238716125,0.091259765625,-1.0760167131200433,2.2516160355880857,0.007766373,0.0003,-0.011623740196228027,3130,0.2,-0.006709882061113603,,
315,333.95,228,645120,2817,2.5,0.26733240485191345,0.0912109375,-0.9676725266501307,1.4528465865645557,0.008575996,0.0003,0.5788148641586304,3140,0.2,-0.008956639442476443,,
316,328.76,229,647168,2824,2.6,0.7021484375,0.09375,-1.084674852155149,2.8074718402698635,0.008559556,0.0003,0.32294464111328125,3150,0.2,-0.008119939053722191,,
317,333.23,229,649216,2832,2.8,1.5050060749053955,0.0779296875,-0.989884190261364,2.73313454631716,0.024464015,0.0003,0.5360914468765259,3160,0.2,-0.009945958710159176,,
,,,650000,,,0.37498000264167786,0.07138671875,-0.9449633091688157,3.2342418272048237,0.007345177,0.0003,0.198963463306427,3170,0.2,-0.007967590508633294,-2.0,214.2
318,334.01,229,651264,2842,3.0,,,,,,,,,,,,
319,333.47,229,653312,2849,2.4,0.46656137704849243,0.05966796875,-0.9809615125879645,2.9174013774842025,0.005587022,0.0003,0.3794388771057129,3180,0.2,-0.006648311878961977,,
320,333.19,229,655360,2857,2.3,0.7896360158920288,0.082080078125,-1.0140294400975107,2.941535024344921,0.008724391,0.0003,0.15112197399139404,3190,0.2,-0.0051983035082230344,,
321,343.46,229,657408,2867,2.6,0.5109500885009766,0.10517578125,-0.976595819555223,2.6112948407419028,0.007926173,0.0003,0.3090231418609619,3200,0.2,-0.008033889220678247,,
322,331.0,229,659456,2876,1.6,0.47819042205810547,0.06982421875,-1.0127021722495555,2.3508174224756657,0.008433221,0.0003,0.16209113597869873,3210,0.2,-0.004384653407032602,,
,,,660000,,,0.9017942547798157,0.0734375,-0.9949205782264471,3.0161619458347557,0.00679746,0.0003,0.3696380853652954,3220,0.2,-0.00681273113732459,12.0,400.4
323,331.24,229,661504,2888,2.0,,,,,,,,,,,,
324,314.99,229,663552,2895,1.7,0.6426252126693726,0.081396484375,-0.8138312298804522,2.750678198598325,0.00926889,0.0003,0.3386896252632141,3230,0.2,-0.007999607737292535,,
325,316.62,229,665600,2903,1.6,0.3962344527244568,0.063427734375,-0.8406384950503707,2.82551902057603,0.007480695,0.0003,0.35902559757232666,3240,0.2,-0.006006704812170938,,
326,313.67,229,667648,2910,1.7,0.21335746347904205,0.1228515625,-1.0005504993721843,2.4610856395214795,0.012206135,0.0003,0.15924477577209473,3250,0.2,-0.013020213109848555,,
327,321.24,229,669696,2919,1.8,1.1582258939743042,0.0517578125,-0.8710660465061665,3.4352620895020665,0.0064468253,0.0003,0.325114905834198,3260,0.2,-0.0073194766708184035,,
,,,670000,,,2.1195197105407715,0.0884765625,-1.0030030695721508,3.7594226192682982,0.008103683,0.0003,0.06333565711975098,3270,0.2,-0.008035265837679616,2.0,354.0
328,312.24,229,671744,2932,1.3,,,,,,,,,,,,
329,309.12,229,673792,2940,1.3,0.5916033983230591,0.06396484375,-0.9533460427075624,3.4140124429017304,0.009270377,0.0003,0.09253770112991333,3280,0.2,-0.007908469886751845,,
330,319.44,229,675840,2948,3.0,1.2062948942184448,0.095166015625,-0.8978009231388568,3.751358406804502,0.011656138,0.0003,0.11084479093551636,3290,0.2,-0.008549631145433523,,
331,312.18,229,677888,2956,2.6,1.581703543663025,0.058642578125,-1.02451200094074,6.283175632730126,0.008363711,0.0003,0.09473931789398193,3300,0.2,-0.008207033238431905,,
332,315.59,229,679936,2964,2.7,1.5630742311477661,0.101708984375,-0.8936386024579406,3.5000910870730877,0.012819204,0.0003,0.23178154230117798,3310,0.2,-0.007333684878540225,,
,,,680000,,,0.6252927780151367,0.07216796875,-0.9086682146415115,4.917712003178894,0.0077151386,0.0003,0.17081862688064575,3320,0.2,-0.009332102681219112,-2.0,208.0
333,318.97,229,681984,2977,3.0,,,,,,,,,,,,
334,322.73,229,684032,2985,3.9,1.1945351362228394,0.085986328125,-1.1269319850951434,2.720180645398796,0.010141896,0.0003,0.26706570386886597,3330,0.2,-0.010839846162707546,,
335,324.97,229,686080,2994,4.2,0.5054214000701904,0.087548828125,-1.0044274548068644,3.0026906384155154,0.009292001,0.0003,0.11139893531799316,3340,0.2,-0.009791760542429983,,
336,329.81,229,688128,3002,4.8,1.507238745689392,0.090478515625,-0.8966310715302825,3.272927407361567,0.008556817,0.0003,0.2649592161178589,3350,0.2,-0.008593196282163262,,
,,,690000,,,0.9797126650810242,0.090087890625,-0.7818929748609662,3.5933370923623444,0.0054498697,0.0003,0.30336207151412964,3360,0.2,-0.008245826387428679,4.0,308.4
337,325.85,228,690176,3015,5.1,,,,,,,,,,,,
338,343.01,228,692224,3025,5.8,0.21763956546783447,0.0958984375,-0.9129944862797856,3.099344085343182,0.011576976,0.0003,0.4165117144584656,3370,0.2,-0.01080125778389629,,
339,338.53,228,694272,3033,5.1,0.8841444253921509,0.0912109375,-0.9018453355878592,3.780099458154291,0.008155432,0.0003,0.2253965139389038,3380,0.2,-0.010440193820977583,,
340,338.12,228,696320,3040,5.1,0.18062826991081238,0.119189453125,-0.9458543417975307,2.371028805989772,0.015003853,0.0003,-0.014413237571716309,3390,0.2,-0.010837468183308375,,
341,344.69,229,698368,3048,5.4,1.7210575342178345,0.06201171875,-0.8711706586182117,5.807230772823095,0.0055082464,0.0003,-0.043900132179260254,3400,0.2,-0.005732278975483496,,
,,,700000,,,1.2914239168167114,0.08505859375,-0.8322649961337447,4.105906548723579,0.009790823,0.0003,-0.10681712627410889,3410,0.2,-0.009803592250682414,0.0,258.0
342,352.28,228,700416,3061,5.6,,,,,,,,,,,,
343,347.02,228,702464,3069,5.1,0.34030604362487793,0.1005859375,-0.8918578878045083,2.4528585029765964,0.009947838,0.0003,0.2379704713821411,3420,0.2,-0.00938887156517012,,
344,341.86,228,704512,3077,4.6,0.31450724601745605,0.053564453125,-0.7341411607339978,2.7764448416419327,0.0056134975,0.0003,0.28574877977371216,3430,0.2,-0.005974088949733414,,
345,347.62,228,706560,3088,5.4,0.7420668601989746,0.0984375,-0.8985742880031466,1.983472363371402,0.011569267,0.0003,0.5503068566322327,3440,0.2,-0.010494885151274502,,
346,363.21,228,708608,3097,6.0,0.22620424628257751,0.06923828125,-0.8998260730877519,2.734078485611826,0.008159091,0.0003,0.3349054455757141,3450,0.2,-0.008248987761908211,,
,,,710000,,,0.3425351083278656,0.108203125,-0.7773007981479167,1.9633036707527936,0.0082486365,0.0003,0.6370127201080322,3460,0.2,-0.011569599973154255,22.0,655.0
347,378.26,227,710656,3118,7.2,,,,,,,,,,,,
348,382.71,227,712704,3126,7.0,0.13923867046833038,0.1029296875,-0.9292696192860603,1.9529586363583804,0.009905044,0.0003,0.42321276664733887,3470,0.2,-0.012663774403335992,,
349,383.43,227,714752,3135,6.7,0.8408479690551758,0.080419921875,-0.9576361823827029,4.155700211785733,0.008656466,0.0003,0.3127216100692749,3480,0.2,-0.009743269716273062,,
350,390.76,227,716800,3144,6.9,0.6532619595527649,0.09052734375,-1.1493419758975505,4.85053126309067,0.008730317,0.0003,-0.12555766105651855,3490,0.2,-0.010555508353718324,,
351,391.42,228,718848,3152,6.9,0.224874347448349,0.11318359375,-1.0031233195215463,2.0830397830344736,0.008748947,0.0003,0.40067386627197266,3500,0.2,-0.012323356518754736,,
,,,720000,,,0.9066033363342285,0.058349609375,-1.0479610163718462,3.396402068808675,0.0085046515,0.0003,0.26904386281967163,3510,0.2,-0.009033469099085778,8.0,421.8
352,395.15,227,720896,3169,6.7,,,,,,,,,,,,
353,404.3,227,722944,3178,7.0,0.6869210004806519,0.092236328125,-0.9576977198943496,2.1822180009447036,0.00782187,0.0003,0.3023056983947754,3520,0.2,-0.010783155416720546,,
354,405.17,227,724992,3186,7.2,1.2878049612045288,0.0861328125,-1.0510690776631235,4.151215196214617,0.009018888,0.0003,0.22957372665405273,3530,0.2,-0.011328738274460192,,
355,404.2,227,727040,3196,6.9,0.4364912807941437,0.08642578125,-0.9910649232566356,3.616020482033491,0.007408442,0.0003,0.06160956621170044,3540,0.2,-0.011954917755792849,,
356,411.8,227,729088,3206,7.0,1.0487569570541382,0.08955078125,-0.9755500558763742,3.25308843171224,0.009539822,0.0003,0.30807197093963623,3550,0.2,-0.012147847087180707,,
,,,730000,,,1.3666139841079712,0.060791015625,-0.9547998839989305,2.672280697338283,0.0064851707,0.0003,0.3467028737068176,3560,0.2,-0.008410785312298686,-4.0,350.8
357,414.08,226,731136,3221,6.9,,,,,,,,,,,,
358,401.96,226,733184,3230,6.3,1.3328423500061035,0.078076171875,-0.9642393499612808,3.598338909354061,0.01080222,0.0003,0.3476022481918335,3570,0.2,-0.00934574345301371,,
359,400.32,226,735232,3238,6.6,1.082716941833496,0.063134765625,-1.0817702924832702,4.451176507771015,0.008404188,0.0003,0.2741240859031677,3580,0.2,-0.008962026581866667,,
360,407.93,226,737280,3248,7.1,1.7197833061218262,0.117431640625,-1.0810477809980512,5.1121503710746765,0.01413565,0.0003,0.04779255390167236,3590,0.2,-0.011726719987927936,,
361,417.73,226,739328,3257,7.1,0.8332610130310059,0.074072265625,-0.9233600802719593,3.3740502702072264,0.0069035348,0.0003,0.003055393695831299,3600,0.2,-0.010114346904447302,,
,,,740000,,,0.11568833887577057,0.10576171875,-0.9250331612303853,1.3153311256319284,0.011211205,0.0003,0.27148890495300293,3610,0.2,-0.012136763145099394,4.0,334.2
362,420.22,226,741376,3272,7.8,,,,,,,,,,,,
363,410.6,226,743424,3280,7.7,1.0554016828536987,0.12138671875,-1.1173642294481396,3.328396697342396,0.009644293,0.0003,0.20267707109451294,3620,0.2,-0.013363675342407077,,
364,414.45,226,745472,3289,7.6,0.9354559183120728,0.09072265625,-1.0796732898801564,3.63787893531844,0.00745384,0.0003,0.024471521377563477,3630,0.2,-0.010282719833776354,,
365,418.61,226,747520,3297,8.1,0.3743496835231781,0.073486328125,-0.860658404044807,2.5659969456493856,0.012684765,0.0003,0.3155643343925476,3640,0.2,-0.010130635504901874,,
366,410.34,226,749568,3304,8.6,1.451080322265625,0.088818359375,-1.051760292239487,4.738494083285332,0.009916196,0.0003,-0.35333526134490967,3650,0.2,-0.010676881574909203,,
,,,750000,,,2.293342351913452,0.067333984375,-1.0826146388426423,4.12067603180185,0.008123696,0.0003,0.1585150957107544,3660,0.2,-0.007126877020346001,-8.0,212.2
367,397.54,226,751616,3317,7.1,,,,,,,,,,,,
368,394.93,226,753664,3325,7.3,0.23891504108905792,0.145361328125,-1.0304425792768597,1.6848866178654134,0.0128135625,0.0003,0.4983394742012024,3670,0.2,-0.014093640260398388,,
369,409.52,226,755712,3334,8.1,1.586998462677002,0.0482421875,-1.035971612110734,4.480828685499728,0.0067411885,0.0003,0.22623765468597412,3680,0.2,-0.005736856345902197,,
370,409.39,226,757760,3343,8.1,0.3905184268951416,0.106396484375,-1.042344099842012,2.7886416306719184,0.012132429,0.0003,0.504801869392395,3690,0.2,-0.010015598608879373,,
371,406.92,226,759808,3351,8.0,1.4891325235366821,0.052685546875,-1.0601318135857583,3.89104947661981,0.0064557586,0.0003,0.3192789554595947,3700,0.2,-0.005493284182739444,,
,,,760000,,,1.0694878101348877,0.058251953125,-1.0951039101928473,4.286587333679199,0.0067884848,0.0003,-0.03131711483001709,3710,0.2,-0.005767123133409768,-2.0,281.0
372,399.3,226,761856,3366,7.6,,,,,,,,,,,,
373,401.44,226,763904,3374,8.0,0.5067061185836792,0.06875,-1.0075622802600264,2.7611232542432846,0.008833622,0.0003,0.3143603205680847,3720,0.2,-0.01094036293507088,,
374,401.38,226,765952,3383,7.5,0.9029093384742737,0.05869140625,-1.0566381927579642,4.059326908737421,0.0062435335,0.0003,-0.08321964740753174,3730,0.2,-0.007680753979366272,,
375,411.49,226,768000,3392,8.3,0.5994353294372559,0.06982421875,-0.9617613362148404,2.9110106326639653,0.0076120906,0.0003,-0.3063662052154541,3740,0.2,-0.010127139187534339,,
,,,770000,,,0.7264392971992493,0.102587890625,-1.076428143121302,2.602591713052243,0.009945413,0.0003,0.4477100968360901,3750,0.2,-0.009287571614549961,2.0,318.6
376,396.74,226,770048,3404,7.5,,,,,,,,,,,,
377,396.91,226,772096,3412,7.6,1.6788030862808228,0.0947265625,-1.1078238267451526,5.659934299066663,0.010044235,0.0003,0.0390201210975647,3760,0.2,-0.007921103102853521,,
378,402.32,226,774144,3420,7.9,0.982960045337677,0.098583984375,-1.0677416242659092,4.934903296455741,0.009959543,0.0003,0.20134878158569336,3770,0.2,-0.010133685896289536,,
379,402.34,226,776192,3429,7.7,1.2345941066741943,0.08623046875,-1.1054390108212828,3.7944317603483797,0.011985156,0.0003,0.010545074939727783,3780,0.2,-0.011161716299830005,,
380,385.2,226,778240,3438,7.4,0.8070408701896667,0.071875,-1.033854977414012,3.2630238694138827,0.009687541,0.0003,-0.1423799991607666,3790,0.2,-0.009384926577331499,,
,,,780000,,,0.7194287180900574,0.12939453125,-1.0435920899733901,2.9133032759651543,0.011090672,0.0003,-0.27044034004211426,3800,0.2,-0.016680609727336558,16.0,496.0
381,375.83,225,780288,3452,6.5,,,,,,,,,,,,
382,387.92,225,782336,3462,7.2,0.9562655091285706,0.09453125,-1.133212088420987,3.7903983876109124,0.009118367,0.0003,-0.0014276504516601562,3810,0.2,-0.009959280997281893,,
383,399.53,225,784384,3471,8.0,0.37319138646125793,0.10673828125,-1.0978058107197284,2.4216712451539935,0.013072543,0.0003,0.41715753078460693,3820,0.2,-0.014074541498848703,,
384,403.53,225,786432,3481,8.5,0.9278042912483215,0.113134765625,-0.9731999693438411,2.206817912030965,0.010894836,0.0003,0.038525938987731934,3830,0.2,-0.015134758947533555,,
385,403.86,225,788480,3491,8.1,0.48501020669937134,0.082373046875,-1.06176193151623,3.37328083422035,0.008576748,0.0003,0.35807377099990845,3840,0.2,-0.011112455106922426,,
,,,790000,,,0.335805743932724,0.074267578125,-1.0007467580959202,3.144656861945987,0.009348217,0.0003,0.4007001519203186,3850,0.2,-0.010286847793031484,20.0,520.0
386,406.98,225,790528,3509,7.7,,,,,,,,,,,,
387,426.34,225,792576,3520,8.3,0.7550062537193298,0.117529296875,-1.046507011167705,3.038064650632441,0.012827017,0.0003,0.28650301694869995,3860,0.2,-0.013644894336175639,,
388,427.73,225,794624,3528,9.1,0.18178842961788177,0.091943359375,-1.0463741958141326,1.5601012079045176,0.008069148,0.0003,0.47924143075942993,3870,0.2,-0.009009877363860141,,
389,439.63,225,796672,3537,9.9,2.092924118041992,0.07900390625,-1.0811321372166276,5.987810045480728,0.009330738,0.0003,0.4168766140937805,3880,0.2,-0.011975137058470864,,
390,425.27,225,798720,3546,8.4,0.20798194408416748,0.07734375,-0.8999329539015889,1.6486358854919672,0.008011388,0.0003,0.7700214385986328,3890,0.2,-0.008128183893859386,,
,,,800000,,,0.6555646657943726,0.0626953125,-1.0332936327904463,3.5851062623783947,0.0068857823,0.0003,-0.05070233345031738,3900,0.2,-0.009095963105210103,2.0,321.4
391,425.57,224,800768,3560,8.9,,,,,,,,,,,,
392,426.64,224,802816,3569,9.2,1.135123610496521,0.068994140625,-1.1887371260672808,4.733817986771465,0.007900126,0.0003,0.4652109742164612,3910,0.2,-0.008072266676754225,,
393,424.4,224,804864,3577,8.5,1.9848856925964355,0.069189453125,-1.0965961860492826,5.01935177706182,0.008146225,0.0003,0.29233789443969727,3920,0.2,-0.010979820750071667,,
394,426.23,224,806912,3586,8.6,2.186919927597046,0.08603515625,-1.0355014296248555,3.7530736558139326,0.007938798,0.0003,0.20874041318893433,3930,0.2,-0.010498809919226915,,
395,429.84,225,808960,3595,9.2,2.0671145915985107,0.125341796875,-0.9972707247361541,4.57003431878984,0.023466248,0.0003,0.23810261487960815,3940,0.2,-0.01593873666715808,,
,,,810000,,,0.8361027836799622,0.08671875,-1.1010148989036679,4.569509257003665,0.008342462,0.0003,0.1465739607810974,3950,0.2,-0.011946072691353038,14.0,401.6
396,424.58,224,811008,3609,9.2,,,,,,,,,,,,
397,423.36,224,813056,3618,9.1,1.5256197452545166,0.065869140625,-1.1540944963693618,5.9162980180233715,0.0073237834,0.0003,0.32737284898757935,3960,0.2,-0.010863631943357177,,
398,424.21,224,815104,3626,8.9,0.44609856605529785,0.135791015625,-1.1468114821240305,2.845307180378586,0.010941005,0.0003,0.6365540027618408,3970,0.2,-0.012567446895991452,,
399,433.08,224,817152,3636,9.1,1.6060019731521606,0.088134765625,-1.144905538856983,6.845564896613359,0.009769831,0.0003,0.23874026536941528,3980,0.2,-0.009109562175581232,,
400,440.8,224,819200,3647,9.1,0.39429476857185364,0.0794921875,-0.9918246021494269,2.7556026143021883,0.008063326,0.0003,0.36254364252090454,3990,0.2,-0.007636633716174401,,
,,,820000,,,0.2749936282634735,0.07705078125,-0.8831253366544842,1.4305758545175196,0.008422231,0.0003,0.3426434397697449,4000,0.2,-0.007305068790446967,-6.0,184.6
401,446.17,224,821248,3658,9.2,,,,,,,,,,,,
402,449.08,224,823296,3667,10.0,1.6491315364837646,0.10693359375,-1.0610319346189498,3.6941481393761935,0.010153728,0.0003,0.480515718460083,4010,0.2,-0.012104083740268834,,
403,460.93,224,825344,3677,10.4,0.541763186454773,0.081787109375,-1.0730218812823296,3.3092755606397986,0.0092751235,0.0003,0.430126428604126,4020,0.2,-0.01144298967847135,,
404,470.9,224,827392,3685,11.3,0.7478680610656738,0.098974609375,-1.0148257007822394,2.7873311886563896,0.010855941,0.0003,0.5220349431037903,4030,0.2,-0.014248142397264019,,
405,455.46,224,829440,3692,10.6,0.6534798741340637,0.074365234375,-1.0636429276317358,4.074434243328869,0.008313708,0.0003,0.24906301498413086,4040,0.2,-0.01093286879477091,,
,,,830000,,,3.2060911655426025,0.054296875,-1.1067109517753124,5.917230448499322,0.0063871117,0.0003,0.1894139051437378,4050,0.2,-0.008887790361768566,0.0,294.8
406,462.18,224,831488,3707,11.1,,,,,,,,,,,,
407,460.68,224,833536,3717,9.6,0.22260111570358276,0.105078125,-1.0484196124598384,1.9293201467953622,0.011725821,0.0003,0.39873141050338745,4060,0.2,-0.010647902806522325,,
408,462.36,224,835584,3727,10.0,0.3620522916316986,0.126806640625,-1.0134746117517353,2.1096362742595374,0.014587577,0.0003,0.31782078742980957,4070,0.2,-0.012543723876297009,,
409,470.28,224,837632,3737,10.7,0.2069038301706314,0.078759765625,-0.9821815755218267,1.1595286618918181,0.007664755,0.0003,0.6684066653251648,4080,0.2,-0.008602358716598247,,
410,466.04,224,839680,3745,10.2,0.18874585628509521,0.094091796875,-0.9826599227264523,1.7757638345006854,0.010683694,0.0003,0.6670091152191162,4090,0.2,-0.014369700188399292,,
,,,840000,,,0.40680283308029175,0.115625,-1.0153033539652825,3.094742957688868,0.009023771,0.0003,0.4118220806121826,4100,0.2,-0.012446870788699016,14.0,428.2
411,466.92,223,841728,3761,10.0,,,,,,,,,,,,
412,468.92,223,843776,3770,10.4,0.39899522066116333,0.080126953125,-1.0705852121114732,2.554033677186817,0.009258652,0.0003,0.4303516149520874,4110,0.2,-0.009425582294352353,,
413,478.69,223,845824,3777,11.4,1.0221244096755981,0.075146484375,-1.0298032896593212,3.746350279916078,0.008715099,0.0003,0.29081296920776367,4120,0.2,-0.01049170916667208,,
414,477.33,223,847872,3785,11.7,1.5985301733016968,0.064990234375,-1.1543238129466773,4.934510521963238,0.0076392875,0.0003,0.3225085139274597,4130,0.2,-0.010885966375644785,,
415,480.26,223,849920,3794,12.4,3.9434731006622314,0.067529296875,-1.1215051110833882,6.011709610745311,0.006723568,0.0003,0.37791359424591064,4140,0.2,-0.008224900087225252,,
,,,850000,,,1.5673810243606567,0.078955078125,-1.123470237851143,5.455040785297752,0.007480948,0.0003,0.32897478342056274,4150,0.2,-0.009562423438183032,12.0,574.6
416,491.5,223,851968,3814,12.7,,,,,,,,,,,,
417,497.29,223,854016,3823,14.1,0.17374709248542786,0.09814453125,-0.9707018516957759,2.223676619119942,0.00812218,0.0003,0.6134328842163086,4160,0.2,-0.013512028542754706,,
418,501.06,223,856064,3831,14.5,1.571298599243164,0.072900390625,-1.000391054339707,4.737662092968821,0.008920206,0.0003,0.5601441264152527,4170,0.2,-0.011041453675716184,,
419,493.67,223,858112,3840,13.7,0.4284205138683319,0.092919921875,-1.1081440914422274,4.15399964004755,0.011548774,0.0003,0.19975495338439941,4180,0.2,-0.011396513276849873,,
,,,860000,,,0.5162845849990845,0.080322265625,-0.9961800195276738,4.975527735427022,0.007350546,0.0003,0.5015354752540588,4190,0.2,-0.01154408991278615,12.0,461.4
420,498.47,223,860160,3854,14.4,,,,,,,,,,,,
421,497.37,223,862208,3862,14.4,1.7056471109390259,0.075146484375,-0.9945467974990606,5.0243379477411505,0.009021168,0.0003,0.35469192266464233,4200,0.2,-0.009215758177742828,,
422,500.7,223,864256,3872,14.0,1.677545189857483,0.0552734375,-1.0621944347396493,5.844636132195592,0.006848907,0.0003,0.4104419946670532,4210,0.2,-0.008052659142413177,,
423,513.33,223,866304,3882,15.5,0.7204530835151672,0.1259765625,-0.9271302718669177,3.985072969272733,0.011931863,0.0003,0.3731648325920105,4220,0.2,-0.011990034847985952,,
424,524.8,223,868352,3892,16.6,0.4552876353263855,0.087255859375,-1.0917199054732918,2.783930629864335,0.008964761,0.0003,0.5304442644119263,4230,0.2,-0.012710213457467034,,
,,,870000,,,0.4522984027862549,0.075830078125,-0.8392725877463818,2.343956953845918,0.0074959956,0.0003,0.5796678066253662,4240,0.2,-0.01160407773568295,12.0,408.6
425,506.87,222,870400,3906,16.4,,,,,,,,,,,,
426,509.52,222,872448,3914,16.8,1.8352521657943726,0.083349609375,-0.946292158588767,5.814176834374666,0.008149505,0.0003,0.10746031999588013,4250,0.2,-0.01070258395629935,,
427,515.26,222,874496,3923,17.3,0.8762152791023254,0.0625,-0.9895835386589169,4.336747686564922,0.008114469,0.0003,0.30543047189712524,4260,0.2,-0.009081370875355788,,
428,517.46,222,876544,3931,17.7,0.4768652319908142,0.070654296875,-0.8862380864098668,3.672605911642313,0.008055342,0.0003,0.2631782293319702,4270,0.2,-0.01157167328055948,,
429,528.21,223,878592,3939,18.8,2.1544559001922607,0.08603515625,-0.9668839711695909,4.61130074672401,0.009336517,0.0003,0.32264840602874756,4280,0.2,-0.013156550939311274,,
,,,880000,,,0.3772215247154236,0.12314453125,-1.0108276713639497,3.1770481510087847,0.012135276,0.0003,0.5646891593933105,4290,0.2,-0.01184087043220643,8.0,461.8
430,533.18,222,880640,3959,18.4,,,,,,,,,,,,
431,545.28,222,882688,3968,18.7,0.19971942901611328,0.094580078125,-0.7176151137799025,1.4089447451755404,0.011253727,0.0003,0.33883923292160034,4300,0.2,-0.009989019499334973,,
432,551.58,222,884736,3978,18.7,0.7843344807624817,0.060986328125,-0.891153952665627,4.268989111483097,0.007248389,0.0003,0.25139880180358887,4310,0.2,-0.008270782706676982,,
433,541.73,222,886784,3987,18.8,0.5461501479148865,0.09736328125,-0.889595845900476,1.912533859256655,0.009672456,0.0003,0.4260239005088806,4320,0.2,-0.01140687441074988,,
434,553.07,222,888832,3997,20.3,0.8213360905647278,0.068408203125,-0.9905192354694009,3.7554504187777638,0.0067454055,0.0003,0.4033215045928955,4330,0.2,-0.009054467550595292,,
,,,890000,,,0.3130817115306854,0.070068359375,-0.9281289145350456,2.6964339540340005,0.009060999,0.0003,0.4018486738204956,4340,0.2,-0.007534214176121168,4.0,406.6
435,526.15,222,890880,4012,19.9,,,,,,,,,,,,
436,521.99,222,892928,4022,19.5,2.3377630710601807,0.062353515625,-1.0095969177782536,5.089961192011833,0.0074118925,0.0003,0.29725033044815063,4350,0.2,-0.00833380341064185,,
437,519.29,221,894976,4031,19.4,0.9206753969192505,0.097412109375,-1.0151851857081056,3.581203328631818,0.008598946,0.0003,0.5660170912742615,4360,0.2,-0.010021764405246358,,
438,509.81,222,897024,4040,18.5,0.9899563193321228,0.0962890625,-1.0928828444331884,3.20356225296855,0.009380198,0.0003,0.3391258716583252,4370,0.2,-0.010631202346121426,,
439,513.96,222,899072,4048,18.6,1.3873764276504517,0.0693359375,-1.002105844207108,4.632252816110849,0.006718469,0.0003,0.46742260456085205,4380,0.2,-0.007746763881004881,,
,,,900000,,,0.7890902757644653,0.066357421875,-0.9718073155730963,4.094795416668058,0.00659833,0.0003,0.5264120101928711,4390,0.2,-0.01014837161055766,20.0,439.8
440,512.13,221,901120,4064,18.1,,,,,,,,,,,,
441,491.25,221,903168,4073,16.2,1.9488515853881836,0.047412109375,-0.9997704135254025,6.597638056986034,0.0055486914,0.0003,0.3841714859008789,4400,0.2,-0.005259374355955515,,
442,489.5,221,905216,4082,16.4,0.4470059871673584,0.0849609375,-0.8992628458887338,3.2719608096405866,0.008672226,0.0003,0.27654820680618286,4410,0.2,-0.008654130663489922,,
443,495.4,221,907264,4090,17.1,0.78779536485672,0.065087890625,-1.044052300043404,4.635335234366357,0.006125996,0.0003,0.40824460983276367,4420,0.2,-0.0051389462387305684,,
444,496.74,221,909312,4098,17.3,0.6143633127212524,0.072509765625,-0.9986918579787016,6.28785385414958,0.00879308,0.0003,0.25851869583129883,4430,0.2,-0.010379606888454873,,
,,,910000,,,0.7076663970947266,0.094140625,-0.9880742400884628,3.7269084606319667,0.008882218,0.0003,0.21059900522232056,4440,0.2,-0.010175039287423715,24.0,443.0
445,494.56,221,911360,4115,16.9,,,,,,,,,,,,
446,493.39,221,913408,4124,16.8,1.237882375717163,0.079248046875,-1.0465986877679825,2.5707801660522818,0.009397823,0.0003,0.5625161528587341,4450,0.2,-0.00973996082029771,,
447,488.72,221,915456,4133,16.0,0.45926162600517273,0.0681640625,-0.9852760242298245,4.164380315132439,0.008652263,0.0003,0.10094636678695679,4460,0.2,-0.009620760520920157,,
448,476.64,221,917504,4143,15.0,1.139721155166626,0.1060546875,-1.0798001520335674,3.622516917809844,0.011204595,0.0003,0.36562401056289673,4470,0.2,-0.0132347413818934,,
449,470.39,221,919552,4152,14.4,1.2147613763809204,0.091015625,-1.0235524917021395,4.451859550736844,0.00980358,0.0003,0.12099230289459229,4480,0.2,-0.010097301547648384,,
,,,920000,,,1.402553915977478,0.0904296875,-1.0240629298612476,5.12733773458749,0.010411934,0.0003,0.17202430963516235,4490,0.2,-0.010719996727857506,-2.0,287.8
450,457.86,221,921600,4166,13.6,,,,,,,,,,,,
451,454.85,221,923648,4174,13.1,0.7119818329811096,0.108349609375,-1.0194583769887686,3.044699955359101,0.010071017,0.0003,0.023584604263305664,4500,0.2,-0.01270650994265452,,
452,414.58,221,925696,4183,11.9,1.7156996726989746,0.09228515625,-1.0234755475074053,4.359232836216688,0.008805934,0.0003,0.44520217180252075,4510,0.2,-0.009082211580243893,,
453,417.53,221,927744,4192,12.2,2.2383906841278076,0.1017578125,-1.0913831982761621,4.617800948396325,0.008518148,0.0003,0.13141465187072754,4520,0.2,-0.012360510075814091,,
454,402.43,221,929792,4201,11.3,1.6726009845733643,0.0974609375,-1.0253690503537656,4.5418253326788545,0.011319195,0.0003,-0.07310402393341064,4530,0.2,-0.010702961118659005,,
,,,930000,,,2.458108425140381,0.054736328125,-1.0475553875789045,7.349864314869047,0.008306993,0.0003,-0.0503697395324707,4540,0.2,-0.010059660699334927,2.0,356.4
455,403.36,221,931840,4215,11.3,,,,,,,,,,,,
456,400.44,221,933888,4225,10.8,1.386998176574707,0.04501953125,-0.9503570977598429,4.897932473942637,0.006018618,0.0003,0.23043841123580933,4550,0.2,-0.008367447796626949,,
457,402.07,221,935936,4234,10.9,0.2476799190044403,0.12109375,-1.0476845989003778,2.169124337937683,0.01287987,0.0003,0.3483848571777344,4560,0.2,-0.011935639439616352,,
458,396.41,221,937984,4242,10.1,1.880614995956421,0.08623046875,-1.0617444071918727,4.214102158881724,0.010341527,0.0003,0.2236890196800232,4570,0.2,-0.008225086805759929,,
,,,940000,,,0.652948796749115,0.089599609375,-1.1235622830688954,3.5892836902290584,0.010210272,0.0003,0.3348451852798462,4580,0.2,-0.00901761465065647,16.0,348.8
459,393.08,220,940032,4255,10.0,,,,,,,,,,,,
460,390.19,220,942080,4264,10.1,0.9209555983543396,0.085888671875,-1.1129390604794025,3.6839342122897505,0.008447557,0.0003,0.4996129870414734,4590,0.2,-0.011077601913711987,,
461,397.87,220,944128,4273,10.9,1.4028218984603882,0.068310546875,-1.013721793331206,3.3684565775096416,0.006885403,0.0003,0.6940044164657593,4600,0.2,-0.009157313540345057,,
462,390.29,220,946176,4281,9.9,1.8462591171264648,0.0896484375,-1.0851302174851298,3.857188737485558,0.00861047,0.0003,0.49264323711395264,4610,0.2,-0.011198663544200826,,
463,379.61,221,948224,4290,9.5,2.5280582904815674,0.08427734375,-1.0518815552815795,4.6634960297495125,0.008883449,0.0003,-0.062448978424072266,4620,0.2,-0.010368373038363642,,
,,,950000,,,1.0527653694152832,0.101708984375,-0.9715451069176197,4.330151165835559,0.008791858,0.0003,0.3262748718261719,4630,0.2,-0.011508262908319012,16.0,422.4
464,373.44,220,950272,4306,9.3,,,,,,,,,,,,
465,358.5,220,952320,4315,7.9,0.6855775713920593,0.086474609375,-1.0741802051663398,5.779142884165049,0.009187026,0.0003,0.0646013617515564,4640,0.2,-0.01296403021842707,,
466,373.57,220,954368,4325,9.5,0.25474515557289124,0.1134765625,-1.0461789948865772,4.348898699879646,0.0097536,0.0003,0.35213589668273926,4650,0.2,-0.012027000953094103,,
467,377.64,220,956416,4335,9.8,0.844364583492279,0.085693359375,-1.0209167825058103,3.9999952524900437,0.00947655,0.0003,0.4208527207374573,4660,0.2,-0.011472800397314131,,
468,379.02,220,958464,4344,10.1,0.392152339220047,0.042626953125,-1.1148468943312764,4.624626425281167,0.005027211,0.0003,0.3523831367492676,4670,0.2,-0.005079027278407011,,
,,,960000,,,1.3948830366134644,0.085205078125,-0.9471536461263895,3.726553767453879,0.010138315,0.0003,0.341372549533844,4680,0.2,-0.012099058652529493,10.0,342.0
469,390.47,220,960512,4361,10.6,,,,,,,,,,,,
470,385.19,220,962560,4369,10.4,0.4230329096317291,0.068994140625,-0.9476517833769321,3.25680822879076,0.008890579,0.0003,-0.13409173488616943,4690,0.2,-0.01004055795056047,,
471,391.15,220,964608,4378,10.9,2.4103267192840576,0.060791015625,-0.9428526626899838,6.825823986157775,0.008334184,0.0003,0.1997724175453186,4700,0.2,-0.010461203320301139,,
472,389.22,220,966656,4387,9.9,1.7334983348846436,0.078466796875,-1.0156770342960955,4.166988407447934,0.008762572,0.0003,0.02792942523956299,4710,0.2,-0.008749751030700281,,
473,391.37,220,968704,4397,9.7,0.8857413530349731,0.10771484375,-1.0284306451678276,2.6977395911701025,0.012668148,0.0003,0.3078761100769043,4720,0.2,-0.015510598098626361,,
,,,970000,,,0.8949731588363647,0.07158203125,-1.17274402230978,5.122066945582628,0.007497243,0.0003,0.26236873865127563,4730,0.2,-0.008733414387097582,24.0,461.2
474,376.9,219,970752,4414,8.8,,,,,,,,,,,,
475,374.87,219,972800,4423,8.9,1.797132134437561,0.07861328125,-1.050751692056656,4.445396828651428,0.009231894,0.0003,0.07154589891433716,4740,0.2,-0.011469846099498682,,
476,382.04,219,974848,4433,9.3,1.1123594045639038,0.081884765625,-1.004299926944077,4.384906698949635,0.009773312,0.0003,0.16446858644485474,4750,0.2,-0.009987785437260754,,
477,384.61,219,976896,4442,9.2,1.0578316450119019,0.11318359375,-1.128260555677116,2.429708659462631,0.009658717,0.0003,0.25776469707489014,4760,0.2,-0.013557506891083903,,
478,379.84,219,978944,4450,8.6,0.19619138538837433,0.126953125,-1.1597748588770629,2.247242704592645,0.012594561,0.0003,0.6006909012794495,4770,0.2,-0.014686273009283468,,
,,,980000,,,0.679358184337616,0.066748046875,-1.1061520554125308,2.9223183443769813,0.010038885,0.0003,0.14205533266067505,4780,0.2,-0.007131747817038558,0.0,268.4
479,374.91,219,980992,4465,7.7,,,,,,,,,,,,
480,378.28,219,983040,4474,7.7,0.9667348265647888,0.061962890625,-1.1475610315799714,3.1601486208848657,0.0072405394,0.0003,0.19064265489578247,4790,0.2,-0.008115779708896298,,
481,374.49,219,985088,4483,7.3,0.8982239961624146,0.0974609375,-1.0806267641484737,2.8052400004118683,0.009481328,0.0003,0.05740034580230713,4800,0.2,-0.007840666033735033,,
482,389.22,219,987136,4493,8.1,0.783766508102417,0.0572265625,-1.1038893576711417,4.0867747779935595,0.0065156836,0.0003,0.26471245288848877,4810,0.2,-0.008261178138491232,,
483,389.45,219,989184,4502,8.2,0.5139291882514954,0.079248046875,-1.1274059344083072,2.2875238108448683,0.009219974,0.0003,0.590290904045105,4820,0.2,-0.011686596649815329,,
,,,990000,,,0.5523141622543335,0.071142578125,-1.1809799063950777,3.9415033107623456,0.007586247,0.0003,0.3511865735054016,4830,0.2,-0.010742163240502122,8.0,358.8
484,390.67,219,991232,4517,8.4,,,,,,,,,,,,
485,387.48,219,993280,4527,7.7,0.964907169342041,0.07060546875,-1.0967028010636568,4.721235284395516,0.0076898006,0.0003,0.24720579385757446,4840,0.2,-0.010478781718120445,,
486,384.67,219,995328,4537,7.3,0.6765060424804688,0.1119140625,-1.1421818643808366,3.4622803742066024,0.011347544,0.0003,0.6053086519241333,4850,0.2,-0.015276897299918346,,
487,385.71,219,997376,4545,7.4,0.7494524717330933,0.08828125,-1.0879749085754156,3.5717126654461024,0.010614987,0.0003,0.337682843208313,4860,0.2,-0.010643837560201064,,
488,378.56,219,999424,4555,7.1,0.9725052118301392,0.0828125,-1.1159389013424517,4.526252738386392,0.008209007,0.0003,0.03111356496810913,4870,0.2,-0.00993242786207702,,
,,,1000000,,,0.8757470846176147,0.133056640625,-1.283488405123353,3.479832605365664,0.012265375,0.0003,0.12480103969573975,4880,0.2,-0.013862858728680294,14.0,430.0
489,383.51,219,1001472,4571,7.7,,,,,,,,,,,,
490,378.68,219,1003520,4580,7.6,1.7530994415283203,0.09833984375,-1.125353316962719,4.294156443886459,0.0111380555,0.0003,0.32832491397857666,4890,0.2,-0.012129117184667849,,
491,378.26,219,1005568,4590,7.8,0.6229170560836792,0.0875,-1.1330522134900094,3.9182982010766865,0.009215573,0.0003,0.25240594148635864,4900,0.2,-0.008950049238046631,,
492,380.42,219,1007616,4599,7.4,0.927551805973053,0.0935546875,-1.0873816035687924,3.381068753451109,0.010056219,0.0003,0.3846818208694458,4910,0.2,-0.01045422408496961,,
493,391.57,219,1009664,4610,8.3,0.8541194796562195,0.113525390625,-1.1051672073081136,4.074586246907711,0.009493927,0.0003,0.16034096479415894,4920,0.2,-0.0135405736946268,,
,,,1010000,,,0.7663395404815674,0.12275390625,-1.1912881422787904,3.1658801334910094,0.011216858,0.0003,0.2940763235092163,4930,0.2,-0.013353964959969744,18.0,458.6
494,387.38,218,1011712,4627,8.1,,,,,,,,,,,,
495,387.94,218,1013760,4636,8.4,2.119736909866333,0.1056640625,-1.1191261574625968,5.239911005273461,0.011099679,0.0003,0.3334919214248657,4940,0.2,-0.011888985670520925,,
496,394.94,218,1015808,4646,8.5,2.7154245376586914,0.0611328125,-1.0806242665275931,4.162822517286986,0.0069582625,0.0003,0.12900280952453613,4950,0.2,-0.01005457928404212,,
497,395.87,218,1017856,4654,8.8,0.3782587945461273,0.087451171875,-1.0693006427958607,2.7747287530452014,0.008968804,0.0003,0.2218235731124878,4960,0.2,-0.012974023177230265,,
498,397.61,218,1019904,4663,9.2,0.8034878969192505,0.113330078125,-1.1127355644479393,4.059868444595486,0.01223932,0.0003,0.30139869451522827,4970,0.2,-0.014225923366029746,,
,,,1020000,,,0.6046525835990906,0.115869140625,-1.1451863003894687,2.4286179414018987,0.01185759,0.0003,0.4671071767807007,4980,0.2,-0.011645806844171602,4.0,258.6
499,405.92,218,1021952,4677,9.9,,,,,,,,,,,,
500,407.86,218,1024000,4686,10.3,1.0705201625823975,0.13115234375,-1.1127629354596138,3.68751465510577,0.012180189,0.0003,0.4041869640350342,4990,0.2,-0.015098167312680743,,
501,408.82,218,1026048,4694,10.1,0.5583725571632385,0.082275390625,-1.1697151135653256,3.8868333345279096,0.009993755,0.0003,0.3530014157295227,5000,0.2,-0.010285303829004989,,
502,402.99,218,1028096,4703,10.4,1.538769006729126,0.06162109375,-1.2059878163039683,2.7621639483608305,0.008014912,0.0003,0.5414847731590271,5010,0.2,-0.007902072738215794,,
,,,1030000,,,3.295591354370117,0.0876953125,-1.0792631169781088,5.986704626306891,0.008405522,0.0003,0.4152889847755432,5020,0.2,-0.010814275927259587,6.0,289.4
503,397.33,218,1030144,4717,9.8,,,,,,,,,,,,
504,390.9,218,1032192,4726,9.2,0.47040238976478577,0.074658203125,-1.0423061233013868,4.698347808606923,0.0097675,0.0003,0.3370152711868286,5030,0.2,-0.01241622216621181,,
505,394.47,218,1034240,4735,9.4,0.6885016560554504,0.1107421875,-1.0492053600028157,2.9966007106006147,0.010903677,0.0003,0.414257287979126,5040,0.2,-0.012875369458924979,,
506,393.36,218,1036288,4743,9.3,0.6739550232887268,0.077978515625,-1.054939574189484,3.9706706950441,0.008820429,0.0003,0.13241314888000488,5050,0.2,-0.010503547699772752,,
507,399.29,218,1038336,4753,9.3,0.21542994678020477,0.0896484375,-1.1719754114747047,4.295550610590726,0.00886886,0.0003,0.3225364089012146,5060,0.2,-0.011930026847403496,,
,,,1040000,,,1.1201698780059814,0.122021484375,-1.111353413015604,2.9439901459030806,0.010714271,0.0003,0.0977330207824707,5070,0.2,-0.016077669759397395,10.0,435.8
508,409.46,218,1040384,4770,10.1,,,,,,,,,,,,
509,405.34,218,1042432,4779,9.4,0.9332405924797058,0.062060546875,-1.021620624512434,3.9196263454854487,0.009399743,0.0003,-0.28065037727355957,5080,0.2,-0.008327668614219874,,
510,419.62,218,1044480,4788,10.5,1.396593451499939,0.121044921875,-1.0909710224717855,3.7603491388261316,0.012246512,0.0003,0.3631291389465332,5090,0.2,-0.014134344703052193,,
511,420.2,218,1046528,4796,10.3,0.737766683101654,0.063671875,-1.1054092064499854,4.435486837662756,0.010465714,0.0003,0.14326220750808716,5100,0.2,-0.009211563275312074,,
512,423.86,218,1048576,4806,10.7,0.847174346446991,0.119091796875,-1.1023326119408012,2.61922852108255,0.009660808,0.0003,0.39420533180236816,5110,0.2,-0.01249805006373208,,
,,,1050000,,,0.3132539391517639,0.092822265625,-1.050484811514616,2.1895626614801587,0.012601582,0.0003,0.5255101323127747,5120,0.2,-0.012070764586678707,-2.0,258.0
513,435.75,217,1050624,4820,12.0,,,,,,,,,,,,
514,424.98,217,1052672,4829,11.3,0.6260209083557129,0.142578125,-1.1824375852942466,2.0037418523803354,0.01668029,0.0003,0.5142093896865845,5130,0.2,-0.015297003282466904,,
515,421.39,217,1054720,4839,11.0,2.1560795307159424,0.105126953125,-1.0753474976867436,4.354697441495955,0.010334058,0.0003,0.13307029008865356,5140,0.2,-0.010911336910794489,,
516,409.9,217,1056768,4848,10.7,1.1169724464416504,0.09267578125,-1.03015120588243,4.252806016430259,0.012933468,0.0003,0.12805426120758057,5150,0.2,-0.01349802092590835,,
517,403.47,217,1058816,4858,9.7,1.6007699966430664,0.10234375,-1.1466640520840883,5.859948728233576,0.010434165,0.0003,0.27659815549850464,5160,0.2,-0.010212969801796135,,
,,,1060000,,,0.7314860820770264,0.118994140625,-1.0586949579417706,4.614512642845511,0.012193043,0.0003,-0.3552507162094116,5170,0.2,-0.013525528621539707,6.0,261.4
518,398.62,217,1060864,4873,9.6,,,,,,,,,,,,
519,389.46,217,1062912,4883,8.5,1.7230194807052612,0.096484375,-1.0686281908303499,4.000048081669957,0.009908944,0.0003,0.026118457317352295,5180,0.2,-0.011729416796879378,,
520,388.6,217,1064960,4893,8.3,0.5509139895439148,0.080322265625,-1.0371941182762385,3.1445948771201073,0.010226605,0.0003,0.06998813152313232,5190,0.2,-0.01241923671332188,,
521,381.53,217,1067008,4902,7.2,1.7310682535171509,0.08388671875,-1.0398933827877044,1.7831325209699571,0.008368481,0.0003,0.42179781198501587,5200,0.2,-0.011528245121007785,,
522,378.22,217,1069056,4911,6.8,0.8756923079490662,0.083544921875,-1.0780367001891136,3.6019493881613016,0.00908273,0.0003,0.05364501476287842,5210,0.2,-0.013272796222008765,,
,,,1070000,,,1.6706645488739014,0.1005859375,-1.1575480464845895,4.061865070834756,0.01056316,0.0003,0.03165924549102783,5220,0.2,-0.011264470155583694,10.0,364.4
523,382.81,217,1071104,4927,7.2,,,,,,,,,,,,
524,379.8,217,1073152,4937,7.0,1.047555685043335,0.096484375,-1.0624770103022456,3.7292194072157145,0.009300943,0.0003,0.4411954879760742,5230,0.2,-0.01162227861059364,,
525,382.17,217,1075200,4947,7.8,1.0074818134307861,0.098193359375,-1.0274404151365162,2.2625590418465436,0.010060217,0.0003,0.30176353454589844,5240,0.2,-0.013412610461818986,,
526,376.39,217,1077248,4957,7.8,1.0669267177581787,0.072021484375,-1.1323794648051262,5.005727970227599,0.008675149,0.0003,0.3847169280052185,5250,0.2,-0.008775165805127471,,
527,373.29,217,1079296,4967,7.4,0.7528465390205383,0.107275390625,-1.0786593744531274,4.595579859986901,0.010754856,0.0003,0.1311347484588623,5260,0.2,-0.013343092244758737,,
,,,1080000,,,0.3996817171573639,0.084765625,-1.0442754635587335,4.133467311318964,0.008770432,0.0003,0.39514362812042236,5270,0.2,-0.009572391568508466,6.0,377.4
528,378.78,216,1081344,4984,8.0,,,,,,,,,,,,
529,375.74,216,1083392,4992,7.8,1.3057750463485718,0.0609375,-1.0098331393674016,4.162019943166524,0.006865085,0.0003,0.3690670132637024,5280,0.2,-0.008010810139239766,,
530,380.01,217,1085440,5002,8.7,3.126344919204712,0.08701171875,-1.060619593039155,3.9105830546468496,0.009793127,0.0003,0.18528366088867188,5290,0.2,-0.014051394842681475,,
531,365.09,217,1087488,5011,7.2,1.0303667783737183,0.0857421875,-1.0443040579557419,4.197527902573347,0.009381451,0.0003,0.48699694871902466,5300,0.2,-0.01122430625546258,,
532,375.86,217,1089536,5019,8.1,0.4579506516456604,0.0865234375,-1.0915574733167888,2.5013699575327335,0.009374785,0.0003,0.31336092948913574,5310,0.2,-0.008611925342120231,,
,,,1090000,,,0.4431123733520508,0.080859375,-1.1326210137456656,3.7663015358150007,0.008921232,0.0003,0.2540399432182312,5320,0.2,-0.008885579684283584,10.0,304.0
533,378.75,216,1091584,5033,7.4,,,,,,,,,,,,
534,382.94,216,1093632,5042,8.3,0.7300485372543335,0.14404296875,-1.0525604467839003,3.896224268525839,0.013228624,0.0003,-0.294583797454834,5330,0.2,-0.014993602759204805,,
535,386.46,216,1095680,5052,8.5,2.5773184299468994,0.088525390625,-1.175379253923893,4.753694886527955,0.009266708,0.0003,0.35925281047821045,5340,0.2,-0.010175152763258666,,
536,388.2,216,1097728,5061,8.8,1.412390947341919,0.085791015625,-1.038731729798019,4.071272557787597,0.007002014,0.0003,0.2470981478691101,5350,0.2,-0.009952800351311453,,
537,396.32,216,1099776,5071,9.4,0.724143385887146,0.073681640625,-0.9247787788510322,4.548619394563138,0.009937568,0.0003,-0.20208489894866943,5360,0.2,-0.01073581462551374,,
,,,1100000,,,0.6213473081588745,0.0751953125,-1.0089900240302085,4.209737484902144,0.0096917655,0.0003,-0.03990805149078369,5370,0.2,-0.009383549416088498,12.0,424.8
538,394.34,216,1101824,5089,9.3,,,,,,,,,,,,
539,393.81,216,1103872,5098,9.6,2.27349591255188,0.079541015625,-1.0066389689221977,4.266652552783489,0.007740212,0.0003,-0.10800683498382568,5380,0.2,-0.009367850847775116,,
540,400.03,216,1105920,5109,10.6,0.3799059987068176,0.081298828125,-1.0329287683591246,2.945290599949658,0.008941739,0.0003,0.2463282346725464,5390,0.2,-0.009810280057718047,,
541,398.57,216,1107968,5117,10.2,2.733386993408203,0.086767578125,-1.0229954443871976,5.446289261989295,0.009857986,0.0003,0.058947086334228516,5400,0.2,-0.011637904949020594,,
,,,1110000,,,0.28693336248397827,0.10546875,-1.091194967739284,3.19221567036584,0.009729566,0.0003,0.07636833190917969,5410,0.2,-0.010109774686134188,8.0,326.2
542,405.51,216,1110016,5133,10.8,,,,,,,,,,,,
543,401.69,216,1112064,5142,10.3,0.6793895959854126,0.094091796875,-1.0316377121955156,2.9241287587210536,0.0088918945,0.0003,0.35454362630844116,5420,0.2,-0.012312405358534307,,
544,413.76,216,1114112,5152,11.1,0.3232263922691345,0.0794921875,-1.0765243373811244,2.4201587822288273,0.007714494,0.0003,0.22979271411895752,5430,0.2,-0.009567393694305792,,
545,419.27,216,1116160,5162,10.7,0.7157453298568726,0.086572265625,-1.0427031174302102,4.244144490361213,0.011480596,0.0003,-0.19171619415283203,5440,0.2,-0.011593658788478933,,
546,409.95,216,1118208,5172,10.3,0.33911386132240295,0.10703125,-1.0513881862163543,2.864209452085197,0.010555653,0.0003,0.1876329779624939,5450,0.2,-0.011318860201572533,,
,,,1120000,,,0.3868354558944702,0.106689453125,-0.9370182629674673,2.3533014356158675,0.012826295,0.0003,0.3556888699531555,5460,0.2,-0.016365322392084637,2.0,384.2
547,423.04,215,1120256,5191,11.6,,,,,,,,,,,,
548,425.62,215,1122304,5200,11.6,1.5237879753112793,0.08369140625,-0.9827290991321206,4.096438815630973,0.010388549,0.0003,0.34604477882385254,5470,0.2,-0.009937112953048199,,
549,427.93,215,1124352,5211,11.7,1.8672373294830322,0.10322265625,-1.0182446338236333,3.651486966013908,0.0106778685,0.0003,0.3767979145050049,5480,0.2,-0.014168744755443186,,
550,422.76,215,1126400,5223,11.1,1.319522738456726,0.079296875,-1.013127969764173,3.8690496288239955,0.0088659385,0.0003,0.3061484098434448,5490,0.2,-0.009746567602269352,,
551,423.21,215,1128448,5233,10.9,1.3516560792922974,0.069921875,-0.9430385703220964,4.535407928563655,0.0090439245,0.0003,-0.03835415840148926,5500,0.2,-0.009962510764307809,,
,,,1130000,,,2.7077369689941406,0.069873046875,-0.94353450499475,5.987938240170479,0.0073649352,0.0003,0.09290653467178345,5510,0.2,-0.00976978109247284,12.0,378.4
552,425.84,215,1130496,5251,11.2,,,,,,,,,,,,
553,429.63,215,1132544,5261,11.5,0.968234121799469,0.107666015625,-0.9240204887464643,2.482451337017119,0.0109462775,0.0003,0.3356167674064636,5520,0.2,-0.011692763876635582,,
554,434.28,215,1134592,5272,12.2,0.5810838341712952,0.071826171875,-1.0038675347343087,3.5802492050454022,0.007595034,0.0003,0.18575960397720337,5530,0.2,-0.009987049622577616,,
555,429.87,215,1136640,5283,11.5,1.615012526512146,0.093408203125,-1.019285725057125,5.134357651695609,0.007785387,0.0003,0.14026391506195068,5540,0.2,-0.012418603885453194,,
556,425.01,215,1138688,5292,11.2,1.2198407649993896,0.094384765625,-0.9772687174379826,4.184899405017495,0.013521369,0.0003,0.2419581413269043,5550,0.2,-0.012814159225672483,,
,,,1140000,,,1.6903992891311646,0.091650390625,-1.0525225894525647,4.690215515717864,0.011698555,0.0003,0.31065285205841064,5560,0.2,-0.01147227374749491,18.0,406.8
557,436.99,214,1140736,5310,12.0,,,,,,,,,,,,
558,433.94,214,1142784,5320,11.4,0.2785607874393463,0.098193359375,-0.9669134104624391,2.5615888737142085,0.010494519,0.0003,0.33261221647262573,5570,0.2,-0.011671441234648227,,
559,436.08,214,1144832,5330,12.4,0.8841625452041626,0.089697265625,-0.9975532395765185,3.1640493787825106,0.009859495,0.0003,0.3566243052482605,5580,0.2,-0.011422016035066918,,
560,446.98,214,1146880,5339,13.4,0.481133371591568,0.084912109375,-1.1010254081338644,4.0909237520769235,0.009445738,0.0003,0.4527820944786072,5590,0.2,-0.009493970123003237,,
561,447.71,214,1148928,5349,13.3,0.6838696599006653,0.086328125,-0.9607152469456196,4.324476708285511,0.0094935475,0.0003,0.3340766429901123,5600,0.2,-0.012170337654242757,,
,,,1150000,,,1.3035789728164673,0.0771484375,-1.0030645418912172,5.113530846126378,0.009748997,0.0003,0.32478415966033936,5610,0.2,-0.011541373815271072,18.0,484.2
562,453.35,214,1150976,5368,13.4,,,,,,,,,,,,
563,456.01,214,1153024,5379,13.7,0.854637861251831,0.11005859375,-1.0778516389429569,2.697251333296299,0.010463337,0.0003,0.10182291269302368,5620,0.2,-0.011212908179732039,,
564,455.47,214,1155072,5389,13.1,1.5949758291244507,0.08515625,-1.0376993665471672,3.6654491079971194,0.007672705,0.0003,0.07619911432266235,5630,0.2,-0.010945245195762255,,
565,460.98,214,1157120,5400,13.8,0.645346462726593,0.1025390625,-1.0340478153899313,3.9551721911877395,0.010753354,0.0003,0.23897266387939453,5640,0.2,-0.012728298977890518,,
566,450.99,214,1159168,5409,13.5,1.178778052330017,0.07900390625,-1.0405416697263719,5.063645853288472,0.011673752,0.0003,0.10097318887710571,5650,0.2,-0.011707445900538006,,
,,,1160000,,,1.4858258962631226,0.09365234375,-1.0594303205609321,5.576899568364024,0.0091406405,0.0003,0.22836893796920776,5660,0.2,-0.011859060474671423,-2.0,280.4
567,449.76,214,1161216,5424,14.0,,,,,,,,,,,,
568,447.79,214,1163264,5434,13.8,0.593909740447998,0.078173828125,-0.954783776961267,5.418298863619566,0.00734157,0.0003,0.2528783082962036,5670,0.2,-0.01010749422130175,,
569,433.77,214,1165312,5444,12.2,1.292970895767212,0.096435546875,-1.0765707729384304,5.453850893303752,0.009864436,0.0003,0.42106324434280396,5680,0.2,-0.011989223858108744,,
570,418.51,213,1167360,5455,11.1,2.835357189178467,0.0791015625,-0.9902342449873686,4.769004155136645,0.009534007,0.0003,0.1428903341293335,5690,0.2,-0.009353835339425132,,
571,421.47,213,1169408,5465,11.4,1.4376083612442017,0.077490234375,-0.9315984368324279,3.398990273103118,0.008574081,0.0003,0.3759769797325134,5700,0.2,-0.01036992741865106,,
,,,1170000,,,1.2512861490249634,0.08876953125,-0.9476007949560881,4.5716468039900064,0.0093853865,0.0003,0.40596437454223633,5710,0.2,-0.01348221323278267,16.0,394.0
572,413.31,213,1171456,5483,10.4,,,,,,,,,,,,
573,413.4,213,1173504,5493,10.1,0.5210694074630737,0.0810546875,-0.973118776269257,4.0512929469347,0.009708416,0.0003,0.255226731300354,5720,0.2,-0.009548017318593338,,
574,403.78,213,1175552,5503,9.1,1.0846248865127563,0.085693359375,-0.9098962035030127,4.3330845849588515,0.008512123,0.0003,0.2920688986778259,5730,0.2,-0.014114206156227738,,
575,409.27,213,1177600,5513,9.8,0.7116557359695435,0.110205078125,-0.9690380338579416,4.0724654071033,0.012301179,0.0003,0.011622726917266846,5740,0.2,-0.011188321257941424,,
576,413.59,213,1179648,5523,10.6,1.449305534362793,0.08525390625,-0.9538736568763853,5.16226354315877,0.010528508,0.0003,0.17468923330307007,5750,0.2,-0.010036857836530544,,
,,,1180000,,,3.0385568141937256,0.091650390625,-1.0299236834049226,5.423959942162037,0.007941581,0.0003,0.39849263429641724,5760,0.2,-0.013174617575714365,4.0,290.2
577,408.68,213,1181696,5539,10.5,,,,,,,,,,,,
578,412.04,213,1183744,5550,10.8,0.8719902634620667,0.086962890625,-0.9260255321860313,3.613457598537207,0.008458293,0.0003,0.4697294235229492,5770,0.2,-0.012278566794702784,,
579,414.33,213,1185792,5560,10.9,0.7277573347091675,0.050634765625,-0.9251547913998366,3.6930187886580823,0.007648206,0.0003,0.4118555188179016,5780,0.2,-0.010366390015406068,,
580,403.5,213,1187840,5570,9.5,2.1238014698028564,0.126953125,-1.0713621707633139,4.373144996166229,0.012544928,0.0003,0.14301681518554688,5790,0.2,-0.015737498438102192,,
581,410.57,213,1189888,5580,10.1,0.38812926411628723,0.0865234375,-0.9522012416273355,4.456080473586917,0.009344796,0.0003,0.1765841841697693,5800,0.2,-0.010794204220292158,,
,,,1190000,,,0.7308913469314575,0.06494140625,-1.0042983833700418,3.7811520839110018,0.0070332177,0.0003,0.21361804008483887,5810,0.2,-0.006540682791091967,14.0,457.0
582,407.42,212,1191936,5598,10.8,,,,,,,,,,,,
583,413.09,212,1193984,5608,11.3,2.1025984287261963,0.05302734375,-0.9922061420977115,6.228130655549466,0.007936373,0.0003,0.4374033808708191,5820,0.2,-0.008773402741644532,,
584,406.48,212,1196032,5618,11.7,1.1457526683807373,0.089306640625,-0.9392633935436606,4.369497489184141,0.010916907,0.0003,0.18234318494796753,5830,0.2,-0.010072971167392097,,
585,394.64,212,1198080,5628,10.5,0.8684616684913635,0.084912109375,-0.9612590489909053,5.601919320970774,0.008877533,0.0003,0.2569769024848938,5840,0.2,-0.010207764280494303,,
,,,1200000,,,1.5525972843170166,0.091552734375,-0.9826879855245352,4.203153600730002,0.009829123,0.0003,0.1937747597694397,5850,0.2,-0.012387864104675827,4.0,322.2
586,394.56,212,1200128,5644,10.1,,,,,,,,,,,,
587,394.24,212,1202176,5653,10.3,0.5710396766662598,0.122119140625,-1.0756407698616386,3.8854500696063043,0.013270039,0.0003,0.35276490449905396,5860,0.2,-0.011931309307692572,,
588,402.38,212,1204224,5663,11.1,1.1115552186965942,0.055859375,-1.0533604882657528,3.9856291420757772,0.0077796313,0.0003,0.2491830587387085,5870,0.2,-0.010607027914375067,,
589,410.02,212,1206272,5673,12.4,0.5920290350914001,0.08173828125,-0.9401732413098216,4.050145024713129,0.010108208,0.0003,0.2791208028793335,5880,0.2,-0.010940874251537025,,
590,412.2,212,1208320,5682,13.0,0.9176549911499023,0.076220703125,-1.0232651211321353,4.500514239259064,0.008487845,0.0003,0.33582180738449097,5890,0.2,-0.009622001994284802,,
,,,1210000,,,1.5706238746643066,0.1013671875,-1.02729970254004,4.382285782136023,0.012399822,0.0003,0.4763544201850891,5900,0.2,-0.010757406317861751,12.0,373.0
591,407.79,212,1210368,5700,12.2,,,,,,,,,,,,
592,412.85,212,1212416,5711,12.8,0.385247141122818,0.1115234375,-1.0407059321179986,3.9408105560578406,0.013119789,0.0003,0.08569687604904175,5910,0.2,-0.013516918747336603,,
593,414.68,212,1214464,5722,13.1,0.6330544352531433,0.1025390625,-1.05101483091712,4.104127238690853,0.011521424,0.0003,0.30996429920196533,5920,0.2,-0.01354166149685625,,
594,410.4,212,1216512,5731,13.0,1.481711745262146,0.08330078125,-0.9866489784792065,3.880672651901841,0.009811974,0.0003,0.44654273986816406,5930,0.2,-0.010501384211238474,,
595,408.89,212,1218560,5742,12.5,1.6784517765045166,0.07578125,-1.01255799587816,5.009350504353643,0.009815543,0.0003,-0.03101181983947754,5940,0.2,-0.011758314896724187,,
,,,1220000,,,1.8426169157028198,0.092626953125,-1.0433909837156534,3.8234940256923435,0.009888146,0.0003,0.5090389251708984,5950,0.2,-0.011174470634432509,6.0,360.0
596,395.74,212,1220608,5757,10.3,,,,,,,,,,,,
597,385.9,212,1222656,5767,9.2,0.3913824260234833,0.112890625,-1.011074429191649,3.457670311816037,0.013116879,0.0003,0.0360720157623291,5960,0.2,-0.010019901249324902,,
598,388.69,211,1224704,5777,9.3,0.3823867738246918,0.113525390625,-0.999328583292663,2.774701353535056,0.01180784,0.0003,0.43497002124786377,5970,0.2,-0.01180610304872971,,
599,393.42,211,1226752,5787,9.9,0.46780985593795776,0.089794921875,-1.021497643738985,3.2136103621684016,0.012052549,0.0003,0.3729405999183655,5980,0.2,-0.012008489304571412,,
600,379.71,211,1228800,5797,8.5,1.0464096069335938,0.080126953125,-1.0396609175950289,4.42033008672297,0.008342272,0.0003,0.28619885444641113,5990,0.2,-0.013541330509178806,,
,,,1230000,,,1.1587132215499878,0.08037109375,-0.9981730720028281,3.926974847726524,0.009306453,0.0003,0.24156087636947632,6000,0.2,-0.010337063440238126,12.0,391.8
601,384.03,211,1230848,5815,8.1,,,,,,,,,,,,
602,389.56,211,1232896,5825,8.8,0.3727407455444336,0.130859375,-1.0182307736948133,2.3379916794598103,0.014021108,0.0003,0.31085944175720215,6010,0.2,-0.012406761429156176,,
603,394.24,211,1234944,5836,8.9,1.4034866094589233,0.073779296875,-1.0055220836773515,3.3994033919647335,0.008402,0.0003,0.21122920513153076,6020,0.2,-0.010611685585172382,,
604,399.17,211,1236992,5846,9.2,0.5533486008644104,0.07587890625,-0.9443818600848317,3.587420692667365,0.010981408,0.0003,0.38866114616394043,6030,0.2,-0.011775467725237831,,
605,396.64,211,1239040,5855,9.1,0.784784734249115,0.066552734375,-0.9874920772388578,5.473847107216716,0.0072619272,0.0003,0.35935842990875244,6040,0.2,-0.010141038344590925,,
,,,1240000,,,2.3903133869171143,0.088818359375,-0.9804343426600098,4.7565987527370455,0.00869688,0.0003,0.26401376724243164,6050,0.2,-0.011745406199770514,6.0,355.6
606,403.2,211,1241088,5872,9.9,,,,,,,,,,,,
607,394.05,211,1243136,5882,8.8,1.0797538757324219,0.094287109375,-0.917105807363987,4.806953936070204,0.009906368,0.0003,-0.06871151924133301,6060,0.2,-0.010577086542616599,,
608,384.13,211,1245184,5891,7.3,1.194936990737915,0.072216796875,-0.9498720072209835,5.159300316683948,0.008453338,0.0003,0.011732399463653564,6070,0.2,-0.010024923406308516,,
609,384.62,211,1247232,5901,7.0,1.1854748725891113,0.076171875,-0.9131803235039115,4.263243141956627,0.009913467,0.0003,0.23010200262069702,6080,0.2,-0.009998861284111626,,
610,390.01,211,1249280,5912,7.6,2.360219955444336,0.085107421875,-0.9780570294708013,4.939599652402103,0.0085148215,0.0003,-0.0839841365814209,6090,0.2,-0.010075395554304123,,
,,,1250000,,,1.4349390268325806,0.09658203125,-0.9985455242916942,3.8473510533571242,0.0124571305,0.0003,0.3622320294380188,6100,0.2,-0.010849780857097358,0.0,256.6
611,384.8,211,1251328,5925,6.8,,,,,,,,,,,,
612,387.47,211,1253376,5936,6.9,0.3895013630390167,0.1162109375,-0.9251972811296583,2.626915001589805,0.010937369,0.0003,0.3219786286354065,6110,0.2,-0.012639350666722749,,
613,390.62,211,1255424,5945,7.3,0.5625973343849182,0.1107421875,-0.9944425493478775,2.919127423968166,0.012309239,0.0003,0.3978528380393982,6120,0.2,-0.01155643013335066,,
614,399.72,211,1257472,5955,8.2,0.7739359736442566,0.085693359375,-0.9788013884797693,3.628563779219985,0.011682691,0.0003,0.09805643558502197,6130,0.2,-0.010656012952676975,,
615,401.96,211,1259520,5964,8.1,1.3425357341766357,0.08984375,-1.0371100828051567,4.178560200147331,0.009955392,0.0003,0.4019564390182495,6140,0.2,-0.015088891191408039,,
,,,1260000,,,1.132128357887268,0.071142578125,-0.95277957636863,4.505605210177601,0.009035687,0.0003,-0.22518956661224365,6150,0.2,-0.013081324408994987,6.0,354.6
616,411.28,210,1261568,5980,9.1,,,,,,,,,,,,
617,412.82,210,1263616,5989,9.6,0.7498522996902466,0.06806640625,-0.8975651580840349,5.18698833733797,0.007969106,0.0003,0.2998075485229492,6160,0.2,-0.01119994287728332,,
618,410.36,210,1265664,5998,9.8,0.6387403011322021,0.114501953125,-0.9885945286601782,4.652144556306302,0.013584474,0.0003,0.2480618953704834,6170,0.2,-0.014423697884194554,,
619,407.8,211,1267712,6007,9.9,1.0747911930084229,0.105126953125,-0.9496653795242309,3.399466633796692,0.012485183,0.0003,0.5146056413650513,6180,0.2,-0.01497205784835387,,
620,417.97,210,1269760,6018,10.6,0.1939694881439209,0.097509765625,-0.8672888869419694,4.465986975189298,0.011648307,0.0003,0.17691242694854736,6190,0.2,-0.009852057018724736,,
,,,1270000,,,0.3264986276626587,0.117724609375,-0.9744715256616473,2.289142566546798,0.01575113,0.0003,0.2927183508872986,6200,0.2,-0.01243497514515184,8.0,403.4
621,418.14,210,1271808,6035,10.9,,,,,,,,,,,,
622,404.54,210,1273856,6045,10.0,0.9182693362236023,0.091162109375,-0.8828731974586844,4.084118591994047,0.008972692,0.0003,0.18553447723388672,6210,0.2,-0.01103784785955213,,
623,400.99,210,1275904,6055,9.8,1.6035680770874023,0.1076171875,-0.9827193425968289,4.214433254674077,0.010118222,0.0003,0.11506140232086182,6220,0.2,-0.011922741442685948,,
624,407.6,210,1277952,6065,9.9,0.3391934931278229,0.106201171875,-1.0326221270486713,3.7845915239304304,0.0122567965,0.0003,0.3779051899909973,6230,0.2,-0.014891958827502095,,
,,,1280000,,,0.22695210576057434,0.08720703125,-0.9283278729766608,2.989682688936591,0.010645696,0.0003,-0.01702702045440674,6240,0.2,-0.010447169092367403,12.0,466.0
625,405.55,210,1280000,6082,10.0,,,,,,,,,,,,
626,403.81,210,1282048,6092,10.0,1.523419976234436,0.11181640625,-0.8863607039675117,3.622679080627859,0.013579804,0.0003,0.2261151671409607,6250,0.2,-0.01145619966700906,,
627,401.21,210,1284096,6102,9.6,2.156444549560547,0.067431640625,-0.9161652009934187,4.931409680098295,0.0075041624,0.0003,0.05686110258102417,6260,0.2,-0.009690653788857162,,
628,409.08,210,1286144,6113,10.1,1.2373871803283691,0.073486328125,-0.9948456326499582,4.403327719308436,0.009175971,0.0003,0.19117403030395508,6270,0.2,-0.009486035618465394,,
629,416.76,210,1288192,6123,10.2,0.5521792769432068,0.08642578125,-1.0372794086113573,3.574957306217402,0.009995262,0.0003,0.32776522636413574,6280,0.2,-0.01039277360541746,,
,,,1290000,,,1.0327227115631104,0.061279296875,-1.0007464688271284,4.48278504833579,0.0064973617,0.0003,0.38200342655181885,6290,0.2,-0.008215677598491311,14.0,458.6
630,405.37,210,1290240,6141,9.8,,,,,,,,,,,,
631,411.95,210,1292288,6150,10.7,0.7864773869514465,0.107421875,-0.9502906654030084,4.386695192940533,0.0113193095,0.0003,0.21945714950561523,6300,0.2,-0.011856449325568974,,
632,421.66,210,1294336,6161,11.9,1.4786797761917114,0.09560546875,-0.9961957633495331,3.794301532767713,0.010938073,0.0003,0.3512076735496521,6310,0.2,-0.011752561487082858,,
633,415.64,210,1296384,6170,11.6,0.8327310085296631,0.1044921875,-0.9407884940505028,3.188129786029458,0.011028595,0.0003,0.24932461977005005,6320,0.2,-0.014966109141823836,,
634,425.15,210,1298432,6181,12.4,0.7047264575958252,0.07353515625,-0.9455967115238308,5.364128238707781,0.0076384833,0.0003,0.2877923250198364,6330,0.2,-0.007943878634250723,,
,,,1300000,,,2.2999582290649414,0.057958984375,-0.9226537633687257,4.947975457832217,0.008293,0.0003,0.3134791851043701,6340,0.2,-0.00873886391200358,16.0,496.0
635,423.45,209,1300480,6201,12.9,,,,,,,,,,,,
636,420.16,209,1302528,6211,13.1,1.4121735095977783,0.08984375,-0.8862086495384573,4.105031795613468,0.011590511,0.0003,0.36428558826446533,6350,0.2,-0.01280965334153734,,
637,427.16,209,1304576,6221,13.5,0.6649031043052673,0.065478515625,-0.8797681553289294,4.4793482819572095,0.009188414,0.0003,0.10706943273544312,6360,0.2,-0.009938545877230354,,
638,424.88,209,1306624,6231,12.6,1.2026424407958984,0.11875,-0.9562683383002877,2.8277151548303663,0.013814664,0.0003,0.48310816287994385,6370,0.2,-0.01275376424746355,,
639,440.37,209,1308672,6242,13.3,1.0869853496551514,0.09599609375,-0.8731330990791321,3.66535276863724,0.009631331,0.0003,0.2839595675468445,6380,0.2,-0.012621617379772942,,
,,,1310000,,,0.8392200469970703,0.11025390625,-0.9661743137985468,3.01130257146433,0.011930473,0.0003,0.2588084936141968,6390,0.2,-0.015727816936851012,-2.0,239.6
640,438.74,209,1310720,6256,12.6,,,,,,,,,,,,
641,449.29,209,1312768,6266,13.5,0.5683320164680481,0.1029296875,-0.9946211898699403,3.098452240228653,0.01162022,0.0003,-0.07310521602630615,6400,0.2,-0.012344631325686351,,
642,441.81,209,1314816,6277,13.0,1.2655502557754517,0.121875,-1.0096052683889867,3.2278562507592143,0.0119376,0.0003,0.14884650707244873,6410,0.2,-0.012810361231095158,,
643,452.68,209,1316864,6286,13.6,0.9123900532722473,0.10615234375,-0.9048829436302185,3.486878908239305,0.011578161,0.0003,0.3667904734611511,6420,0.2,-0.012640467469464057,,
644,454.2,209,1318912,6295,13.4,1.7512668371200562,0.073876953125,-0.9123810220509767,4.791611803136766,0.009884823,0.0003,0.08048510551452637,6430,0.2,-0.008838691885466687,,
,,,1320000,,,0.6782479882240295,0.098681640625,-0.8748678635805845,4.287665799446404,0.009437304,0.0003,0.43826544284820557,6440,0.2,-0.008933715453895274,22.0,633.6
645,443.68,209,1320960,6317,12.7,,,,,,,,,,,,
646,449.09,209,1323008,6326,13.2,0.3312070667743683,0.080859375,-0.8790427705273032,5.117160204239189,0.008512418,0.0003,0.19635748863220215,6450,0.2,-0.011653640188160352,,
647,451.67,209,1325056,6336,13.3,1.6968917846679688,0.077587890625,-0.9341049380600452,4.186278635449708,0.009368204,0.0003,0.43059152364730835,6460,0.2,-0.012898062118620147,,
648,455.78,209,1327104,6347,13.7,0.6145973205566406,0.08505859375,-1.0095828961580993,2.869493153132498,0.008047716,0.0003,0.30426543951034546,6470,0.2,-0.009866953545133584,,
649,468.62,209,1329152,6357,14.4,1.6787047386169434,0.0873046875,-0.9548235327005387,3.4858206033706667,0.008273313,0.0003,0.45734143257141113,6480,0.2,-0.012923135761229786,,
,,,1330000,,,0.7204228639602661,0.09482421875,-0.9937573889270425,2.638952063303441,0.009840539,0.0003,0.462513267993927,6490,0.2,-0.009404815806192346,0.0,292.0
650,472.49,208,1331200,6373,14.7,,,,,,,,,,,,
651,457.75,208,1333248,6382,14.0,1.6570390462875366,0.093017578125,-0.9736804507672787,3.832252827845514,0.008980383,0.0003,0.2895520329475403,6500,0.2,-0.012038429574749899,,
652,459.51,208,1335296,6392,13.8,1.4303933382034302,0.11748046875,-0.9442681925371289,3.6141982635483147,0.011087085,0.0003,0.38949936628341675,6510,0.2,-0.015836947763455102,,
653,458.59,208,1337344,6401,13.6,1.1404178142547607,0.12060546875,-0.9918419698253274,2.891614905372262,0.011877388,0.0003,0.1677369475364685,6520,0.2,-0.01772023276425898,,
654,450.47,208,1339392,6411,12.8,0.8552219867706299,0.0703125,-0.9675664264708758,3.696575861796737,0.0076052356,0.0003,0.6572781801223755,6530,0.2,-0.012173821867327206,,
,,,1340000,,,1.2834341526031494,0.073095703125,-1.0185080831870437,5.052518513426184,0.009308143,0.0003,0.3253820538520813,6540,0.2,-0.01158580255432753,-2.0,309.2
655,452.42,208,1341440,6425,12.8,,,,,,,,,,,,
656,433.29,208,1343488,6434,11.0,0.6585398316383362,0.078369140625,-1.0188751444220543,4.128660365007818,0.009552348,0.0003,0.4922636151313782,6550,0.2,-0.011123291670810432,,
657,442.03,208,1345536,6444,11.7,1.9886902570724487,0.092236328125,-0.994656852632761,4.916378159821034,0.009291553,0.0003,0.37584298849105835,6560,0.2,-0.012994581612292676,,
658,433.76,208,1347584,6455,10.7,0.7343776226043701,0.082080078125,-0.9658599324524403,4.255421701446176,0.008835504,0.0003,0.44323939085006714,6570,0.2,-0.010212254992802627,,
659,426.7,208,1349632,6464,10.8,0.9485616087913513,0.06884765625,-0.946541839465499,3.706765631213784,0.009297267,0.0003,0.4699336290359497,6580,0.2,-0.00782950340944808,,
,,,1350000,,,2.763240337371826,0.0759765625,-0.9577927766367793,5.913256035000086,0.008069485,0.0003,0.05741375684738159,6590,0.2,-0.00985084943677066,20.0,347.4
660,418.87,208,1351680,6479,10.6,,,,,,,,,,,,
661,415.05,208,1353728,6489,10.3,1.8187487125396729,0.117138671875,-0.9437153318896889,3.750431001372635,0.011811974,0.0003,0.3211411237716675,6600,0.2,-0.012871499962056988,,
662,404.52,208,1355776,6499,9.9,0.32486382126808167,0.06826171875,-0.9244873858988285,3.3831844742409887,0.008622896,0.0003,0.5080734491348267,6610,0.2,-0.009474507850245572,,
663,407.65,208,1357824,6510,10.3,1.1726175546646118,0.074169921875,-0.8853731013834476,3.9074258035048843,0.007863689,0.0003,0.28217625617980957,6620,0.2,-0.009009967815654819,,
664,403.49,208,1359872,6519,10.1,0.21888573467731476,0.131201171875,-1.0526213293895126,3.3289108972996475,0.014474833,0.0003,0.5033067464828491,6630,0.2,-0.01201455455084215,,
,,,1360000,,,0.9906002283096313,0.0927734375,-0.9643166206777096,4.3844475952908395,0.010747075,0.0003,0.2112586498260498,6640,0.2,-0.01538364712469047,4.0,341.4
665,417.07,208,1361920,6537,11.0,,,,,,,,,,,,
666,407.6,208,1363968,6546,10.6,0.3630240559577942,0.107568359375,-1.0028441959992052,2.733182806242257,0.012497769,0.0003,0.18558168411254883,6650,0.2,-0.014666370800114237,,
667,396.13,208,1366016,6557,9.4,1.5990581512451172,0.087548828125,-0.8941723600029945,4.603839658200741,0.0113706365,0.0003,0.28579282760620117,6660,0.2,-0.009454438219836447,,
668,393.62,208,1368064,6567,9.1,0.32904645800590515,0.0619140625,-0.9565836142748594,4.142337272129953,0.00779547,0.0003,0.11898213624954224,6670,0.2,-0.008209301224269439,,
,,,1370000,,,1.049310564994812,0.062646484375,-0.9169351141899824,4.751907397992909,0.006100652,0.0003,0.23405730724334717,6680,0.2,-0.01011734609346604,2.0,247.2
669,385.6,208,1370112,6580,8.3,,,,,,,,,,,,
670,396.46,208,1372160,6590,9.1,1.3036856651306152,0.1015625,-0.9785095965489745,4.584736376814544,0.012811489,0.0003,-0.07937765121459961,6690,0.2,-0.010958875075448304,,
671,389.1,208,1374208,6600,9.1,1.5144206285476685,0.10546875,-0.9419293738901615,4.753619173914194,0.010205581,0.0003,0.2541927695274353,6700,0.2,-0.012131246356875635,,
672,400.35,208,1376256,6612,10.0,0.6610137820243835,0.100048828125,-0.9460281185805798,3.0782462868839504,0.010392874,0.0003,0.495705246925354,6710,0.2,-0.012322492660314311,,
673,397.86,208,1378304,6622,9.6,0.48277267813682556,0.123681640625,-1.0484241595491768,2.6378083772957326,0.012500897,0.0003,0.3992616534233093,6720,0.2,-0.011472736395080573,,
,,,1380000,,,0.9632022976875305,0.092236328125,-0.9211804877966643,3.0582663072273135,0.011006279,0.0003,0.2986602783203125,6730,0.2,-0.014267312045558356,14.0,404.0
674,398.34,207,1380352,6640,9.3,,,,,,,,,,,,
675,399.87,207,1382400,6650,8.9,1.5582753419876099,0.089794921875,-0.9415807027369738,4.086450539529324,0.010429777,0.0003,0.38627541065216064,6740,0.2,-0.01072665432584472,,
676,411.41,207,1384448,6661,9.9,0.7464573979377747,0.12470703125,-0.9235986664891243,3.1341942524537445,0.014924461,0.0003,0.4707294702529907,6750,0.2,-0.01435025487880921,,
677,419.73,207,1386496,6672,10.5,0.3261912763118744,0.100634765625,-0.9115131696686148,2.639063585922122,0.009332504,0.0003,0.24834489822387695,6760,0.2,-0.013756046045455151,,
678,416.0,207,1388544,6682,10.4,3.5227153301239014,0.061181640625,-0.9615978516638279,5.423416281491518,0.0064350357,0.0003,0.218159019947052,6770,0.2,-0.011402584830648266,,
,,,1390000,,,0.460248738527298,0.08974609375,-0.9557613577693701,3.3865337040275336,0.01076827,0.0003,0.5921368598937988,6780,0.2,-0.009664278116542847,34.0,645.0
679,414.65,207,1390592,6705,10.4,,,,,,,,,,,,
680,426.68,207,1392640,6716,11.0,0.3437036871910095,0.075439453125,-0.9169831512495875,3.7880435699597,0.009765347,0.0003,0.23415368795394897,6790,0.2,-0.009106487249664497,,
681,430.97,207,1394688,6727,11.2,0.40580084919929504,0.08408203125,-0.9030759204179049,2.647146187815815,0.008833351,0.0003,0.25497758388519287,6800,0.2,-0.011870406966772861,,
682,438.54,207,1396736,6738,12.4,1.2316242456436157,0.076220703125,-0.8757940048351884,2.8311620305292307,0.008406415,0.0003,0.3708100914955139,6810,0.2,-0.013219446485163645,,
683,441.92,207,1398784,6747,12.1,0.6155678033828735,0.077197265625,-0.8857416555285453,4.032853428646922,0.009132429,0.0003,0.3763607144355774,6820,0.2,-0.01424382382829208,,
,,,1400000,,,0.9054765105247498,0.0982421875,-0.9113858675584197,2.315803219843656,0.01079777,0.0003,0.5445318222045898,6830,0.2,-0.015739912923891097,2.0,266.4
684,420.27,207,1400832,6761,10.2,,,,,,,,,,,,
685,419.44,207,1402880,6772,10.4,1.0578432083129883,0.094677734375,-0.9043675081804394,4.848751401156187,0.009452265,0.0003,0.3801955580711365,6840,0.2,-0.013838471088092774,,
686,424.03,207,1404928,6783,10.4,1.4247958660125732,0.085693359375,-0.8715852482244373,4.421793789044022,0.007622499,0.0003,0.1485576033592224,6850,0.2,-0.011309955362230539,,
687,426.81,207,1406976,6793,10.6,3.3219659328460693,0.060107421875,-0.8890662854537368,4.642981565743685,0.006682788,0.0003,0.2860727906227112,6860,0.2,-0.009810188045958058,,
688,437.01,207,1409024,6803,11.5,1.8844327926635742,0.110546875,-0.8984722791239619,4.422089146077633,0.013064353,0.0003,0.20402824878692627,6870,0.2,-0.015505055678659119,,
,,,1410000,,,0.43119698762893677,0.093359375,-0.9381879700347782,2.643304161541164,0.012154485,0.0003,0.4236188530921936,6880,0.2,-0.012351406185189262,14.0,353.8
689,442.58,206,1411072,6818,12.2,,,,,,,,,,,,
690,435.51,206,1413120,6828,11.3,0.38651347160339355,0.113671875,-0.9768572382628917,3.8068756291642787,0.012251786,0.0003,0.3250911831855774,6890,0.2,-0.012599970435258002,,
691,448.39,206,1415168,6840,12.3,0.510742723941803,0.099072265625,-0.9433098627254367,3.0492903659120203,0.0109647345,0.0003,0.18261194229125977,6900,0.2,-0.014822641664068215,,
692,447.71,206,1417216,6851,11.9,0.5731647610664368,0.09267578125,-0.9177237831056118,2.855718958750367,0.008585738,0.0003,0.40293604135513306,6910,0.2,-0.010106252701370977,,
693,445.89,206,1419264,6861,11.6,0.9938870668411255,0.073828125,-0.96255391985178,3.36914400216192,0.007834664,0.0003,0.1365509033203125,6920,0.2,-0.008438778630807064,,
,,,1420000,,,1.062643051147461,0.069189453125,-0.8265287220478058,4.280375901050865,0.008938232,0.0003,0.062310993671417236,6930,0.2,-0.010866599407745526,16.0,413.4
694,441.04,206,1421312,6878,11.5,,,,,,,,,,,,
695,453.72,206,1423360,6890,13.0,0.792439877986908,0.1021484375,-0.9546660114079714,3.900283213891089,0.009486074,0.0003,0.33696651458740234,6940,0.2,-0.013306350943457801,,
696,446.76,206,1425408,6901,12.9,1.2453843355178833,0.07138671875,-0.863587374612689,3.39687141738832,0.009917451,0.0003,0.1045272946357727,6950,0.2,-0.011221787196700462,,
697,458.24,206,1427456,6912,14.0,0.7189952731132507,0.072021484375,-0.9398187113925814,6.362078370898962,0.00745254,0.0003,0.10457253456115723,6960,0.2,-0.010355033211817499,,
698,468.95,206,1429504,6924,14.8,0.9104268550872803,0.074609375,-0.8990406904369592,2.61700344029814,0.009268546,0.0003,0.43096423149108887,6970,0.2,-0.009469721183995717,,
,,,1430000,,,0.9613772034645081,0.09833984375,-0.9217885883525014,1.8759558022022247,0.009600921,0.0003,0.6533814072608948,6980,0.2,-0.011829910721280612,2.0,307.2
699,463.64,206,1431552,6940,14.4,,,,,,,,,,,,
700,461.7,206,1433600,6951,14.3,1.2131657600402832,0.062255859375,-0.8571958061307668,4.566232513450086,0.007201327,0.0003,0.3366202116012573,6990,0.2,-0.007924340495083015,,
701,468.74,206,1435648,6962,15.1,0.7020649909973145,0.06162109375,-0.8630784912034869,5.370964253507554,0.007396938,0.0003,0.055869877338409424,7000,0.2,-0.008095515555760357,,
702,473.17,206,1437696,6972,15.2,0.6191056370735168,0.087451171875,-0.9339402532204986,3.8615670782513916,0.0073676324,0.0003,0.4090423583984375,7010,0.2,-0.010962714244669769,,
703,468.68,206,1439744,6982,15.3,0.7843732833862305,0.089990234375,-0.8750905198976398,3.7605647409334777,0.007997516,0.0003,0.44623517990112305,7020,0.2,-0.011162592818436678,,
,,,1440000,,,0.5264385342597961,0.07431640625,-0.8948069298639894,5.361462870240212,0.008151431,0.0003,0.1134844422340393,7030,0.2,-0.011469023762037978,2.0,271.0
704,466.24,206,1441792,6996,14.9,,,,,,,,,,,,
705,453.2,206,1443840,7006,14.2,0.44143912196159363,0.0736328125,-0.847849365323782,4.409970079548657,0.008000699,0.0003,0.13688915967941284,7040,0.2,-0.0107296346250223,,
706,462.69,206,1445888,7016,15.0,1.2267831563949585,0.08388671875,-0.9178605441004037,5.13360097669065,0.010168582,0.0003,-0.09957730770111084,7050,0.2,-0.011624501226469875,,
707,464.93,206,1447936,7027,14.9,0.5853633880615234,0.087451171875,-0.881056453473866,2.5424339078366756,0.010135958,0.0003,0.4280155897140503,7060,0.2,-0.013498961633013095,,
708,471.63,206,1449984,7037,15.5,0.3370550572872162,0.0970703125,-0.8726187648251653,3.9301476126536725,0.009263098,0.0003,0.4520816206932068,7070,0.2,-0.011107137947692535,,
,,,1450000,,,0.34998542070388794,0.08427734375,-0.8678908681496977,2.8036967303603886,0.008238831,0.0003,0.5649611949920654,7080,0.2,-0.012331175224971958,24.0,494.0
709,464.74,205,1452032,7058,14.4,,,,,,,,,,,,
710,464.02,205,1454080,7068,14.8,0.9013554453849792,0.06572265625,-0.877203480899334,5.444707472622395,0.008978777,0.0003,-0.07019340991973877,7090,0.2,-0.010108627963927575,,
711,465.97,205,1456128,7078,15.4,1.7826334238052368,0.056201171875,-0.9155149586498738,5.170214557275176,0.0064793117,0.0003,0.24124950170516968,7100,0.2,-0.010556788614485413,,
712,456.45,205,1458176,7088,14.9,0.7844396829605103,0.100244140625,-0.8902189621701837,4.77387693375349,0.0102640055,0.0003,0.39806145429611206,7110,0.2,-0.016552296868758275,,
,,,1460000,,,1.2018316984176636,0.09052734375,-0.9777454541996121,4.9013599624857305,0.009464147,0.0003,0.08874547481536865,7120,0.2,-0.011998971478897147,6.0,317.6
713,467.89,205,1460224,7103,16.3,,,,,,,,,,,,
714,443.06,205,1462272,7113,15.2,1.325757384300232,0.0734375,-0.9057105286046863,4.9921190027147535,0.008172211,0.0003,0.24527627229690552,7130,0.2,-0.008430794010928366,,
715,440.81,205,1464320,7122,15.1,0.8281591534614563,0.098583984375,-0.986426236666739,4.556345634162426,0.010235757,0.0003,0.23024266958236694,7140,0.2,-0.01723278836288955,,
716,447.81,205,1466368,7133,15.5,0.8053807020187378,0.075927734375,-0.8678197972476482,4.191672311350703,0.009356716,0.0003,0.24883675575256348,7150,0.2,-0.009452623921970372,,
717,443.94,205,1468416,7143,15.2,0.8261679410934448,0.101025390625,-0.9804282017052174,3.26360481698066,0.009470148,0.0003,0.47039228677749634,7160,0.2,-0.01296449000656139,,
,,,1470000,,,2.3781752586364746,0.063330078125,-0.8597314894199372,7.649375975504517,0.0065744994,0.0003,0.26222163438796997,7170,0.2,-0.009764022650779225,14.0,447.0
718,437.57,205,1470464,7161,14.7,,,,,,,,,,,,
719,421.99,205,1472512,7170,13.7,0.7250683903694153,0.096728515625,-0.8387943901121616,4.560406685061753,0.010991561,0.0003,0.4519224166870117,7180,0.2,-0.014917827353929169,,
720,426.76,205,1474560,7181,14.0,1.7661656141281128,0.07802734375,-0.9061896475031972,4.434821077436209,0.0075807897,0.0003,0.2854229807853699,7190,0.2,-0.013662948248384054,,
721,417.18,205,1476608,7191,13.2,0.4321780204772949,0.132373046875,-0.8953483628109098,2.8780986399389805,0.014596688,0.0003,0.5539392232894897,7200,0.2,-0.0139162857667543,,
722,414.4,205,1478656,7201,13.0,0.7747771143913269,0.072802734375,-0.8342754082754255,3.842980595305562,0.007997585,0.0003,0.4359704256057739,7210,0.2,-0.01442651525430847,,
,,,1480000,,,0.6643260717391968,0.07041015625,-0.8452550983056426,4.995367977209389,0.0071826605,0.0003,0.4150921106338501,7220,0.2,-0.009549321349186356,14.0,374.8
723,413.88,205,1480704,7218,13.3,,,,,,,,,,,,
724,409.2,205,1482752,7227,12.7,0.880661129951477,0.08759765625,-0.8650071058422327,4.379781759344041,0.008998379,0.0003,0.43646860122680664,7230,0.2,-0.010576751839835197,,
725,408.72,205,1484800,7236,12.7,2.568326234817505,0.091064453125,-0.8712127830833196,6.171071628108621,0.009173828,0.0003,0.2250317931175232,7240,0.2,-0.009667362156324088,,
726,415.66,205,1486848,7246,13.1,0.6153724789619446,0.10791015625,-0.947676738537848,4.7335954893380405,0.010963026,0.0003,-0.10200083255767822,7250,0.2,-0.016580025607254356,,
727,427.76,205,1488896,7258,14.1,1.5333729982376099,0.063525390625,-0.9050333995372057,3.633214069902897,0.0074655404,0.0003,0.4057132601737976,7260,0.2,-0.008511576396995225,,
,,,1490000,,,1.301866888999939,0.1220703125,-0.8475624620914459,3.830702353455126,0.010519111,0.0003,0.5127072334289551,7270,0.2,-0.013215458887862042,6.0,347.2
728,427.2,204,1490944,7273,14.3,,,,,,,,,,,,
729,431.75,204,1492992,7284,14.8,0.8824062347412109,0.09130859375,-0.828109622001648,4.428487022221089,0.007900421,0.0003,0.2001752257347107,7280,0.2,-0.010055608466791455,,
730,437.44,204,1495040,7295,15.7,1.8128865957260132,0.081640625,-0.9936203222721816,4.869026190415025,0.011008057,0.0003,0.32016104459762573,7290,0.2,-0.011403490602970124,,
731,437.62,204,1497088,7306,15.9,1.6151888370513916,0.078515625,-0.8694940101355314,4.6054419163614515,0.010122912,0.0003,0.21171915531158447,7300,0.2,-0.010509164648829028,,
732,439.13,204,1499136,7317,15.7,2.4045541286468506,0.068896484375,-0.9135492034256458,6.50654987115413,0.0077000745,0.0003,0.20875269174575806,7310,0.2,-0.01140013789117802,,
,,,1500000,,,2.0368330478668213,0.122900390625,-0.9534987093880772,3.119928032066673,0.011738523,0.0003,0.47513246536254883,7320,0.2,-0.014015507564181462,-10.0,174.8
733,440.83,204,1501184,7329,15.7,,,,,,,,,,,,
734,455.95,204,1503232,7341,17.0,0.5886486768722534,0.075927734375,-0.9477117458358407,5.27343059591949,0.008215696,0.0003,0.4069939851760864,7330,0.2,-0.012781733796873595,,
735,445.36,204,1505280,7351,15.2,1.295211911201477,0.0892578125,-0.9644886307418347,4.190234832651913,0.01096415,0.0003,0.34403663873672485,7340,0.2,-0.012645172502379865,,
736,456.4,204,1507328,7362,16.3,2.7354774475097656,0.085791015625,-0.9674034036695958,4.26568474508822,0.00763961,0.0003,0.40424424409866333,7350,0.2,-0.01083352479909081,,
737,463.93,204,1509376,7372,16.6,0.33707258105278015,0.086669921875,-0.8703659601509571,2.893948497064412,0.009274302,0.0003,0.29690974950790405,7360,0.2,-0.00857672164129326,,
,,,1510000,,,1.996699571609497,0.08798828125,-0.9143140027299523,4.2832799784839155,0.011640044,0.0003,0.29826927185058594,7370,0.2,-0.013209924459806644,16.0,443.8
738,473.77,204,1511424,7391,17.2,,,,,,,,,,,,
739,465.01,204,1513472,7402,15.9,0.8463736176490784,0.10576171875,-0.9641381897032261,3.950588637031615,0.00985712,0.0003,0.18001067638397217,7380,0.2,-0.01847068133065477,,
740,463.14,204,1515520,7411,15.3,1.7804286479949951,0.078857421875,-0.8922856979072094,5.06500837020576,0.009278646,0.0003,0.01761925220489502,7390,0.2,-0.012624452092859428,,
741,464.62,204,1517568,7421,14.8,1.3727474212646484,0.11640625,-0.9556997863575816,3.91340626552701,0.01050413,0.0003,0.025333821773529053,7400,0.2,-0.014481098568649032,,
742,468.94,204,1519616,7431,15.4,0.5002635717391968,0.08212890625,-0.9462036941200495,3.081991182640195,0.009040104,0.0003,0.28865450620651245,7410,0.2,-0.011665931362949777,,
,,,1520000,,,0.7471833825111389,0.113134765625,-0.9280426347628236,2.9036146447062494,0.009613423,0.0003,0.4604116678237915,7420,0.2,-0.013638753951818216,-2.0,204.8
743,458.36,204,1521664,7444,14.5,,,,,,,,,,,,
744,456.18,204,1523712,7454,14.0,0.7218469381332397,0.08681640625,-0.9133936882019043,5.707538815960288,0.008578391,0.0003,-0.05690360069274902,7430,0.2,-0.01385985485976562,,
745,448.14,204,1525760,7463,12.9,0.8412567377090454,0.10556640625,-0.9476883042603731,3.5233022566884755,0.011996608,0.0003,0.020373940467834473,7440,0.2,-0.016046172390633728,,
746,446.0,204,1527808,7472,13.0,1.1771141290664673,0.07841796875,-0.9489905875176191,4.11417705193162,0.009910567,0.0003,0.2245730757713318,7450,0.2,-0.01513119413284585,,
747,453.86,204,1529856,7483,13.7,1.2069172859191895,0.085302734375,-0.9860529994592071,5.103649668768048,0.009366429,0.0003,-0.23664844036102295,7460,0.2,-0.0130506218818482,,
,,,1530000,,,1.300095558166504,0.11484375,-0.98560626860708,4.562376945652067,0.015112639,0.0003,0.1805008053779602,7470,0.2,-0.01571618970192503,0.0,210.6
748,454.79,204,1531904,7497,13.9,,,,,,,,,,,,
749,434.56,204,1533952,7508,12.2,0.6193321347236633,0.106591796875,-0.9713349070399999,4.5488709224388,0.011155527,0.0003,0.18795162439346313,7480,0.2,-0.01417735317372717,,
750,450.04,204,1536000,7518,13.5,0.5073258280754089,0.086572265625,-0.9903473941609263,4.747958185151219,0.010805555,0.0003,0.12983232736587524,7490,0.2,-0.01115319030941464,,
751,445.57,204,1538048,7529,12.5,1.1216232776641846,0.09853515625,-1.0068986451253295,3.540877011232078,0.010180274,0.0003,0.5545080900192261,7500,0.2,-0.015030516344995703,,
,,,1540000,,,0.60743248462677,0.069873046875,-0.957906691543758,4.704442093335092,0.008715441,0.0003,0.17957454919815063,7510,0.2,-0.00819887398101855,24.0,533.4
752,448.01,203,1540096,7550,12.8,,,,,,,,,,,,
753,453.76,203,1542144,7560,12.8,0.7224612236022949,0.08095703125,-0.9528635019436479,4.478043674118817,0.010930311,0.0003,0.3803371787071228,7520,0.2,-0.012461891418206505,,
754,457.95,203,1544192,7571,13.1,1.2207201719284058,0.098583984375,-0.8883065208792686,4.015978931076825,0.011950716,0.0003,0.1961422562599182,7530,0.2,-0.012232361841597594,,
755,456.54,203,1546240,7580,14.1,0.5722701549530029,0.0537109375,-0.944824337400496,4.146375894732773,0.007398124,0.0003,0.24419885873794556,7540,0.2,-0.00812142729992047,,
756,447.39,203,1548288,7591,13.0,2.0619709491729736,0.08447265625,-0.8722832517698407,4.926751009002328,0.008651091,0.0003,0.1357051134109497,7550,0.2,-0.014299677449162117,,
,,,1550000,,,0.5689267516136169,0.091748046875,-0.9967417625710369,3.956846529059112,0.010829937,0.0003,0.0977092981338501,7560,0.2,-0.010016875820292625,6.0,241.0
757,440.41,203,1550336,7605,12.6,,,,,,,,,,,,
758,436.72,203,1552384,7615,12.2,2.1914143562316895,0.114990234375,-1.0401618966832757,4.278414136357606,0.011252054,0.0003,-0.02256143093109131,7570,0.2,-0.01345175074529834,,
759,445.08,203,1554432,7627,13.1,2.2154810428619385,0.069189453125,-0.9812967134639621,4.341335597261787,0.007979848,0.0003,0.23138368129730225,7580,0.2,-0.011556505737826229,,
760,445.2,203,1556480,7638,13.1,1.2186062335968018,0.09599609375,-0.9616031028330326,3.003436104208231,0.008507526,0.0003,0.053216397762298584,7590,0.2,-0.016546067112358287,,
761,448.31,203,1558528,7649,13.4,0.6024736166000366,0.0947265625,-0.9192368375137449,2.697824724856764,0.009636608,0.0003,0.3851534128189087,7600,0.2,-0.014333901429199613,,
,,,1560000,,,0.627835214138031,0.08046875,-0.9200102945789694,4.076401204243302,0.008386446,0.0003,0.15469449758529663,7610,0.2,-0.01101811825647019,4.0,233.0
762,450.07,203,1560576,7662,13.6,,,,,,,,,,,,
763,440.92,203,1562624,7674,13.3,3.417254686355591,0.070556640625,-1.0124360477551817,4.541294332593679,0.0070077856,0.0003,0.0478438138961792,7620,0.2,-0.009962648584041745,,
764,455.17,203,1564672,7685,14.6,1.9173753261566162,0.096240234375,-0.9266613367944956,4.904963282123208,0.010814574,0.0003,0.36546242237091064,7630,0.2,-0.012251500834827312,,
765,457.84,203,1566720,7695,14.6,0.7634472250938416,0.090283203125,-0.9047732008621097,3.0637775006704033,0.010547495,0.0003,0.19421207904815674,7640,0.2,-0.01086706453061197,,
766,466.27,203,1568768,7705,15.2,2.058018684387207,0.121875,-0.9151515033096075,5.272285776026547,0.012870535,0.0003,0.033931195735931396,7650,0.2,-0.01311872538353782,,
,,,1570000,,,1.1937766075134277,0.05791015625,-0.9642963387072087,4.137389676645398,0.00866548,0.0003,0.004136562347412109,7660,0.2,-0.008947531672311016,-6.0,207.2
767,476.79,203,1570816,7719,15.9,,,,,,,,,,,,
768,472.04,203,1572864,7730,15.7,0.9993147850036621,0.0994140625,-0.8767937844619155,4.325218535587192,0.00940128,0.0003,0.38282346725463867,7670,0.2,-0.010142191845807247,,
769,482.0,203,1574912,7740,16.5,0.6230490207672119,0.1150390625,-0.9758556550368667,3.728151772171259,0.011854965,0.0003,0.27562254667282104,7680,0.2,-0.012396108629764058,,
770,492.11,203,1576960,7750,17.4,0.9658188819885254,0.11494140625,-0.8883874809369445,3.2310727244243025,0.01129806,0.0003,0.2141537070274353,7690,0.2,-0.009120932951918802,,
771,482.04,203,1579008,7760,16.0,0.8565516471862793,0.093798828125,-0.920704573392868,4.4674213053658605,0.01050547,0.0003,0.4202103614807129,7700,0.2,-0.01257316039991565,,
,,,1580000,,,0.734940767288208,0.092724609375,-0.9412350989878178,3.8772922394797207,0.012478166,0.0003,0.19859838485717773,7710,0.2,-0.011374647435150109,18.0,435.2
772,484.12,203,1581056,7778,16.4,,,,,,,,,,,,
773,457.85,203,1583104,7787,14.7,1.5532851219177246,0.0951171875,-0.9830599531531334,4.161912751197815,0.010063501,0.0003,0.36394691467285156,7720,0.2,-0.017131698605953715,,
774,438.56,203,1585152,7797,13.3,1.279340386390686,0.113671875,-0.9534510040655733,4.644263774529099,0.012350701,0.0003,0.12327522039413452,7730,0.2,-0.014157613654970192,,
775,421.78,203,1587200,7806,11.5,2.3115274906158447,0.06669921875,-0.9403290348127484,4.343132787477225,0.0062293345,0.0003,0.026821017265319824,7740,0.2,-0.008481882007617968,,
776,431.74,203,1589248,7816,11.5,0.470601886510849,0.1408203125,-0.9523002203553915,2.7714162449352444,0.018899376,0.0003,0.14526015520095825,7750,0.2,-0.020332202286226675,,
,,,1590000,,,1.9793380498886108,0.096044921875,-0.9338357016444206,3.6989116728305818,0.007867541,0.0003,0.10929197072982788,7760,0.2,-0.01088838763826061,-6.0,223.6
777,433.55,203,1591296,7829,11.6,,,,,,,,,,,,
778,442.73,203,1593344,7839,12.4,1.1229453086853027,0.072900390625,-0.8641934748739004,2.9906018213368952,0.007456881,0.0003,0.2789917588233948,7770,0.2,-0.005431595369009301,,
779,444.91,203,1595392,7849,12.5,1.2938176393508911,0.096533203125,-0.8872809413820505,4.12027569077909,0.010636212,0.0003,0.34530436992645264,7780,0.2,-0.01515640622819774,,
780,417.15,203,1597440,7858,10.3,1.4350985288619995,0.059912109375,-0.9340704401955009,4.804572296328843,0.008452836,0.0003,0.056134700775146484,7790,0.2,-0.008277812205051305,,
781,410.59,203,1599488,7868,9.5,1.27394437789917,0.09697265625,-0.9889165187254548,4.235346619226038,0.010641779,0.0003,-0.14974260330200195,7800,0.2,-0.012075942498631776,,
,,,1600000,,,0.5751458406448364,0.115185546875,-0.9251283712685108,1.7590143099427222,0.01281886,0.0003,0.5538073778152466,7810,0.2,-0.01523873481201008,-2.0,280.0
782,406.19,203,1601536,7881,9.0,,,,,,,,,,,,
783,391.53,203,1603584,7891,6.9,1.0298153162002563,0.080615234375,-0.959554404951632,3.861009182035923,0.012829977,0.0003,0.4110090732574463,7820,0.2,-0.009766128363844473,,
784,385.35,203,1605632,7901,6.7,0.46706047654151917,0.077294921875,-1.0311961609870195,3.4601242104545236,0.008723047,0.0003,0.0048462748527526855,7830,0.2,-0.009716113869217224,,
785,384.79,203,1607680,7910,6.1,0.3407033085823059,0.11533203125,-0.9244010455906391,1.4672591920476408,0.014713742,0.0003,0.4953352212905884,7840,0.2,-0.012711847604077776,,
786,375.42,203,1609728,7919,5.4,0.43470728397369385,0.091259765625,-0.990877572260797,2.360898393020034,0.008531712,0.0003,0.42529886960983276,7850,0.2,-0.007954726880416273,,
,,,1610000,,,0.8386540412902832,0.108544921875,-1.0590302027761935,4.7117720294743775,0.012055503,0.0003,0.02404344081878662,7860,0.2,-0.012520447895803954,6.0,343.8
787,360.58,203,1611776,7933,4.9,,,,,,,,,,,,
788,347.3,203,1613824,7941,4.0,1.003144383430481,0.077392578125,-0.9727792572230101,4.808504608273506,0.008718397,0.0003,0.33205604553222656,7870,0.2,-0.010236888920189813,,
789,345.0,203,1615872,7950,3.3,0.7527667880058289,0.11572265625,-1.0318509746342897,3.778445281740278,0.011470707,0.0003,0.3497067093849182,7880,0.2,-0.012523924899869598,,
790,345.21,203,1617920,7959,3.2,1.5062252283096313,0.084619140625,-0.998403100669384,2.9275054113939403,0.009923951,0.0003,0.501518726348877,7890,0.2,-0.011530573574418668,,
791,351.86,203,1619968,7969,3.7,0.2497737854719162,0.1294921875,-0.9643460774794221,2.19360308656469,0.015455643,0.0003,0.2812948226928711,7900,0.2,-0.0152094209974166,,
,,,1620000,,,0.9240420460700989,0.096533203125,-0.9813447650521994,3.630700929649174,0.010321446,0.0003,0.36696916818618774,7910,0.2,-0.009664403574424796,8.0,347.8
792,349.59,203,1622016,7983,3.7,,,,,,,,,,,,
793,334.67,203,1624064,7992,3.0,1.1714075803756714,0.099951171875,-1.2281653728336095,3.5846081972122192,0.010508614,0.0003,0.30011361837387085,7920,0.2,-0.009598885232117027,,
794,335.01,203,1626112,8002,3.0,0.7367810606956482,0.09775390625,-0.9834073178470135,3.026353618130088,0.009351667,0.0003,0.3057936429977417,7930,0.2,-0.012913587820366956,,
795,333.52,203,1628160,8010,2.3,0.5779356360435486,0.09814453125,-0.9328300388529897,3.179917079769075,0.010223499,0.0003,0.33664411306381226,7940,0.2,-0.01115256400371436,,
,,,1630000,,,0.45503267645835876,0.121142578125,-1.112300287745893,1.4164232801645995,0.016273538,0.0003,0.5832730531692505,7950,0.2,-0.012298899400047959,10.0,318.8
796,331.69,203,1630208,8023,2.4,,,,,,,,,,,,
797,344.03,203,1632256,8033,3.3,2.5690231323242188,0.117041015625,-1.2313639096915723,5.587967178970575,0.012186044,0.0003,0.24322748184204102,7960,0.2,-0.014831452534417621,,
798,340.61,203,1634304,8043,4.0,2.6398675441741943,0.078466796875,-0.8700895918533206,4.47484995983541,0.00914438,0.0003,0.2525777816772461,7970,0.2,-0.013197154298541135,,
799,338.97,203,1636352,8051,4.3,0.9466289281845093,0.102685546875,-0.8929674791172146,4.421102798916399,0.010618533,0.0003,0.23713117837905884,7980,0.2,-0.01323648379475344,,
800,343.83,203,1638400,8060,4.9,0.913902223110199,0.070263671875,-0.9904981855303049,3.7339551517739893,0.0077085346,0.0003,0.367742657661438,7990,0.2,-0.01144359358586371,,
,,,1640000,,,0.918086588382721,0.08935546875,-1.0568005830049514,2.8751041081734003,0.009882653,0.0003,0.3682377338409424,8000,0.2,-0.010445127575076185,12.0,309.0
801,339.9,203,1640448,8074,5.5,,,,,,,,,,,,
802,329.49,203,1642496,8082,4.9,3.4230761528015137,0.11025390625,-1.0352937523275614,4.518954972177744,0.011889704,0.0003,0.27936869859695435,8010,0.2,-0.015840303426375612,,
803,332.82,203,1644544,8091,5.0,4.040182590484619,0.099267578125,-1.055559216812253,5.012334365211427,0.007999587,0.0003,-0.1086428165435791,8020,0.2,-0.010296212753746658,,
804,336.17,203,1646592,8100,4.9,1.302579641342163,0.09384765625,-0.9567429855465889,3.9143932636827232,0.00939295,0.0003,0.14245253801345825,8030,0.2,-0.014848337942385114,,
805,340.4,203,1648640,8109,5.2,0.47498345375061035,0.07744140625,-0.8704034367576241,3.8095512919127943,0.009138126,0.0003,0.03471916913986206,8040,0.2,-0.013273110764566809,,
,,,1650000,,,1.4536644220352173,0.093701171875,-1.053194579295814,4.745681686885655,0.009463725,0.0003,-0.027408838272094727,8050,0.2,-0.009673928417032584,4.0,358.2
806,342.69,203,1650688,8125,5.3,,,,,,,,,,,,
807,339.84,203,1652736,8135,5.2,0.5950760841369629,0.075927734375,-1.0210710503160954,4.096245827525854,0.007917356,0.0003,0.02198714017868042,8060,0.2,-0.008784794840903488,,
808,334.87,203,1654784,8144,4.6,1.6972423791885376,0.088427734375,-0.9052165605127811,3.710788534209132,0.011080406,0.0003,-0.1520627737045288,8070,0.2,-0.0132797956262948,,
809,341.18,203,1656832,8153,5.5,1.1196731328964233,0.114453125,-1.000880702584982,2.640780564956367,0.013495069,0.0003,0.4693189263343811,8080,0.2,-0.01326993653055979,,
810,341.95,203,1658880,8162,5.2,0.7070357203483582,0.092919921875,-1.0092959919944406,3.4299250269308685,0.008702823,0.0003,0.2845311760902405,8090,0.2,-0.013194081802794244,,
,,,1660000,,,0.7038074731826782,0.096533203125,-0.9949285311624407,3.3865342194214465,0.010566458,0.0003,0.08776742219924927,8100,0.2,-0.012740966427372769,8.0,329.6
811,343.25,203,1660928,8177,5.4,,,,,,,,,,,,
812,338.22,203,1662976,8187,5.4,0.7757183313369751,0.10205078125,-1.0930772010236978,3.809152241423726,0.009805478,0.0003,0.2692371606826782,8110,0.2,-0.01191993241372984,,
813,341.82,203,1665024,8198,6.0,0.44421106576919556,0.087353515625,-0.8352443603798747,3.445317443087697,0.010197255,0.0003,0.10474193096160889,8120,0.2,-0.013526887481566519,,
814,345.06,203,1667072,8208,6.1,1.1307358741760254,0.078515625,-0.8737714776769281,3.4386756202206015,0.010356579,0.0003,0.16119128465652466,8130,0.2,-0.010216435958864168,,
815,337.84,203,1669120,8217,5.3,0.47926414012908936,0.15205078125,-0.983123448304832,3.4844278076663615,0.012036157,0.0003,0.14785444736480713,8140,0.2,-0.016764995775884018,,
,,,1670000,,,1.1559816598892212,0.119384765625,-0.9444256756454706,5.0873986657708885,0.012258675,0.0003,0.016278624534606934,8150,0.2,-0.011392473880550823,2.0,297.4
816,339.55,203,1671168,8230,5.7,,,,,,,,,,,,
817,336.06,203,1673216,8240,5.6,2.503473997116089,0.11474609375,-1.1223730886355043,3.2680413967929782,0.012133863,0.0003,0.5708437561988831,8160,0.2,-0.014192624966381118,,
818,344.46,203,1675264,8249,6.4,0.7674160003662109,0.096533203125,-0.9434555435553194,3.4750938838347794,0.009837039,0.0003,0.42479658126831055,8170,0.2,-0.01662797385943122,,
819,358.95,203,1677312,8259,7.7,0.6380825638771057,0.088525390625,-0.9767729617655277,3.646882760152221,0.009260771,0.0003,0.3589799404144287,8180,0.2,-0.01114334275771398,,
820,370.26,203,1679360,8269,8.4,0.29335933923721313,0.10830078125,-0.9375726319849491,3.2823673469945787,0.0104944855,0.0003,0.2933337688446045,8190,0.2,-0.011984173429664225,,
,,,1680000,,,3.532226800918579,0.103759765625,-0.9355743408203125,3.7777255536988377,0.010428931,0.0003,0.12244933843612671,8200,0.2,-0.013683344316086732,-8.0,192.8
821,367.1,203,1681408,8282,8.2,,,,,,,,,,,,
822,366.96,203,1683456,8291,8.5,0.33358967304229736,0.130712890625,-0.9589737880975008,4.138707485049963,0.014819457,0.0003,0.3096797466278076,8210,0.2,-0.014554659446002916,,
823,371.8,203,1685504,8301,9.3,2.685358762741089,0.1015625,-0.891149477660656,4.6199761653319005,0.0076037003,0.0003,0.20070183277130127,8220,0.2,-0.012173566046112683,,
824,377.77,203,1687552,8311,9.8,1.0571680068969727,0.099560546875,-0.8929467277601362,3.803961421921849,0.009821296,0.0003,0.4321330189704895,8230,0.2,-0.011753679820685647,,
825,372.26,203,1689600,8321,9.3,0.5595060586929321,0.09052734375,-0.9346183091402054,3.290720913372934,0.008604526,0.0003,0.39253270626068115,8240,0.2,-0.00911156232468784,,
,,,1690000,,,0.7483507394790649,0.09912109375,-0.9982916686683894,3.695654269494116,0.010487429,0.0003,0.32923775911331177,8250,0.2,-0.012883411854272709,10.0,418.4
826,377.46,202,1691648,8342,9.7,,,,,,,,,,,,
827,390.54,202,1693696,8352,11.0,0.9985942244529724,0.08916015625,-0.8839384155347944,3.4785698780789973,0.009364834,0.0003,0.3794567584991455,8260,0.2,-0.014457248657708987,,
828,392.25,202,1695744,8361,11.4,0.2832246422767639,0.117041015625,-0.9546220783144236,2.2801334165036677,0.0116337,0.0003,0.45417141914367676,8270,0.2,-0.02159807317366358,,
829,395.27,202,1697792,8370,12.6,1.5687086582183838,0.1171875,-1.0639699425548315,3.6096581127494574,0.01078265,0.0003,0.30989164113998413,8280,0.2,-0.01456353025860153,,
830,394.24,202,1699840,8380,12.9,0.42960125207901,0.1125,-0.9970016822218895,4.12000193670392,0.008338676,0.0003,-0.03375554084777832,8290,0.2,-0.015283795024151914,,
,,,1700000,,,0.5825392603874207,0.08515625,-0.9665673324838281,3.897091024555266,0.010896076,0.0003,0.4628537893295288,8300,0.2,-0.013854848948540166,6.0,357.2
831,398.58,202,1701888,8396,13.1,,,,,,,,,,,,
832,403.54,202,1703936,8406,13.3,0.5671346783638,0.1365234375,-0.9970571491867304,5.5927421128377315,0.011222668,0.0003,0.02413994073867798,8310,0.2,-0.014294958038954064,,
833,407.07,202,1705984,8416,13.3,1.9377928972244263,0.0806640625,-0.9932629603892564,4.0873936410062015,0.008792428,0.0003,-0.12393569946289062,8320,0.2,-0.009490962844574824,,
834,422.04,202,1708032,8426,14.7,0.2547408938407898,0.110986328125,-1.0263766441494226,2.568954306654632,0.012294738,0.0003,0.3477368950843811,8330,0.2,-0.014973126073891762,,
,,,1710000,,,0.5869901180267334,0.110595703125,-0.917271857894957,2.1901240278035403,0.011226748,0.0003,0.4634895920753479,8340,0.2,-0.013221500042709522,8.0,369.2
835,419.77,202,1710080,8441,14.5,,,,,,,,,,,,
836,402.4,202,1712128,8450,13.0,0.7734153270721436,0.067724609375,-0.9157354632392526,5.630696362815797,0.0066519068,0.0003,0.3129059672355652,8350,0.2,-0.008897624345263467,,
837,385.36,202,1714176,8460,11.1,1.063180923461914,0.07783203125,-0.8175142608582974,4.47224650438875,0.00735344,0.0003,0.26547950506210327,8360,0.2,-0.012356368350447155,,
838,369.34,202,1716224,8469,9.8,0.8874476552009583,0.083251953125,-0.8958860071375966,4.599419054202736,0.009479126,0.0003,-0.04815411567687988,8370,0.2,-0.01191191044053994,,
839,381.63,202,1718272,8480,11.0,0.8433412909507751,0.112939453125,-0.9750101985409856,4.125998965557665,0.010262324,0.0003,-0.10204601287841797,8380,0.2,-0.014298265422985424,,
,,,1720000,,,0.6922414302825928,0.08408203125,-0.9121355418115854,4.210409292578698,0.008664201,0.0003,0.06481075286865234,8390,0.2,-0.013348579019657336,14.0,443.0
840,389.03,202,1720320,8500,10.9,,,,,,,,,,,,
841,388.76,202,1722368,8510,10.8,0.13819654285907745,0.118603515625,-0.9408486865460872,2.768792686704546,0.013665349,0.0003,0.21009325981140137,8400,0.2,-0.014996076171519235,,
842,390.7,202,1724416,8519,11.2,1.9676153659820557,0.0826171875,-0.989648874104023,4.921381521224975,0.007097973,0.0003,0.27967822551727295,8410,0.2,-0.011628350304090419,,
843,388.29,202,1726464,8529,11.2,1.3728286027908325,0.088134765625,-0.9307981558144093,6.623341492563486,0.008394862,0.0003,0.3096194267272949,8420,0.2,-0.011721587023930623,,
844,400.49,202,1728512,8540,12.3,1.9463194608688354,0.082177734375,-0.8952865356579423,5.94850215613842,0.009306651,0.0003,-0.2793388366699219,8430,0.2,-0.011701457004528492,,
,,,1730000,,,0.8861649632453918,0.09111328125,-0.9646554382517933,3.8134070373140276,0.010019187,0.0003,0.17251741886138916,8440,0.2,-0.012640998790448065,6.0,348.4
845,399.3,202,1730560,8556,12.2,,,,,,,,,,,,
846,385.89,202,1732608,8565,10.9,0.576336145401001,0.088623046875,-1.0142210902646185,3.764663814753294,0.0093874,0.0003,0.3944546580314636,8450,0.2,-0.011784355965210125,,
847,375.21,202,1734656,8574,9.7,0.8938839435577393,0.102880859375,-0.9606844400987029,4.2024174960330125,0.010084361,0.0003,0.150312602519989,8460,0.2,-0.01443937729636673,,
848,384.92,202,1736704,8583,10.2,1.5940394401550293,0.074072265625,-0.8375815860927105,4.719577664509416,0.009107073,0.0003,0.24229484796524048,8470,0.2,-0.010411020605533849,,
849,380.58,202,1738752,8593,9.8,2.5190820693969727,0.089404296875,-0.9729955805465579,4.411255934648215,0.010460978,0.0003,0.06356698274612427,8480,0.2,-0.01236579917022027,,
,,,1740000,,,0.6650460958480835,0.08515625,-0.9076037036255002,5.069817817024886,0.008313601,0.0003,0.37994688749313354,8490,0.2,-0.010242743797425647,0.0,298.8
850,382.79,202,1740800,8608,9.9,,,,,,,,,,,,
851,379.43,202,1742848,8618,10.0,2.074974775314331,0.077734375,-0.6459510814398527,4.1187535231933,0.009336729,0.0003,0.22334420680999756,8500,0.2,-0.008955311070894822,,
852,379.94,202,1744896,8629,9.9,0.8083565831184387,0.114111328125,-0.8384226316586136,3.43042846173048,0.01140362,0.0003,0.27940839529037476,8510,0.2,-0.01195059051096905,,
853,369.98,202,1746944,8638,9.4,0.1464495062828064,0.1287109375,-0.9431078381836414,2.1677558568306265,0.013746778,0.0003,0.6628893613815308,8520,0.2,-0.011964080581674353,,
854,382.34,202,1748992,8648,10.3,2.684168815612793,0.07490234375,-0.9823247350752353,7.268598435819149,0.007350469,0.0003,0.18160897493362427,8530,0.2,-0.010446908563608304,,
,,,1750000,,,0.26056402921676636,0.140087890625,-0.960149729065597,2.1658250370062886,0.016226321,0.0003,0.5276015996932983,8540,0.2,-0.015563496411778033,-6.0,229.2
855,389.62,202,1751040,8661,10.6,,,,,,,,,,,,
856,402.36,202,1753088,8672,11.6,0.6978177428245544,0.090087890625,-0.9417968267574907,4.111193658784032,0.010575157,0.0003,0.39423269033432007,8550,0.2,-0.011417822691146284,,
857,405.38,202,1755136,8681,12.1,1.5587701797485352,0.062890625,-0.8874005004763603,3.618051162175834,0.008211077,0.0003,0.31012874841690063,8560,0.2,-0.010310264203872066,,
858,391.15,202,1757184,8690,10.4,0.9448143839836121,0.10126953125,-1.0504166286438703,4.655558409541845,0.010419562,0.0003,0.4753972291946411,8570,0.2,-0.012465241455356591,,
859,393.38,202,1759232,8700,11.0,1.9686368703842163,0.087548828125,-0.9317800387740135,5.230294251441956,0.010376403,0.0003,-0.1860659122467041,8580,0.2,-0.010349098965525627,,
,,,1760000,,,1.4801230430603027,0.108935546875,-0.9353224309161305,4.104673351347446,0.0104574645,0.0003,0.04169076681137085,8590,0.2,-0.013098444158094935,4.0,318.2
860,387.14,202,1761280,8715,10.5,,,,,,,,,,,,
861,389.97,202,1763328,8725,10.0,0.5932071208953857,0.080224609375,-1.011425462923944,4.066736238822341,0.008623544,0.0003,0.22150349617004395,8600,0.2,-0.012794276947533944,,
862,379.85,202,1765376,8736,9.0,1.0574654340744019,0.123486328125,-1.0803388077765703,3.3162854839116336,0.012583764,0.0003,0.11017948389053345,8610,0.2,-0.015581836659112013,,
863,382.5,202,1767424,8745,9.5,0.7137373089790344,0.08876953125,-0.9458249846473337,3.649400326795876,0.010431962,0.0003,0.30248624086380005,8620,0.2,-0.014400115152238869,,
864,386.97,202,1769472,8757,10.0,0.5611382126808167,0.08408203125,-1.018448773212731,3.4126858418807386,0.008520715,0.0003,0.3851422071456909,8630,0.2,-0.012035250489134341,,
,,,1770000,,,1.0101817846298218,0.083642578125,-0.9434496520087123,4.322162443958223,0.008261399,0.0003,0.2805712819099426,8640,0.2,-0.016130462725413963,16.0,459.0
865,396.72,201,1771520,8775,10.9,,,,,,,,,,,,
866,399.8,201,1773568,8784,11.1,0.8261470198631287,0.095947265625,-1.0346331438049674,4.088928568921983,0.00884157,0.0003,0.1792827844619751,8650,0.2,-0.015808029771142172,,
867,405.24,201,1775616,8794,11.4,0.26526251435279846,0.094091796875,-0.915022999420762,2.9158567411825063,0.009610331,0.0003,0.4730263948440552,8660,0.2,-0.013589234682149254,,
868,404.91,201,1777664,8803,11.1,1.2898985147476196,0.089111328125,-0.9560225408524274,5.2993831805884835,0.00888321,0.0003,0.21227103471755981,8670,0.2,-0.015716558537678792,,
869,396.59,201,1779712,8812,11.1,0.8642347455024719,0.10947265625,-0.9083546860143542,4.468673643097281,0.008862682,0.0003,0.4083555340766907,8680,0.2,-0.00916763702989556,,
,,,1780000,,,2.160569190979004,0.08154296875,-0.9333931626752019,4.627618555352091,0.009112258,0.0003,0.38546139001846313,8690,0.2,-0.010567811323562637,-2.0,271.8
870,391.43,201,1781760,8825,10.7,,,,,,,,,,,,
871,382.92,201,1783808,8835,10.5,1.200154423713684,0.07822265625,-0.9858790338039398,6.02426007501781,0.007946791,0.0003,0.21064794063568115,8700,0.2,-0.009626103122718633,,
872,380.24,201,1785856,8844,10.0,1.6434663534164429,0.12685546875,-0.9814006336033344,3.78750969953835,0.010706638,0.0003,0.3386536240577698,8710,0.2,-0.013017834207857959,,
873,366.4,201,1787904,8853,8.6,1.5380518436431885,0.090673828125,-0.867837087251246,4.010735216178,0.0110456,0.0003,0.07497930526733398,8720,0.2,-0.011958658520597965,,
874,361.83,201,1789952,8862,8.6,1.856000542640686,0.09736328125,-0.9662699069827795,2.537996843829751,0.009990905,0.0003,0.5425994396209717,8730,0.2,-0.012692857164074667,,
,,,1790000,,,1.223961353302002,0.099853515625,-1.0291616132482886,4.470362058654428,0.008777566,0.0003,0.04839301109313965,8740,0.2,-0.013428830233169719,0.0,204.2
875,360.67,201,1792000,8874,8.8,,,,,,,,,,,,
876,367.57,201,1794048,8884,9.3,2.2406344413757324,0.09794921875,-0.9976507229730487,3.9102896502241493,0.009882672,0.0003,0.4253230690956116,8750,0.2,-0.012589916778961197,,
877,377.88,201,1796096,8895,10.3,0.8350371718406677,0.0984375,-0.9141414688900114,3.1479521627537905,0.00990053,0.0003,0.1744980812072754,8760,0.2,-0.013485416234470905,,
878,373.2,201,1798144,8905,9.6,0.8601050972938538,0.089208984375,-0.8954837042838335,3.636457502283156,0.008452578,0.0003,0.3644171357154846,8770,0.2,-0.010152163536986336,,
,,,1800000,,,0.7550045251846313,0.1107421875,-1.026391709782183,3.9794911440461873,0.013288502,0.0003,0.19010090827941895,8780,0.2,-0.015807106348802336,26.0,510.4
879,366.29,201,1800192,8923,9.3,,,,,,,,,,,,
880,357.6,201,1802240,8931,8.7,0.7673965692520142,0.099365234375,-0.9054126158356667,4.08514278549701,0.008652008,0.0003,-0.013823747634887695,8790,0.2,-0.012578374778968282,,
881,347.45,201,1804288,8940,7.6,3.005150556564331,0.10458984375,-1.0503429111093283,5.7913489587605,0.008829431,0.0003,0.05011993646621704,8800,0.2,-0.009129244615905918,,
882,346.96,201,1806336,8951,7.8,2.254640579223633,0.1396484375,-0.9923437464982271,4.047206152789295,0.012419047,0.0003,0.08665323257446289,8810,0.2,-0.017076055833604185,,
883,343.23,201,1808384,8961,7.5,1.0846256017684937,0.087060546875,-0.9079489767551422,4.066074441373348,0.008805018,0.0003,0.23543012142181396,8820,0.2,-0.011057393506052903,,
,,,1810000,,,0.5531009435653687,0.098583984375,-0.9524586027488112,2.861485545989126,0.011563503,0.0003,0.03635150194168091,8830,0.2,-0.010057690710527822,14.0,437.6
884,351.27,201,1810432,8978,7.7,,,,,,,,,,,,
885,340.22,201,1812480,8988,6.9,0.40037801861763,0.104541015625,-0.9635031701996922,2.7528860117308795,0.011338145,0.0003,0.3346754312515259,8840,0.2,-0.01259267756540794,,
886,346.4,201,1814528,8997,7.0,1.313449740409851,0.076171875,-0.872603964433074,3.7652673264965415,0.008435147,0.0003,0.18384331464767456,8850,0.2,-0.012232056161155924,,
887,342.21,201,1816576,9008,6.3,0.6864520311355591,0.08603515625,-0.9307398274540901,5.101658250391483,0.0073245033,0.0003,-0.1507803201675415,8860,0.2,-0.01510236035392154,,
888,340.1,201,1818624,9016,5.5,0.17224618792533875,0.092236328125,-0.8249978119507432,2.714718925766647,0.011727933,0.0003,-0.00798499584197998,8870,0.2,-0.01792169029067736,,
,,,1820000,,,1.8302801847457886,0.09013671875,-0.8548363316804171,3.3285452868789434,0.011718952,0.0003,-0.07090461254119873,8880,0.2,-0.010783043055562302,14.0,402.4
889,347.89,201,1820672,9034,6.4,,,,,,,,,,,,
890,353.24,201,1822720,9044,6.7,0.5485303401947021,0.065625,-0.8425479678437113,3.4574003528803585,0.0082137175,0.0003,0.01105654239654541,8890,0.2,-0.01098167136660777,,
891,349.88,201,1824768,9052,6.2,1.3759615421295166,0.07861328125,-0.834497156739235,4.1396343851462,0.0077074477,0.0003,0.022158503532409668,8900,0.2,-0.012782686616992578,,
892,348.69,201,1826816,9061,5.5,1.2219455242156982,0.09677734375,-0.980701400898397,4.02935370542109,0.010246336,0.0003,0.06625503301620483,8910,0.2,-0.009917515695269686,,
893,350.49,201,1828864,9071,5.4,1.5659830570220947,0.068896484375,-0.8841999722644687,4.7372207524254915,0.008299144,0.0003,-0.24099791049957275,8920,0.2,-0.012743673808290622,,
,,,1830000,,,1.1356843709945679,0.089404296875,-0.9051264744251967,3.57969803083688,0.008996827,0.0003,0.05009651184082031,8930,0.2,-0.00931014886155026,-2.0,225.4
894,341.65,201,1830912,9085,4.5,,,,,,,,,,,,
895,347.62,201,1832960,9095,5.7,0.6978145837783813,0.116943359375,-0.9478548755869269,3.279025482200086,0.011898389,0.0003,-0.05933666229248047,8940,0.2,-0.014473101001931355,,
896,357.47,201,1835008,9103,6.9,0.7980571985244751,0.101904296875,-0.7653513880446553,4.399428729154169,0.0075689205,0.0003,0.33400607109069824,8950,0.2,-0.011634392390260474,,
897,362.74,201,1837056,9112,7.1,1.9377403259277344,0.078857421875,-0.8921867230907082,4.661230229586363,0.007561019,0.0003,0.4206666946411133,8960,0.2,-0.009468206870951689,,
898,366.66,201,1839104,9121,7.3,4.132490158081055,0.07666015625,-0.7777146369218826,4.343022336438298,0.007061842,0.0003,0.33191412687301636,8970,0.2,-0.008950313346576876,,
,,,1840000,,,0.8181841969490051,0.08232421875,-0.8224752055481076,5.223055574297905,0.009151028,0.0003,0.33758485317230225,8980,0.2,-0.0077013975533191115,-8.0,230.6
899,371.92,201,1841152,9132,7.7,,,,,,,,,,,,
900,360.32,201,1843200,9141,6.3,0.4606269896030426,0.06083984375,-0.6080588852986694,3.0914304234087466,0.005483238,0.0003,0.3147994875907898,8990,0.2,-0.008106551437231246,,
901,352.03,201,1845248,9149,6.2,1.124510407447815,0.062060546875,-0.7474909216165543,3.5343905672430993,0.0074554374,0.0003,0.2521410584449768,9000,0.2,-0.01037217150151264,,
902,350.29,201,1847296,9157,5.8,0.5177350044250488,0.08623046875,-0.8679610963910818,3.063694693148136,0.008954825,0.0003,0.34081053733825684,9010,0.2,-0.01274492173397448,,
903,352.08,201,1849344,9166,6.1,1.69040048122406,0.058251953125,-0.5355903515592217,4.086327114515006,0.006312876,0.0003,-0.1076207160949707,9020,0.2,-0.006796791886154096,,
,,,1850000,,,3.2175631523132324,0.086962890625,-0.8271468326449394,4.70692339129746,0.010460906,0.0003,0.1738605499267578,9030,0.2,-0.01095271416270407,12.0,324.4
904,363.92,201,1851392,9181,6.8,,,,,,,,,,,,
905,360.85,201,1853440,9190,6.6,1.3196215629577637,0.0759765625,-0.8838473718613387,4.998522506095469,0.007381459,0.0003,0.051330387592315674,9040,0.2,-0.01010483997524716,,
906,351.3,201,1855488,9198,5.9,1.3640319108963013,0.1455078125,-1.016223518177867,4.556500561721623,0.015051328,0.0003,-0.10788607597351074,9050,0.2,-0.016238427232019605,,
907,359.44,201,1857536,9207,7.0,0.6998993754386902,0.0900390625,-0.7539186153560877,4.0752114579081535,0.007534967,0.0003,0.2941364645957947,9060,0.2,-0.010627477761590853,,
908,354.61,201,1859584,9216,6.7,1.807174563407898,0.112890625,-0.8969830369576812,4.063947887718678,0.011826871,0.0003,0.22230881452560425,9070,0.2,-0.014697444325429387,,
,,,1860000,,,0.4568532407283783,0.13408203125,-0.9004806138575077,3.196394061110914,0.014049165,0.0003,0.46742433309555054,9080,0.2,-0.016435131180332973,0.0,256.6
909,350.8,201,1861632,9228,6.8,,,,,,,,,,,,
910,344.25,201,1863680,9237,7.1,1.2355382442474365,0.054736328125,-0.821386039070785,5.223383568972349,0.0075919037,0.0003,0.16970854997634888,9090,0.2,-0.009605111950077117,,
911,330.88,201,1865728,9246,5.6,1.2041677236557007,0.0697265625,-0.7091477513313293,4.716790295392275,0.009512458,0.0003,0.24562907218933105,9100,0.2,-0.00982449646689929,,
912,330.18,201,1867776,9254,5.3,0.4320903718471527,0.099951171875,-0.9187119195237756,3.012907108850777,0.009198907,0.0003,0.3442993760108948,9110,0.2,-0.011939597030868753,,
913,336.28,201,1869824,9264,5.6,1.2829349040985107,0.055517578125,-0.7661531118676066,5.208284230716527,0.0071393508,0.0003,0.3245888948440552,9120,0.2,-0.007920676932553761,,
,,,1870000,,,0.46209046244621277,0.101123046875,-0.9241402160376311,3.3972365682944656,0.011811571,0.0003,0.000932157039642334,9130,0.2,-0.011231090588262304,6.0,332.2
914,345.67,201,1871872,9280,6.7,,,,,,,,,,,,
915,340.34,201,1873920,9287,6.1,1.144364356994629,0.1076171875,-0.8172631878405809,3.2311247237026692,0.011777582,0.0003,0.3656567335128784,9140,0.2,-0.013801102410070598,,
916,340.59,201,1875968,9295,6.7,1.521592378616333,0.085888671875,-0.9297440269961953,6.340871828794479,0.008241974,0.0003,0.044159889221191406,9150,0.2,-0.012306985689792781,,
917,344.83,201,1878016,9303,6.9,3.1864359378814697,0.10537109375,-0.8952000545337796,5.104785298928618,0.010764351,0.0003,0.2341938018798828,9160,0.2,-0.013642111539957114,,
,,,1880000,,,0.5779804587364197,0.092578125,-0.6472690982744098,2.4913429087027907,0.008952716,0.0003,0.4821650981903076,9170,0.2,-0.011420554903452285,-4.0,288.8
918,347.01,201,1880064,9316,6.8,,,,,,,,,,,,
919,350.08,201,1882112,9325,7.4,0.5017536878585815,0.083203125,-0.9686597989872098,4.299037763103843,0.010100748,0.0003,-0.09017026424407959,9180,0.2,-0.0150612989498768,,
920,351.85,201,1884160,9333,7.4,2.261401414871216,0.085009765625,-0.7927175030112267,5.231490005552769,0.00902756,0.0003,0.2572038769721985,9190,0.2,-0.012829041939403396,,
921,342.19,201,1886208,9342,7.0,0.5963448286056519,0.09892578125,-0.7874409271404147,3.19347122926265,0.013344344,0.0003,0.5993118286132812,9200,0.2,-0.015174279053462669,,
922,343.89,201,1888256,9350,7.2,0.7510769367218018,0.08984375,-0.8242751255631446,3.6640981061384084,0.008235116,0.0003,0.42114317417144775,9210,0.2,-0.011300924909301102,,
,,,1890000,,,1.9983783960342407,0.096044921875,-1.0172861276194454,5.735931781679392,0.008152275,0.0003,0.3800976872444153,9220,0.2,-0.010958080139243976,-4.0,269.0
923,350.31,201,1890304,9364,8.2,,,,,,,,,,,,
924,356.12,201,1892352,9372,8.6,0.7883433103561401,0.046240234375,-0.7380469946190715,3.961206946708262,0.0050329715,0.0003,0.34685707092285156,9230,0.2,-0.005493613994622138,,
925,352.18,201,1894400,9380,8.2,1.4859223365783691,0.08291015625,-0.7176568396389484,4.921553227864206,0.014034145,0.0003,0.5369293689727783,9240,0.2,-0.011819564216420986,,
926,351.8,201,1896448,9389,7.8,0.42403289675712585,0.03994140625,-0.5360093071125448,4.032744306139648,0.005283054,0.0003,0.20672321319580078,9250,0.2,-0.00551445024611894,,
927,357.49,202,1898496,9397,7.9,1.6762917041778564,0.077197265625,-0.8355109892785549,4.440226060338318,0.0075056497,0.0003,0.27295708656311035,9260,0.2,-0.008736459602368995,,
,,,1900000,,,0.6093405485153198,0.122705078125,-0.8600719014182687,3.5599171474575995,0.009314513,0.0003,0.23559683561325073,9270,0.2,-0.015641185150889213,-2.0,255.0
928,352.17,201,1900544,9409,7.3,,,,,,,,,,,,
929,350.61,202,1902592,9417,7.4,2.596679449081421,0.095361328125,-0.8508734351024032,3.4775373563170433,0.009706598,0.0003,0.487964391708374,9280,0.2,-0.010275111187365838,,
930,340.84,202,1904640,9426,7.0,0.3885236978530884,0.104296875,-0.8284446379169822,3.243843044526875,0.013744904,0.0003,0.46576279401779175,9290,0.2,-0.01397713482438121,,
931,335.17,202,1906688,9436,6.3,2.824618339538574,0.1,-0.9932297132909298,4.869974277168512,0.009884069,0.0003,0.18699496984481812,9300,0.2,-0.013004891117452644,,
932,349.19,202,1908736,9445,7.8,0.35421648621559143,0.085986328125,-0.8038454474881291,3.2600508011877536,0.008286353,0.0003,0.5774213075637817,9310,0.2,-0.014470686932327226,,
,,,1910000,,,0.8229876160621643,0.09248046875,-0.9320256454870105,3.565290159732103,0.012353842,0.0003,0.5113298892974854,9320,0.2,-0.01240292274451349,2.0,325.8
933,347.07,202,1910784,9458,7.9,,,,,,,,,,,,
934,341.56,202,1912832,9467,7.8,1.169840693473816,0.098291015625,-0.9805860035121441,5.4482085721567275,0.00994126,0.0003,0.2562386989593506,9330,0.2,-0.01157853150361916,,
935,331.1,202,1914880,9476,7.2,1.8063639402389526,0.04765625,-0.7262532215565443,6.189233787730336,0.005660644,0.0003,-0.1426990032196045,9340,0.2,-0.00830526407517027,,
936,328.16,202,1916928,9485,6.8,1.4357340335845947,0.068359375,-0.9403501661494374,6.003066249936819,0.008673172,0.0003,-0.1928117275238037,9350,0.2,-0.009369701001560315,,
937,333.52,202,1918976,9493,7.2,0.4358111321926117,0.10859375,-0.9940016740933061,4.3573538472875954,0.01400623,0.0003,0.32207316160202026,9360,0.2,-0.01375396818621084,,
,,,1920000,,,0.600390613079071,0.120849609375,-1.0677924793213607,3.366549127176404,0.011935173,0.0003,0.4917111396789551,9370,0.2,-0.012863919159281067,-6.0,230.4
938,339.28,202,1921024,9506,7.4,,,,,,,,,,,,
939,342.6,202,1923072,9515,7.7,0.4457613527774811,0.09287109375,-0.8518775667995214,2.3559853970073164,0.009661797,0.0003,-0.2973116636276245,9380,0.2,-0.014120675844606013,,
940,330.66,202,1925120,9522,6.5,0.6169590950012207,0.091650390625,-0.9484540017321705,3.6403942540287972,0.010018164,0.0003,0.23099350929260254,9390,0.2,-0.014458234023186379,,
941,334.43,202,1927168,9531,6.7,1.020517349243164,0.08408203125,-0.9050344521179795,4.29939780421555,0.008317493,0.0003,0.2584689259529114,9400,0.2,-0.010704014403745531,,
942,334.37,202,1929216,9539,7.4,0.8634341955184937,0.09765625,-1.1007985327392817,3.82069829441607,0.010463291,0.0003,0.39240628480911255,9410,0.2,-0.012143119337270036,,
,,,1930000,,,2.635953903198242,0.0763671875,-0.9326643018051982,7.414602646976709,0.0075383573,0.0003,-0.040116071701049805,9420,0.2,-0.011426564445719123,14.0,382.8
943,341.93,202,1931264,9554,8.0,,,,,,,,,,,,
944,344.26,202,1933312,9562,8.9,0.46442124247550964,0.113427734375,-1.015890453569591,5.009332710318267,0.013241079,0.0003,0.2393447756767273,9430,0.2,-0.015544728940585627,,
945,350.65,202,1935360,9572,9.9,2.7088849544525146,0.108984375,-0.9462391171604395,6.465177492797375,0.011158762,0.0003,0.20918810367584229,9440,0.2,-0.013818702864227816,,
946,357.62,202,1937408,9580,10.6,0.7519739866256714,0.106201171875,-0.9482989642769099,4.432958714291454,0.010586309,0.0003,0.29128599166870117,9450,0.2,-0.01356640825397335,,
947,363.21,202,1939456,9589,10.9,0.9390831589698792,0.117333984375,-1.0263616744428874,3.2979774978011847,0.012773613,0.0003,0.27333587408065796,9460,0.2,-0.01368459260556847,,
,,,1940000,,,1.752158284187317,0.137841796875,-1.0586308687925339,6.746230683475733,0.010325883,0.0003,0.42705780267715454,9470,0.2,-0.014901406806893646,6.0,313.0
948,361.8,202,1941504,9601,10.7,,,,,,,,,,,,
949,365.34,202,1943552,9611,10.5,1.0844125747680664,0.099267578125,-0.8066209023818374,3.7145629413425922,0.009191038,0.0003,0.4208377003669739,9480,0.2,-0.015253791063150857,,
950,358.64,202,1945600,9620,9.3,0.2900768220424652,0.13046875,-0.9647681199014186,2.923446214944124,0.01141767,0.0003,0.3334199786186218,9490,0.2,-0.01434226696001133,,
951,357.7,202,1947648,9630,9.1,0.32728591561317444,0.08896484375,-0.895137962140143,3.3993200505152346,0.009819092,0.0003,0.3231193423271179,9500,0.2,-0.012330229918006808,,
952,357.71,202,1949696,9639,9.0,2.5935916900634766,0.121875,-0.9415087619796395,5.828279297798872,0.010202562,0.0003,0.16995090246200562,9510,0.2,-0.01734160648775287,,
,,,1950000,,,0.9257616996765137,0.088671875,-1.0213673181831837,4.124629575945437,0.012263421,0.0003,0.43551820516586304,9520,0.2,-0.010408803619793617,-6.0,254.2
953,349.36,202,1951744,9651,8.0,,,,,,,,,,,,
954,348.56,202,1953792,9659,8.2,0.7427247762680054,0.097265625,-1.0282944355159997,3.2139051308855415,0.01080038,0.0003,0.006173133850097656,9530,0.2,-0.015019236772786826,,
955,345.5,202,1955840,9668,8.2,1.6548393964767456,0.14169921875,-1.0870923958718777,4.736238349974156,0.020999907,0.0003,-0.08616757392883301,9540,0.2,-0.015315532970998903,,
956,345.05,202,1957888,9677,8.3,2.047367811203003,0.0921875,-0.9954021509736777,4.450673206523061,0.009079909,0.0003,0.09211099147796631,9550,0.2,-0.014016919356072322,,
957,351.35,202,1959936,9686,8.8,2.182318925857544,0.09404296875,-0.9714419124647975,5.382194454595447,0.00975767,0.0003,-0.006336808204650879,9560,0.2,-0.013231855118647218,,
,,,1960000,,,1.2120389938354492,0.085888671875,-1.0477396225556732,4.840310221537948,0.009465424,0.0003,0.1109473705291748,9570,0.2,-0.011733615322737024,-4.0,228.8
958,346.45,202,1961984,9698,8.1,,,,,,,,,,,,
959,344.87,202,1964032,9708,7.4,0.5669212341308594,0.12041015625,-1.0504663646221162,4.574339511431754,0.01000545,0.0003,-0.030146241188049316,9580,0.2,-0.014319274936860893,,
960,337.84,202,1966080,9718,6.3,1.5947864055633545,0.097607421875,-0.9878288205713034,4.61940849982202,0.010182007,0.0003,0.21377193927764893,9590,0.2,-0.011831141663424204,,
961,346.02,202,1968128,9728,6.9,1.9739207029342651,0.068603515625,-0.8948767226189375,4.878811738267541,0.008391501,0.0003,0.2428431510925293,9600,0.2,-0.011047530529322103,,
,,,1970000,,,0.9902244806289673,0.095166015625,-0.8490932665765285,4.346965619549155,0.010358296,0.0003,-0.18402910232543945,9610,0.2,-0.015541408050921746,10.0,319.4
962,338.99,202,1970176,9742,5.9,,,,,,,,,,,,
963,340.76,202,1972224,9752,5.9,0.6400020718574524,0.095751953125,-0.991089522279799,3.75888663046062,0.010562727,0.0003,0.44363516569137573,9620,0.2,-0.011238677430083045,,
964,352.14,202,1974272,9762,7.4,0.8165103793144226,0.088818359375,-0.9902329636737704,4.402117300964892,0.009099187,0.0003,0.07490932941436768,9630,0.2,-0.013387924889684655,,
965,352.7,202,1976320,9772,7.4,1.0462969541549683,0.107568359375,-0.957803362235427,4.709069187939167,0.010479639,0.0003,0.28006982803344727,9640,0.2,-0.014617068723600824,,
966,341.41,202,1978368,9781,6.9,0.2589538097381592,0.087841796875,-0.9546228369697929,5.202007385715842,0.010262752,0.0003,0.14943456649780273,9650,0.2,-0.010294675387558527,,
,,,1980000,,,2.3341736793518066,0.120654296875,-0.9154178369790316,5.185820908471942,0.010695391,0.0003,0.32736027240753174,9660,0.2,-0.013949946872889996,-6.0,234.0
967,347.05,202,1980416,9794,7.3,,,,,,,,,,,,
968,350.4,202,1982464,9802,7.3,0.6202175617218018,0.1115234375,-1.0552372697740793,4.241879081912339,0.01286616,0.0003,0.07540076971054077,9670,0.2,-0.015056149389420171,,
969,345.14,202,1984512,9811,7.1,1.883480191230774,0.076708984375,-0.9898545689880848,5.035391780734062,0.0075824317,0.0003,-0.06387794017791748,9680,0.2,-0.011307844502152876,,
970,346.57,202,1986560,9821,7.1,1.1691042184829712,0.105078125,-0.9665151201188564,7.269964643940329,0.0119008,0.0003,-0.40745651721954346,9690,0.2,-0.015213704449706711,,
971,364.1,202,1988608,9831,8.9,0.2965708076953888,0.122998046875,-1.0037361338734627,2.8744233855977654,0.011091995,0.0003,0.11078375577926636,9700,0.2,-0.013225609777146019,,
,,,1990000,,,0.7580626010894775,0.106005859375,-1.072771248780191,5.25771980509162,0.010611216,0.0003,0.038970947265625,9710,0.2,-0.019001772496267222,8.0,315.8
972,361.0,202,1990656,9848,8.5,,,,,,,,,,,,
973,371.64,202,1992704,9857,9.6,0.8838472962379456,0.0890625,-0.8685483286157251,5.137599693611264,0.00919335,0.0003,-0.11818301677703857,9720,0.2,-0.011806283317855559,,
974,371.97,202,1994752,9866,9.0,0.2826780378818512,0.10263671875,-1.0222329305484892,2.9041206618770956,0.010295287,0.0003,0.4929853677749634,9730,0.2,-0.012379165389575064,,
975,369.95,202,1996800,9875,9.2,1.319804072380066,0.08642578125,-0.9761345474049449,4.577037273906171,0.010501687,0.0003,0.41893649101257324,9740,0.2,-0.014802235490060411,,
976,381.32,202,1998848,9885,10.7,1.1915804147720337,0.07236328125,-0.9899493874981999,6.1879918545484545,0.009011766,0.0003,0.0371745228767395,9750,0.2,-0.013757850584806875,,
,,,2000000,,,1.2924565076828003,0.069677734375,-0.9799740888178349,4.979345562495292,0.006654961,0.0003,0.4885790944099426,9760,0.2,-0.00985711922403425,6.0,301.6
977,377.25,202,2000896,9899,10.5,,,,,,,,,,,,
