time/total_timesteps,rollout/ep_rew_mean,time/time_elapsed,time/fps,rollout/ep_len_mean,time/iterations,train/clip_fraction,train/approx_kl,train/policy_gradient_loss,train/entropy_loss,train/loss,train/learning_rate,train/explained_variance,train/clip_range,train/value_loss,train/n_updates,eval/mean_reward,eval/mean_ep_length
2048,-10.09764705882353,2,975,60.0,1,,,,,,,,,,,,
4096,-10.06811320754717,5,812,76.15094339622641,2,0.084326171875,0.011771471,-0.015446667518699542,-1.0901529893279076,2.7645039558410645,0.0003,-0.00035881996154785156,0.2,7.210638665407896,10,,
6144,-9.89377049180328,7,790,99.14754098360656,3,0.113232421875,0.013327135,-0.021437159454217182,-1.0710784822702408,1.9326047897338867,0.0003,0.10746961832046509,0.2,4.966990260779857,20,,
8192,-9.469999999999999,10,788,115.71428571428571,4,0.100244140625,0.009739737,-0.011578487401129678,-1.0670913457870483,0.4693116545677185,0.0003,-0.0964881181716919,0.2,2.744871557690203,30,,
10000,,,,,,0.063916015625,0.0067894347,-0.009430570088443346,-1.0386465817689896,2.8142244815826416,0.0003,0.06712990999221802,0.2,3.744299504905939,40,-9.373999999999999,341.6
10240,-8.625128205128204,13,735,131.16666666666666,5,,,,,,,,,,,,
12288,-8.233214285714284,16,736,145.23809523809524,6,0.093017578125,0.0101535255,-0.008912010127096437,-1.0389758601784707,1.8574223518371582,0.0003,0.12601709365844727,0.2,3.3003791064955292,50,,
14336,-7.965280898876404,19,737,157.82022471910113,7,0.110009765625,0.01081989,-0.00867261393723311,-1.0336483873426914,1.682289719581604,0.0003,0.1804417371749878,0.2,4.7100366316735744,60,,
16384,-7.483020833333335,22,739,168.32291666666666,8,0.109423828125,0.011707243,-0.007354141358518973,-1.0165864761918784,1.205317497253418,0.0003,0.09575504064559937,0.2,2.9922097478993237,70,,
18432,-6.1431000000000004,24,738,181.57,9,0.103662109375,0.009572292,-0.006855273478140589,-0.9870696410536766,2.2533934116363525,0.0003,0.10799169540405273,0.2,3.47975998762995,80,,
20000,,,,,,0.072314453125,0.008923497,-0.00675249667983735,-0.9962898308411241,2.3513481616973877,0.0003,0.15034359693527222,0.2,9.234528581798077,90,21.218,749.8
20480,-4.959200000000001,29,687,195.37,10,,,,,,,,,,,,
22528,-3.9022999999999994,32,691,213.42,11,0.083740234375,0.009284505,-0.009819738648366183,-0.9654576495289803,2.8574588298797607,0.0003,0.18416976928710938,0.2,6.712306399643421,100,,
24576,-2.1205,35,694,230.99,12,0.106005859375,0.0088993125,-0.008544228173559532,-0.9220236159861088,3.0968260765075684,0.0003,0.13884961605072021,0.2,5.975453749671578,110,,
26624,-0.23369999999999996,38,698,247.67,13,0.066064453125,0.005873323,-0.0056094093990395775,-0.8706841601058841,3.874201536178589,0.0003,0.19678783416748047,0.2,9.690868623554707,120,,
28672,0.8590000000000001,40,700,260.34,14,0.109765625,0.012060078,-0.00815141933853738,-0.858489440008998,6.265200138092041,0.0003,0.17416369915008545,0.2,9.720074361562729,130,,
30000,,,,,,0.115087890625,0.010455976,-0.00874533912719926,-0.8694419730454683,3.6634151935577393,0.0003,0.19717711210250854,0.2,7.091564152389765,140,48.248000000000005,717.0
30720,2.4339999999999993,45,675,276.69,15,,,,,,,,,,,,
32768,5.9179,48,679,296.6,16,0.089599609375,0.008641513,-0.008292906224960461,-0.8209526760503649,4.172726631164551,0.0003,0.2592739462852478,0.2,10.568897126615047,150,,
34816,9.440800000000001,50,683,312.85,17,0.098095703125,0.007864878,-0.005699384622857906,-0.7925487698987126,6.681980133056641,0.0003,0.2095223069190979,0.2,14.069386073946953,160,,
36864,11.224,53,686,328.92,18,0.06953125,0.0075704674,-0.004189969797153026,-0.770134212821722,7.958677291870117,0.0003,0.24735772609710693,0.2,17.351136684417725,170,,
38912,13.307,56,688,347.12,19,0.1404296875,0.010137435,-0.00806976835738169,-0.7627902131527662,4.5373005867004395,0.0003,0.25650984048843384,0.2,10.506779688596726,180,,
40000,,,,,,0.07060546875,0.005828107,-0.00354884653352201,-0.688436708599329,9.86488151550293,0.0003,0.2658451199531555,0.2,14.902508744597435,190,90.35000000000001,1019.6
40960,17.814899999999998,62,659,356.28,20,,,,,,,,,,,,
43008,24.125700000000002,64,662,380.92,21,0.07001953125,0.008022877,-0.004874022479634732,-0.6364690214395523,10.070672988891602,0.0003,0.30606794357299805,0.2,19.13520221710205,200,,
45056,27.728699999999993,67,666,387.98,22,0.052099609375,0.007517278,-0.0022713433485478164,-0.6275795444846153,8.200754165649414,0.0003,0.30954068899154663,0.2,24.960279923677444,210,,
47104,31.151499999999995,70,668,404.77,23,0.05859375,0.006302784,-0.0038536298423423434,-0.6308934336528182,11.713618278503418,0.0003,0.34007954597473145,0.2,22.687955170869827,220,,
49152,37.595699999999994,73,670,427.52,24,0.073388671875,0.00490388,-0.0007128445577109233,-0.6202545781619847,8.967245101928711,0.0003,0.3143377900123596,0.2,24.347780868411064,230,,
50000,,,,,,0.0943359375,0.007908182,-0.00146255639847368,-0.6297097500413656,6.873116493225098,0.0003,0.42509299516677856,0.2,14.812991331517697,240,30.124000000000002,878.2
51200,41.4541,78,652,442.91,25,,,,,,,,,,,,
53248,43.5624,81,654,457.4,26,0.0990234375,0.0067236125,-0.0018611745865200647,-0.6320317442528903,8.740630149841309,0.0003,0.30852532386779785,0.2,19.198538917303086,250,,
55296,48.883599999999994,84,657,479.94,27,0.08115234375,0.009434914,-0.000458109233295545,-0.6284252336248756,12.58578109741211,0.0003,0.250008761882782,0.2,14.990184967219829,260,,
57344,48.883599999999994,87,658,479.94,28,0.060888671875,0.0064546485,-0.0024433946164208464,-0.6200800106860698,8.889241218566895,0.0003,0.32168203592300415,0.2,19.100378900766373,270,,
59392,56.31719999999999,89,660,504.61,29,0.058544921875,0.005590517,-0.000304035289445892,-0.5573997908271849,10.838521957397461,0.0003,0.36812424659729004,0.2,19.84655947983265,280,,
60000,,,,,,0.0576171875,0.005802465,-0.0024130328238243237,-0.5224188834428787,10.101126670837402,0.0003,0.3972198963165283,0.2,22.04638098180294,290,271.588,2509.8
61440,63.66710000000001,99,617,526.66,30,,,,,,,,,,,,
63488,69.4305,102,620,545.02,31,0.07900390625,0.006590455,-0.0008595158607931808,-0.5336159200407564,7.687321186065674,0.0003,0.31407827138900757,0.2,22.33852826952934,300,,
65536,75.385,104,624,562.91,32,0.07919921875,0.005784221,-0.0016528587686480023,-0.5279044184833765,10.661779403686523,0.0003,0.31875789165496826,0.2,21.382587772607803,310,,
67584,82.02420000000001,107,627,585.34,33,0.073828125,0.007204575,0.0007775826437864452,-0.5459473205730319,10.513936996459961,0.0003,0.39072996377944946,0.2,19.50383973121643,320,,
69632,86.51750000000001,110,630,597.24,34,0.081201171875,0.009688841,-0.0036907151676132343,-0.5547459305264055,8.49462604522705,0.0003,0.3751681447029114,0.2,20.53482955098152,330,,
70000,,,,,,0.081689453125,0.005330818,0.00011922773846890777,-0.5751266666688025,5.581270694732666,0.0003,0.2528930902481079,0.2,22.770172408223154,340,185.574,2168.4
71680,97.03850000000003,119,602,629.92,35,,,,,,,,,,,,
73728,102.08130000000001,121,605,648.11,36,0.084130859375,0.008903163,-0.0035887017351342366,-0.5445458059199154,8.096211433410645,0.0003,0.2452530860900879,0.2,34.40829275548458,350,,
75776,102.08130000000001,124,609,648.11,37,0.086572265625,0.007958876,-0.0013259413419291378,-0.5532148749567568,10.266983985900879,0.0003,0.4091337323188782,0.2,22.853907960653306,360,,
77824,109.02590000000001,127,612,669.39,38,0.088916015625,0.0051330915,0.0014639521512435749,-0.5638553037308156,8.376325607299805,0.0003,0.2987663149833679,0.2,19.061151498556136,370,,
79872,116.277,129,615,692.11,39,0.108544921875,0.007114678,-0.004295124592317734,-0.5944958598352968,10.064122200012207,0.0003,0.37665116786956787,0.2,21.293573242425918,380,,
80000,,,,,,0.088818359375,0.005979429,-0.0036002204025862737,-0.5772987056523562,12.247102737426758,0.0003,0.21554017066955566,0.2,21.445375499129295,390,356.078,2245.2
81920,123.23470000000002,138,589,713.82,40,,,,,,,,,,,,
83968,131.6209,141,593,734.24,41,0.10361328125,0.008527421,-0.002566003026731778,-0.5658475364558399,9.445173263549805,0.0003,0.33288484811782837,0.2,24.56157069206238,400,,
86016,134.2123,144,596,740.84,42,0.084814453125,0.00717986,-0.0016080255707493051,-0.5504200123250484,10.929824829101562,0.0003,0.3393235206604004,0.2,24.66949980854988,410,,
88064,142.4883,146,599,761.95,43,0.10849609375,0.007530287,-0.0048180222685914485,-0.5740734323859215,7.088063716888428,0.0003,0.3461883068084717,0.2,20.43876816928387,420,,
90000,,,,,,0.075244140625,0.005237869,0.00047733781975694,-0.4548613169230521,17.63102912902832,0.0003,0.40162575244903564,0.2,27.08656925857067,430,482.76000000000005,2168.0
90112,147.50150000000002,155,579,771.25,44,,,,,,,,,,,,
92160,147.50150000000002,158,582,771.25,45,0.085546875,0.011070429,0.0016058871115092188,-0.5083061004988849,13.56007194519043,0.0003,0.36225706338882446,0.2,26.543123829364777,440,,
94208,155.6806,160,585,803.39,46,0.078955078125,0.007980182,0.00027164319180883467,-0.5039810667745769,12.050217628479004,0.0003,0.31548964977264404,0.2,22.163800299167633,450,,
96256,162.5717,163,588,819.91,47,0.097998046875,0.010514609,-0.0028461901849368585,-0.411776518356055,9.527828216552734,0.0003,0.3750725984573364,0.2,19.609573543071747,460,,
98304,169.79839999999996,166,590,844.03,48,0.094384765625,0.01426866,-0.0009141078888205811,-0.5420623914338648,10.600186347961426,0.0003,0.3327789902687073,0.2,24.939655339717866,470,,
100000,,,,,,0.081591796875,0.0063661924,-0.0012439678044756874,-0.3917610615491867,10.621820449829102,0.0003,0.2794759273529053,0.2,20.796033158898354,480,370.24999999999994,2662.6
100352,174.93580000000003,176,568,852.32,49,,,,,,,,,,,,
102400,182.1918,179,571,873.05,50,0.065625,0.0052688257,-0.0009312624169979244,-0.37966035259887576,10.059515953063965,0.0003,0.36966878175735474,0.2,20.98185604214668,490,,
104448,188.99490000000003,182,573,888.88,51,0.059228515625,0.006075817,0.00045307456457521766,-0.36610205471515656,6.5472798347473145,0.0003,0.40536636114120483,0.2,20.21229536831379,500,,
106496,197.17249999999996,184,576,910.94,52,0.070849609375,0.003930629,0.0013726558434427715,-0.3742064579389989,6.173904895782471,0.0003,0.4557139277458191,0.2,17.777964368462563,510,,
108544,205.6546,187,578,932.84,53,0.064794921875,0.004636452,3.9138481952250004e-05,-0.3705133364535868,13.42304515838623,0.0003,0.43554508686065674,0.2,24.17423432171345,520,,
110000,,,,,,0.080029296875,0.008263233,0.000624888387392275,-0.40084939589723945,11.05426025390625,0.0003,0.2861371636390686,0.2,21.148746410012244,530,298.03000000000003,1374.6
110592,213.15579999999997,194,570,950.47,54,,,,,,,,,,,,
112640,219.76120000000003,196,572,965.15,55,0.06904296875,0.005481268,-0.0011278703925199807,-0.4065934567712247,9.792905807495117,0.0003,0.4065302610397339,0.2,18.337678280472755,540,,
114688,225.94890000000004,199,574,981.14,56,0.101416015625,0.0077035297,-0.0032985689351335166,-0.45902109909802674,10.227399826049805,0.0003,0.3847498297691345,0.2,25.79581024646759,550,,
116736,233.1201,202,577,1000.34,57,0.065234375,0.0037260493,-0.0031852408370468765,-0.3970495921559632,8.457019805908203,0.0003,0.3721309304237366,0.2,21.940615800023078,560,,
118784,239.40729999999996,205,579,1017.73,58,0.06728515625,0.0063498537,-0.0005295444425428286,-0.4088374269194901,11.714433670043945,0.0003,0.3795652985572815,0.2,18.320969372987747,570,,
120000,,,,,,0.08330078125,0.0060897702,0.0016945153329288587,-0.38838310474529864,6.294881820678711,0.0003,0.45161718130111694,0.2,15.384238263964653,580,561.704,1355.0
120832,245.7939,211,571,1034.07,59,,,,,,,,,,,,
122880,250.69809999999998,214,573,1044.9,60,0.076806640625,0.009934748,-0.001134552643634379,-0.4316635990515351,10.76840877532959,0.0003,0.3762049674987793,0.2,24.134642699360846,590,,
124928,258.13519999999994,217,575,1069.68,61,0.057666015625,0.0069366777,-0.0008246426528785378,-0.4294742988422513,8.181994438171387,0.0003,0.38428181409835815,0.2,23.62432521879673,600,,
126976,264.2735,219,577,1090.73,62,0.057666015625,0.0055025206,-0.0011630488239461555,-0.41143276626244185,13.517069816589355,0.0003,0.3690226078033447,0.2,26.754158702492713,610,,
129024,267.7819,222,579,1097.92,63,0.096923828125,0.007921257,-0.0025441881327424197,-0.45034698909148574,7.944183826446533,0.0003,0.385640025138855,0.2,19.656817409396172,620,,
130000,,,,,,0.06376953125,0.005924129,9.350655745947734e-05,-0.4450725778006017,11.071897506713867,0.0003,0.39991283416748047,0.2,22.424340835213663,630,137.08200000000002,1452.2
131072,277.9959,229,571,1122.18,64,,,,,,,,,,,,
133120,285.0292,231,573,1135.93,65,0.066259765625,0.0046154675,-7.06977618392557e-05,-0.4018148720264435,8.254608154296875,0.0003,0.3791029453277588,0.2,27.509822475910187,640,,
135168,290.55139999999994,234,576,1146.26,66,0.0552734375,0.011934163,-0.00024132253020070493,-0.3380247439257801,9.038872718811035,0.0003,0.35740435123443604,0.2,22.538131648302077,650,,
137216,298.59479999999996,237,578,1163.24,67,0.079150390625,0.0088333115,0.001225846534362063,-0.3266730853356421,10.314338684082031,0.0003,0.3988053798675537,0.2,18.80059538334608,660,,
139264,305.76769999999993,240,579,1182.65,68,0.0533203125,0.007337873,-0.0036840802466031166,-0.3782116760499775,17.92632293701172,0.0003,0.4571106433868408,0.2,22.49717335999012,670,,
140000,,,,,,0.0662109375,0.0055493386,-0.0013594345626188442,-0.32767508933320644,5.2574357986450195,0.0003,0.4337596893310547,0.2,19.84256243109703,680,311.464,1622.8
141312,311.87889999999993,247,571,1197.26,69,,,,,,,,,,,,
143360,318.7766,250,573,1214.32,70,0.077978515625,0.0064090975,-0.0018816085954313166,-0.34152142973616717,6.5482563972473145,0.0003,0.3470691442489624,0.2,20.086622655391693,690,,
145408,329.18089999999995,252,575,1237.91,71,0.069580078125,0.007659833,-0.003241790998436045,-0.32189635406248274,7.218018054962158,0.0003,0.46277397871017456,0.2,18.99395233094692,700,,
147456,336.0880999999999,255,577,1253.16,72,0.052294921875,0.003560847,-0.0008934674668125808,-0.3177892485633492,16.74034881591797,0.0003,0.45080697536468506,0.2,28.51511234343052,710,,
149504,338.37839999999994,258,578,1258.62,73,0.07080078125,0.0048790346,-0.00024926381884142755,-0.34820705400779844,19.072256088256836,0.0003,0.35818004608154297,0.2,25.768285989761353,720,,
150000,,,,,,0.087158203125,0.011043277,0.0005736973485909403,-0.357063204748556,7.25712251663208,0.0003,0.27768611907958984,0.2,25.451284351944924,730,160.44599999999997,1401.2
151552,349.94039999999995,264,572,1278.09,74,,,,,,,,,,,,
153600,355.545,267,574,1292.27,75,0.05615234375,0.0049501737,-0.001476289436686784,-0.36155168623663486,21.42355728149414,0.0003,0.32056015729904175,0.2,30.745592918992042,740,,
155648,362.1002,270,576,1311.57,76,0.0521484375,0.0035138559,0.00048104828747455033,-0.38839442022144793,5.8704328536987305,0.0003,0.36954373121261597,0.2,23.937076899409295,750,,
157696,372.2118,272,577,1333.3,77,0.065478515625,0.0044537587,-0.0006694042123854161,-0.32819301122799516,10.983515739440918,0.0003,0.43476295471191406,0.2,28.33003812432289,760,,
159744,373.92929999999996,275,579,1334.62,78,0.0591796875,0.0061660693,0.00022504709922941402,-0.2787020660471171,10.323807716369629,0.0003,0.4213528037071228,0.2,28.319401046633722,770,,
160000,,,,,,0.056103515625,0.006323048,-0.0005710630211979151,-0.34645463335327803,8.27232551574707,0.0003,0.3885788321495056,0.2,26.86499641239643,780,441.76599999999996,1994.8
161792,385.63369999999986,283,569,1364.55,79,,,,,,,,,,,,
163840,393.0715999999999,286,571,1376.44,80,0.051220703125,0.0056288657,-0.003676268470007926,-0.37110934518277644,15.782618522644043,0.0003,0.40393877029418945,0.2,27.478186056017876,790,,
165888,398.9991999999999,289,573,1387.91,81,0.051123046875,0.003986414,-0.0011982936965068802,-0.31583933662623165,10.990827560424805,0.0003,0.4474966526031494,0.2,28.53554173707962,800,,
167936,409.7745999999999,292,574,1413.09,82,0.06298828125,0.008991413,-0.0018679717846680432,-0.3447188726626337,13.341473579406738,0.0003,0.3977687954902649,0.2,27.431474006175996,810,,
169984,412.29699999999997,294,576,1416.3,83,0.07939453125,0.009587101,-0.005982787496759556,-0.35115200076252223,9.919449806213379,0.0003,0.37170106172561646,0.2,30.235126081109048,820,,
170000,,,,,,0.0798828125,0.0052272803,0.00012528839870356022,-0.3316784210968763,6.642240047454834,0.0003,0.43501371145248413,0.2,17.960081624984742,830,394.942,1068.6
172032,419.4352999999999,300,572,1429.32,84,,,,,,,,,,,,
174080,426.01849999999996,303,573,1449.02,85,0.05546875,0.006345234,-0.0009462607820751145,-0.305511285411194,8.585250854492188,0.0003,0.40548962354660034,0.2,28.67732595205307,840,,
176128,432.89369999999997,306,575,1460.06,86,0.065966796875,0.0096691325,-0.0015750701189972461,-0.34639916783198715,9.563575744628906,0.0003,0.5693485736846924,0.2,17.94775209724903,850,,
178176,438.2407,308,576,1467.25,87,0.069970703125,0.007888697,-0.0016806019251816907,-0.3021706184837967,10.809377670288086,0.0003,0.46504491567611694,0.2,19.620748057961464,860,,
180000,,,,,,0.033447265625,0.003975585,0.00142091078159865,-0.28818166106939314,9.469616889953613,0.0003,0.5243613719940186,0.2,19.787511068582536,870,234.67399999999998,927.6
180224,450.82859999999994,314,573,1498.1,88,,,,,,,,,,,,
182272,456.8718,316,575,1509.62,89,0.05224609375,0.005450798,-0.0022423881106078624,-0.2633114407304674,10.202862739562988,0.0003,0.7026799917221069,0.2,22.182025453448297,880,,
184320,463.43029999999993,319,576,1519.48,90,0.050927734375,0.009416265,-0.0016854861401952802,-0.24956030026078224,10.574116706848145,0.0003,0.5053236484527588,0.2,24.105520206689835,890,,
186368,465.8664,322,578,1519.41,91,0.059228515625,0.006533907,-0.003299437533132732,-0.2556003292556852,10.572606086730957,0.0003,0.33970195055007935,0.2,32.4579959154129,900,,
188416,472.5961,325,579,1531.93,92,0.0529296875,0.0067575364,-0.002333989043836482,-0.21786762261763215,13.784743309020996,0.0003,0.2952491044998169,0.2,27.789303386211394,910,,
190000,,,,,,0.068115234375,0.0037527997,0.003132622591510881,-0.20964896609075367,11.264156341552734,0.0003,0.45606809854507446,0.2,16.99318398684263,920,174.91400000000002,887.4
190464,482.34899999999993,330,577,1553.63,93,,,,,,,,,,,,
192512,488.6533999999999,332,578,1569.58,94,0.04853515625,0.005287597,-1.565236016176641e-06,-0.2168649924453348,8.540778160095215,0.0003,0.40635061264038086,0.2,23.586083388328554,930,,
194560,496.76379999999995,335,579,1578.62,95,0.041357421875,0.0026518805,0.0009146405267529189,-0.1720702219288796,4.196506977081299,0.0003,0.5188581347465515,0.2,16.966477017104626,940,,
196608,502.28790000000004,338,580,1590.34,96,0.0533203125,0.0042179273,-0.00034480277972761544,-0.182243573339656,9.246990203857422,0.0003,0.4738413095474243,0.2,24.140100997686385,950,,
198656,506.0869,341,581,1589.65,97,0.039453125,0.004058785,-0.0025609612101106906,-0.18574991733767093,9.123510360717773,0.0003,0.43627995252609253,0.2,20.15704108774662,960,,
200000,,,,,,0.03525390625,0.004860425,-0.00018907413177657873,-0.17079390543513,7.972223281860352,0.0003,0.4568977952003479,0.2,19.406275287270546,970,445.11400000000003,1393.4
200704,510.4334999999999,348,575,1595.82,98,,,,,,,,,,,,
202752,512.7207,351,576,1593.92,99,0.06025390625,0.0071178395,-0.0012114898854633793,-0.22028568796813489,8.45630931854248,0.0003,0.40033239126205444,0.2,27.078562894463538,980,,
204800,524.344,354,578,1619.09,100,0.0390625,0.006654232,-0.0006894541234942153,-0.17099229956511408,6.414618015289307,0.0003,0.5059124231338501,0.2,18.463483929634094,990,,
206848,524.344,357,579,1619.09,101,0.05,0.005183145,-0.0021110540692461655,-0.22173877744935452,29.533533096313477,0.0003,0.4419974684715271,0.2,30.40959666073322,1000,,
208896,533.2089,359,580,1645.07,102,0.05439453125,0.0100108115,-0.0023183463665191082,-0.21185028739273548,9.235904693603516,0.0003,0.4145326614379883,0.2,15.57369169294834,1010,,
210000,,,,,,0.04970703125,0.00690159,-0.0024489404604537413,-0.2091201724484563,7.636969566345215,0.0003,0.45406192541122437,0.2,24.940946424007414,1020,182.286,864.4
210944,536.6803000000001,364,578,1645.71,103,,,,,,,,,,,,
212992,536.8087,367,579,1626.87,104,0.052490234375,0.005074575,-0.0005524019754375332,-0.1932326113106683,14.093585014343262,0.0003,0.4976918697357178,0.2,22.048016065359114,1030,,
215040,544.5006000000001,370,580,1646.15,105,0.052001953125,0.0043553472,-0.00258581976959249,-0.2176007771398872,8.89560317993164,0.0003,0.4020550847053528,0.2,26.88899478316307,1040,,
217088,548.3009000000001,373,581,1644.43,106,0.047802734375,0.0041381065,-0.0008855636915541254,-0.2080510064959526,5.732810020446777,0.0003,0.43134284019470215,0.2,22.213890713453292,1050,,
219136,553.0329,376,582,1652.98,107,0.04833984375,0.0076270383,-0.002684855496045202,-0.21676609236747027,7.6237897872924805,0.0003,0.43360328674316406,0.2,18.82508416622877,1060,,
220000,,,,,,0.061962890625,0.0058708936,0.00029966016300022604,-0.23080979767255486,14.960722923278809,0.0003,0.5449714660644531,0.2,17.35669992864132,1070,463.51599999999996,1160.8
221184,556.8057000000001,381,579,1654.23,108,,,,,,,,,,,,
223232,553.9883,384,580,1638.8,109,0.059423828125,0.005771119,-0.0015294766169972717,-0.21375570276286454,9.494787216186523,0.0003,0.49550336599349976,0.2,15.86687873005867,1080,,
225280,554.6716,387,581,1630.35,110,0.055126953125,0.012965783,0.0019023844186449423,-0.20068661181721836,6.365618705749512,0.0003,0.404849112033844,0.2,18.32350526154041,1090,,
227328,549.9374,390,582,1612.81,111,0.06279296875,0.013524704,-0.0012428199494024738,-0.19719555689953266,15.53099536895752,0.0003,0.43157893419265747,0.2,23.553602489829064,1100,,
229376,551.5778,392,583,1611.89,112,0.04541015625,0.008468825,0.00041051257721846923,-0.19218092977534978,9.724075317382812,0.0003,0.4133756756782532,0.2,18.786316949129105,1110,,
230000,,,,,,0.0591796875,0.0052702907,-0.0009882117912638933,-0.2098198949592188,11.5780029296875,0.0003,0.49525749683380127,0.2,17.8486247330904,1120,545.528,1356.6
231424,552.4734,399,579,1604.45,113,,,,,,,,,,,,
233472,551.8162,401,580,1598.94,114,0.069287109375,0.0086101815,-0.002018892884370871,-0.26353964759036896,11.500885963439941,0.0003,0.3923444151878357,0.2,24.869478215277194,1130,,
235520,549.0758000000001,404,582,1587.78,115,0.062353515625,0.014608679,-0.008096173481317238,-0.22740705092437566,5.690320014953613,0.0003,0.4680638909339905,0.2,17.036943769454957,1140,,
237568,548.146,407,583,1577.3,116,0.0470703125,0.006220605,-0.002722303968039341,-0.20411090909037738,11.824472427368164,0.0003,0.418540894985199,0.2,17.83228458613157,1150,,
239616,546.7593999999999,410,584,1564.93,117,0.044677734375,0.010232619,-0.0008786146048805676,-0.20742932320572435,9.809518814086914,0.0003,0.5688858032226562,0.2,19.532870855927467,1160,,
240000,,,,,,0.05078125,0.005937781,-0.00019146138220094144,-0.20869001459795983,9.676966667175293,0.0003,0.5331383943557739,0.2,18.00703520923853,1170,498.38599999999997,1224.8
241664,548.6705999999999,416,580,1568.48,118,,,,,,,,,,,,
243712,547.7132999999999,419,581,1552.64,119,0.02978515625,0.0025697523,-0.0005198176047997549,-0.199612897913903,9.599802017211914,0.0003,0.47185957431793213,0.2,21.35960173904896,1180,,
245760,552.5344,421,582,1563.31,120,0.031982421875,0.007596018,-0.0008759447024203837,-0.20937230032868684,13.00289249420166,0.0003,0.4075723886489868,0.2,30.257215756177903,1190,,
247808,549.8903999999999,424,583,1539.55,121,0.02861328125,0.0046375096,-0.002198556312941946,-0.18725493201054633,14.707756042480469,0.0003,0.5748869180679321,0.2,24.359255328774452,1200,,
249856,555.5379999999998,427,584,1545.87,122,0.04462890625,0.0070113605,-0.0010779879346955567,-0.18108196093235165,10.844902992248535,0.0003,0.5205244421958923,0.2,21.554414409399033,1210,,
250000,,,,,,0.04326171875,0.0072732395,-0.003348121607268695,-0.17343318634666502,27.69880485534668,0.0003,0.45399361848831177,0.2,31.50969376862049,1220,586.624,1437.4
251904,544.6937999999999,434,580,1504.35,123,,,,,,,,,,,,
253952,544.6947999999999,436,581,1503.25,124,0.03203125,0.004507777,-0.0023160372715210543,-0.16229894233401865,23.145559310913086,0.0003,0.4612845778465271,0.2,37.88209589421749,1230,,
256000,544.4223,439,582,1499.61,125,0.041064453125,0.0055259885,-0.00193641661608126,-0.18391168436501176,16.10209083557129,0.0003,0.4977574944496155,0.2,18.740884833037853,1240,,
258048,542.9809999999999,442,583,1490.73,126,0.03818359375,0.00731955,-0.000294911973469425,-0.16436867020092905,7.43525505065918,0.0003,0.4822106957435608,0.2,18.100418895483017,1250,,
260000,,,,,,0.04609375,0.007778857,0.00033928688935702667,-0.14411067969631403,6.450475215911865,0.0003,0.295351505279541,0.2,20.06550004482269,1260,298.396,659.4
260096,543.1285999999999,447,581,1487.26,127,,,,,,,,,,,,
262144,547.1872,449,582,1493.96,128,0.03935546875,0.0043194415,-0.0006642578999162651,-0.14057588529540227,10.994159698486328,0.0003,0.38293951749801636,0.2,25.182719510793685,1270,,
264192,540.6051000000001,452,583,1469.56,129,0.034521484375,0.0043213386,-4.801855538971722e-06,-0.13905846741981803,16.84040069580078,0.0003,0.349101722240448,0.2,26.811558517813683,1280,,
266240,531.6285,455,584,1437.47,130,0.032373046875,0.01436378,-0.005010385441710241,-0.13302058873232453,15.931199073791504,0.0003,0.47465407848358154,0.2,21.594194763898848,1290,,
268288,513.0124,458,585,1371.74,131,0.0365234375,0.006865916,-0.0011125613273179624,-0.13181625860743224,7.360367774963379,0.0003,0.45416468381881714,0.2,31.11665563583374,1300,,
270000,,,,,,0.044189453125,0.015033551,-0.0025451403605984526,-0.15023367889225483,15.149018287658691,0.0003,0.13858884572982788,0.2,49.69161663651467,1310,318.374,731.2
270336,511.6156,462,584,1367.4,132,,,,,,,,,,,,
272384,512.243,465,585,1367.96,133,0.041064453125,0.006403641,0.0010625073133269324,-0.13607213275972754,14.655299186706543,0.0003,0.4780551791191101,0.2,20.43159289062023,1320,,
274432,515.7306,468,586,1378.31,134,0.026318359375,0.0029291,4.681363061536104e-05,-0.13143072330858557,8.12848949432373,0.0003,0.42519283294677734,0.2,27.454202634096145,1330,,
276480,510.5963999999999,470,587,1359.37,135,0.039990234375,0.0065951752,-0.0021230389858828856,-0.14557893730234356,7.460771560668945,0.0003,0.465606153011322,0.2,23.354596027731894,1340,,
278528,508.7324,473,587,1351.14,136,0.027099609375,0.0039360607,-0.0024593388981884344,-0.12917097078170628,14.34655475616455,0.0003,0.5190283060073853,0.2,28.016127583384513,1350,,
280000,,,,,,0.035791015625,0.010203375,-0.002114942914340645,-0.1396466324105859,23.397218704223633,0.0003,0.5529170036315918,0.2,27.27039902508259,1360,416.56000000000006,958.8
280576,507.43410000000006,479,585,1344.98,137,,,,,,,,,,,,
282624,512.0140000000001,481,586,1357.23,138,0.038671875,0.006885163,-0.0005590049055172131,-0.14748078228440137,9.574244499206543,0.0003,0.41173577308654785,0.2,26.27763964533806,1370,,
284672,516.3543,484,587,1366.49,139,0.03466796875,0.006827008,-0.001762988034170121,-0.14128892479930072,6.756910800933838,0.0003,0.35797637701034546,0.2,19.868809029459953,1380,,
286720,514.7716,487,588,1360.54,140,0.038134765625,0.006116887,-0.0009062127181096002,-0.14447152095381172,7.72695779800415,0.0003,0.539995551109314,0.2,21.178832110762595,1390,,
288768,515.8711,490,589,1360.76,141,0.0314453125,0.002531168,-0.0018876158021157608,-0.13095056430902333,9.488700866699219,0.0003,0.3847420811653137,0.2,25.32322093248367,1400,,
290000,,,,,,0.036181640625,0.0038772386,-0.0040798341127811,-0.13238493679091334,17.971500396728516,0.0003,0.44991761445999146,0.2,31.857947236299516,1410,622.8100000000001,1437.2
290816,506.37429999999983,496,585,1329.28,142,,,,,,,,,,,,
292864,501.7802999999999,499,586,1314.26,143,0.0353515625,0.008718433,-0.0014772999988053926,-0.14190783062949777,18.66263771057129,0.0003,0.5014452934265137,0.2,36.96152067184448,1420,,
294912,496.75230000000005,502,587,1298.55,144,0.04013671875,0.008382029,-0.0004903612280031666,-0.13680210656020791,13.38025188446045,0.0003,0.25996220111846924,0.2,32.98707785308361,1430,,
296960,498.1651,504,588,1303.53,145,0.0349609375,0.0049584,-0.00273284217400942,-0.1287549797911197,9.377809524536133,0.0003,0.5124088525772095,0.2,25.938449919223785,1440,,
299008,498.6622,507,588,1305.45,146,0.036865234375,0.003204411,-0.0012166783359134569,-0.12473980442155153,9.447769165039062,0.0003,0.5412848591804504,0.2,18.049378646910192,1450,,
300000,,,,,,0.030224609375,0.00949128,-0.0005846225438290275,-0.1263125176075846,8.067551612854004,0.0003,0.6457701921463013,0.2,17.302905306220055,1460,607.4060000000001,1515.4
301056,500.18729999999994,514,585,1309.63,147,,,,,,,,,,,,
303104,500.0830999999999,517,585,1310.6,148,0.030224609375,0.004517707,0.0018922906805528329,-0.11204208583803847,4.199979305267334,0.0003,0.47578197717666626,0.2,15.956954489648343,1470,,
305152,500.5981,519,586,1307.67,149,0.032958984375,0.007497062,-0.0015064743914990687,-0.15164627339690923,6.87469482421875,0.0003,0.4610692262649536,0.2,21.092469453811646,1480,,
307200,499.4514,522,587,1301.48,150,0.031103515625,0.0066950615,-0.001339542197820265,-0.13199124273378401,6.05663537979126,0.0003,0.43241745233535767,0.2,19.651019923388958,1490,,
309248,493.0899000000001,525,588,1284.45,151,0.051611328125,0.004924018,-0.004097798487055116,-0.16053733990993352,6.537797451019287,0.0003,0.5192654132843018,0.2,20.74375383555889,1500,,
310000,,,,,,0.04189453125,0.0051383944,-0.00236817994446028,-0.14389857000205666,7.34889554977417,0.0003,0.40925127267837524,0.2,19.482696986198427,1510,458.408,1113.4
311296,496.60400000000004,531,586,1291.45,152,,,,,,,,,,,,
313344,498.4228999999999,533,586,1295.44,153,0.034130859375,0.0019919523,-0.0009539469923765864,-0.13398823263123633,5.7653889656066895,0.0003,0.4023538827896118,0.2,21.11347938477993,1520,,
315392,494.34079999999994,536,587,1285.22,154,0.03193359375,0.009374899,-0.0004376155266072601,-0.1283021958079189,4.6174798011779785,0.0003,0.5385327339172363,0.2,18.281177632510662,1530,,
317440,490.82920000000007,539,588,1274.19,155,0.034326171875,0.0042214766,-0.002060519330552779,-0.15274818891193717,9.672057151794434,0.0003,0.5532515645027161,0.2,23.8078872025013,1540,,
319488,493.4368000000002,542,589,1277.93,156,0.02431640625,0.0024974772,-0.00017615424876566977,-0.13558478499762713,11.612946510314941,0.0003,0.43752503395080566,0.2,24.67172988951206,1550,,
320000,,,,,,0.05107421875,0.008793412,-0.002732532357913442,-0.17954004022758455,7.125045299530029,0.0003,0.5842200517654419,0.2,23.227308467030525,1560,661.25,1638.8
321536,493.41240000000005,549,585,1278.81,157,,,,,,,,,,,,
323584,494.7219,552,585,1281.33,158,0.03994140625,0.0061984267,-0.0021832979371538387,-0.15914287033956498,9.776557922363281,0.0003,0.6463814377784729,0.2,18.248311653733253,1570,,
325632,496.26800000000003,555,586,1286.18,159,0.032080078125,0.0058371923,-0.0004868580959737301,-0.14673632278572768,10.527469635009766,0.0003,0.6060725450515747,0.2,18.654657308757304,1580,,
327680,495.55729999999994,557,587,1284.36,160,0.037646484375,0.00382219,-0.0011470293349702843,-0.169377177557908,11.757309913635254,0.0003,0.3517780303955078,0.2,29.48619587421417,1590,,
329728,499.95279999999997,560,588,1295.95,161,0.058740234375,0.0048223715,0.0008067990391282364,-0.1848754287464544,8.269245147705078,0.0003,0.5376476049423218,0.2,15.89911446273327,1600,,
330000,,,,,,0.03720703125,0.006201502,0.00059596349747153,-0.18229522106703372,14.72744083404541,0.0003,0.4704580307006836,0.2,19.964424350857733,1610,599.546,1472.6
331776,500.2491999999999,567,584,1295.22,162,,,,,,,,,,,,
333824,497.6615,570,585,1285.03,163,0.03779296875,0.0045732763,-0.0008335299993632361,-0.15891670307610184,6.108345031738281,0.0003,0.5965293645858765,0.2,16.63700616657734,1620,,
335872,498.07989999999995,572,586,1285.59,164,0.034765625,0.002324922,-0.0005336134214303456,-0.14852349734865128,15.352561950683594,0.0003,0.4517453908920288,0.2,29.5857244938612,1630,,
337920,500.97799999999995,575,587,1292.09,165,0.044677734375,0.00805517,-0.004196272464469075,-0.1445996301015839,10.605335235595703,0.0003,0.43227338790893555,0.2,19.145162335038187,1640,,
339968,495.7211,578,587,1275.87,166,0.03466796875,0.0049161054,2.4053601373452692e-05,-0.14652445851825177,6.568058013916016,0.0003,0.5183635950088501,0.2,18.368393260240556,1650,,
340000,,,,,,0.02666015625,0.0019990178,-0.0020228060442605057,-0.1416435207007453,13.2315092086792,0.0003,0.4058666229248047,0.2,27.446849757432936,1660,581.1719999999999,1397.4
342016,500.1423,585,584,1285.75,167,,,,,,,,,,,,
344064,498.9598,588,585,1281.78,168,0.027880859375,0.0036598735,-0.0009889231150737032,-0.12359616660978645,6.913032054901123,0.0003,0.40101301670074463,0.2,24.412151926755904,1670,,
346112,498.7525,590,585,1281.03,169,0.037744140625,0.0070418715,-0.0016662775771692396,-0.12924602678976954,5.576988220214844,0.0003,0.5166692733764648,0.2,17.97724722325802,1680,,
348160,498.07910000000004,593,586,1276.3,170,0.028759765625,0.0035891633,-0.0016750361130107195,-0.0914354435284622,12.308558464050293,0.0003,0.47919511795043945,0.2,20.439785382151605,1690,,
350000,,,,,,0.02431640625,0.0028410777,-0.0014097718711127527,-0.08993217932293192,8.550054550170898,0.0003,0.5447841882705688,0.2,17.486503493785857,1700,589.752,1474.6
350208,496.49739999999997,600,582,1271.89,171,,,,,,,,,,,,
352256,489.6193,603,583,1256.83,172,0.02236328125,0.008480728,0.00010915017919614911,-0.06090608516824432,6.604844570159912,0.0003,0.5187168717384338,0.2,14.44289943575859,1710,,
354304,482.35040000000004,606,584,1236.89,173,0.0134765625,0.0014306805,-5.6962206144817173e-05,-0.05607834077090956,9.440299987792969,0.0003,0.31191325187683105,0.2,21.830591861903667,1720,,
356352,486.7721000000001,608,585,1246.46,174,0.07783203125,0.040569644,-0.010118543019052595,-0.11879943249514327,11.225908279418945,0.0003,0.305065393447876,0.2,36.2682337552309,1730,,
358400,488.0999999999999,611,585,1249.42,175,0.032861328125,0.0072059166,0.0020946165212080816,-0.11008080596802756,8.899824142456055,0.0003,0.44015437364578247,0.2,21.452710026502608,1740,,
360000,,,,,,0.0240234375,0.007467906,-0.001204981276532635,-0.09967557436320931,10.540970802307129,0.0003,0.4261261820793152,0.2,23.28831427395344,1750,559.1360000000001,1315.4
360448,493.10470000000004,618,583,1256.23,176,,,,,,,,,,,,
362496,491.42750000000007,620,583,1252.02,177,0.03642578125,0.006791753,-0.0010708090718253515,-0.12264063190668821,15.660009384155273,0.0003,0.41288596391677856,0.2,27.413805833458902,1760,,
364544,490.6382,623,584,1248.13,178,0.03544921875,0.006250228,0.002729932146030478,-0.1164198653656058,9.830497741699219,0.0003,0.38277244567871094,0.2,19.446238194406032,1770,,
366592,490.2894999999999,627,584,1246.42,179,0.03720703125,0.0044843787,-0.001560165168484673,-0.11054532035486772,12.137787818908691,0.0003,0.5386959314346313,0.2,17.584891678392886,1780,,
368640,495.19769999999994,629,585,1258.41,180,0.0224609375,0.0017997356,-0.000590894537162967,-0.08213592779356986,12.127015113830566,0.0003,0.5154215097427368,0.2,22.58785007894039,1790,,
370000,,,,,,0.03759765625,0.003703272,-0.0016723801803891548,-0.09700424440670759,7.724905490875244,0.0003,0.3668721914291382,0.2,20.459739312529564,1800,677.386,1698.0
370688,497.6841999999999,637,581,1263.23,181,,,,,,,,,,,,
372736,499.90189999999996,640,582,1267.86,182,0.028662109375,0.005123511,-0.0018796162446960806,-0.0911373125272803,7.734638690948486,0.0003,0.3647017478942871,0.2,24.372396472096444,1810,,
374784,504.36099999999993,643,582,1282.58,183,0.02978515625,0.0035701739,-5.050314939580858e-05,-0.10869186824420467,8.111459732055664,0.0003,0.4356520175933838,0.2,18.598982322216035,1820,,
376832,504.9769999999999,645,583,1283.28,184,0.04345703125,0.009040511,-0.007059385359752923,-0.10587879428640008,13.919445037841797,0.0003,0.35582417249679565,0.2,23.720550617575647,1830,,
378880,506.4777999999999,648,584,1288.55,185,0.028466796875,0.005384376,0.0008077908321865834,-0.08947646816959605,25.252880096435547,0.0003,0.43385231494903564,0.2,27.697597846388817,1840,,
380000,,,,,,0.03154296875,0.0054170303,-0.0013050226392806509,-0.09294694196432829,8.750469207763672,0.0003,0.5381906032562256,0.2,16.61519869863987,1850,588.26,1379.6
380928,507.51200000000006,655,581,1287.59,186,,,,,,,,,,,,
382976,508.3103,657,582,1288.66,187,0.0267578125,0.004348458,-0.0014367437586770393,-0.07586453498806804,23.999439239501953,0.0003,0.3792361617088318,0.2,31.653468069434165,1860,,
385024,507.92820000000006,660,582,1284.53,188,0.02666015625,0.0027533416,0.0009353843997814693,-0.10049521764740348,13.85248851776123,0.0003,0.4180713891983032,0.2,22.075109305977822,1870,,
387072,503.20959999999997,663,583,1274.4,189,0.018798828125,0.0021596495,-0.0008418367273407057,-0.07375298121478409,5.026645183563232,0.0003,0.42123502492904663,0.2,23.374523958563806,1880,,
389120,500.7064,666,584,1265.67,190,0.026318359375,0.006944285,-0.002882928986218758,-0.06841460083960556,7.249813556671143,0.0003,0.49285799264907837,0.2,20.75389802455902,1890,,
390000,,,,,,0.025048828125,0.005182024,0.00018320003437111154,-0.08192514596739783,6.312561988830566,0.0003,0.6527582406997681,0.2,24.18351780772209,1900,613.902,1428.8
391168,502.9795,672,581,1270.77,191,,,,,,,,,,,,
393216,504.7753,675,582,1273.33,192,0.02880859375,0.0033157193,0.0002895773679483682,-0.07785536171868443,12.530180931091309,0.0003,0.5122077465057373,0.2,22.648511737585068,1910,,
395264,508.6753999999999,678,582,1281.89,193,0.0220703125,0.0031741895,-0.0002972711197799072,-0.05714428392238915,7.843101978302002,0.0003,0.45916223526000977,0.2,18.305598917603493,1920,,
397312,518.2718,681,583,1303.81,194,0.019873046875,0.0026258426,-0.0020247048654709944,-0.053835634753340855,9.22276496887207,0.0003,0.47543901205062866,0.2,28.800484961271287,1930,,
399360,523.8639,683,584,1318.74,195,0.020166015625,0.004730234,-0.0010188520056544804,-0.0642467210011091,7.734880447387695,0.0003,0.5563714504241943,0.2,25.271802082657814,1940,,
400000,,,,,,0.02783203125,0.00918331,0.0006713688548188656,-0.06013827069255058,5.6029438972473145,0.0003,0.5946253538131714,0.2,12.973311688005925,1950,618.876,1378.6
401408,529.5434,690,581,1333.98,196,,,,,,,,,,,,
403456,529.2555,693,582,1333.16,197,0.02060546875,0.004202387,-0.000392188792466186,-0.06319028008729219,6.3368306159973145,0.0003,0.5243551135063171,0.2,17.751725122332573,1960,,
405504,530.0568,695,582,1329.65,198,0.017529296875,0.0049863323,0.0005798987331218086,-0.05605279541923665,19.41227149963379,0.0003,0.43064379692077637,0.2,30.424103382229806,1970,,
407552,528.0741,698,583,1322.54,199,0.021826171875,0.004259503,-0.003324030773364939,-0.056768325320445,11.53723430633545,0.0003,0.675711989402771,0.2,21.929057747125626,1980,,
409600,531.7072999999999,701,584,1328.34,200,0.021435546875,0.0044688573,8.379051432712003e-05,-0.046308378066169095,10.957237243652344,0.0003,0.6416651606559753,0.2,19.672750863432885,1990,,
410000,,,,,,0.0216796875,0.0033872295,-0.002506714752234984,-0.061591062159277496,6.714296817779541,0.0003,0.45678311586380005,0.2,28.530873394012453,2000,630.4,1477.8
411648,533.1178000000001,708,581,1332.37,201,,,,,,,,,,,,
413696,531.0969,711,581,1325.03,202,0.02412109375,0.0051097116,-0.0007318387142731808,-0.05534890840935987,8.263671875,0.0003,0.6821606159210205,0.2,15.410757902264596,2010,,
415744,531.1183,713,582,1323.73,203,0.026611328125,0.00504086,-0.0005197252234211191,-0.05233866063063033,11.31945514678955,0.0003,0.5419812202453613,0.2,22.679202573001383,2020,,
417792,532.2067000000001,716,582,1327.24,204,0.020556640625,0.0033650766,-0.0005746825074311346,-0.05617607955937274,7.0799384117126465,0.0003,0.5367581844329834,0.2,18.95071599781513,2030,,
419840,530.9339000000001,719,583,1322.35,205,0.01904296875,0.0029303655,0.00072443213139195,-0.06060909494699444,7.2328104972839355,0.0003,0.5908669829368591,0.2,23.56447628736496,2040,,
420000,,,,,,0.014501953125,0.002744792,-0.0011666048638289794,-0.06225406726589426,10.820042610168457,0.0003,0.5631823539733887,0.2,26.63164190351963,2050,406.40600000000006,922.4
421888,533.0383,724,581,1326.16,206,,,,,,,,,,,,
423936,536.9484,727,582,1333.96,207,0.021630859375,0.00227054,-0.0013880944869015365,-0.05852204429393169,8.998838424682617,0.0003,0.5607641935348511,0.2,19.39413734972477,2060,,
425984,543.4605,730,583,1348.98,208,0.023583984375,0.0053973533,-0.00035046542470809074,-0.061520430532982576,8.52724838256836,0.0003,0.6356046199798584,0.2,18.74292833209038,2070,,
428032,545.5872999999999,733,583,1352.87,209,0.033154296875,0.0069992878,-0.003203746330109425,-0.07597553244559094,6.937043190002441,0.0003,0.5579166412353516,0.2,24.938361385464667,2080,,
430000,,,,,,0.023583984375,0.0051322374,-0.00045176876446930694,-0.07811562864226289,11.130349159240723,0.0003,0.3917244076728821,0.2,26.289576056599618,2090,620.408,1536.0
430080,552.6522,740,580,1371.35,210,,,,,,,,,,,,
432128,557.3256,743,581,1384.48,211,0.027978515625,0.004781233,-0.001285415652091615,-0.07582875085063279,11.692051887512207,0.0003,0.49069058895111084,0.2,24.314040148258208,2100,,
434176,558.3957999999999,746,581,1389.25,212,0.01865234375,0.0017468961,-0.0004624566921847872,-0.06037940875976346,6.492321491241455,0.0003,0.5870263576507568,0.2,13.742194457352161,2110,,
436224,558.7222999999999,750,581,1386.49,213,0.019091796875,0.0059756385,-6.562573253177106e-06,-0.05109662474715151,13.440217971801758,0.0003,0.4908101558685303,0.2,23.952123096585275,2120,,
438272,557.962,753,581,1382.66,214,0.024560546875,0.0033327546,0.0005308279316523113,-0.06312303085578605,7.777856349945068,0.0003,0.5770677924156189,0.2,21.842838004231453,2130,,
440000,,,,,,0.0248046875,0.0063660876,-0.0012910010977066123,-0.056354759357054716,6.885409832000732,0.0003,0.3665740489959717,0.2,21.030775007605552,2140,439.13199999999995,977.4
440320,560.0911,758,580,1381.06,215,,,,,,,,,,,,
442368,557.5165999999999,761,580,1373.71,216,0.027685546875,0.0041978788,-0.00032193162478506566,-0.05543832667171955,5.632663249969482,0.0003,0.5093430280685425,0.2,17.826560549438,2150,,
444416,558.6916,764,581,1373.93,217,0.01953125,0.0019280778,-0.0008676135999849066,-0.0525759962387383,7.340994358062744,0.0003,0.33372461795806885,0.2,25.038477566838264,2160,,
446464,562.2534,767,581,1383.15,218,0.0271484375,0.006419339,-0.0008546683035092429,-0.06860338149126619,6.107613563537598,0.0003,0.48796510696411133,0.2,20.80702986419201,2170,,
448512,565.1449,771,581,1389.87,219,0.0220703125,0.0051073367,-0.0018771521252347156,-0.05475144708179869,18.740615844726562,0.0003,0.4151487350463867,0.2,24.839239259064197,2180,,
450000,,,,,,0.0203125,0.007011657,0.00037853324029129,-0.06082659484236501,6.3023200035095215,0.0003,0.3708530068397522,0.2,21.53771843314171,2190,450.68199999999996,1066.4
450560,562.0599000000001,777,579,1381.06,220,,,,,,,,,,,,
452608,565.9655,780,580,1390.93,221,0.021533203125,0.0044528707,-0.0019708421372342856,-0.06412526402855293,5.599315166473389,0.0003,0.4721490144729614,0.2,26.781895515322685,2200,,
454656,558.5704000000001,783,580,1374.8,222,0.02646484375,0.0052330717,2.688032836886123e-05,-0.07568223120761104,12.693902969360352,0.0003,0.39327532052993774,0.2,23.20790165811777,2210,,
456704,558.6778,786,580,1373.39,223,0.031689453125,0.004939289,-0.0013223728979937731,-0.08755178797291592,22.254186630249023,0.0003,0.3982699513435364,0.2,39.80663571357727,2220,,
458752,557.9132000000001,789,581,1368.77,224,0.030810546875,0.0055315634,-0.00194855424342677,-0.08485812303842977,9.946881294250488,0.0003,0.4088643193244934,0.2,26.549084040522576,2230,,
460000,,,,,,0.048095703125,0.011121354,-0.005375500256195665,-0.08976773447357118,6.0860772132873535,0.0003,0.5552499294281006,0.2,16.22265769392252,2240,528.554,1227.0
460800,560.3899,795,578,1377.21,225,,,,,,,,,,,,
462848,562.2908,799,579,1381.05,226,0.027197265625,0.0039295666,0.0008261430979473516,-0.07294024577131494,13.380830764770508,0.0003,0.5657542943954468,0.2,26.34745324254036,2250,,
464896,557.1213,802,579,1367.14,227,0.02138671875,0.006712743,-0.0014009635808179155,-0.06536193176289089,7.2024946212768555,0.0003,0.48354220390319824,0.2,23.605231335759164,2260,,
466944,544.0772,805,580,1332.38,228,0.0169921875,0.002339834,-0.0004306947477743961,-0.0839229331468232,13.38044261932373,0.0003,0.3822040557861328,0.2,23.620305375754832,2270,,
468992,542.8136999999999,807,580,1324.7,229,0.022412109375,0.0045457575,-0.0022538808319950477,-0.08411794869462028,17.921567916870117,0.0003,0.40000200271606445,0.2,33.221463930606845,2280,,
470000,,,,,,0.025146484375,0.003928242,-0.00021702506055589765,-0.07887585066491738,9.201005935668945,0.0003,0.39281612634658813,0.2,29.44964792728424,2290,713.288,1669.4
471040,544.3974,816,577,1328.19,230,,,,,,,,,,,,
473088,545.226,819,577,1328.57,231,0.041015625,0.012819683,-0.0010783492485643364,-0.10264629740267991,6.114340782165527,0.0003,0.426954448223114,0.2,23.57298633158207,2300,,
475136,550.5809,822,577,1343.16,232,0.029345703125,0.0064621,-0.0018154709687223658,-0.08249247384956107,6.729703426361084,0.0003,0.5853420495986938,0.2,21.696526557207108,2310,,
477184,552.2864999999999,825,578,1344.53,233,0.03388671875,0.006963793,-0.001466950069880113,-0.0920080749783665,16.3776798248291,0.0003,0.42366987466812134,0.2,29.068997317552565,2320,,
479232,552.3609,828,578,1346.26,234,0.023095703125,0.0029778513,0.0006744096259353683,-0.08393674494582229,18.051876068115234,0.0003,0.5264990925788879,0.2,23.044866201281547,2330,,
480000,,,,,,0.02744140625,0.0038299155,-0.0008533738786354661,-0.07720525698969141,10.842255592346191,0.0003,0.44766658544540405,0.2,22.728856992721557,2340,568.066,1392.6
481280,553.6935000000001,835,576,1344.53,235,,,,,,,,,,,,
483328,555.5219000000001,838,576,1345.47,236,0.03837890625,0.005071004,0.011843701265752316,-0.06845136160263791,10.049429893493652,0.0003,0.43887990713119507,0.2,31.118640649318696,2350,,
485376,554.7679999999999,841,576,1336.04,237,0.030126953125,0.0029980564,-0.0007929908053483814,-0.0809256790787913,10.554974555969238,0.0003,0.4583536982536316,0.2,26.508597424626352,2360,,
487424,558.3938,844,577,1341.94,238,0.014013671875,0.0014090538,-0.001556369790341705,-0.062213629734469575,7.780671119689941,0.0003,0.3973122835159302,0.2,27.601504778862,2370,,
489472,566.0062,847,577,1357.14,239,0.023779296875,0.003965752,-0.001176696305628866,-0.0732188542955555,8.585938453674316,0.0003,0.3867149353027344,0.2,28.47955094575882,2380,,
490000,,,,,,0.023193359375,0.0032905596,-0.0025987233835621736,-0.08057258267654106,7.9793806076049805,0.0003,0.49658429622650146,0.2,26.45791573524475,2390,519.9440000000001,1248.4
491520,568.8075,854,575,1361.63,240,,,,,,,,,,,,
493568,569.2138,857,575,1361.9,241,0.0234375,0.005097929,-0.0017703717661788688,-0.06866870510275476,21.169815063476562,0.0003,0.43410348892211914,0.2,29.354599034786226,2400,,
495616,571.2289,860,576,1368.61,242,0.0283203125,0.006282427,-0.00169973784359172,-0.07794456055853516,9.252497673034668,0.0003,0.5419162511825562,0.2,23.96180680692196,2410,,
497664,571.3296,863,576,1370.13,243,0.030078125,0.002136575,0.0009339350785012357,-0.07257423960836604,6.209447383880615,0.0003,0.5335583686828613,0.2,15.978110732138157,2420,,
499712,571.9918,866,576,1372.26,244,0.023388671875,0.001950698,0.0008189835323719307,-0.08440040512941778,7.715597629547119,0.0003,0.5487197637557983,0.2,17.809985399246216,2430,,
500000,,,,,,0.025439453125,0.003958105,-0.001690521411364898,-0.06845283426810056,7.924612045288086,0.0003,0.4675772786140442,0.2,22.26089075803757,2440,512.578,1223.8
501760,575.4921,873,574,1379.32,245,,,,,,,,,,,,
503808,573.7050999999999,875,575,1372.88,246,0.0234375,0.0019861879,-0.0008207007587770932,-0.060683863499434665,11.202558517456055,0.0003,0.49340128898620605,0.2,20.453570389747618,2450,,
505856,575.7783,878,575,1377.73,247,0.0171875,0.0019384505,-0.001224882242968306,-0.06513641356723383,19.480594635009766,0.0003,0.5512993335723877,0.2,26.75100040435791,2460,,
507904,576.381,881,575,1379.26,248,0.02978515625,0.0056468574,-0.0011160745227243752,-0.07338448814698495,14.507360458374023,0.0003,0.5451160669326782,0.2,23.674131293594836,2470,,
509952,577.0684999999999,885,576,1382.32,249,0.02275390625,0.0028481404,-0.0015835938364034518,-0.07096319549018518,9.075613975524902,0.0003,0.4842227101325989,0.2,24.399595806002615,2480,,
510000,,,,,,0.026904296875,0.004434104,-0.001111549962661229,-0.08628806894412264,7.186517715454102,0.0003,0.5102176666259766,0.2,22.362083715200423,2490,604.686,1433.4
512000,576.491,892,573,1379.31,250,,,,,,,,,,,,
514048,567.7446,895,574,1352.23,251,0.0244140625,0.002386682,2.5604895199649036e-05,-0.07812919139396399,8.823095321655273,0.0003,0.48952269554138184,0.2,26.43821352124214,2500,,
516096,569.8472,898,574,1357.5,252,0.02109375,0.004164232,-0.0007977931134519167,-0.08671449820976704,9.73398494720459,0.0003,0.4023691415786743,0.2,31.592896103858948,2510,,
518144,573.6424000000001,901,574,1367.96,253,0.02744140625,0.0032599468,-0.0013979122799355538,-0.08842717810766772,14.383079528808594,0.0003,0.41881686449050903,0.2,21.81151329278946,2520,,
520000,,,,,,0.043603515625,0.009725263,-0.0033934802704607137,-0.10132367671467364,16.301010131835938,0.0003,0.3958693742752075,0.2,26.324772530794142,2530,699.414,1775.0
520192,578.0922,909,571,1376.58,254,,,,,,,,,,,,
522240,577.3607,912,572,1378.52,255,0.041943359375,0.009671352,-0.0006059718987671658,-0.08636006870074198,13.089774131774902,0.0003,0.46145200729370117,0.2,27.613368809223175,2540,,
524288,577.8514,915,572,1380.84,256,0.026318359375,0.0036435155,-0.0007267819732078351,-0.10143082288559527,8.543424606323242,0.0003,0.5967090129852295,0.2,18.66855446398258,2550,,
526336,581.8456,918,572,1388.98,257,0.025927734375,0.005394295,-0.00023193626839201897,-0.09058511997573078,10.807974815368652,0.0003,0.4717220067977905,0.2,20.613126748800276,2560,,
528384,582.8427999999999,921,573,1394.44,258,0.023974609375,0.003954806,-0.00021662829094566406,-0.07155096516944467,9.91433048248291,0.0003,0.5554585456848145,0.2,18.28401020169258,2570,,
530000,,,,,,0.037744140625,0.008798321,-0.0038715512899216266,-0.09438921479741111,5.437031269073486,0.0003,0.4753638505935669,0.2,25.773569685220718,2580,530.6000000000001,1143.8
530432,583.2583,928,571,1394.79,259,,,,,,,,,,,,
532480,587.9128999999998,931,571,1409.96,260,0.02412109375,0.0036966165,-0.0005423738781246357,-0.0702206442685565,16.412797927856445,0.0003,0.47070640325546265,0.2,21.748381051421166,2590,,
534528,587.1323,934,571,1407.3,261,0.024609375,0.0036541095,-0.0006176947572384961,-0.07004482478660065,8.60301399230957,0.0003,0.4360284209251404,0.2,19.02878484427929,2600,,
536576,592.5297,937,572,1420.94,262,0.023779296875,0.005797851,-0.00079135300766211,-0.07467970409197733,11.868821144104004,0.0003,0.459183931350708,0.2,24.005391016602516,2610,,
538624,587.8284,940,572,1408.94,263,0.01962890625,0.0021140187,-0.00013699569972231985,-0.07970630831550807,13.955656051635742,0.0003,0.374728798866272,0.2,30.435381019115447,2620,,
540000,,,,,,0.032421875,0.005329501,-0.0025942506646970285,-0.06884211511933244,10.414531707763672,0.0003,0.5770440697669983,0.2,30.969238510727884,2630,600.6500000000001,1456.6
540672,588.9217,947,570,1409.34,264,,,,,,,,,,,,
542720,588.4477999999999,950,570,1407.18,265,0.028759765625,0.0051996876,-0.0017758694855729118,-0.0687034994829446,7.773044109344482,0.0003,0.5230740308761597,0.2,26.729027339816092,2640,,
544768,595.2406,953,571,1423.1,266,0.03310546875,0.0034671044,-0.0008023585513001307,-0.06673778725089505,7.452828884124756,0.0003,0.4519798159599304,0.2,23.047078555822374,2650,,
546816,593.5418,956,571,1419.73,267,0.01845703125,0.001511575,-0.0009965618461137637,-0.0673278613947332,20.013973236083984,0.0003,0.45339685678482056,0.2,33.70884476006031,2660,,
548864,594.1419000000001,959,571,1421.4,268,0.021337890625,0.0037586447,-0.0005080205024569296,-0.06637081709341146,8.327203750610352,0.0003,0.44607609510421753,0.2,27.440118762850762,2670,,
550000,,,,,,0.033740234375,0.0075528403,-0.00044195492228027433,-0.06701922189095058,7.607405185699463,0.0003,0.2647695541381836,0.2,18.731589975953103,2680,442.238,1035.6
550912,592.0419999999999,965,570,1417.48,269,,,,,,,,,,,,
552960,594.7148000000001,968,570,1426.47,270,0.032421875,0.017554738,-0.003695565345697105,-0.0826965651824139,6.453028202056885,0.0003,0.504098117351532,0.2,18.406611305475234,2690,,
555008,595.8863999999999,971,571,1430.23,271,0.038916015625,0.0063062804,0.0004247244112775661,-0.098736805038061,6.1601243019104,0.0003,0.38588380813598633,0.2,22.548311378061772,2700,,
557056,594.6560999999999,974,571,1427.56,272,0.037939453125,0.0063063777,0.0011067760337027722,-0.10222457856871188,9.899300575256348,0.0003,0.4127901792526245,0.2,24.249984151124956,2710,,
559104,586.871,977,571,1406.75,273,0.027734375,0.0018452257,0.001423570030601695,-0.06583871394977905,9.706350326538086,0.0003,0.4218519926071167,0.2,23.167025715112686,2720,,
560000,,,,,,0.016455078125,0.0028409036,-0.0010851508108316922,-0.057230548263760284,6.089074611663818,0.0003,0.5995703935623169,0.2,26.08140572011471,2730,560.6800000000001,1343.6
561152,583.7670999999999,984,569,1398.01,274,,,,,,,,,,,,
563200,581.7667,987,570,1391.49,275,0.0220703125,0.0024201283,0.0007928340943180956,-0.06658332552178763,6.820399284362793,0.0003,0.5286339521408081,0.2,29.026540923118592,2740,,
565248,581.6313,990,570,1389.98,276,0.026220703125,0.004184177,-0.0014961498643970117,-0.07711093411198817,8.621071815490723,0.0003,0.627686619758606,0.2,25.59820153713226,2750,,
567296,582.3390999999999,993,570,1392.47,277,0.027294921875,0.0048880097,-0.002030657895375043,-0.08052690698532387,17.41014289855957,0.0003,0.35086238384246826,0.2,38.55289774537086,2760,,
569344,580.9661,996,571,1386.55,278,0.026953125,0.003004197,0.0005698994398699142,-0.06865014102077112,11.399147033691406,0.0003,0.6577416658401489,0.2,26.80285981297493,2770,,
570000,,,,,,0.02744140625,0.008756844,-0.002224021777510643,-0.05379994500544853,6.057271957397461,0.0003,0.5465506315231323,0.2,22.99913420677185,2780,622.6020000000001,1516.4
571392,584.4,1004,568,1391.24,279,,,,,,,,,,,,
573440,584.7959999999999,1007,569,1395.4,280,0.01962890625,0.007183709,9.106466022785753e-05,-0.0642658039694652,7.944540977478027,0.0003,0.4751417636871338,0.2,26.092945531010628,2790,,
575488,581.2937999999999,1010,569,1385.79,281,0.029296875,0.0037893765,0.0006654701137449592,-0.07975844929751474,7.224708080291748,0.0003,0.4237160086631775,0.2,17.080754281580447,2800,,
577536,578.9621999999999,1013,569,1383.56,282,0.03759765625,0.012519979,-0.0033649347897153348,-0.0878632241860032,7.5187554359436035,0.0003,0.5151993036270142,0.2,20.12261694073677,2810,,
579584,577.3492,1016,570,1380.54,283,0.030908203125,0.00523062,-0.0010393960285000503,-0.09922252666437999,19.9136905670166,0.0003,0.5696446895599365,0.2,31.031612572073936,2820,,
580000,,,,,,0.023876953125,0.0026344422,-0.0006588843534700572,-0.09523423028877005,7.6837568283081055,0.0003,0.5127221941947937,0.2,30.779740944504738,2830,407.14,883.8
581632,567.4962,1022,568,1353.57,284,,,,,,,,,,,,
583680,569.7972000000001,1025,569,1357.86,285,0.03408203125,0.0036403313,-0.002162682227208279,-0.09016198839526623,14.374369621276855,0.0003,0.4396204352378845,0.2,38.65230191648006,2840,,
585728,563.1655000000001,1028,569,1340.99,286,0.029150390625,0.006627731,0.00040548762190155684,-0.09438270572572946,9.791852951049805,0.0003,0.6435604095458984,0.2,21.588270190358163,2850,,
587776,565.9705000000001,1031,569,1347.13,287,0.02763671875,0.003928044,-0.0008640329935587943,-0.09931541673140601,19.61064910888672,0.0003,0.5110827684402466,0.2,35.53082984685898,2860,,
589824,570.9606,1034,570,1360.52,288,0.03525390625,0.0042487415,-0.002439103763026651,-0.07993119690800085,18.853525161743164,0.0003,0.6239269971847534,0.2,27.072794049978256,2870,,
590000,,,,,,0.042041015625,0.010304369,0.0015620789345121011,-0.09403887883527204,15.860098838806152,0.0003,0.46669673919677734,0.2,22.609902960062026,2880,258.436,559.4
591872,576.7852,1039,569,1373.48,289,,,,,,,,,,,,
593920,575.0557000000001,1042,569,1370.0,290,0.02568359375,0.005509833,-0.0014475790711003355,-0.08759663169039414,7.109138011932373,0.0003,0.5341930985450745,0.2,21.6102424710989,2890,,
595968,577.4769,1045,570,1373.48,291,0.0298828125,0.010528304,-0.0009019578050356358,-0.09448980679735541,10.485427856445312,0.0003,0.5871164202690125,0.2,26.43139563202858,2900,,
598016,577.5884000000001,1048,570,1373.92,292,0.0244140625,0.003573762,-0.0009560477963532321,-0.07990643525263294,14.94128704071045,0.0003,0.3916863203048706,0.2,24.64058049917221,2910,,
600000,,,,,,0.043896484375,0.0051816115,0.00011529908224474638,-0.09852214851416648,10.05534839630127,0.0003,0.4856436252593994,0.2,21.445279836654663,2920,501.25,1923.4
600064,575.4069999999999,1056,567,1368.32,293,,,,,,,,,,,,
602112,581.8023999999999,1059,568,1379.54,294,0.03994140625,0.0072499085,-0.001385653528268449,-0.09113011087756603,6.114923477172852,0.0003,0.46728450059890747,0.2,20.384990876913072,2930,,
604160,583.4042,1062,568,1380.64,295,0.034912109375,0.004717306,0.00042189264204353096,-0.10992869165493176,10.63357925415039,0.0003,0.554275631904602,0.2,35.91760829091072,2940,,
606208,588.7564,1065,568,1396.8,296,0.022216796875,0.001772596,-3.0772280297242105e-06,-0.094647313375026,15.1869478225708,0.0003,0.3750949501991272,0.2,34.06727860569954,2950,,
608256,595.8681,1068,569,1412.0,297,0.038427734375,0.0075893747,0.0011419536313042045,-0.08651865723077208,27.197175979614258,0.0003,0.42785197496414185,0.2,27.59306829869747,2960,,
610000,,,,,,0.03701171875,0.004755717,-0.0006495115987490863,-0.1110011585173197,12.07191276550293,0.0003,0.3125234842300415,0.2,30.724188151955605,2970,408.87199999999996,1505.8
610304,596.4376,1076,566,1415.05,298,,,,,,,,,,,,
612352,594.07,1079,567,1407.97,299,0.02998046875,0.0035515055,-0.0001271530141821131,-0.11542160018580035,15.172752380371094,0.0003,0.6319565176963806,0.2,27.03035153746605,2980,,
614400,587.1888,1082,567,1389.8,300,0.03642578125,0.004580809,-0.0016810514411190526,-0.12006436546798796,11.921303749084473,0.0003,0.43461334705352783,0.2,24.444236302375792,2990,,
616448,586.6768,1085,567,1391.19,301,0.036083984375,0.0040863063,3.134382423013449e-05,-0.12472311201272532,11.32150936126709,0.0003,0.4804866909980774,0.2,29.575271433591844,3000,,
618496,584.6972,1088,568,1386.71,302,0.042529296875,0.0058184457,-0.00163318261038512,-0.11520233048358933,5.802455425262451,0.0003,0.5538343191146851,0.2,20.41964529454708,3010,,
620000,,,,,,0.031884765625,0.0032129604,-0.0006548287899931892,-0.12857885255943985,19.041139602661133,0.0003,0.4977724552154541,0.2,25.383401188254357,3020,421.48199999999997,1465.6
620544,587.0880000000001,1095,566,1397.87,303,,,,,,,,,,,,
622592,578.5755,1098,566,1378.65,304,0.052392578125,0.007036532,-0.0006772055072360672,-0.1530558919534087,9.725318908691406,0.0003,0.3340708017349243,0.2,22.250590717792512,3030,,
624640,583.5849999999999,1101,566,1390.62,305,0.028515625,0.0038291286,-0.0022961485097766853,-0.1193517112871632,7.124901294708252,0.0003,0.3604646325111389,0.2,25.71618765592575,3040,,
626688,586.7959,1104,567,1396.15,306,0.035498046875,0.0019558372,-0.0009231629839632661,-0.13259221338666977,8.50351619720459,0.0003,0.4856299161911011,0.2,20.616064240038394,3050,,
628736,585.7948,1107,567,1397.06,307,0.025927734375,0.0043632393,-0.0010754667207947932,-0.1337868824368343,13.591998100280762,0.0003,0.5281261205673218,0.2,27.383819606900214,3060,,
630000,,,,,,0.027294921875,0.0028885542,-0.0010703500651288778,-0.11173342569964007,12.902446746826172,0.0003,0.46728378534317017,0.2,21.95790673494339,3070,426.096,2011.2
630784,585.88,1116,564,1398.67,308,,,,,,,,,,,,
632832,583.7816,1119,565,1390.46,309,0.034326171875,0.0059674503,-0.0013743722985964269,-0.11514158581849188,17.03534507751465,0.0003,0.4734678268432617,0.2,31.060891115665434,3080,,
634880,583.9945,1122,565,1388.45,310,0.0296875,0.003908255,-0.0006330789721687325,-0.0960712497239001,13.207402229309082,0.0003,0.436102032661438,0.2,30.091458183526992,3090,,
636928,583.9902000000001,1125,565,1388.5,311,0.03779296875,0.008315178,-0.00026006775733549147,-0.10233799959532916,8.693812370300293,0.0003,0.4987397789955139,0.2,24.24562540054321,3100,,
638976,581.5125,1128,566,1379.12,312,0.04609375,0.004594368,0.000973568222252652,-0.11850887844339013,11.814576148986816,0.0003,0.5156773328781128,0.2,21.759958067536353,3110,,
640000,,,,,,0.021875,0.004425835,-0.0007615890848683193,-0.10516450583236292,6.5469584465026855,0.0003,0.5660408139228821,0.2,26.80765886604786,3120,606.5340000000001,1469.6
641024,579.2114,1135,564,1372.9,313,,,,,,,,,,,,
643072,581.8148,1138,564,1383.54,314,0.026416015625,0.0068842103,0.0017245670082047583,-0.099067213665694,8.688748359680176,0.0003,0.4446612000465393,0.2,22.8830727905035,3130,,
645120,582.5043999999999,1141,564,1384.41,315,0.02373046875,0.0026565017,-0.0017767490629921668,-0.11333457047585398,10.98056411743164,0.0003,0.5851172208786011,0.2,24.941290798783303,3140,,
647168,573.6114,1144,565,1359.98,316,0.031591796875,0.0034675887,-0.0016053116734838114,-0.11139800506643951,19.349010467529297,0.0003,0.34228986501693726,0.2,25.665400844812392,3150,,
649216,570.6104,1148,565,1353.22,317,0.031298828125,0.0025764778,-0.0012485697836382315,-0.14205006058327854,19.195222854614258,0.0003,0.4589032530784607,0.2,36.333022797107695,3160,,
650000,,,,,,0.03056640625,0.0060920827,-0.0006491641281172634,-0.13975903752725571,10.111725807189941,0.0003,0.36686813831329346,0.2,19.052858808636664,3170,654.606,1499.2
651264,577.6538,1155,563,1375.67,318,,,,,,,,,,,,
653312,576.8242,1158,563,1378.23,319,0.052001953125,0.008426594,0.00028920429176650944,-0.17863128471653908,15.873971939086914,0.0003,0.498210072517395,0.2,26.52308286130428,3180,,
655360,564.508,1161,564,1348.78,320,0.033349609375,0.0031638145,-0.0010772127076052128,-0.17377086950000376,27.604318618774414,0.0003,0.29067814350128174,0.2,25.157105588912962,3190,,
657408,558.8877,1164,564,1328.06,321,0.02080078125,0.003662719,-0.001847669910057448,-0.15803619823418558,26.578752517700195,0.0003,0.334844708442688,0.2,40.13607746958733,3200,,
659456,554.5613,1167,564,1319.07,322,0.0337890625,0.0070333164,-0.0019809541758149863,-0.14832678593229504,14.865097999572754,0.0003,0.4114919900894165,0.2,30.9451183706522,3210,,
660000,,,,,,0.0248046875,0.0027277702,-0.000346137213637121,-0.14264346763957292,11.113570213317871,0.0003,0.20185106992721558,0.2,28.009694743156434,3220,428.072,947.2
661504,559.0489,1173,563,1329.92,323,,,,,,,,,,,,
663552,556.4528,1176,564,1323.25,324,0.055810546875,0.0107418,-0.0037823580991243944,-0.1473384785000235,12.187111854553223,0.0003,0.4276033043861389,0.2,21.536954337358473,3230,,
665600,554.4634000000001,1179,564,1319.31,325,0.047412109375,0.0044957786,-0.0016540424840059131,-0.1780194099061191,13.432835578918457,0.0003,0.27619487047195435,0.2,28.62627287209034,3240,,
667648,556.2215,1182,564,1326.78,326,0.058154296875,0.0075349333,-0.003751958120847121,-0.15181771146599204,10.926876068115234,0.0003,0.3440868854522705,0.2,28.940951585769653,3250,,
669696,557.1333,1185,564,1327.45,327,0.0513671875,0.0054060575,-0.0008544443058781326,-0.17728046756237745,11.152139663696289,0.0003,0.43476206064224243,0.2,27.97184889912605,3260,,
670000,,,,,,0.026513671875,0.004525786,-0.0015641874197172,-0.14758040013257415,9.327837944030762,0.0003,0.4714701175689697,0.2,26.23553984761238,3270,583.894,2020.8
671744,555.0466999999999,1194,562,1322.22,328,,,,,,,,,,,,
673792,551.766,1197,562,1317.74,329,0.026025390625,0.0028049708,-0.0007640480704139918,-0.1434509112033993,9.851165771484375,0.0003,0.4164506196975708,0.2,19.637128388881685,3280,,
675840,552.2538,1200,563,1321.49,330,0.032568359375,0.0032397653,-0.0006073168697184883,-0.13862860354129225,24.693866729736328,0.0003,0.4580966830253601,0.2,22.09178651869297,3290,,
677888,553.3483,1203,563,1326.57,331,0.056591796875,0.005561863,-0.002812755110790022,-0.18130705633666366,7.023332595825195,0.0003,0.46925294399261475,0.2,21.862029805779457,3300,,
679936,552.9576000000001,1206,563,1323.54,332,0.0525390625,0.0046242033,-0.0013301810773555189,-0.1992513239849359,19.40250015258789,0.0003,0.5232257843017578,0.2,26.57484862804413,3310,,
680000,,,,,,0.03525390625,0.0031454994,-0.0011021082726074382,-0.16607211893424392,8.780169486999512,0.0003,0.3780086040496826,0.2,22.44053449630737,3320,349.71999999999997,853.0
681984,556.1037,1211,562,1337.79,333,,,,,,,,,,,,
684032,556.1751,1214,563,1337.66,334,0.03369140625,0.0030221464,-0.0006712184520438313,-0.19024289231747388,16.53045654296875,0.0003,0.44012773036956787,0.2,28.219134670495986,3330,,
686080,549.5100000000001,1217,563,1318.4,335,0.042578125,0.0034759003,-0.003585124236997217,-0.13939430718310178,8.699200630187988,0.0003,0.42430412769317627,0.2,25.303293815255167,3340,,
688128,544.9867,1220,563,1310.54,336,0.03134765625,0.002851624,-0.0031849264385527933,-0.12778661333722993,8.823603630065918,0.0003,0.43548882007598877,0.2,23.662550228834153,3350,,
690000,,,,,,0.025146484375,0.0033078943,-0.0011833319265861064,-0.12159658793825656,18.49167823791504,0.0003,0.46683186292648315,0.2,34.363553100824355,3360,398.218,1527.4
690176,545.8566999999999,1227,562,1315.27,337,,,,,,,,,,,,
692224,549.2903,1230,562,1330.46,338,0.03486328125,0.006156905,-0.0029909108066931366,-0.14838655176572502,8.57052230834961,0.0003,0.5202217102050781,0.2,27.783303073048593,3370,,
694272,547.2981000000001,1233,562,1327.6,339,0.058935546875,0.009359885,-0.0016991953394608571,-0.18675201754085718,9.992928504943848,0.0003,0.5115966200828552,0.2,22.698078709840775,3380,,
696320,549.8737000000001,1236,563,1334.66,340,0.057470703125,0.011966081,-0.0033567036531167104,-0.1338454887503758,8.063878059387207,0.0003,0.42954713106155396,0.2,27.791085794568062,3390,,
698368,552.5484,1239,563,1343.52,341,0.048681640625,0.004767525,0.0006532844301545993,-0.169102464732714,28.429765701293945,0.0003,0.34123069047927856,0.2,24.50312088727951,3400,,
700000,,,,,,0.034033203125,0.0034197709,-0.001540069535258226,-0.13891965232323855,21.961620330810547,0.0003,0.38963115215301514,0.2,26.920331704616547,3410,418.0,2084.0
700416,553.1551000000001,1248,560,1345.57,342,,,,,,,,,,,,
702464,552.0417000000001,1251,561,1340.16,343,0.028466796875,0.0020014488,-0.0014827747858362273,-0.12261446455959231,14.95191478729248,0.0003,0.39771056175231934,0.2,31.98226931095123,3420,,
704512,551.9330000000001,1254,561,1341.76,344,0.05625,0.010905849,-0.004837839977699332,-0.1413657893659547,16.286027908325195,0.0003,0.47177690267562866,0.2,28.582164201140404,3430,,
706560,547.3159,1257,561,1329.91,345,0.030419921875,0.0044600386,0.0005721175199141726,-0.15740673951804637,6.947543621063232,0.0003,0.428460955619812,0.2,19.533642423152923,3440,,
708608,541.907,1260,561,1319.08,346,0.02734375,0.0038007116,-0.001099318808701355,-0.1483456112910062,13.900185585021973,0.0003,0.32852596044540405,0.2,34.48973498940468,3450,,
710000,,,,,,0.036669921875,0.006601432,-0.0035712646262254567,-0.14498359905555844,12.30134391784668,0.0003,0.39401429891586304,0.2,31.6166563808918,3460,755.8140000000001,1858.2
710656,541.8931,1268,560,1319.41,347,,,,,,,,,,,,
712704,541.7063000000002,1271,560,1320.63,348,0.037451171875,0.003424571,-0.0013530780779547058,-0.1725337911164388,13.604134559631348,0.0003,0.4634186029434204,0.2,32.861837512254716,3470,,
714752,546.2941000000001,1274,560,1332.19,349,0.0373046875,0.0066493093,-0.0019315077108331025,-0.13838796694763006,6.313787460327148,0.0003,0.519136905670166,0.2,24.69347147345543,3480,,
716800,545.3788,1277,561,1334.25,350,0.032373046875,0.0033499068,-0.0009452166501432657,-0.161694383691065,8.242522239685059,0.0003,0.5041918754577637,0.2,18.974639278650283,3490,,
718848,545.4854,1280,561,1336.76,351,0.024951171875,0.0026304792,0.0009963292352040299,-0.1469650994753465,11.412506103515625,0.0003,0.4708743691444397,0.2,26.820239114761353,3500,,
720000,,,,,,0.037451171875,0.0030525038,-0.00029701763414777813,-0.15476624835282565,19.837833404541016,0.0003,0.3433612585067749,0.2,24.57766139805317,3510,647.8639999999999,1686.8
720896,553.0708999999999,1288,559,1356.71,352,,,,,,,,,,,,
722944,555.8408,1291,559,1367.06,353,0.0326171875,0.004102462,-0.0017843671099399216,-0.14392900269012898,8.0958833694458,0.0003,0.46994882822036743,0.2,26.84605043232441,3520,,
724992,546.8409,1293,560,1342.09,354,0.036083984375,0.0036155416,-0.000579697175999172,-0.1335248063551262,5.291287899017334,0.0003,0.5386002063751221,0.2,18.82644494175911,3530,,
727040,544.5617000000001,1296,560,1334.5,355,0.0267578125,0.002195579,-0.000849689616006799,-0.1257133077364415,16.43671989440918,0.0003,0.43388068675994873,0.2,36.13252633213997,3540,,
729088,546.5371,1299,561,1343.0,356,0.031103515625,0.0039280807,-0.0014204827224602924,-0.12463755595963448,7.3566575050354,0.0003,0.5602329969406128,0.2,20.460888159275054,3550,,
730000,,,,,,0.054638671875,0.009373094,-0.002900654987024609,-0.1603455673204735,11.039962768554688,0.0003,0.5589048862457275,0.2,22.45296464562416,3560,541.684,1264.6
731136,545.3385,1305,559,1340.14,357,,,,,,,,,,,,
733184,541.0907,1308,560,1325.05,358,0.04091796875,0.0064994697,0.0010228773491689936,-0.1560122588882223,7.391512393951416,0.0003,0.5959348678588867,0.2,16.921771517395975,3570,,
735232,540.6914,1311,560,1325.92,359,0.033056640625,0.004796133,0.00049410242063459,-0.1602175638079643,18.320310592651367,0.0003,0.5724090337753296,0.2,30.0861732929945,3580,,
737280,540.3435,1314,561,1331.54,360,0.031787109375,0.0028885114,-0.0009258879465050996,-0.14123026286251844,12.01498794555664,0.0003,0.5447531938552856,0.2,21.089971363544464,3590,,
739328,540.6682,1316,561,1331.6,361,0.04423828125,0.004735261,-0.0014722693274961784,-0.14063784542959185,6.859604835510254,0.0003,0.4099823236465454,0.2,20.799934741854667,3600,,
740000,,,,,,0.0330078125,0.0074627977,-0.0016549492749618367,-0.1338460788712837,10.056476593017578,0.0003,0.4757957458496094,0.2,23.420118591189386,3610,391.122,1277.6
741376,539.1164,1323,560,1332.87,362,,,,,,,,,,,,
743424,539.1211999999999,1325,560,1333.83,363,0.033740234375,0.005829284,-0.0015564829736831598,-0.14375314053613691,18.30628204345703,0.0003,0.44986456632614136,0.2,26.137896785140036,3620,,
745472,538.0171999999999,1328,561,1331.84,364,0.03740234375,0.008525278,0.0013132928048435132,-0.12891326795797795,4.840143203735352,0.0003,0.5083656907081604,0.2,17.334779009222984,3630,,
747520,538.7348,1331,561,1334.27,365,0.029150390625,0.0037544267,-0.00029766896477667615,-0.12244700967567042,6.946517467498779,0.0003,0.5798358917236328,0.2,15.791401380300522,3640,,
749568,545.8282999999999,1334,561,1353.25,366,0.035791015625,0.0055006016,0.0012010723192361183,-0.14534385518636556,9.47507095336914,0.0003,0.48161089420318604,0.2,19.80681688785553,3650,,
750000,,,,,,0.017626953125,0.0019267739,-2.2462959168478847e-05,-0.13848275498021395,4.548089981079102,0.0003,0.5086605548858643,0.2,22.580344530940057,3660,510.052,2830.2
751616,543.5089999999999,1344,558,1346.57,367,,,,,,,,,,,,
753664,534.8262,1347,559,1321.54,368,0.0361328125,0.0034509797,-0.0008605812297901138,-0.13967029307968915,7.282994747161865,0.0003,0.5113680362701416,0.2,26.781234830617905,3670,,
755712,540.5969,1350,559,1336.07,369,0.026171875,0.0033276933,-0.0003908051090547815,-0.14723444147966802,6.520671844482422,0.0003,0.4351695775985718,0.2,27.731415602564812,3680,,
757760,536.4891,1352,560,1326.56,370,0.02763671875,0.003960397,-0.001996017643250525,-0.1410838372539729,18.24689483642578,0.0003,0.4281007647514343,0.2,27.28574965596199,3690,,
759808,535.7541,1355,560,1328.63,371,0.038916015625,0.004671109,-0.003576936465105973,-0.14050918594002723,8.473654747009277,0.0003,0.3301190137863159,0.2,20.423854213953017,3700,,
760000,,,,,,0.03310546875,0.005772345,-0.0012922938243718819,-0.13634625680278986,17.55171012878418,0.0003,0.47593289613723755,0.2,23.58647087812424,3710,712.3059999999999,1713.4
761856,536.4419,1363,558,1331.44,372,,,,,,,,,,,,
763904,535.669,1366,559,1327.35,373,0.043896484375,0.004227941,-0.0005417914973804728,-0.1436495991423726,12.258495330810547,0.0003,0.5589408874511719,0.2,22.087438127398492,3720,,
765952,538.1469999999999,1368,559,1335.96,374,0.029931640625,0.0056119906,-0.0022959174966672435,-0.11907711713574827,14.505888938903809,0.0003,0.4547569155693054,0.2,29.728655135631563,3730,,
768000,539.9041000000001,1371,559,1342.73,375,0.04921875,0.0076562525,-0.0025294968130765484,-0.1447903487365693,7.353024482727051,0.0003,0.5054699778556824,0.2,23.268359556794167,3740,,
770000,,,,,,0.039208984375,0.0049404074,-0.0005267252447083593,-0.13050060102250427,9.189641952514648,0.0003,0.5575888156890869,0.2,18.869956818223,3750,542.0260000000001,1242.0
770048,532.7016,1377,558,1327.32,376,,,,,,,,,,,,
772096,534.6655000000001,1381,559,1335.95,377,0.02861328125,0.0025500227,-0.0017923809777130374,-0.11803519354434684,7.954574108123779,0.0003,0.5494744777679443,0.2,26.813107115030288,3760,,
774144,534.6655000000001,1384,559,1335.95,378,0.041552734375,0.0047020335,0.0006241938564926386,-0.1423154223477468,17.791589736938477,0.0003,0.33191919326782227,0.2,26.054465433955194,3770,,
776192,537.6216000000001,1387,559,1348.7,379,0.0267578125,0.0029812371,0.0007131190985091961,-0.14169037020765246,7.903713226318359,0.0003,0.45529788732528687,0.2,14.053380195796489,3780,,
778240,541.3894,1390,559,1356.7,380,0.030419921875,0.003629216,-0.0006978852092288434,-0.16626469204202293,11.903040885925293,0.0003,0.41558319330215454,0.2,24.540189743041992,3790,,
780000,,,,,,0.036181640625,0.004599224,-0.0019609053124440834,-0.15057206195779144,12.326811790466309,0.0003,0.5093228816986084,0.2,28.16892881989479,3800,708.0939999999999,1680.6
780288,534.5035,1398,558,1339.3,381,,,,,,,,,,,,
782336,536.9833,1401,558,1349.37,382,0.020263671875,0.002596201,0.00037926769073237665,-0.1574268852127716,20.16614532470703,0.0003,0.3835604786872864,0.2,31.261218670010567,3810,,
784384,536.7180999999999,1404,558,1345.9,383,0.038623046875,0.006180295,-0.0018378409033175558,-0.15665794138330966,7.753988742828369,0.0003,0.5308054685592651,0.2,23.440457665920256,3820,,
786432,537.1084,1407,558,1349.49,384,0.033935546875,0.00556908,-0.0015342084021540358,-0.15453107398934662,11.9926176071167,0.0003,0.425529420375824,0.2,27.010463759303093,3830,,
788480,537.1084,1410,559,1349.49,385,0.040576171875,0.009093093,-0.0007362650503637269,-0.17532159669790418,9.097681999206543,0.0003,0.5443662405014038,0.2,19.994440060853957,3840,,
790000,,,,,,0.052001953125,0.0052073263,0.0021714694521506317,-0.19735315553843974,11.248529434204102,0.0003,0.388435959815979,0.2,14.769188623130322,3850,591.0360000000001,1969.2
790528,540.2138999999999,1418,557,1357.87,386,,,,,,,,,,,,
792576,549.2104999999999,1422,557,1383.15,387,0.050830078125,0.0049650404,-0.0018009866776992566,-0.17128579739946873,7.35922384262085,0.0003,0.5339507460594177,0.2,20.25550245642662,3860,,
794624,549.2104999999999,1425,557,1383.15,388,0.042431640625,0.00817934,-0.001468621680396609,-0.14725838529411703,8.175774574279785,0.0003,0.5066276788711548,0.2,26.09863492846489,3870,,
796672,553.7563999999999,1428,557,1399.32,389,0.051123046875,0.005998547,-0.0003657212713733315,-0.16180482415948064,11.63362979888916,0.0003,0.42838525772094727,0.2,18.138726672530176,3880,,
798720,559.3240999999999,1431,558,1415.37,390,0.026806640625,0.0027981536,-0.0011128283920697867,-0.1583096753573045,6.934427738189697,0.0003,0.4713868498802185,0.2,19.49106993973255,3890,,
800000,,,,,,0.044775390625,0.004958951,-0.003168978795292787,-0.16524934682529419,9.368002891540527,0.0003,0.46878015995025635,0.2,27.387055152654646,3900,518.092,1599.4
800768,562.9706,1438,556,1427.19,391,,,,,,,,,,,,
802816,563.1804999999999,1441,556,1429.24,392,0.03388671875,0.006707459,0.0004638556187273934,-0.17628373131155967,9.514400482177734,0.0003,0.6050270795822144,0.2,18.242248004674913,3910,,
804864,565.1530000000001,1444,557,1436.93,393,0.03466796875,0.0039689373,-0.0009372614047606475,-0.2072245349176228,6.1834492683410645,0.0003,0.4844108819961548,0.2,25.42964812219143,3920,,
806912,567.7358,1448,557,1443.59,394,0.033984375,0.0057276236,-0.0006519614835269749,-0.21010122208390386,8.507426261901855,0.0003,0.4826285243034363,0.2,22.22156905531883,3930,,
808960,565.4583,1451,557,1436.73,395,0.035888671875,0.005385646,-0.0005637846697936766,-0.19350954482797533,9.256933212280273,0.0003,0.3911389708518982,0.2,25.627760303020477,3940,,
810000,,,,,,0.0533203125,0.0047107656,-0.0016797545162262396,-0.20076645785011352,17.40274429321289,0.0003,0.3280978798866272,0.2,23.853415498137473,3950,466.18,3163.0
811008,563.9702,1463,554,1428.85,396,,,,,,,,,,,,
813056,568.0572,1466,554,1440.0,397,0.0330078125,0.0033018105,-0.002208075620001182,-0.1701092293485999,20.64960479736328,0.0003,0.3581024408340454,0.2,29.506685888767244,3960,,
815104,567.9336,1469,554,1441.31,398,0.034912109375,0.0041751293,-0.0009133968196692877,-0.20936855948530136,11.394977569580078,0.0003,0.37383246421813965,0.2,30.499642968177795,3970,,
817152,570.6133,1472,554,1447.83,399,0.041357421875,0.0056605265,-0.001838293342734687,-0.20082702455110849,10.714537620544434,0.0003,0.40895289182662964,0.2,30.081297355890275,3980,,
819200,571.8126,1475,555,1448.8,400,0.040869140625,0.004716688,-0.0011027936387108638,-0.18924626600928604,7.238042831420898,0.0003,0.574519693851471,0.2,24.606932961940764,3990,,
820000,,,,,,0.031689453125,0.0039304667,-0.002910983249603305,-0.14699714055750518,9.201080322265625,0.0003,0.5063583850860596,0.2,23.968193835020067,4000,451.41600000000005,1128.0
821248,559.8244,1481,554,1417.62,401,,,,,,,,,,,,
823296,559.2288000000001,1485,554,1412.88,402,0.026123046875,0.0015848252,-0.0017138663766672834,-0.17066225404851137,25.595369338989258,0.0003,0.5427206158638,0.2,35.88400918841362,4010,,
825344,561.5156000000001,1488,554,1417.67,403,0.039306640625,0.005483568,-0.0012321383852395228,-0.18367158365435898,9.076656341552734,0.0003,0.6246023178100586,0.2,22.91454192996025,4020,,
827392,564.1893,1491,554,1427.91,404,0.035302734375,0.004419145,0.0004934200100251473,-0.14944435788784177,5.85457706451416,0.0003,0.5373915433883667,0.2,18.021810540556906,4030,,
829440,568.3704,1494,555,1436.8,405,0.03037109375,0.003617997,-0.0001769808994140476,-0.17172315341886132,9.918302536010742,0.0003,0.38431525230407715,0.2,28.210337972640993,4040,,
830000,,,,,,0.031689453125,0.0030631567,-0.002413137711118907,-0.18969781203195452,16.027835845947266,0.0003,0.5034090280532837,0.2,30.47034732103348,4050,636.492,1534.0
831488,571.9802,1502,553,1442.66,406,,,,,,,,,,,,
833536,571.8028999999999,1505,553,1440.15,407,0.031396484375,0.0046272646,-0.0014244005404179915,-0.15105027540121227,8.41942024230957,0.0003,0.5321009159088135,0.2,26.643090215325355,4060,,
835584,577.4132999999999,1508,554,1451.31,408,0.03740234375,0.0029065344,-0.0014051522070076317,-0.1433161038439721,10.116923332214355,0.0003,0.5221644639968872,0.2,22.91424359381199,4070,,
837632,576.3489999999999,1511,554,1443.33,409,0.04365234375,0.0040363567,0.0001790132839232683,-0.13985722169745712,7.824407577514648,0.0003,0.522650957107544,0.2,21.55511949956417,4080,,
839680,581.3388,1514,554,1458.65,410,0.050341796875,0.005194537,-0.0010959630322759039,-0.1673985688947141,26.607635498046875,0.0003,0.5732177495956421,0.2,26.26903539597988,4090,,
840000,,,,,,0.056640625,0.005446573,-0.001681469494360499,-0.18590614867862315,12.591279029846191,0.0003,0.5524629354476929,0.2,19.194404768943787,4100,528.5699999999999,1251.8
841728,579.4414999999999,1520,553,1455.13,411,,,,,,,,,,,,
843776,579.7506,1523,553,1455.19,412,0.047900390625,0.0034713242,0.000622516950534191,-0.19041353543289005,6.333673477172852,0.0003,0.5130453109741211,0.2,19.974398171901704,4110,,
845824,579.2547,1526,553,1452.47,413,0.036669921875,0.0041979766,-0.001349802641198039,-0.1544868224300444,12.258320808410645,0.0003,0.4959149956703186,0.2,23.11833897829056,4120,,
847872,583.4632999999999,1529,554,1464.43,414,0.025927734375,0.0030431594,-0.0002768299382296391,-0.1559522974304855,7.974398612976074,0.0003,0.46365886926651,0.2,20.366444832086565,4130,,
849920,584.6600999999999,1532,554,1471.99,415,0.041455078125,0.006572375,-0.0024759425650699995,-0.15627898504026233,9.662893295288086,0.0003,0.4931393265724182,0.2,15.965364475548267,4140,,
850000,,,,,,0.04873046875,0.00825567,-0.0002228733166703023,-0.18767908185254784,5.307877063751221,0.0003,0.48527801036834717,0.2,19.0926086679101,4150,681.842,1584.0
851968,584.5304,1540,553,1473.85,416,,,,,,,,,,,,
854016,585.6120999999998,1543,553,1477.53,417,0.054296875,0.0050686076,-0.0026223954773740843,-0.18179478363599627,8.784785270690918,0.0003,0.44415944814682007,0.2,25.959609714150428,4160,,
856064,592.5005,1546,553,1496.9,418,0.03857421875,0.003019506,0.0007763188375975005,-0.18727827537804842,8.46593952178955,0.0003,0.46997106075286865,0.2,21.105064871907235,4170,,
858112,593.7162999999999,1549,553,1495.68,419,0.0369140625,0.004410084,-0.001169063696579542,-0.1982919939327985,6.905543804168701,0.0003,0.4135371446609497,0.2,23.028744187951087,4180,,
860000,,,,,,0.03857421875,0.0037583811,-0.0020013155066408218,-0.16082609221339225,8.087512016296387,0.0003,0.34103327989578247,0.2,31.94849142432213,4190,467.29799999999994,1172.2
860160,594.6200000000001,1556,552,1496.98,420,,,,,,,,,,,,
862208,599.4005000000001,1559,552,1510.87,421,0.030908203125,0.002494151,-0.0017342941428069025,-0.19481995957903564,11.60966682434082,0.0003,0.4001260995864868,0.2,23.789931505918503,4200,,
864256,598.6123,1562,553,1506.69,422,0.036572265625,0.002757864,-0.000701157606090419,-0.1919122645165771,8.800106048583984,0.0003,0.49740177392959595,0.2,23.276049372553825,4210,,
866304,596.7619,1565,553,1497.7,423,0.04111328125,0.0043221917,-0.0004185806406894699,-0.19951793272048235,7.690768718719482,0.0003,0.3974383473396301,0.2,22.566237807273865,4220,,
868352,596.8146,1568,553,1498.22,424,0.035400390625,0.003759515,-0.0027763318095821886,-0.19081128258258104,18.300697326660156,0.0003,0.4342244267463684,0.2,28.415418046712876,4230,,
870000,,,,,,0.03291015625,0.0026013218,-0.0005664651820552535,-0.19540183232165872,12.525232315063477,0.0003,0.4346804618835449,0.2,29.593043306469916,4240,483.98400000000004,1136.8
870400,597.6141,1574,552,1497.49,425,,,,,,,,,,,,
872448,599.3917,1577,553,1504.75,426,0.04599609375,0.002981498,-0.0016184424544917419,-0.20227434812113643,12.06234073638916,0.0003,0.3194010257720947,0.2,26.815425297617914,4250,,
874496,599.3054999999999,1580,553,1501.32,427,0.05546875,0.008627722,-0.001125114802562166,-0.21318306806497275,14.182830810546875,0.0003,0.516649067401886,0.2,20.544849422574043,4260,,
876544,604.9834999999999,1583,553,1517.13,428,0.0451171875,0.006018974,-0.0015213764476357029,-0.21227959564421325,9.63435173034668,0.0003,0.5051765441894531,0.2,23.850085178017615,4270,,
878592,612.6655,1586,553,1534.5,429,0.061474609375,0.007100843,-0.00040828162454999985,-0.20368009684607385,6.8960795402526855,0.0003,0.5488751530647278,0.2,24.09338265657425,4280,,
880000,,,,,,0.044482421875,0.0042969305,-0.0010767885236418807,-0.2017221816815436,8.031189918518066,0.0003,0.5087630748748779,0.2,28.962881925702096,4290,580.6360000000001,2407.0
880640,613.7626,1596,551,1538.76,430,,,,,,,,,,,,
882688,614.2701999999999,1599,551,1537.77,431,0.033544921875,0.005022361,-0.0031478071221499706,-0.17090240991674363,19.920696258544922,0.0003,0.40872788429260254,0.2,26.550510317087173,4300,,
884736,616.8596,1602,551,1543.57,432,0.046630859375,0.004937341,-0.0010498971707420424,-0.20262931280303748,13.645600318908691,0.0003,0.4856075048446655,0.2,22.964571219682693,4310,,
886784,617.3312000000001,1605,552,1544.5,433,0.049462890625,0.0067552673,-0.0026498204679228365,-0.19392452121246606,14.450427055358887,0.0003,0.40379923582077026,0.2,32.803489696979526,4320,,
888832,621.1099,1608,552,1559.91,434,0.04326171875,0.0035268017,-0.002219213942589704,-0.18307137347292154,6.7895002365112305,0.0003,0.4413151144981384,0.2,22.357869201898573,4330,,
890000,,,,,,0.04326171875,0.0034348024,-0.001360124279744923,-0.1802649465855211,14.131865501403809,0.0003,0.4325432777404785,0.2,21.880419647693635,4340,729.606,1826.0
890880,616.3859,1617,550,1549.04,435,,,,,,,,,,,,
892928,615.1128,1620,550,1542.28,436,0.033935546875,0.0048447335,-0.001044989176443778,-0.1557484736898914,9.017634391784668,0.0003,0.35916078090667725,0.2,30.373187363147736,4350,,
894976,615.2251,1623,551,1543.2,437,0.05556640625,0.015958408,-0.0008968653986812569,-0.15903218232560903,7.019919395446777,0.0003,0.4089656472206116,0.2,22.68319779932499,4360,,
897024,620.1203,1626,551,1553.09,438,0.054296875,0.011276982,-0.0020707493225927466,-0.1517863397486508,6.773701190948486,0.0003,0.433475136756897,0.2,22.702313297986983,4370,,
899072,621.4113000000001,1629,551,1556.72,439,0.040869140625,0.008877387,-0.0036952877999283373,-0.16588126784190535,11.509549140930176,0.0003,0.4911614656448364,0.2,23.02409760951996,4380,,
900000,,,,,,0.05244140625,0.0074454527,-0.0019253275444498287,-0.1917641242733225,10.32016658782959,0.0003,0.5575776100158691,0.2,25.81672083437443,4390,721.068,1783.4
901120,622.1919000000001,1638,550,1559.66,440,,,,,,,,,,,,
903168,622.0654000000001,1641,550,1563.36,441,0.03955078125,0.0041994923,-0.0020797855220735075,-0.15799006333108992,6.0944743156433105,0.0003,0.5574540495872498,0.2,13.718410615622997,4400,,
905216,613.2888,1644,550,1540.38,442,0.046875,0.007789447,0.00032971307227853687,-0.17026800871826708,12.449119567871094,0.0003,0.49054592847824097,0.2,19.95360975116491,4410,,
907264,615.3802000000001,1647,550,1546.81,443,0.043603515625,0.0052074334,-0.004818001842068043,-0.12253600873518736,8.169739723205566,0.0003,0.5408468246459961,0.2,21.19780463576317,4420,,
909312,618.5568,1650,550,1556.99,444,0.037158203125,0.0042811404,3.227329289074987e-05,-0.15337042566388845,12.971383094787598,0.0003,0.5702494978904724,0.2,19.079161500930788,4430,,
910000,,,,,,0.038720703125,0.0043405266,-0.003413513443956617,-0.15403472525067627,6.9691386222839355,0.0003,0.6078832745552063,0.2,19.274336180090906,4440,622.874,1583.0
911360,614.7415999999998,1658,549,1549.65,445,,,,,,,,,,,,
913408,619.7130999999999,1661,549,1563.62,446,0.028076171875,0.0026688236,-0.0017891471346956679,-0.13143695353064686,12.794693946838379,0.0003,0.386005699634552,0.2,30.18721247911453,4450,,
915456,619.3959,1664,550,1565.03,447,0.04267578125,0.009856978,-8.945145964389667e-05,-0.15777617220301182,7.477229595184326,0.0003,0.45979374647140503,0.2,22.271013328433035,4460,,
917504,620.9855999999999,1667,550,1569.52,448,0.048583984375,0.00935451,-0.0011361057520844042,-0.16612222206313162,6.954500675201416,0.0003,0.43250608444213867,0.2,15.538824385404586,4470,,
919552,620.6786999999999,1670,550,1569.92,449,0.0390625,0.002580407,-0.000673320540226996,-0.12897355298046023,12.072724342346191,0.0003,0.3989701271057129,0.2,17.648558948934078,4480,,
920000,,,,,,0.0396484375,0.006080772,-0.0014866946745314634,-0.11775012088473887,4.339207649230957,0.0003,0.47518014907836914,0.2,19.053659719228744,4490,600.1600000000001,1438.0
921600,621.9645999999999,1677,549,1574.92,450,,,,,,,,,,,,
923648,620.5377,1680,549,1567.04,451,0.026611328125,0.0024599845,-0.0014118030478130095,-0.09632536370772868,10.626635551452637,0.0003,0.37905192375183105,0.2,24.759011566638947,4500,,
925696,622.0296,1683,549,1572.98,452,0.027001953125,0.0024632823,-0.0017290665055043064,-0.09507108707912267,10.068246841430664,0.0003,0.4915808439254761,0.2,23.161228862404823,4510,,
927744,623.3256,1687,549,1576.35,453,0.0291015625,0.00455899,-0.002290921940584667,-0.10066531171323731,7.060135841369629,0.0003,0.55747389793396,0.2,19.939367720484732,4520,,
929792,623.7596,1690,550,1575.87,454,0.030029296875,0.003326111,-0.0007743510272121057,-0.10385254037100822,6.624501705169678,0.0003,0.43368178606033325,0.2,22.376263424754143,4530,,
930000,,,,,,0.0455078125,0.0062678326,-0.0015857135265832766,-0.14005319310817868,6.176109790802002,0.0003,0.5291743874549866,0.2,16.836391316354273,4540,398.12800000000004,932.2
931840,621.9165,1695,549,1565.29,455,,,,,,,,,,,,
933888,617.6372,1699,549,1555.21,456,0.034228515625,0.006360298,-0.004722870844125282,-0.13594575657043606,10.503012657165527,0.0003,0.37656497955322266,0.2,22.848762434720992,4550,,
935936,618.3389999999999,1702,549,1557.26,457,0.03857421875,0.0050492175,-0.0024026940518524498,-0.15233984019141644,6.523038864135742,0.0003,0.4312759041786194,0.2,19.11415636241436,4560,,
937984,624.7172999999999,1705,550,1574.81,458,0.03349609375,0.002460737,0.000287340726936236,-0.1662618533708155,7.4653849601745605,0.0003,0.5285412669181824,0.2,14.715676739811897,4570,,
940000,,,,,,0.05361328125,0.006471859,-0.002466555286082439,-0.19462434446904808,8.10586929321289,0.0003,0.6319364309310913,0.2,18.617763501405715,4580,718.3979999999999,1761.0
940032,630.372,1713,548,1592.69,459,,,,,,,,,,,,
942080,630.372,1716,548,1592.69,460,0.041845703125,0.0032872837,-0.001259472301171627,-0.18677525802049785,19.826738357543945,0.0003,0.577420711517334,0.2,21.618332320451735,4590,,
944128,638.0996,1719,548,1615.83,461,0.057373046875,0.0083353035,-0.0008120542945107446,-0.23576164892874657,8.228654861450195,0.0003,0.37805861234664917,0.2,17.72122939825058,4600,,
946176,637.7958,1722,549,1614.78,462,0.046533203125,0.006813629,-0.003144311305368319,-0.20872167400084435,8.220002174377441,0.0003,0.5310329794883728,0.2,23.8817561596632,4610,,
948224,638.8773,1726,549,1617.6,463,0.047998046875,0.0066419323,-0.002148501607007347,-0.19630791586823762,7.40010404586792,0.0003,0.5069260597229004,0.2,20.79165922701359,4620,,
950000,,,,,,0.039306640625,0.0038561302,-0.0006249699305044487,-0.19660701183602214,7.603736877441406,0.0003,0.5489797592163086,0.2,20.32430631816387,4630,752.394,1851.0
950272,635.4113000000001,1734,547,1602.65,464,,,,,,,,,,,,
952320,631.744,1737,547,1590.67,465,0.034912109375,0.0036816716,-0.0006213921384187415,-0.15822532791644334,5.172464370727539,0.0003,0.41129565238952637,0.2,16.427351680397987,4640,,
954368,631.3592000000001,1741,548,1587.71,466,0.034326171875,0.00265839,-0.0024699411806068383,-0.1591991434339434,8.094877243041992,0.0003,0.46098142862319946,0.2,22.503663450479507,4650,,
956416,621.0369000000002,1743,548,1557.08,467,0.0365234375,0.0033653993,-0.0006092750161769799,-0.15995305061805992,7.362277507781982,0.0003,0.6447950601577759,0.2,18.198479747772218,4660,,
958464,622.113,1747,548,1560.76,468,0.028369140625,0.0026151976,-0.0019629873509984463,-0.1326656402554363,8.091078758239746,0.0003,0.4110017418861389,0.2,24.05259707570076,4670,,
960000,,,,,,0.042919921875,0.0052711368,-0.00026899704098468644,-0.14164641911629589,7.262551307678223,0.0003,0.5171141624450684,0.2,18.507877039909364,4680,647.2499999999999,1583.0
960512,625.1101,1754,547,1568.29,469,,,,,,,,,,,,
962560,621.7214000000001,1757,547,1559.64,470,0.036376953125,0.0052576577,-0.0010463164682732895,-0.12934120181016623,4.5845232009887695,0.0003,0.40955084562301636,0.2,16.055780443549157,4690,,
964608,617.0160000000001,1760,547,1547.19,471,0.034423828125,0.002670643,-0.0033758240650058726,-0.1140176167478785,8.981030464172363,0.0003,0.5274014472961426,0.2,24.983369067311287,4700,,
966656,617.1517,1763,548,1545.49,472,0.03271484375,0.00408304,-0.0011204724025446922,-0.13604947805870324,15.12662410736084,0.0003,0.4201606512069702,0.2,28.220012655854227,4710,,
968704,615.2525,1766,548,1539.26,473,0.028662109375,0.0037122334,-0.001564102276461199,-0.10736402737675235,9.060223579406738,0.0003,0.5820416212081909,0.2,22.14431185722351,4720,,
970000,,,,,,0.0271484375,0.003970298,-0.002186203034943901,-0.12452839519828558,8.988503456115723,0.0003,0.3523365259170532,0.2,22.478784921765328,4730,538.2299999999999,1222.8
970752,613.6751,1773,547,1534.72,474,,,,,,,,,,,,
972800,614.8472,1776,547,1538.45,475,0.02080078125,0.0016832172,-3.3266216632910074e-06,-0.12406527255661785,9.818755149841309,0.0003,0.41581928730010986,0.2,25.476155427098274,4740,,
974848,614.1461999999999,1779,547,1537.56,476,0.029931640625,0.0037394308,-0.0027702640189090745,-0.11045273776398971,5.429913520812988,0.0003,0.4489312171936035,0.2,17.114092537760733,4750,,
976896,624.335,1782,548,1564.42,477,0.0259765625,0.0027142798,-0.0005929599807132036,-0.10712343195918947,5.029699325561523,0.0003,0.4735484719276428,0.2,15.548270188272,4760,,
978944,618.0379,1785,548,1543.71,478,0.035986328125,0.0059552095,-0.0027421612991020083,-0.10071756254183128,4.8501296043396,0.0003,0.5308303833007812,0.2,21.53177351206541,4770,,
980000,,,,,,0.031201171875,0.002748034,-0.00014823023084318266,-0.10533397202380002,7.382081508636475,0.0003,0.4969659447669983,0.2,22.075512099266053,4780,669.6419999999999,1686.8
980992,612.8865000000001,1793,546,1526.61,479,,,,,,,,,,,,
983040,612.5349,1796,547,1531.42,480,0.02275390625,0.002786344,-0.0024035372203798032,-0.08197852387675084,6.264270782470703,0.0003,0.3449329137802124,0.2,26.57664603292942,4790,,
985088,612.7546,1799,547,1532.97,481,0.024609375,0.002420548,-0.0007270339236129075,-0.08482826218241826,9.804662704467773,0.0003,0.4492224454879761,0.2,21.93160163164139,4800,,
987136,613.2455,1802,547,1536.55,482,0.03466796875,0.009905556,-0.001803001278312877,-0.08939840473467484,15.595423698425293,0.0003,0.5130285024642944,0.2,21.281638517975807,4810,,
989184,610.8283,1805,547,1532.31,483,0.025927734375,0.004522035,-0.0014739995036507024,-0.07419487054576165,3.5626821517944336,0.0003,0.6115224361419678,0.2,15.227600547671319,4820,,
990000,,,,,,0.034619140625,0.0039062062,0.0006347659014863894,-0.08332061765831895,7.410163879394531,0.0003,0.4156227707862854,0.2,18.88195858001709,4830,725.162,1667.4
991232,611.7212000000001,1813,546,1533.45,484,,,,,,,,,,,,
993280,611.9058999999999,1816,546,1534.02,485,0.032080078125,0.006645075,-0.000562963111588033,-0.07961782689671963,7.877316474914551,0.0003,0.5692476034164429,0.2,20.19998731315136,4840,,
995328,613.3105,1819,546,1536.02,486,0.02392578125,0.004639086,-0.0013683633384061976,-0.08160576993832365,15.861356735229492,0.0003,0.5397473573684692,0.2,20.711198717355728,4850,,
997376,614.6128,1822,547,1540.82,487,0.02919921875,0.0036484562,-0.0005993897066218778,-0.10401864496525377,11.430779457092285,0.0003,0.5024634003639221,0.2,22.809800413250922,4860,,
999424,615.5948999999999,1825,547,1546.37,488,0.028564453125,0.0074010016,0.00015388793617603368,-0.10462388376472517,8.866657257080078,0.0003,0.47909438610076904,0.2,18.936525359749794,4870,,
1000000,,,,,,0.024462890625,0.004584948,-0.0010246263846056536,-0.09487759709591045,6.671485900878906,0.0003,0.554030179977417,0.2,19.90244006216526,4880,492.226,1195.4
1001472,615.2818999999998,1832,546,1546.4,489,,,,,,,,,,,,
1003520,616.1008999999998,1835,546,1547.22,490,0.032177734375,0.002650951,-0.001766214550298173,-0.10948769570095465,6.063368320465088,0.0003,0.6114292144775391,0.2,17.936144825816154,4890,,
1005568,616.4159999999999,1838,547,1550.2,491,0.033251953125,0.005785128,0.00021586291259154678,-0.11038825721479953,4.022580146789551,0.0003,0.45644617080688477,0.2,17.21532697826624,4900,,
1007616,605.1885000000001,1841,547,1513.4,492,0.02607421875,0.0029809517,0.001342322479467839,-0.11983219562098384,5.6842942237854,0.0003,0.5514446496963501,0.2,17.83243843764067,4910,,
1009664,606.1641999999999,1844,547,1519.27,493,0.0314453125,0.01180886,-0.002368237198970746,-0.1223675848566927,34.830406188964844,0.0003,0.48591357469558716,0.2,34.23050362467766,4920,,
1010000,,,,,,0.036376953125,0.0034662965,-0.0005943904892774299,-0.13831352472770958,10.291326522827148,0.0003,0.4776710867881775,0.2,26.813425040245058,4930,695.804,1657.6
1011712,608.4506999999999,1852,546,1526.99,494,,,,,,,,,,,,
1013760,611.0478999999999,1855,546,1532.57,495,0.04326171875,0.002653812,-0.0005340613322914578,-0.12970924514811485,6.791555881500244,0.0003,0.5399970412254333,0.2,19.677451814711095,4940,,
1015808,611.6432,1858,546,1530.16,496,0.031640625,0.0034321072,-0.0015063774160807952,-0.11358230273472145,7.113131523132324,0.0003,0.612656831741333,0.2,16.42583166360855,4950,,
1017856,614.3804999999999,1861,546,1543.09,497,0.040673828125,0.0031852522,-0.001847813073254656,-0.1300514140399173,14.75354290008545,0.0003,0.4692762494087219,0.2,25.671411192417146,4960,,
1019904,616.9698999999999,1864,547,1549.93,498,0.049072265625,0.007011314,-0.0005352698877686635,-0.1370938563370146,9.321004867553711,0.0003,0.5829828977584839,0.2,20.09790402650833,4970,,
1020000,,,,,,0.0322265625,0.0033406042,-0.0009922667595674284,-0.1296142585691996,7.633040904998779,0.0003,0.5672938823699951,0.2,24.58034619092941,4980,564.4620000000001,1477.6
1021952,618.0448,1871,546,1555.85,499,,,,,,,,,,,,
1024000,619.8582,1874,546,1559.73,500,0.043212890625,0.00583128,-0.0019771032937569545,-0.11337625049054623,9.013185501098633,0.0003,0.38122832775115967,0.2,21.492657095193863,4990,,
1026048,623.1762999999999,1877,546,1567.47,501,0.03974609375,0.0060989745,-0.0004983524209819734,-0.13155269296839833,10.6155424118042,0.0003,0.48776912689208984,0.2,19.882809710502624,5000,,
1028096,625.6920999999999,1880,546,1582.51,502,0.027734375,0.0033236886,-0.0006337333092233166,-0.12959677211474627,6.9997992515563965,0.0003,0.43456506729125977,0.2,21.068153151869772,5010,,
1030000,,,,,,0.051708984375,0.0049174884,-0.0009254069052985869,-0.1699615298770368,7.325397968292236,0.0003,0.6176985502243042,0.2,18.06141079366207,5020,554.13,1429.0
1030144,625.9168,1887,545,1578.36,503,,,,,,,,,,,,
1032192,625.3066,1890,545,1578.08,504,0.06142578125,0.010576723,-0.004632518034486566,-0.1747898312052712,7.828067302703857,0.0003,0.5835039615631104,0.2,16.709264412522316,5030,,
1034240,624.5031999999999,1893,546,1573.3,505,0.06015625,0.018277459,-0.0035805564795737153,-0.1566148609155789,9.71522331237793,0.0003,0.45418649911880493,0.2,25.18575367629528,5040,,
1036288,627.7805,1896,546,1583.72,506,0.050244140625,0.0074496716,-0.002209837787086144,-0.15812208184506743,9.53079891204834,0.0003,0.6777356266975403,0.2,21.040636712312697,5050,,
1038336,627.4938,1899,546,1585.46,507,0.041748046875,0.013983943,0.00016896023007575422,-0.17728586490266024,9.755979537963867,0.0003,0.46199387311935425,0.2,27.609569078683855,5060,,
1040000,,,,,,0.038427734375,0.0043574343,0.00026207261835224925,-0.13658189922571182,7.489690780639648,0.0003,0.4736572504043579,0.2,21.72341388463974,5070,527.562,1261.4
1040384,619.1389,1905,545,1564.69,508,,,,,,,,,,,,
1042432,617.1534,1908,546,1560.22,509,0.02373046875,0.0036640258,-0.0021855219471035524,-0.12483980265678837,14.574893951416016,0.0003,0.46440422534942627,0.2,29.693305137753487,5080,,
1044480,617.4526,1911,546,1559.53,510,0.03408203125,0.0056654923,-0.000907459229347296,-0.11578752433415503,7.7143144607543945,0.0003,0.4796908497810364,0.2,19.08504239320755,5090,,
1046528,620.4436,1914,546,1566.97,511,0.0435546875,0.0047386996,0.00025473285058978944,-0.14756249831989407,7.7863335609436035,0.0003,0.6058216094970703,0.2,18.31458786725998,5100,,
1048576,626.1607,1917,546,1579.53,512,0.038818359375,0.0030662655,-0.00074707221792778,-0.13009095853194594,14.138343811035156,0.0003,0.5049241781234741,0.2,26.43932760357857,5110,,
1050000,,,,,,0.041748046875,0.0076707,-0.0015240312088280917,-0.12372991007287056,11.969829559326172,0.0003,0.4342489242553711,0.2,27.335245656967164,5120,685.752,1681.0
1050624,627.6713999999998,1924,545,1583.15,513,,,,,,,,,,,,
1052672,628.1859,1927,546,1582.33,514,0.03564453125,0.0043445886,-0.001166325985104777,-0.14305463987402617,13.144027709960938,0.0003,0.39276278018951416,0.2,29.70695377588272,5130,,
1054720,628.7816999999999,1930,546,1581.49,515,0.04384765625,0.0051175784,-0.0010257195914164185,-0.16161976768635214,10.243677139282227,0.0003,0.5139217376708984,0.2,20.569637989997865,5140,,
1056768,627.4024999999999,1933,546,1578.51,516,0.03916015625,0.003245089,-0.0005120331363286823,-0.15489467640873045,10.96349048614502,0.0003,0.47175830602645874,0.2,23.988223987817765,5150,,
1058816,627.4024999999999,1936,546,1578.51,517,0.0447265625,0.005423942,-0.004172184003982693,-0.15379463888239114,7.584255695343018,0.0003,0.45458948612213135,0.2,27.370788998901844,5160,,
1060000,,,,,,0.05751953125,0.009481011,-0.00036621472972910853,-0.18047047283034773,11.536508560180664,0.0003,0.44768989086151123,0.2,20.090415534377097,5170,688.6800000000001,1613.2
1060864,630.7972,1943,545,1587.32,518,,,,,,,,,,,,
1062912,630.0977000000001,1946,546,1584.78,519,0.047509765625,0.004458356,-0.00027071457298006863,-0.16230062141548843,8.138554573059082,0.0003,0.554634690284729,0.2,18.383786675333976,5180,,
1064960,635.4788000000001,1949,546,1600.55,520,0.03388671875,0.0046853307,-0.0009413847656105645,-0.13689819367136807,7.034393310546875,0.0003,0.44836074113845825,0.2,25.12838478088379,5190,,
1067008,632.9745,1951,546,1592.79,521,0.0400390625,0.0051858546,0.0005144992872374132,-0.15809606572147458,12.695144653320312,0.0003,0.6512624025344849,0.2,15.653293105959893,5200,,
1069056,633.1826,1954,546,1592.74,522,0.03369140625,0.006126399,-0.000590993429068476,-0.14767346295993775,18.756561279296875,0.0003,0.4488421678543091,0.2,31.41222568154335,5210,,
1070000,,,,,,0.036767578125,0.0046917936,-0.0010178450160310605,-0.1350891105365008,18.083284378051758,0.0003,0.48833853006362915,0.2,30.316570135951043,5220,650.536,1514.2
1071104,636.8729,1961,545,1601.18,523,,,,,,,,,,,,
1073152,635.4813,1964,546,1598.6,524,0.038134765625,0.004118575,-0.0007129828707547858,-0.13278179372427984,4.856287956237793,0.0003,0.5634244680404663,0.2,16.233500121533872,5230,,
1075200,636.7671,1967,546,1603.47,525,0.038525390625,0.006032384,-0.0019459008384728805,-0.11767525972099975,14.369587898254395,0.0003,0.4755987524986267,0.2,24.0791453063488,5240,,
1077248,637.637,1970,546,1606.15,526,0.051318359375,0.0058191395,-0.0007857015152694657,-0.15852529380936176,12.744064331054688,0.0003,0.555655300617218,0.2,23.09774112701416,5250,,
1079296,637.637,1972,547,1606.15,527,0.048974609375,0.005392113,-0.001417333009885624,-0.15716004464775324,9.153740882873535,0.0003,0.6674997806549072,0.2,20.184795999526976,5260,,
1080000,,,,,,0.053173828125,0.0033977833,0.0013211348705226555,-0.19137792226392775,5.4748854637146,0.0003,0.5116568803787231,0.2,13.615502360463143,5270,542.364,1295.8
1081344,638.0426,1979,546,1608.75,528,,,,,,,,,,,,
1083392,638.0139,1982,546,1611.84,529,0.031201171875,0.0058130794,-0.0009171001831418835,-0.14129101036814973,8.307684898376465,0.0003,0.47529053688049316,0.2,28.475243893265723,5280,,
1085440,632.6076,1984,546,1599.99,530,0.04521484375,0.005555017,0.00018318420043215156,-0.15825709062628449,10.283666610717773,0.0003,0.5427637100219727,0.2,16.321727941930295,5290,,
1087488,633.2827000000001,1987,547,1602.37,531,0.051025390625,0.009154123,-0.00211447193287313,-0.14816615290474147,9.40040397644043,0.0003,0.40987128019332886,0.2,22.546762263774873,5300,,
1089536,632.9627,1990,547,1603.22,532,0.05537109375,0.0115835,-0.0039321986609138545,-0.16109133621212096,8.31318187713623,0.0003,0.4892919063568115,0.2,17.371583837270737,5310,,
1090000,,,,,,0.04638671875,0.006493062,-0.0012708107009530068,-0.15490730376914144,7.598737716674805,0.0003,0.54507976770401,0.2,17.42965021431446,5320,651.8039999999999,1533.2
1091584,640.6473000000001,1997,546,1622.81,533,,,,,,,,,,,,
1093632,639.6054,2000,546,1626.0,534,0.037158203125,0.0039992654,-0.002902173192705959,-0.15505747650749982,6.8796539306640625,0.0003,0.3847305178642273,0.2,17.010538333654402,5330,,
1095680,639.4076,2003,546,1624.36,535,0.049755859375,0.0052948175,-0.003216543536109384,-0.17726931306533517,13.092097282409668,0.0003,0.6311587691307068,0.2,17.798996080458164,5340,,
1097728,643.4902999999999,2006,547,1634.24,536,0.0455078125,0.0027309367,-0.00023714823473710566,-0.19698739279992877,15.411834716796875,0.0003,0.5608279705047607,0.2,22.615175205469132,5350,,
1099776,641.6725000000001,2008,547,1629.64,537,0.03203125,0.0034025805,-0.0008707121902261861,-0.16385378590784966,8.43862533569336,0.0003,0.4859769940376282,0.2,18.331623981893063,5360,,
1100000,,,,,,0.04609375,0.008059632,-0.0007623219396919012,-0.1970276846550405,8.767253875732422,0.0003,0.5241599082946777,0.2,17.437656159698964,5370,859.108,2243.8
1101824,643.645,2018,545,1638.21,538,,,,,,,,,,,,
1103872,643.2374,2021,546,1637.73,539,0.053564453125,0.0051145377,-0.0024428518328932112,-0.19661386259831487,7.017863750457764,0.0003,0.5847160816192627,0.2,17.65087986886501,5380,,
1105920,641.7776,2023,546,1632.36,540,0.04482421875,0.006164871,-0.0009192206343868747,-0.19743708728346973,11.066879272460938,0.0003,0.5006029605865479,0.2,23.219851744174957,5390,,
1107968,635.2816,2026,546,1617.51,541,0.04375,0.0062618335,-0.0009951808882760816,-0.20374247047584504,8.974973678588867,0.0003,0.5792866945266724,0.2,20.850980985164643,5400,,
1110000,,,,,,0.048583984375,0.005814965,-0.0013678910327143967,-0.18104435170535,13.634293556213379,0.0003,0.519507884979248,0.2,23.131402572989465,5410,773.702,1928.8
1110016,629.8225000000001,2034,545,1600.73,542,,,,,,,,,,,,
1112064,629.8824000000001,2037,545,1604.09,543,0.030419921875,0.0023904587,-0.001014389022020623,-0.15749928303994237,10.721044540405273,0.0003,0.38410472869873047,0.2,26.549939966201784,5420,,
1114112,636.6286000000001,2040,546,1625.39,544,0.05068359375,0.0076442165,-0.0028614122798899188,-0.19389897065702827,8.73294448852539,0.0003,0.5433945059776306,0.2,15.848066662251949,5430,,
1116160,621.0635,2043,546,1586.08,545,0.06220703125,0.006149239,-0.0003388695127796382,-0.23774526049382985,8.796207427978516,0.0003,0.3592257499694824,0.2,18.223397013545036,5440,,
1118208,620.4515,2045,546,1583.22,546,0.034765625,0.0024627154,-0.0016624112540739588,-0.1481925515923649,8.233105659484863,0.0003,0.3640705347061157,0.2,25.961490032076835,5450,,
1120000,,,,,,0.04453125,0.0049211048,-0.002711660086060874,-0.1719482951099053,7.6256279945373535,0.0003,0.45109039545059204,0.2,14.962972167134286,5460,697.034,1818.4
1120256,622.6523,2054,545,1589.72,547,,,,,,,,,,,,
1122304,622.9388999999999,2056,545,1591.01,548,0.042041015625,0.004359129,-0.0014773155242437496,-0.19259676944930107,9.666221618652344,0.0003,0.6652135252952576,0.2,15.358636429905891,5470,,
1124352,630.7815999999999,2059,545,1614.51,549,0.043505859375,0.004450843,-0.001934162768884562,-0.17270022188313305,8.153149604797363,0.0003,0.38350749015808105,0.2,22.946735951304436,5480,,
1126400,632.8633,2062,546,1621.81,550,0.060400390625,0.0077605755,-0.0011494896476506255,-0.2427051445003599,20.475412368774414,0.0003,0.27245962619781494,0.2,27.26154738664627,5490,,
1128448,634.0375,2065,546,1627.83,551,0.036376953125,0.0020085163,-0.0003643662043032236,-0.1902217032155022,9.334285736083984,0.0003,0.5760160684585571,0.2,17.507067552208902,5500,,
1130000,,,,,,0.031396484375,0.0032407949,-0.002126291219610721,-0.1836537115741521,5.674446105957031,0.0003,0.6069069504737854,0.2,20.136522275209426,5510,736.0260000000001,1928.8
1130496,631.0206000000002,2073,545,1621.28,552,,,,,,,,,,,,
1132544,625.9955000000001,2076,545,1614.59,553,0.040673828125,0.003561859,-0.0027554411222808993,-0.1714012170676142,6.891693592071533,0.0003,0.43252068758010864,0.2,22.013293904066085,5520,,
1134592,625.385,2079,545,1617.36,554,0.03349609375,0.0028919422,-0.002140150687773712,-0.19247138670179992,14.758955955505371,0.0003,0.5841182470321655,0.2,20.859245747327805,5530,,
1136640,625.5684999999999,2081,545,1618.41,555,0.04287109375,0.006213924,-0.002072052750736475,-0.17656626543030143,19.123083114624023,0.0003,0.4646153450012207,0.2,29.95958213508129,5540,,
1138688,620.1660999999999,2084,546,1604.63,556,0.0400390625,0.0041938075,-0.0017744387048878707,-0.18421891441103072,7.816242218017578,0.0003,0.5351723432540894,0.2,19.164700177311897,5550,,
1140000,,,,,,0.039697265625,0.006050896,-0.002489365666406229,-0.15523174502886833,7.504411697387695,0.0003,0.38582903146743774,0.2,27.14808135032654,5560,363.648,930.4
1140736,620.7051999999999,2090,545,1611.04,557,,,,,,,,,,,,
1142784,625.5720999999999,2093,545,1626.62,558,0.0451171875,0.004009881,-0.0003765535133425146,-0.17640373804606496,8.667096138000488,0.0003,0.6097294092178345,0.2,20.029421192407607,5570,,
1144832,622.5807,2095,546,1620.1,559,0.05126953125,0.0062082764,-0.002420610157423653,-0.15981953907757998,10.977331161499023,0.0003,0.5460481643676758,0.2,26.45497459769249,5580,,
1146880,624.7102,2098,546,1622.98,560,0.040869140625,0.0038290552,-0.0004733142879558727,-0.182213821192272,15.140137672424316,0.0003,0.5048984289169312,0.2,18.462920051813125,5590,,
1148928,633.2697000000001,2101,546,1648.07,561,0.04423828125,0.0062141055,-0.0007670505583519116,-0.17442752567585557,8.301487922668457,0.0003,0.48228663206100464,0.2,22.247557651996612,5600,,
1150000,,,,,,0.06181640625,0.009188319,-0.003120442664658185,-0.17839269670657815,12.138997077941895,0.0003,0.619303286075592,0.2,18.539181171357633,5610,759.0539999999999,1972.2
1150976,628.2499,2110,545,1637.71,562,,,,,,,,,,,,
1153024,627.7891999999999,2113,545,1634.43,563,0.047314453125,0.0041561425,-0.0006583448412129655,-0.19742478393018245,10.311808586120605,0.0003,0.5726543664932251,0.2,24.692397391796113,5620,,
1155072,627.7891999999999,2115,545,1634.43,564,0.046728515625,0.0041837413,-0.0018571757464087568,-0.15393076483160256,8.933313369750977,0.0003,0.5009095668792725,0.2,27.294493141770364,5630,,
1157120,628.7713,2118,546,1639.42,565,0.041845703125,0.0072462196,0.0006239630922209472,-0.18419189248234033,7.265078544616699,0.0003,0.32320815324783325,0.2,15.684541368484497,5640,,
1159168,627.2759000000001,2121,546,1637.09,566,0.040771484375,0.007766125,-0.0022182936663739383,-0.1411902485881001,10.728021621704102,0.0003,0.563614547252655,0.2,23.310934534668924,5650,,
1160000,,,,,,0.039990234375,0.0042794286,-0.0033235827344469727,-0.1477782867848873,9.050960540771484,0.0003,0.5449779033660889,0.2,20.955594712495802,5660,523.4960000000001,1223.2
1161216,624.2953000000001,2128,545,1628.37,567,,,,,,,,,,,,
1163264,625.5034,2130,545,1632.14,568,0.042138671875,0.0029804632,-0.00217062073352281,-0.13440680783241987,9.406068801879883,0.0003,0.5036939382553101,0.2,16.126403391361237,5670,,
1165312,625.1177,2133,546,1630.93,569,0.04208984375,0.0077245375,-0.002328081983432639,-0.13729309167247267,10.095705032348633,0.0003,0.47452419996261597,0.2,22.283445221185683,5680,,
1167360,624.9195,2136,546,1627.41,570,0.034912109375,0.0044154907,-0.0006818041365477256,-0.1389228714280762,9.314282417297363,0.0003,0.5579118728637695,0.2,21.443153282999994,5690,,
1169408,623.8921,2139,546,1626.05,571,0.037939453125,0.0034605674,-0.0014074736362090334,-0.15026453596074135,8.29924201965332,0.0003,0.5341461896896362,0.2,19.796088683605195,5700,,
1170000,,,,,,0.027783203125,0.0024523833,-0.0013869688234990462,-0.13206640391144903,9.016024589538574,0.0003,0.7171286344528198,0.2,20.193283233046532,5710,718.59,1756.8
1171456,624.8914,2147,545,1628.28,572,,,,,,,,,,,,
1173504,631.7704000000001,2150,545,1650.03,573,0.030810546875,0.002438201,-0.000313000864116475,-0.11546497233211994,12.207274436950684,0.0003,0.5194509625434875,0.2,18.94295258373022,5720,,
1175552,631.4789999999999,2153,545,1647.34,574,0.04619140625,0.004362682,-0.0032313369811163284,-0.16665532635524868,8.039767265319824,0.0003,0.5251493453979492,0.2,25.00514835715294,5730,,
1177600,632.0749,2155,546,1649.55,575,0.028857421875,0.002662838,-0.0008526416175300255,-0.15026110815815627,9.016071319580078,0.0003,0.44886714220046997,0.2,28.46683523654938,5740,,
1179648,633.3593000000001,2158,546,1655.36,576,0.036376953125,0.0035201812,-0.0013967235514428466,-0.17543058523442595,6.432246685028076,0.0003,0.6155918836593628,0.2,21.328646332025528,5750,,
1180000,,,,,,0.05810546875,0.0069252695,-0.0022253527742577715,-0.17536896630190313,10.414615631103516,0.0003,0.5930007100105286,0.2,19.71678355038166,5760,686.116,1819.2
1181696,633.3593000000001,2166,545,1655.36,577,,,,,,,,,,,,
1183744,635.6277,2169,545,1668.15,578,0.051708984375,0.0062288865,-0.0012483244354370981,-0.21341714654117822,10.72823715209961,0.0003,0.462296724319458,0.2,15.466598479449749,5770,,
1185792,633.8954,2172,545,1658.18,579,0.03818359375,0.008416342,-0.0014869652601191773,-0.17470804068725557,4.347927570343018,0.0003,0.5524550676345825,0.2,20.651021257042885,5780,,
1187840,633.8954,2175,546,1658.18,580,0.041748046875,0.0034785355,-0.0027952460339292886,-0.17766626633238047,8.727252006530762,0.0003,0.5795466899871826,0.2,28.50297012925148,5790,,
1189888,637.7776,2178,546,1669.35,581,0.064501953125,0.009871785,0.0002123962331097573,-0.23485835385508835,7.144454479217529,0.0003,0.36857450008392334,0.2,20.002717369794844,5800,,
1190000,,,,,,0.035986328125,0.003656066,-0.0017263769957935437,-0.17859588789287956,7.839731693267822,0.0003,0.4846996068954468,0.2,20.947987905144693,5810,848.374,2230.0
1191936,640.1478,2187,544,1677.97,582,,,,,,,,,,,,
1193984,641.0533,2190,545,1682.61,583,0.049658203125,0.0053988043,0.0002041327941697091,-0.19176897061988712,5.919849872589111,0.0003,0.5173935890197754,0.2,18.316668540239334,5820,,
1196032,632.2749,2192,545,1652.2,584,0.053857421875,0.00786614,-0.0015159582282649354,-0.20521402386948467,7.482502460479736,0.0003,0.6180741786956787,0.2,17.49963636994362,5830,,
1198080,626.3031000000001,2195,545,1638.34,585,0.025048828125,0.0031394581,-0.002596695625106804,-0.13700812826864422,19.275297164916992,0.0003,0.4130616784095764,0.2,31.184863314032555,5840,,
1200000,,,,,,0.033642578125,0.0033560502,-0.0018799622426740824,-0.14710763855837286,6.627828598022461,0.0003,0.3825385570526123,0.2,20.908144925534724,5850,763.794,1872.4
1200128,617.9927,2203,544,1618.43,586,,,,,,,,,,,,
1202176,621.4906000000001,2206,544,1627.05,587,0.033984375,0.0026221913,-0.0005777424521511421,-0.1735813037957996,7.666929721832275,0.0003,0.504311203956604,0.2,20.004193788766862,5860,,
1204224,623.2531,2209,545,1634.64,588,0.02080078125,0.0030985454,-0.0023374829557724296,-0.10774588563945145,7.124946594238281,0.0003,0.541670560836792,0.2,18.319887924194337,5870,,
1206272,625.4389000000001,2211,545,1641.72,589,0.030517578125,0.0045464695,-0.0028056656956323422,-0.1560569241642952,14.680575370788574,0.0003,0.2585059404373169,0.2,22.302167752385138,5880,,
1208320,624.3536,2214,545,1636.6,590,0.03740234375,0.002920778,-0.000668032762769144,-0.1688547268975526,6.680786609649658,0.0003,0.5626876950263977,0.2,16.628678081929685,5890,,
1210000,,,,,,0.043408203125,0.003535483,-0.0009286355241783894,-0.14843904017470777,15.712968826293945,0.0003,0.4309035539627075,0.2,20.475868317484856,5900,728.504,1804.6
1210368,621.3725,2222,544,1629.47,591,,,,,,,,,,,,
1212416,621.2620000000002,2225,544,1632.17,592,0.054345703125,0.007947085,8.608437201473862e-05,-0.18943443184252828,11.415481567382812,0.0003,0.41495180130004883,0.2,22.273740392923354,5910,,
1214464,620.8655,2228,545,1632.64,593,0.042138671875,0.0037598084,-0.0035528362670447676,-0.16221056627109648,7.546380996704102,0.0003,0.41492336988449097,0.2,22.695751616358756,5920,,
1216512,619.8613,2230,545,1631.56,594,0.04365234375,0.005733046,-0.0033308373036561533,-0.15487154582515358,7.96483039855957,0.0003,0.4140177369117737,0.2,27.521884819865228,5930,,
1218560,618.4817,2233,545,1627.3,595,0.0220703125,0.003204862,-0.0007213885415694677,-0.12736144945956768,6.901872158050537,0.0003,0.5208836793899536,0.2,20.96464484632015,5940,,
1220000,,,,,,0.02822265625,0.003491297,-0.001961528163519688,-0.12124391461256892,18.28519630432129,0.0003,0.4293384552001953,0.2,20.892723083496094,5950,592.1139999999999,1394.2
1220608,609.7141999999999,2240,544,1602.31,596,,,,,,,,,,,,
1222656,607.7198,2243,545,1593.07,597,0.039501953125,0.0042158146,-0.0028864679610705935,-0.14773197856266052,14.388060569763184,0.0003,0.5475081205368042,0.2,20.46497286558151,5960,,
1224704,605.9672,2245,545,1586.27,598,0.016162109375,0.0013678311,-0.001962137070950121,-0.11697497460991144,16.558198928833008,0.0003,0.4356520175933838,0.2,30.08900003731251,5970,,
1226752,603.0009,2248,545,1576.22,599,0.040283203125,0.0041833315,-0.00027114955155411736,-0.14306175315286965,6.697536468505859,0.0003,0.6320911645889282,0.2,18.350769883394243,5980,,
1228800,608.6723999999999,2251,545,1592.1,600,0.03525390625,0.0041063353,-0.0020277798699680715,-0.11196029828861356,11.140631675720215,0.0003,0.6024065017700195,0.2,25.4753768235445,5990,,
1230000,,,,,,0.036962890625,0.0030908175,-0.0023989322799025103,-0.15555553818121554,7.4775004386901855,0.0003,0.6897442936897278,0.2,18.773521652817728,6000,727.362,1834.2
1230848,607.7727,2259,544,1591.04,601,,,,,,,,,,,,
1232896,609.1683,2262,545,1593.62,602,0.043994140625,0.0060503324,-0.001327582231897395,-0.16375403061974794,7.5697245597839355,0.0003,0.4515773057937622,0.2,22.075992539525032,6010,,
1234944,606.0143,2264,545,1581.34,603,0.04326171875,0.007824683,-0.002676151876221411,-0.1877330888295546,9.420753479003906,0.0003,0.5258896350860596,0.2,22.997995921969412,6020,,
1236992,603.1372,2267,545,1572.54,604,0.038525390625,0.008771512,-0.0027968289461568928,-0.1501168926479295,8.559382438659668,0.0003,0.6133765578269958,0.2,16.90963025391102,6030,,
1239040,600.0586000000001,2270,545,1560.77,605,0.0212890625,0.0024909137,-0.0011092268832726404,-0.1266034071566537,9.415919303894043,0.0003,0.46098458766937256,0.2,30.8555177628994,6040,,
1240000,,,,,,0.033447265625,0.004098108,-0.002550726683693938,-0.12499595095869154,7.100897312164307,0.0003,0.6105682849884033,0.2,25.43640207052231,6050,699.046,1734.2
1241088,605.8570000000001,2277,544,1575.27,606,,,,,,,,,,,,
1243136,601.9798999999999,2280,545,1563.37,607,0.028857421875,0.002610046,0.00033944946771953256,-0.1469546416774392,11.67498779296875,0.0003,0.6163355112075806,0.2,19.342644101381303,6060,,
1245184,600.687,2283,545,1558.87,608,0.03740234375,0.004451593,-0.0039013305446133017,-0.1375714308116585,7.244784355163574,0.0003,0.4375476837158203,0.2,20.950664868950845,6070,,
1247232,600.0803999999999,2286,545,1556.63,609,0.03359375,0.0034734376,-0.002575453766621649,-0.16356812133453785,10.088787078857422,0.0003,0.4812503457069397,0.2,20.84815580248833,6080,,
1249280,599.7873,2289,545,1552.57,610,0.061669921875,0.004835698,-0.0020841908248257824,-0.17446889891289175,12.573328018188477,0.0003,0.5769295692443848,0.2,17.96615876853466,6090,,
1250000,,,,,,0.03037109375,0.0038303207,-0.0008158582480973564,-0.16440832333173602,5.862940311431885,0.0003,0.47262537479400635,0.2,19.751870688796043,6100,775.6200000000001,1949.6
1251328,603.5376,2297,544,1566.1,611,,,,,,,,,,,,
1253376,603.8586,2300,544,1566.99,612,0.047705078125,0.00563146,-0.0007127817560103721,-0.1762730234535411,5.79907751083374,0.0003,0.5518977642059326,0.2,18.23413031101227,6110,,
1255424,605.3565,2303,545,1573.21,613,0.044775390625,0.004683461,-0.0016568161721806974,-0.17421146035194396,8.929546356201172,0.0003,0.5818542838096619,0.2,18.027506011724473,6120,,
1257472,609.2546000000001,2305,545,1583.73,614,0.04130859375,0.008199977,-0.0022860440381919033,-0.1440457068150863,6.905200481414795,0.0003,0.5847479104995728,0.2,16.774945244193077,6130,,
1259520,608.5959,2308,545,1577.87,615,0.038427734375,0.0037738439,-0.001111370291619096,-0.18066357499919833,7.980788230895996,0.0003,0.6453081965446472,0.2,21.127406945824625,6140,,
1260000,,,,,,0.044970703125,0.00526979,-0.002495154795178678,-0.18579053594730793,10.633247375488281,0.0003,0.6374667882919312,0.2,20.13505826294422,6150,668.528,1712.2
1261568,607.5121,2316,544,1573.26,616,,,,,,,,,,,,
1263616,606.4812000000001,2319,544,1571.15,617,0.035205078125,0.003252841,-0.0024525623040972276,-0.15386758937966077,5.915146350860596,0.0003,0.6063930988311768,0.2,18.229992920160292,6160,,
1265664,610.0015,2322,545,1576.05,618,0.044482421875,0.004188505,0.0035629549791337924,-0.15517994770780205,10.179409980773926,0.0003,0.564620316028595,0.2,27.181594344973565,6170,,
1267712,616.8761,2325,545,1594.28,619,0.048974609375,0.003310923,9.463266469538212e-05,-0.16784433471038937,15.456049919128418,0.0003,0.5974025726318359,0.2,21.57305668592453,6180,,
1269760,623.3394999999999,2327,545,1612.43,620,0.036181640625,0.004670526,-0.0006626868853345513,-0.14846658743917943,8.921552658081055,0.0003,0.5319324135780334,0.2,20.671180126070976,6190,,
1270000,,,,,,0.05810546875,0.0047971196,-0.0026013287249952556,-0.18341994320508093,12.869308471679688,0.0003,0.4807007312774658,0.2,26.52529829442501,6200,790.2059999999999,2092.2
1271808,625.5359,2336,544,1618.89,621,,,,,,,,,,,,
1273856,618.5020000000001,2339,544,1593.39,622,0.029345703125,0.0076025715,-8.25316907139495e-05,-0.11683556938078254,8.829530715942383,0.0003,0.5707536339759827,0.2,20.804638814926147,6210,,
1275904,625.7701000000001,2342,544,1613.09,623,0.036572265625,0.0041629793,-0.0013425164041109383,-0.14060321452561766,14.281271934509277,0.0003,0.4664751887321472,0.2,26.495365726947785,6220,,
1277952,630.9531,2344,544,1625.91,624,0.03818359375,0.003083954,-0.0022217709774849936,-0.14158990874420851,9.720061302185059,0.0003,0.5377715826034546,0.2,20.876582193374634,6230,,
1280000,,,,,,0.040576171875,0.006191209,-0.0009811202573473566,-0.1701479058014229,8.144403457641602,0.0003,0.5412778258323669,0.2,20.6066914498806,6240,632.0319999999999,1527.6
1280000,636.8602000000001,2352,544,1638.41,625,,,,,,,,,,,,
1282048,640.7668,2355,544,1646.3,626,0.032177734375,0.0066266437,-0.0006662772124400362,-0.11241616539191454,11.789437294006348,0.0003,0.5403320789337158,0.2,23.822713482379914,6250,,
1284096,640.7668,2357,544,1646.3,627,0.029296875,0.0031209853,-0.002050471681286581,-0.1277381539111957,18.112062454223633,0.0003,0.5331437587738037,0.2,32.79005030095577,6260,,
1286144,641.1442000000001,2360,544,1645.96,628,0.042138671875,0.004319155,-0.0009182735011563636,-0.15841461843810975,7.340599536895752,0.0003,0.5413448810577393,0.2,19.184280678629875,6270,,
1288192,634.1514000000001,2363,545,1620.61,629,0.043798828125,0.0065991385,0.0007944889686768875,-0.13634778901468964,9.472692489624023,0.0003,0.5454245805740356,0.2,23.402336993813513,6280,,
1290000,,,,,,0.019140625,0.0020019447,-0.0016957140142039862,-0.09039026609389111,9.74158000946045,0.0003,0.5203059911727905,0.2,29.701891791820525,6290,712.05,1635.0
1290240,633.2673,2370,544,1616.71,630,,,,,,,,,,,,
1292288,639.2523,2373,544,1635.17,631,0.02236328125,0.0034926184,-0.0010828217607922852,-0.09138908516615629,9.617298126220703,0.0003,0.512582540512085,0.2,19.866222566366197,6300,,
1294336,637.6744,2376,544,1626.7,632,0.04208984375,0.0097693615,-0.002347499791358132,-0.12521569437813013,7.566824913024902,0.0003,0.4813274145126343,0.2,22.785345053672792,6310,,
1296384,645.8639000000001,2379,544,1646.91,633,0.020703125,0.006931259,-0.00013199622044339775,-0.0795405705808662,12.831175804138184,0.0003,0.4857780933380127,0.2,17.71421647667885,6320,,
1298432,646.4439,2381,545,1648.37,634,0.027490234375,0.0057885614,-0.0008354782446986064,-0.11912224808475003,10.355130195617676,0.0003,0.4530375599861145,0.2,21.373722630739213,6330,,
1300000,,,,,,0.03447265625,0.0059456183,-0.0036703496472910045,-0.1304667742457241,9.008804321289062,0.0003,0.5279184579849243,0.2,20.83115584254265,6340,696.1200000000001,1672.4
1300480,650.3232999999999,2389,544,1657.54,635,,,,,,,,,,,,
1302528,650.5427999999999,2392,544,1655.91,636,0.02294921875,0.0041606273,-0.0034915145370177925,-0.1096746061113663,9.72275161743164,0.0003,0.5890191793441772,0.2,20.27209849357605,6350,,
1304576,656.9449000000001,2395,544,1671.48,637,0.02919921875,0.0034576566,-0.0016384591901442036,-0.11633517586160451,7.0447468757629395,0.0003,0.41392838954925537,0.2,23.88290828168392,6360,,
1306624,656.9836,2398,544,1669.19,638,0.035400390625,0.003227984,-0.0009275182746932842,-0.11958997084293514,9.964941024780273,0.0003,0.5072519183158875,0.2,27.40999053120613,6370,,
1308672,655.9989999999999,2400,545,1667.19,639,0.04072265625,0.005685268,-0.0021878403291339054,-0.11119442755589262,5.209392547607422,0.0003,0.5038084983825684,0.2,16.049528217315675,6380,,
1310000,,,,,,0.029443359375,0.00557508,-0.0004573942715069279,-0.1155082979123108,7.837522029876709,0.0003,0.4423869848251343,0.2,19.679403427243233,6390,728.2959999999999,1692.4
1310720,659.0044,2408,544,1671.59,640,,,,,,,,,,,,
1312768,664.1800000000002,2411,544,1684.99,641,0.042724609375,0.010080289,-0.003461402843822725,-0.13050921198446302,15.344078063964844,0.0003,0.4853482246398926,0.2,23.812756657600403,6400,,
1314816,663.3838000000001,2414,544,1681.97,642,0.040234375,0.0033369404,-0.0016251530760200694,-0.13363789007999002,6.865610599517822,0.0003,0.4301503300666809,0.2,22.08302952349186,6410,,
1316864,660.9322999999999,2417,544,1666.01,643,0.036669921875,0.005285173,-0.0022826116968644784,-0.11776945625897497,9.991558074951172,0.0003,0.5382800102233887,0.2,21.75839757323265,6420,,
1318912,667.6361,2419,545,1683.74,644,0.03466796875,0.0033360831,-0.002425335661973804,-0.1189235539524816,11.492384910583496,0.0003,0.5778557062149048,0.2,21.979156228899956,6430,,
1320000,,,,,,0.02822265625,0.0027933903,-0.0012549591090646572,-0.11671295758569614,6.487649917602539,0.0003,0.4694299101829529,0.2,24.200307843089103,6440,600.936,1401.2
1320960,669.1531000000001,2426,544,1687.59,645,,,,,,,,,,,,
1323008,672.6381000000001,2429,544,1697.08,646,0.041845703125,0.004940929,-0.0018069885205477475,-0.12784989983774722,11.46436882019043,0.0003,0.5256773233413696,0.2,20.251883593201637,6450,,
1325056,667.2978000000002,2432,544,1680.27,647,0.039794921875,0.0046780813,-0.0007241167651955039,-0.10811082455329597,9.867600440979004,0.0003,0.5531843900680542,0.2,22.750258228182794,6460,,
1327104,664.1137999999999,2434,545,1670.27,648,0.03349609375,0.0053736605,-0.00037487032677745445,-0.08909783884882927,13.855517387390137,0.0003,0.4588004946708679,0.2,14.125553999841213,6470,,
1329152,667.7856999999999,2437,545,1679.67,649,0.0263671875,0.0034855036,-0.00303776743094204,-0.10087921150261536,7.4676361083984375,0.0003,0.37233269214630127,0.2,28.308544319868087,6480,,
1330000,,,,,,0.041162109375,0.00495618,-0.0021649877598974854,-0.1333647434366867,11.817231178283691,0.0003,0.5056897401809692,0.2,19.908868485689162,6490,801.692,2010.0
1331200,664.5617000000001,2446,544,1671.71,650,,,,,,,,,,,,
1333248,664.5617000000001,2449,544,1671.71,651,0.045458984375,0.0047018104,-0.0010910272801993414,-0.15753021936397998,13.703115463256836,0.0003,0.6147623062133789,0.2,24.606678530573845,6500,,
1335296,665.1359,2452,544,1676.79,652,0.04130859375,0.004584742,-0.0009503713488811627,-0.12801942873047664,4.914539337158203,0.0003,0.5748292803764343,0.2,12.655458569526672,6510,,
1337344,666.1304000000001,2454,544,1678.26,653,0.028125,0.003429064,-0.0005832636961713433,-0.11702838328201323,8.731127738952637,0.0003,0.49516528844833374,0.2,19.004818293452264,6520,,
1339392,661.7253,2457,544,1667.11,654,0.035009765625,0.0049476726,-0.002598298691737,-0.11138599852565675,7.781023025512695,0.0003,0.46142464876174927,0.2,22.113701742887496,6530,,
1340000,,,,,,0.0318359375,0.0036754278,-0.003372452848998364,-0.1234719511703588,14.168623924255371,0.0003,0.4818642735481262,0.2,37.019290286302564,6540,500.204,1174.0
1341440,660.9263000000001,2463,544,1665.53,655,,,,,,,,,,,,
1343488,668.6101,2466,544,1685.32,656,0.0287109375,0.0033138748,-0.0030889977846527473,-0.10560242581414059,9.339734077453613,0.0003,0.521552562713623,0.2,20.747706401348115,6550,,
1345536,652.6155999999999,2469,544,1634.62,657,0.03369140625,0.0039919633,-0.000135083933128044,-0.1368257158435881,9.820241928100586,0.0003,0.46248799562454224,0.2,22.083516576886176,6560,,
1347584,650.8183999999999,2472,545,1629.04,658,0.029833984375,0.002257983,-0.002812774165067822,-0.11496898465557023,26.1014404296875,0.0003,0.28523963689804077,0.2,39.91815558075905,6570,,
1349632,651.4321,2474,545,1631.23,659,0.050390625,0.0055913255,-0.003236383076000493,-0.14077222789637744,8.8065767288208,0.0003,0.6063812375068665,0.2,22.774227204918862,6580,,
1350000,,,,,,0.026708984375,0.002976555,0.00038151242188178003,-0.10422587119974196,6.607762336730957,0.0003,0.6581491231918335,0.2,15.766396552324295,6590,764.3280000000001,1984.2
1351680,650.3385,2483,544,1628.16,660,,,,,,,,,,,,
1353728,646.5494,2486,544,1618.39,661,0.052490234375,0.006648715,-6.998836761340499e-05,-0.16576154031790793,7.95974588394165,0.0003,0.45106470584869385,0.2,20.342715603113174,6600,,
1355776,647.4083,2489,544,1623.17,662,0.04482421875,0.0067529157,-0.0022305776132270695,-0.12584321120521053,7.510335922241211,0.0003,0.5709676742553711,0.2,17.729866847395897,6610,,
1357824,645.9086,2492,544,1619.29,663,0.0439453125,0.0037738727,-0.0026379674498457463,-0.1471121433423832,10.630380630493164,0.0003,0.5195914506912231,0.2,24.31188116967678,6620,,
1359872,648.186,2494,545,1627.5,664,0.02275390625,0.002936069,-0.00208006422908511,-0.10304670187178999,10.419283866882324,0.0003,0.5282243490219116,0.2,25.936384254693984,6630,,
1360000,,,,,,0.039892578125,0.005821817,-0.00401055405382067,-0.09968502406263724,8.828736305236816,0.0003,0.5200066566467285,0.2,16.356466718018055,6640,647.366,1577.8
1361920,653.9491,2502,544,1644.47,665,,,,,,,,,,,,
1363968,654.2808000000001,2505,544,1641.63,666,0.03232421875,0.005917835,-0.0015358369520981797,-0.1135676060221158,12.326132774353027,0.0003,0.6076748371124268,0.2,19.787155540287493,6650,,
1366016,662.6591000000001,2507,544,1664.22,667,0.033056640625,0.0044849794,-0.0017004790890496225,-0.10680815066443757,12.07610034942627,0.0003,0.5932663083076477,0.2,18.37284579873085,6660,,
1368064,663.5468999999998,2510,544,1663.25,668,0.044482421875,0.004269067,-0.001206492178607732,-0.1442793193971738,9.959486961364746,0.0003,0.44205397367477417,0.2,28.344658294320105,6670,,
1370000,,,,,,0.033740234375,0.003191576,-0.0011306585976853967,-0.11843941162806004,13.165499687194824,0.0003,0.5103912353515625,0.2,23.34653120934963,6680,657.6980000000001,1539.2
1370112,665.8128999999999,2517,544,1672.32,669,,,,,,,,,,,,
1372160,665.4357000000001,2520,544,1669.64,670,0.038720703125,0.0062267142,-0.001812468337448081,-0.12330394104355946,6.138104438781738,0.0003,0.557288646697998,0.2,15.482719966769219,6690,,
1374208,663.6396,2523,544,1665.57,671,0.03720703125,0.007988213,-0.0019919196754926817,-0.11682611843571067,6.460375785827637,0.0003,0.4059574604034424,0.2,23.070037215948105,6700,,
1376256,662.0544,2525,544,1661.49,672,0.03720703125,0.0094554825,-0.0032373036345234142,-0.1078617874183692,9.790711402893066,0.0003,0.5892226696014404,0.2,24.404312232136725,6710,,
1378304,661.1626999999999,2528,545,1655.83,673,0.032373046875,0.0036298041,-0.001171840578899719,-0.11007160436129197,6.173527717590332,0.0003,0.5155494213104248,0.2,21.067386066913606,6720,,
1380000,,,,,,0.038916015625,0.003450673,-0.0020047071477165444,-0.12355297573376448,10.893136978149414,0.0003,0.4519907832145691,0.2,28.506869745254516,6730,707.866,1898.8
1380352,659.3307999999998,2536,544,1654.14,674,,,,,,,,,,,,
1382400,661.1229999999999,2539,544,1660.82,675,0.039453125,0.0055216,-0.0008029231248656288,-0.1285675019957125,8.861475944519043,0.0003,0.6056030988693237,0.2,17.46950564980507,6740,,
1384448,662.8906999999999,2542,544,1667.61,676,0.04775390625,0.0046029184,-0.0013779579632682726,-0.1543744683265686,11.467345237731934,0.0003,0.37485718727111816,0.2,22.39049311429262,6750,,
1386496,662.8906999999999,2544,544,1667.61,677,0.03447265625,0.0024590455,-0.0017272170822252519,-0.13527177124051376,10.733904838562012,0.0003,0.4682267904281616,0.2,20.655893066525458,6760,,
1388544,671.9358,2547,545,1693.51,678,0.0458984375,0.010941159,-0.0015191040962236001,-0.15052777926903219,9.796496391296387,0.0003,0.5708072185516357,0.2,17.08168187737465,6770,,
1390000,,,,,,0.03505859375,0.0037263655,-0.0017516006715595721,-0.14958276310935617,11.075004577636719,0.0003,0.6253250241279602,0.2,20.819649496674536,6780,489.492,1242.6
1390592,670.2241,2553,544,1691.41,679,,,,,,,,,,,,
1392640,672.6133,2556,544,1698.09,680,0.03955078125,0.0053145518,-0.0029392020747764035,-0.13008002110291272,6.522532939910889,0.0003,0.6791238784790039,0.2,14.882746501266956,6790,,
1394688,673.6287,2559,544,1697.93,681,0.028369140625,0.0037052657,-0.0010580158632365055,-0.11883508046157658,9.259798049926758,0.0003,0.5726228356361389,0.2,24.351609215140343,6800,,
1396736,673.2277000000001,2562,545,1702.43,682,0.0326171875,0.0035056705,-0.0014701371372211724,-0.1346063059521839,8.17757797241211,0.0003,0.4587850570678711,0.2,22.729332798719405,6810,,
1398784,672.4309,2564,545,1699.75,683,0.0466796875,0.0059424974,-0.0004919583559967577,-0.12329868355300277,6.868984699249268,0.0003,0.492827832698822,0.2,22.72150890827179,6820,,
1400000,,,,,,0.040380859375,0.004335738,-0.0037552329493337313,-0.14192317915149033,8.125997543334961,0.0003,0.41452932357788086,0.2,28.5221347540617,6830,450.54200000000003,1017.2
1400832,672.9277999999999,2570,544,1701.09,684,,,,,,,,,,,,
1402880,673.0252,2573,545,1698.76,685,0.04306640625,0.0042976146,-0.0014767987944651396,-0.12732725366950035,8.473356246948242,0.0003,0.4133145809173584,0.2,20.67519896030426,6840,,
1404928,670.7554000000001,2576,545,1687.59,686,0.04267578125,0.005417755,-0.002394021861255169,-0.13793381430441515,12.106840133666992,0.0003,0.43431758880615234,0.2,32.91804255843162,6850,,
1406976,670.0517,2578,545,1686.51,687,0.027197265625,0.00411095,-0.0039681493246462194,-0.09134160330868327,8.846799850463867,0.0003,0.36719006299972534,0.2,25.006313171982764,6860,,
1409024,670.6922,2581,545,1692.83,688,0.0513671875,0.007953132,-0.005522067584388423,-0.11367461237823591,11.00719928741455,0.0003,0.4658362865447998,0.2,23.947435635328294,6870,,
1410000,,,,,,0.041796875,0.0040014517,0.00012551447143778206,-0.11427387585863472,7.157804489135742,0.0003,0.47987014055252075,0.2,20.384888607263566,6880,723.842,1665.8
1411072,677.5422,2589,544,1713.52,689,,,,,,,,,,,,
1413120,673.0592999999999,2592,545,1698.82,690,0.04658203125,0.007631796,0.0017300527426414192,-0.10559540615649894,14.063962936401367,0.0003,0.5271689295768738,0.2,22.143586084246635,6890,,
1415168,664.0903,2594,545,1675.78,691,0.029248046875,0.0056400457,-0.003527291190403048,-0.07774989848257974,12.46078109741211,0.0003,0.42923009395599365,0.2,23.012396124005317,6900,,
1417216,664.0903,2597,545,1675.78,692,0.023095703125,0.0029578772,-0.0015134331217268482,-0.07814568179892376,9.825796127319336,0.0003,0.41239678859710693,0.2,24.55941988825798,6910,,
1419264,660.3464000000001,2600,545,1663.09,693,0.04453125,0.005860645,-0.0015967707557138055,-0.1649916499387473,8.418158531188965,0.0003,0.37763679027557373,0.2,16.867111247777938,6920,,
1420000,,,,,,0.03173828125,0.0047907555,-0.0030397808674024417,-0.10699529297417029,7.94187068939209,0.0003,0.5661970376968384,0.2,21.781528475880624,6930,523.486,1291.8
1421312,662.947,2607,545,1670.49,694,,,,,,,,,,,,
1423360,659.1620999999999,2610,545,1660.1,695,0.0474609375,0.008324729,-0.00015250346332322805,-0.2126288446597755,14.877507209777832,0.0003,0.26525914669036865,0.2,19.412513568997383,6940,,
1425408,657.9584,2612,545,1656.25,696,0.03720703125,0.0069133407,-0.002867137565044686,-0.1115307978936471,5.648342609405518,0.0003,0.43095874786376953,0.2,16.99974242299795,6950,,
1427456,656.8756,2615,545,1653.38,697,0.036376953125,0.0037451135,-0.0011897152988240122,-0.14916526454035192,4.8861308097839355,0.0003,0.39281952381134033,0.2,23.921582078933717,6960,,
1429504,658.2067,2618,545,1655.78,698,0.032861328125,0.0039517125,-0.0002622536791022867,-0.1486911811865866,6.486044883728027,0.0003,0.5062594413757324,0.2,17.366443595290185,6970,,
1430000,,,,,,0.030615234375,0.0032520422,-0.0027029462973587213,-0.16732872684951872,10.173211097717285,0.0003,0.5280694961547852,0.2,22.903575101494788,6980,640.1960000000001,1535.2
1431552,653.0567000000001,2625,545,1642.26,699,,,,,,,,,,,,
1433600,653.3715,2628,545,1642.49,700,0.025146484375,0.002894916,-0.0013945675746072084,-0.1419207803439349,16.58137321472168,0.0003,0.5393962860107422,0.2,26.314667841792108,6990,,
1435648,653.3715,2631,545,1642.49,701,0.049462890625,0.004942827,-0.0023825987067539246,-0.23323288219980895,11.945906639099121,0.0003,0.44563066959381104,0.2,25.114745327830313,7000,,
1437696,655.5317000000001,2634,545,1651.45,702,0.040478515625,0.0028562802,-0.0004882046283455566,-0.17325218000914902,8.907114028930664,0.0003,0.5402683615684509,0.2,14.861964263021946,7010,,
1439744,653.4261000000001,2637,545,1645.04,703,0.04013671875,0.0039294767,-0.0023822757400921548,-0.18918844838626683,10.279812812805176,0.0003,0.5100032091140747,0.2,24.87792867720127,7020,,
1440000,,,,,,0.029541015625,0.0021638353,-0.0013033158029429615,-0.19870817796327173,11.290253639221191,0.0003,0.40647250413894653,0.2,29.02008076310158,7030,775.636,1914.4
1441792,660.5009,2645,544,1663.43,704,,,,,,,,,,,,
1443840,662.2931,2648,545,1670.87,705,0.034033203125,0.0029783351,-0.0006698686658637599,-0.18918620022013782,8.839996337890625,0.0003,0.5255504250526428,0.2,20.512139418721198,7040,,
1445888,661.9891,2651,545,1672.36,706,0.040185546875,0.0049776584,-0.0011586959910346196,-0.1983543023932725,7.743197917938232,0.0003,0.5470038652420044,0.2,20.110660177469253,7050,,
1447936,664.8816,2654,545,1681.38,707,0.040283203125,0.007682518,-0.0018866563070332632,-0.18157241628505288,7.351869106292725,0.0003,0.5514522194862366,0.2,19.852092301845552,7060,,
1449984,664.8082,2656,545,1680.27,708,0.034033203125,0.003938798,-0.004014069991535507,-0.15726650548167526,8.626343727111816,0.0003,0.4911448359489441,0.2,26.109828805923463,7070,,
1450000,,,,,,0.032080078125,0.0032444354,-0.0020558670279569925,-0.1433703293092549,26.04887580871582,0.0003,0.5158678889274597,0.2,22.062924732267856,7080,776.662,1995.6
1452032,662.2524000000001,2665,544,1675.03,709,,,,,,,,,,,,
1454080,654.1733,2668,544,1655.15,710,0.03427734375,0.0043863934,-0.0029180660887504926,-0.1341489132726565,8.615789413452148,0.0003,0.49365663528442383,0.2,24.712422612309457,7090,,
1456128,658.2721,2670,545,1667.88,711,0.025732421875,0.0034175515,-0.0017686752253212035,-0.09278495019534602,13.311919212341309,0.0003,0.4240436553955078,0.2,20.037514911592005,7100,,
1458176,659.5463000000001,2673,545,1673.83,712,0.036669921875,0.007986088,-0.0013621054022223689,-0.11839358722791075,12.326827049255371,0.0003,0.6123000383377075,0.2,17.03502338975668,7110,,
1460000,,,,,,0.040234375,0.0070156353,0.0005140705354278908,-0.1634838033467531,9.38763427734375,0.0003,0.5561764240264893,0.2,22.84605915546417,7120,707.538,1695.4
1460224,659.2545,2681,544,1668.66,713,,,,,,,,,,,,
1462272,657.7594,2684,544,1665.64,714,0.0427734375,0.0043907138,-0.0022634341788943858,-0.14701891802251338,9.721278190612793,0.0003,0.5733423829078674,0.2,20.196024185419084,7130,,
1464320,655.7945000000001,2686,545,1659.15,715,0.02529296875,0.002399128,-0.0011843193860840984,-0.16303715948015451,14.775371551513672,0.0003,0.45531994104385376,0.2,32.49513751268387,7140,,
1466368,656.3046,2689,545,1659.89,716,0.04404296875,0.006811039,-0.003302055032690987,-0.1407283476088196,7.324036121368408,0.0003,0.5317827463150024,0.2,19.504191210865976,7150,,
1468416,652.8807999999999,2692,545,1653.85,717,0.034521484375,0.003253027,-0.0011240671534324064,-0.11922326085623354,9.230408668518066,0.0003,0.645927906036377,0.2,14.643985587358475,7160,,
1470000,,,,,,0.039501953125,0.005271513,-0.0024594429967692124,-0.12997149733128027,10.107649803161621,0.0003,0.4196038842201233,0.2,26.472128215432168,7170,898.5779999999999,2524.4
1470464,653.7761999999999,2702,544,1655.84,718,,,,,,,,,,,,
1472512,647.9956,2705,544,1638.8,719,0.03896484375,0.00459779,-0.002212901008897461,-0.15533539440948516,10.596342086791992,0.0003,0.4109812378883362,0.2,27.369518610835076,7180,,
1474560,647.2764999999999,2708,544,1640.86,720,0.028759765625,0.0037100958,-0.0016957632004050538,-0.1422986028017476,12.299057006835938,0.0003,0.3354176878929138,0.2,28.761701411008836,7190,,
1476608,646.4818,2711,544,1639.95,721,0.0408203125,0.005160035,-0.0018702931760344655,-0.15853562424890696,6.7268452644348145,0.0003,0.5250635147094727,0.2,16.90325615555048,7200,,
1478656,641.3783000000001,2713,544,1629.69,722,0.03291015625,0.0031619738,-0.0013165393873350694,-0.14030954816844315,6.827538967132568,0.0003,0.569907009601593,0.2,20.290864673256873,7210,,
1480000,,,,,,0.029443359375,0.0044610724,-0.0021153012770810165,-0.13560237344354392,7.614777565002441,0.0003,0.4927281141281128,0.2,26.030349093675614,7220,607.2360000000001,1484.8
1480704,641.8430000000001,2720,544,1634.81,723,,,,,,,,,,,,
1482752,633.2352000000001,2723,544,1613.53,724,0.060205078125,0.0074979067,-0.002476705252774991,-0.17717679268680514,16.213346481323242,0.0003,0.43416446447372437,0.2,23.02026078402996,7230,,
1484800,630.3278,2726,544,1607.34,725,0.0384765625,0.0036044102,-0.00252125388069544,-0.12964762868359686,9.237154006958008,0.0003,0.4616859555244446,0.2,31.401517614722252,7240,,
1486848,631.7861,2729,544,1613.32,726,0.03310546875,0.006390867,-0.002791557228192687,-0.13068049976136537,32.319217681884766,0.0003,0.4085594415664673,0.2,30.98835482597351,7250,,
1488896,630.2948,2731,544,1608.68,727,0.047119140625,0.0053776256,-0.0017470856342697515,-0.17830159557051956,6.433653354644775,0.0003,0.5637705326080322,0.2,19.58133707344532,7260,,
1490000,,,,,,0.038818359375,0.0033251792,-0.0027122614585096015,-0.12660109761636704,12.834824562072754,0.0003,0.5201320648193359,0.2,23.426043924689292,7270,640.424,1617.4
1490944,628.1299999999999,2739,544,1601.58,728,,,,,,,,,,,,
1492992,633.1994,2742,544,1617.07,729,0.03369140625,0.0034314985,-0.0015881690706009977,-0.13338594639208168,10.259329795837402,0.0003,0.49884915351867676,0.2,21.923184105753897,7280,,
1495040,631.7461,2744,544,1610.51,730,0.046728515625,0.005806289,-0.001055474381428212,-0.16016414929181338,6.798222541809082,0.0003,0.5774611234664917,0.2,22.875260323286057,7290,,
1497088,631.1725,2747,544,1608.29,731,0.038330078125,0.0054297205,-0.004541567957494408,-0.13387421780498698,7.198007106781006,0.0003,0.5600427985191345,0.2,21.932356348633768,7300,,
1499136,625.5168,2750,545,1590.83,732,0.0265625,0.0043441993,-0.0019042763728066348,-0.12795866935048253,7.195312976837158,0.0003,0.5140343904495239,0.2,20.04952090084553,7310,,
1500000,,,,,,0.034912109375,0.004404262,-0.002221759024541825,-0.11943622198887169,7.622918605804443,0.0003,0.391443133354187,0.2,22.120610795915127,7320,826.9480000000001,2010.0
1501184,631.8026,2758,544,1609.04,733,,,,,,,,,,,,
1503232,636.9172999999998,2761,544,1622.66,734,0.040087890625,0.006503126,-0.002242874083458446,-0.13246016970369964,6.325645923614502,0.0003,0.5169923901557922,0.2,20.33782033920288,7330,,
1505280,639.1836,2764,544,1629.56,735,0.042626953125,0.0038999668,-0.0021377909084549173,-0.13301082926336677,9.348470687866211,0.0003,0.5452686548233032,0.2,21.514346411824228,7340,,
1507328,638.1856,2767,544,1627.42,736,0.029541015625,0.0035908243,-0.0014206906460458412,-0.13543396042659878,5.019353866577148,0.0003,0.4880748987197876,0.2,19.794847744703294,7350,,
1509376,645.0827,2770,544,1644.5,737,0.024365234375,0.001971912,-0.0007869584675063379,-0.10619635580806061,7.401513576507568,0.0003,0.472321093082428,0.2,19.93264684379101,7360,,
1510000,,,,,,0.036572265625,0.005445931,-0.001935485191643238,-0.12138072914676741,16.50357437133789,0.0003,0.5167690515518188,0.2,24.636906006932257,7370,640.9200000000001,1388.4
1511424,650.3743,2777,544,1660.19,738,,,,,,,,,,,,
1513472,650.3743,2779,544,1660.19,739,0.04033203125,0.0052381465,-0.0008833174622850492,-0.14195302829612047,5.871318340301514,0.0003,0.540472149848938,0.2,19.37413567751646,7380,,
1515520,651.6487000000001,2782,544,1664.52,740,0.033154296875,0.0035636383,-0.002353825962927658,-0.1322066730586812,5.319549560546875,0.0003,0.19169700145721436,0.2,18.354664194583894,7390,,
1517568,652.2125,2785,544,1664.8,741,0.048193359375,0.0076651345,-0.0031948279472999276,-0.11763645719038322,5.5237202644348145,0.0003,0.5079975128173828,0.2,18.40621647834778,7400,,
1519616,655.0336,2788,544,1670.47,742,0.030615234375,0.003832155,-0.001617364672711119,-0.1165891075390391,11.485954284667969,0.0003,0.5703632831573486,0.2,24.610084202885627,7410,,
1520000,,,,,,0.05048828125,0.008123159,-0.004865340374817606,-0.13464357873890548,13.216402053833008,0.0003,0.644252598285675,0.2,19.23568910062313,7420,708.058,1742.6
1521664,653.5573999999999,2795,544,1663.14,743,,,,,,,,,,,,
1523712,654.4505999999999,2798,544,1666.59,744,0.0310546875,0.0033401928,-0.0019353499737917446,-0.12920717897359282,11.640567779541016,0.0003,0.496015727519989,0.2,22.523263186216354,7430,,
1525760,658.8265999999999,2801,544,1677.11,745,0.03916015625,0.0051022065,-0.0024797991092782466,-0.1121552032767795,11.708617210388184,0.0003,0.5338726043701172,0.2,21.143701559305192,7440,,
1527808,658.5347999999999,2804,544,1675.1,746,0.040478515625,0.0058380486,-0.0009507276496151462,-0.12882799602812156,8.098587036132812,0.0003,0.5066368579864502,0.2,18.94987298697233,7450,,
1529856,661.1721000000001,2807,544,1680.01,747,0.026513671875,0.0024920409,-8.323831716552376e-05,-0.10792293573031202,7.295790195465088,0.0003,0.4946652054786682,0.2,12.962664510309697,7460,,
1530000,,,,,,0.0357421875,0.0032329834,-0.0020482954394537957,-0.15211033704690635,18.222898483276367,0.0003,0.4896971583366394,0.2,23.746251371502876,7470,770.176,2035.2
1531904,660.2685,2815,544,1676.96,748,,,,,,,,,,,,
1533952,656.3769,2818,544,1665.73,749,0.051708984375,0.0051956223,-0.00553852972225286,-0.15349623295478523,11.580367088317871,0.0003,0.5061399936676025,0.2,22.16019570827484,7480,,
1536000,649.0165999999999,2821,544,1643.56,750,0.0376953125,0.003973887,-0.003134614886948839,-0.12110637999139726,18.918167114257812,0.0003,0.4792649745941162,0.2,31.335450309515,7490,,
1538048,650.7315,2823,544,1646.5,751,0.023486328125,0.0032853722,-0.004019093685201369,-0.07748270874726586,8.068429946899414,0.0003,0.4718066453933716,0.2,23.89034739434719,7500,,
1540000,,,,,,0.046826171875,0.0075638173,-0.0021076799690490588,-0.13489161976613104,15.802352905273438,0.0003,0.5791622996330261,0.2,20.882279059290887,7510,631.446,1517.8
1540096,653.0365999999999,2831,543,1653.68,752,,,,,,,,,,,,
1542144,657.4073,2834,544,1664.79,753,0.033642578125,0.005119589,-0.001396305108210072,-0.12036937330849469,8.833710670471191,0.0003,0.5490157604217529,0.2,20.711031866073608,7520,,
1544192,652.4316,2836,544,1653.92,754,0.04990234375,0.0063457033,-0.002144746159319766,-0.13574584519956262,15.896549224853516,0.0003,0.531304121017456,0.2,27.472684308886528,7530,,
1546240,648.5008,2839,544,1635.96,755,0.034765625,0.0047110375,-0.0048376098595326765,-0.10624349365243688,15.793270111083984,0.0003,0.45158058404922485,0.2,27.764139196276666,7540,,
1548288,641.2734000000002,2842,544,1612.25,756,0.03193359375,0.0062158667,-0.004445388657040894,-0.08776932869805024,9.428413391113281,0.0003,0.5973231792449951,0.2,22.68266406953335,7550,,
1550000,,,,,,0.0150390625,0.0014957131,-0.0010971649229759351,-0.08062676379922777,8.418991088867188,0.0003,0.48653650283813477,0.2,21.08978015780449,7560,614.47,1640.2
1550336,639.6889000000001,2850,543,1609.96,757,,,,,,,,,,,,
1552384,642.0028000000001,2852,544,1614.82,758,0.03369140625,0.0045131273,-0.0026877665004576556,-0.0922409673628863,14.807226181030273,0.0003,0.6302114725112915,0.2,19.432534936070443,7570,,
1554432,643.6982,2855,544,1616.81,759,0.038720703125,0.0046867384,-0.0022725140675902366,-0.12376689785160125,9.145235061645508,0.0003,0.5130907893180847,0.2,21.621483933925628,7580,,
1556480,643.6982,2858,544,1616.81,760,0.025146484375,0.0038360714,-0.00197264326561708,-0.09045647386228665,9.317780494689941,0.0003,0.5679717063903809,0.2,24.970203763246538,7590,,
1558528,650.37,2861,544,1633.46,761,0.044287109375,0.006073131,-0.0005160774875548668,-0.11731746771838517,6.033205032348633,0.0003,0.24453246593475342,0.2,14.448679146170615,7600,,
1560000,,,,,,0.028515625,0.004312899,-0.002785840738215484,-0.09001525106141343,14.002067565917969,0.0003,0.35736048221588135,0.2,29.973634865880012,7610,749.644,1849.4
1560576,652.051,2869,543,1635.65,762,,,,,,,,,,,,
1562624,652.051,2872,544,1635.65,763,0.031005859375,0.0041355216,-0.0006973671115702018,-0.09964136146008969,6.260603904724121,0.0003,0.6018378734588623,0.2,16.785763651132584,7620,,
1564672,654.6214000000001,2875,544,1646.19,764,0.047509765625,0.0051669977,-0.0012474132847273723,-0.14632943279575555,8.793750762939453,0.0003,0.44117945432662964,0.2,16.703292261064053,7630,,
1566720,658.6007000000001,2877,544,1657.12,765,0.033740234375,0.006792862,-0.003221576299984008,-0.11585855435114353,9.24185848236084,0.0003,0.5379947423934937,0.2,17.063391876220702,7640,,
1568768,659.9754,2880,544,1663.21,766,0.030029296875,0.0053280653,-0.0019902467873180287,-0.11596603783546015,7.966187953948975,0.0003,0.548546314239502,0.2,21.62487609386444,7650,,
1570000,,,,,,0.028466796875,0.003927895,-0.0004906175774522126,-0.11356790384743362,5.319173812866211,0.0003,0.5803617238998413,0.2,14.57227863073349,7660,622.136,1565.8
1570816,657.9968000000001,2887,543,1660.15,767,,,,,,,,,,,,
1572864,659.9470999999999,2890,544,1671.66,768,0.032568359375,0.0024551759,-0.0012284204363822936,-0.11544268529396504,10.806740760803223,0.0003,0.5635786056518555,0.2,25.350354686379433,7670,,
1574912,657.4978,2893,544,1661.12,769,0.0232421875,0.0038292329,-0.0008196110095013865,-0.10311783861834556,10.850457191467285,0.0003,0.659164309501648,0.2,20.75527503788471,7680,,
1576960,654.2672000000001,2896,544,1650.81,770,0.0259765625,0.0033181245,-0.002612904540728778,-0.08232121663168072,9.635502815246582,0.0003,0.5417402982711792,0.2,17.3174477994442,7690,,
1579008,659.8896000000001,2899,544,1668.9,771,0.01923828125,0.0020418384,-0.0005847433392773382,-0.07937039101379924,11.95283317565918,0.0003,0.4810108542442322,0.2,22.804700314998627,7700,,
1580000,,,,,,0.041455078125,0.0057956297,-0.0013549987867008894,-0.13918758400250225,8.035981178283691,0.0003,0.5170435905456543,0.2,22.624164515733717,7710,400.09600000000006,936.4
1581056,659.8896000000001,2904,544,1668.9,772,,,,,,,,,,,,
1583104,663.2855000000001,2907,544,1677.51,773,0.023583984375,0.0025414638,0.00040547062671976165,-0.10910026672063396,10.127312660217285,0.0003,0.41433417797088623,0.2,16.34285294264555,7720,,
1585152,666.6703000000001,2910,544,1686.33,774,0.0236328125,0.0024851146,-0.0020990876204450616,-0.09340694530401379,13.956892013549805,0.0003,0.46752870082855225,0.2,21.16899531185627,7730,,
1587200,672.4561000000001,2913,544,1702.13,775,0.04814453125,0.0063147373,-0.002823080265079625,-0.12720342215616257,5.040268898010254,0.0003,0.4895428419113159,0.2,16.79668271690607,7740,,
1589248,672.6574,2916,544,1702.68,776,0.02177734375,0.0024237144,-0.0007265275635290891,-0.09300524670397863,7.646777629852295,0.0003,0.42736363410949707,0.2,17.84551331996918,7750,,
1590000,,,,,,0.03935546875,0.007835053,-0.0035652523540193213,-0.11886057779192924,8.931591033935547,0.0003,0.46837759017944336,0.2,19.322362422943115,7760,569.606,1407.6
1591296,667.0257999999999,2922,544,1688.52,777,,,,,,,,,,,,
1593344,671.1734,2925,544,1704.3,778,0.02333984375,0.003383044,-0.0013839588733389973,-0.10270809391513466,23.898046493530273,0.0003,0.45186901092529297,0.2,21.755646967887877,7770,,
1595392,669.9708999999999,2928,544,1701.73,779,0.031787109375,0.0028186175,-0.001827595529903192,-0.1282210096716881,5.704812526702881,0.0003,0.538657546043396,0.2,19.324214780330657,7780,,
1597440,671.7805000000001,2931,544,1707.23,780,0.02724609375,0.0039818506,-0.00143297323375009,-0.0960144541459158,9.80333423614502,0.0003,0.5804488062858582,0.2,17.541286650300027,7790,,
1599488,671.3708,2934,545,1706.02,781,0.026708984375,0.0026083046,-0.0006894463018397801,-0.11394369980553165,8.336833000183105,0.0003,0.515222430229187,0.2,17.84477130174637,7800,,
1600000,,,,,,0.049853515625,0.0056972243,-0.004675343324197456,-0.12276725668925792,6.19431209564209,0.0003,0.6165311932563782,0.2,18.733395540714262,7810,774.2940000000001,1973.0
1601536,672.9322000000002,2942,544,1713.64,782,,,,,,,,,,,,
1603584,674.7932000000001,2945,544,1719.29,783,0.033447265625,0.005081298,-0.0007895314061897807,-0.13047866788692772,7.0188751220703125,0.0003,0.5146459341049194,0.2,16.23708698451519,7820,,
1605632,672.5927,2948,544,1715.3,784,0.027685546875,0.003031379,-0.0018369782279478385,-0.11114456453360617,11.013653755187988,0.0003,0.4538121223449707,0.2,22.75723855495453,7830,,
1607680,671.2096,2951,544,1709.09,785,0.03095703125,0.0048263255,-0.001455994779826142,-0.13417566020507365,6.446169853210449,0.0003,0.5319506525993347,0.2,15.895168082416058,7840,,
1609728,671.2096,2953,544,1709.09,786,0.03720703125,0.004569268,0.0001966143856407143,-0.12245703701628372,5.972724914550781,0.0003,0.5619313716888428,0.2,17.929588176310062,7850,,
1610000,,,,,,0.0408203125,0.0037339143,-0.0012429309310391546,-0.15507170024793596,7.063546180725098,0.0003,0.3792785406112671,0.2,13.403652141988278,7860,696.5219999999999,1800.0
1611776,673.6192,2961,544,1717.65,787,,,,,,,,,,,,
1613824,670.9308000000002,2964,544,1708.18,788,0.02841796875,0.0031375135,-0.0024224616587162017,-0.13302479460835456,10.435404777526855,0.0003,0.4652734398841858,0.2,29.095287328958513,7870,,
1615872,670.7385,2967,544,1705.33,789,0.0240234375,0.0032619643,-0.0006527533056214452,-0.12516402893234044,7.171046733856201,0.0003,0.5371526479721069,0.2,18.38388961702585,7880,,
1617920,663.1266,2970,544,1688.62,790,0.027880859375,0.0041853264,-0.0029782906814943997,-0.10312088478822261,7.690404415130615,0.0003,0.522821307182312,0.2,19.725153237581253,7890,,
1619968,662.1431,2973,544,1684.25,791,0.029345703125,0.0034540687,-0.002402031800011173,-0.09198188353329897,19.403284072875977,0.0003,0.5656799077987671,0.2,20.450220972299576,7900,,
1620000,,,,,,0.03115234375,0.0030064748,-0.0012819786148611455,-0.11043482617242262,9.093250274658203,0.0003,0.5688830614089966,0.2,20.875185626745225,7910,641.228,1690.8
1622016,664.8862000000001,2980,544,1696.48,792,,,,,,,,,,,,
1624064,668.8611999999999,2983,544,1707.18,793,0.041943359375,0.0047339117,-0.0015722236697911286,-0.14665269365068526,12.31907844543457,0.0003,0.5542266368865967,0.2,24.831331515312193,7920,,
1626112,675.9128000000002,2986,544,1727.01,794,0.04345703125,0.004216104,-0.0025377252721227707,-0.14994037381839007,9.322983741760254,0.0003,0.6316686868667603,0.2,20.9630528151989,7930,,
1628160,675.9128000000002,2989,544,1727.01,795,0.041650390625,0.004103446,-0.0008098812279058621,-0.14375153789296746,4.869945049285889,0.0003,0.43834245204925537,0.2,24.313190212845804,7940,,
1630000,,,,,,0.0296875,0.004128267,-0.0022328291437588633,-0.12349597730208188,8.362677574157715,0.0003,0.4967658519744873,0.2,15.089021705091,7950,658.8320000000001,1635.2
1630208,679.6773,2996,544,1737.48,796,,,,,,,,,,,,
1632256,677.814,2999,544,1731.52,797,0.0357421875,0.003000486,-0.0015202918628347106,-0.12717627214733512,9.1824369430542,0.0003,0.5170961618423462,0.2,19.03913733661175,7960,,
1634304,675.7870999999999,3001,544,1731.51,798,0.03447265625,0.0051853624,-0.0025400395592441783,-0.1109896809561178,9.32337474822998,0.0003,0.4843643307685852,0.2,20.048879939317704,7970,,
1636352,675.7870999999999,3004,544,1731.51,799,0.032177734375,0.0031456393,-0.003372427278372925,-0.10717867750208825,7.784849166870117,0.0003,0.5331212282180786,0.2,20.32850851267576,7980,,
1638400,678.9097000000002,3007,544,1739.28,800,0.037109375,0.00564169,-0.002189237765560392,-0.14122305833734572,10.309945106506348,0.0003,0.5281617641448975,0.2,19.544462141394614,7990,,
1640000,,,,,,0.03330078125,0.003943528,-0.004487994324881584,-0.09451297762570902,8.46689224243164,0.0003,0.53330397605896,0.2,18.510324069857596,8000,704.588,1764.2
1640448,677.6873,3015,544,1738.4,801,,,,,,,,,,,,
1642496,677.5862,3018,544,1738.68,802,0.029736328125,0.0037399875,-0.0015747390658361836,-0.1079642984783277,9.244034767150879,0.0003,0.4722025394439697,0.2,20.974495419859885,8010,,
1644544,681.8738000000001,3021,544,1746.99,803,0.033056640625,0.00664037,-0.0004182262375252321,-0.13335694253910332,13.604710578918457,0.0003,0.38470399379730225,0.2,26.270964443683624,8020,,
1646592,683.2716000000001,3024,544,1749.71,804,0.03505859375,0.0038642497,-0.002488213940523565,-0.13349447431974112,12.563546180725098,0.0003,0.5612877607345581,0.2,26.176876854896545,8030,,
1648640,690.1602,3027,544,1767.3,805,0.035546875,0.0065108547,-0.0024581346282502637,-0.1474766230909154,9.093968391418457,0.0003,0.5472903847694397,0.2,27.035425278544427,8040,,
1650000,,,,,,0.039453125,0.006393403,-0.004738876587362028,-0.16930871941149234,8.125945091247559,0.0003,0.6519878506660461,0.2,21.22446914613247,8050,585.49,1416.8
1650688,683.3969000000001,3033,544,1748.69,806,,,,,,,,,,,,
1652736,684.0874,3036,544,1751.45,807,0.039013671875,0.0058040954,-0.0019179806011379696,-0.13902870370075107,12.701285362243652,0.0003,0.4709715247154236,0.2,24.552646254003047,8060,,
1654784,682.2284,3039,544,1741.36,808,0.04345703125,0.008670223,-0.0014027239405550063,-0.14936563356313853,5.16053581237793,0.0003,0.6843223571777344,0.2,15.757136952877044,8070,,
1656832,685.0971,3042,544,1749.88,809,0.030810546875,0.0038984397,-0.0033056821426725945,-0.12810899403411896,5.118309020996094,0.0003,0.54969722032547,0.2,23.156384426355363,8080,,
1658880,689.4992,3045,544,1758.93,810,0.042138671875,0.0059155812,-0.0016943835304118692,-0.13398265400901438,10.502820014953613,0.0003,0.5047056674957275,0.2,20.761080157756805,8090,,
1660000,,,,,,0.042431640625,0.0070175794,-0.001513892351067625,-0.13430305181536822,13.02254581451416,0.0003,0.3058469891548157,0.2,29.71421952843666,8100,541.38,1942.8
1660928,692.0809999999999,3053,544,1764.93,811,,,,,,,,,,,,
1662976,691.6029999999998,3055,544,1763.68,812,0.03525390625,0.0032102414,-0.002008969715097919,-0.15013415657449514,10.786620140075684,0.0003,0.4041377902030945,0.2,29.588111609220505,8110,,
1665024,691.6029999999998,3058,544,1763.68,813,0.044873046875,0.009392822,-0.0018618710018927231,-0.1907007650937885,6.757847309112549,0.0003,0.6262706518173218,0.2,15.55796488672495,8120,,
1667072,688.4013999999999,3061,544,1755.08,814,0.0423828125,0.0044679763,-0.003323722166533116,-0.1532507840776816,9.853702545166016,0.0003,0.5288683176040649,0.2,15.76919952481985,8130,,
1669120,687.5758000000001,3064,544,1754.52,815,0.028662109375,0.0030437233,-0.001848808760405518,-0.1299328436842188,10.766463279724121,0.0003,0.4937404990196228,0.2,29.122768622636794,8140,,
1670000,,,,,,0.043212890625,0.0070609655,-0.0028325640625553204,-0.1788650976261124,11.704048156738281,0.0003,0.5017925500869751,0.2,21.619145810604095,8150,597.914,1372.4
1671168,686.4499,3070,544,1752.34,816,,,,,,,,,,,,
1673216,686.5414999999999,3073,544,1752.91,817,0.0419921875,0.005420071,-0.0023162095341831444,-0.1693176272092387,7.482431411743164,0.0003,0.6521071195602417,0.2,21.24201123714447,8160,,
1675264,690.4476,3076,544,1762.63,818,0.049560546875,0.005711203,-0.004068361571989953,-0.15348648061044515,21.284868240356445,0.0003,0.5287426710128784,0.2,22.34567568898201,8170,,
1677312,688.9914,3079,544,1759.43,819,0.036962890625,0.0036892837,-0.002082745369989425,-0.15361022241413594,9.042498588562012,0.0003,0.5173707008361816,0.2,21.769087609648704,8180,,
1679360,688.9914,3081,544,1759.43,820,0.0376953125,0.0053441087,-0.0023471602966310457,-0.12610485998447984,9.156832695007324,0.0003,0.618468165397644,0.2,22.02059251964092,8190,,
1680000,,,,,,0.041552734375,0.005012966,-0.0006312403624178841,-0.15733458718750626,7.491967678070068,0.0003,0.569226861000061,0.2,15.607683077454567,8200,868.3280000000001,2274.6
1681408,687.7026000000001,3090,543,1758.94,821,,,,,,,,,,,,
1683456,688.5211999999999,3093,544,1759.04,822,0.038427734375,0.005011881,-0.0005687027922249399,-0.13678557658568025,9.091636657714844,0.0003,0.563753604888916,0.2,19.60143774151802,8210,,
1685504,687.6006000000001,3096,544,1757.29,823,0.040966796875,0.0039672162,-0.0024141747038811446,-0.13562683367636055,7.358784198760986,0.0003,0.510505735874176,0.2,18.702855390310287,8220,,
1687552,684.8212,3099,544,1748.23,824,0.031640625,0.0044414257,-0.0011360162461642176,-0.12426795200444758,13.411700248718262,0.0003,0.5454819798469543,0.2,22.964112770557403,8230,,
1689600,684.4554999999999,3102,544,1747.26,825,0.032470703125,0.004032165,-0.0011055321083404124,-0.12224161676131189,4.544059753417969,0.0003,0.4975994825363159,0.2,12.469570504128933,8240,,
1690000,,,,,,0.042041015625,0.005674049,-0.0034834692647564224,-0.13628307732287795,7.144569396972656,0.0003,0.570090651512146,0.2,20.891854897141457,8250,724.6220000000001,1848.0
1691648,681.1748,3110,543,1742.94,826,,,,,,,,,,,,
1693696,680.9811000000002,3113,544,1740.07,827,0.025146484375,0.0035815868,-0.0019154796143993735,-0.11739566952455789,6.1905927658081055,0.0003,0.48009049892425537,0.2,19.633799830079077,8260,,
1695744,681.0678000000001,3116,544,1739.87,828,0.02490234375,0.0019654494,-0.0012762137863319366,-0.11633084749337286,5.808125019073486,0.0003,0.4364234209060669,0.2,21.57331320643425,8270,,
1697792,679.5696,3118,544,1735.66,829,0.03955078125,0.004473556,-0.0013501997629646212,-0.13319348767399788,7.264894485473633,0.0003,0.47112345695495605,0.2,18.394526040554048,8280,,
1699840,679.8795999999999,3121,544,1736.89,830,0.038330078125,0.004537167,-0.0018479888356523588,-0.12805415743496268,9.617223739624023,0.0003,0.49116045236587524,0.2,19.424491500854494,8290,,
1700000,,,,,,0.02568359375,0.0029349048,-0.0011065899874665775,-0.12861141441389917,9.489548683166504,0.0003,0.4272221326828003,0.2,25.984867483377457,8300,671.5400000000001,1629.6
1701888,681.5752,3129,543,1740.58,831,,,,,,,,,,,,
1703936,677.5233999999999,3131,544,1732.8,832,0.0439453125,0.0077241566,-0.0010538821545196698,-0.14641203589271753,12.116082191467285,0.0003,0.4853723645210266,0.2,23.07507760822773,8310,,
1705984,676.3566999999998,3134,544,1731.41,833,0.0330078125,0.004157898,-0.0018893820539233274,-0.12861392120830714,11.893689155578613,0.0003,0.5926836133003235,0.2,25.14717660844326,8320,,
1708032,678.0163999999999,3137,544,1737.51,834,0.0365234375,0.007360954,-0.001463626348413527,-0.13181316896807402,8.66170597076416,0.0003,0.4819124937057495,0.2,20.55414647758007,8330,,
1710000,,,,,,0.03076171875,0.0024656674,-0.0010032860707724466,-0.12463676132028922,13.323137283325195,0.0003,0.549279510974884,0.2,28.14417618215084,8340,725.764,1799.8
1710080,681.1016999999998,3145,543,1748.31,835,,,,,,,,,,,,
1712128,677.2067000000002,3148,543,1737.82,836,0.043408203125,0.005543178,-0.0027775707232649436,-0.12378717008978128,6.232683181762695,0.0003,0.5179893970489502,0.2,20.129361698031424,8350,,
1714176,680.1912000000001,3151,543,1745.13,837,0.033740234375,0.0041071847,-0.0008530772756785154,-0.10339185727061703,7.625529766082764,0.0003,0.44493013620376587,0.2,16.19988657236099,8360,,
1716224,678.186,3154,544,1741.65,838,0.040673828125,0.0030708,-0.0018247806205181406,-0.14146783207543195,6.921024799346924,0.0003,0.3883644938468933,0.2,20.093957036733627,8370,,
1718272,678.8478,3157,544,1745.14,839,0.024462890625,0.0049400805,-0.0005780551204225048,-0.10149918951792643,4.208977699279785,0.0003,0.4694809317588806,0.2,17.002909784018993,8380,,
1720000,,,,,,0.03369140625,0.004602245,-0.0042339784995419905,-0.10743978593964129,8.665058135986328,0.0003,0.5228675603866577,0.2,20.31121306717396,8390,709.766,1656.0
1720320,681.8372000000002,3164,543,1751.86,840,,,,,,,,,,,,
1722368,685.591,3167,543,1765.38,841,0.021728515625,0.001751432,-0.0011861822014907375,-0.1241124145919457,10.82524585723877,0.0003,0.44227343797683716,0.2,24.960431456565857,8400,,
1724416,688.0894000000001,3170,543,1771.31,842,0.03564453125,0.0039091418,-0.0015948952859616838,-0.1498056550975889,10.019135475158691,0.0003,0.5298643112182617,0.2,18.57548860013485,8410,,
1726464,691.2647999999999,3173,544,1781.29,843,0.041064453125,0.0032101911,-0.0017930923320818692,-0.14862344232387842,10.192968368530273,0.0003,0.6285980939865112,0.2,19.869549903273583,8420,,
1728512,694.1409,3176,544,1790.39,844,0.04072265625,0.0077380026,-0.002185879161697812,-0.1705749406479299,6.92052698135376,0.0003,0.5712506771087646,0.2,20.567508035898207,8430,,
1730000,,,,,,0.047900390625,0.003883162,-0.001783122096094303,-0.18665184711571783,8.063014030456543,0.0003,0.5906627178192139,0.2,18.011226004362108,8440,682.874,1677.8
1730560,694.6080000000001,3183,543,1791.75,845,,,,,,,,,,,,
1732608,695.0862000000001,3186,543,1792.1,846,0.05390625,0.00895074,-0.003490550912101753,-0.22492411890998482,7.391244888305664,0.0003,0.6233472228050232,0.2,22.168322259187697,8450,,
1734656,696.1902,3188,543,1796.01,847,0.049169921875,0.0049884366,-0.0013593028794275596,-0.18668348619248717,10.425047874450684,0.0003,0.691267728805542,0.2,16.617601841688156,8460,,
1736704,700.4898,3191,544,1807.8,848,0.04560546875,0.004512841,-0.003588599557406269,-0.16447736979462207,6.526345252990723,0.0003,0.4771460294723511,0.2,21.172753682732584,8470,,
1738752,701.2437,3194,544,1813.43,849,0.04345703125,0.005868411,-0.005513954925118014,-0.13310834241565317,6.081474781036377,0.0003,0.6841579675674438,0.2,15.717543329298497,8480,,
1740000,,,,,,0.04482421875,0.004769925,-0.0029011633101617917,-0.17740280292928218,9.626220703125,0.0003,0.5522854924201965,0.2,20.520916932821272,8490,605.6519999999999,1432.6
1740800,696.7669000000001,3200,543,1803.54,850,,,,,,,,,,,,
1742848,694.1152999999998,3203,544,1793.59,851,0.037646484375,0.0030797236,-0.0010958729108097032,-0.14618600776884705,12.837278366088867,0.0003,0.5977968573570251,0.2,25.12475751042366,8500,,
1744896,686.554,3206,544,1772.34,852,0.035302734375,0.003883168,-0.0011990902916295455,-0.1220325754256919,6.02786922454834,0.0003,0.6700660586357117,0.2,15.017777645587921,8510,,
1746944,682.3823,3208,544,1757.03,853,0.03564453125,0.0058049415,-0.0013084238860756158,-0.12109391344711185,13.301301956176758,0.0003,0.6462965607643127,0.2,20.43304995894432,8520,,
1748992,682.1854000000001,3211,544,1756.08,854,0.02939453125,0.0052727284,-0.0022543843195308,-0.13196753163356334,8.568556785583496,0.0003,0.45246565341949463,0.2,27.228352445364,8530,,
1750000,,,,,,0.0345703125,0.004078021,-0.0013033879600698127,-0.11505970051512122,7.765650749206543,0.0003,0.5449504852294922,0.2,14.790068705379962,8540,806.302,2094.6
1751040,683.3917,3220,543,1760.63,855,,,,,,,,,,,,
1753088,682.2609,3222,543,1759.16,856,0.03544921875,0.0076479185,-0.001107758647412993,-0.12384463513735681,8.549084663391113,0.0003,0.4438149333000183,0.2,22.21847555041313,8550,,
1755136,680.7139,3225,544,1751.38,857,0.026708984375,0.0030383156,-0.00142834423459135,-0.14443120963405817,8.55015754699707,0.0003,0.5063070058822632,0.2,23.107422097027303,8560,,
1757184,679.2114999999999,3228,544,1748.39,858,0.03603515625,0.003944819,-0.0009999809408327565,-0.13879961024504156,6.065371990203857,0.0003,0.40646958351135254,0.2,24.58230665028095,8570,,
1759232,679.9951999999997,3230,544,1753.12,859,0.050439453125,0.008472584,-0.0015058141987537965,-0.1434028965421021,5.862189769744873,0.0003,0.5779707431793213,0.2,17.25794086754322,8580,,
1760000,,,,,,0.0310546875,0.005546071,-0.0017254947320907376,-0.17028825976885856,7.513485431671143,0.0003,0.4927758574485779,0.2,21.097927156090737,8590,731.1659999999999,1808.6
1761280,679.6897999999998,3238,543,1751.71,860,,,,,,,,,,,,
1763328,673.0041,3241,544,1731.43,861,0.048291015625,0.0054409364,-0.003446126851486042,-0.14923072957899422,6.071473598480225,0.0003,0.48163294792175293,0.2,19.981174018979072,8600,,
1765376,680.1114,3243,544,1752.27,862,0.02353515625,0.00323888,-0.001462358923163265,-0.1121899403166026,8.589101791381836,0.0003,0.5224593877792358,0.2,24.526537305116655,8610,,
1767424,676.8832000000001,3246,544,1735.92,863,0.053271484375,0.0067580533,-0.001109619035560172,-0.15478885516058655,6.74179744720459,0.0003,0.40330570936203003,0.2,17.62131740450859,8620,,
1769472,680.3702000000001,3249,544,1746.61,864,0.038330078125,0.006419056,-0.001315913513826672,-0.1322308290284127,12.915874481201172,0.0003,0.47511905431747437,0.2,27.617935210466385,8630,,
1770000,,,,,,0.04375,0.0047286632,-0.0008829587459331378,-0.16368713525589557,7.464933395385742,0.0003,0.6130048632621765,0.2,19.54256384074688,8640,639.6400000000001,1530.8
1771520,680.2404000000001,3256,543,1744.66,865,,,,,,,,,,,,
1773568,680.2404000000001,3259,544,1744.66,866,0.036376953125,0.0045454977,-0.0016650488963932731,-0.12318575262324885,6.897754192352295,0.0003,0.5916735529899597,0.2,16.719909647107123,8650,,
1775616,677.9491,3261,544,1740.54,867,0.036669921875,0.0060381414,-0.0007724995026364923,-0.15374050252139568,4.619221210479736,0.0003,0.3795345425605774,0.2,17.558146169781686,8660,,
1777664,677.9491,3264,544,1740.54,868,0.0388671875,0.008997718,-0.0036134218782535752,-0.08821085619274527,5.487546920776367,0.0003,0.5741702318191528,0.2,17.336548227071763,8670,,
1779712,679.3392000000001,3267,544,1746.65,869,0.0587890625,0.008016629,0.0020279561562347227,-0.14755314507056028,5.1665940284729,0.0003,0.49562007188796997,0.2,10.536936470866204,8680,,
1780000,,,,,,0.02744140625,0.0031922637,-0.0025535157474223524,-0.10533168683759868,9.752924919128418,0.0003,0.557064950466156,0.2,17.02551784962416,8690,502.27199999999993,1165.8
1781760,678.2057999999998,3273,544,1745.0,870,,,,,,,,,,,,
1783808,663.3206999999999,3275,544,1701.83,871,0.02568359375,0.0021657627,2.3196442634798585e-05,-0.10451388444053009,7.089224815368652,0.0003,0.6657887697219849,0.2,16.879471418261527,8700,,
1785856,663.6992999999999,3278,544,1705.37,872,0.01552734375,0.0017362603,-0.0024294617818668486,-0.06328698899014853,8.646405220031738,0.0003,0.4826567769050598,0.2,26.395338815450668,8710,,
1787904,663.3126,3281,544,1702.66,873,0.03779296875,0.005046498,-0.0011158874694956467,-0.1392165059922263,6.2449631690979,0.0003,0.6325516700744629,0.2,20.1029832303524,8720,,
1789952,663.9859999999999,3284,545,1707.91,874,0.032177734375,0.0045487396,-0.003232637136534322,-0.084092480619438,12.671008110046387,0.0003,0.44071125984191895,0.2,19.372998747229577,8730,,
1790000,,,,,,0.03359375,0.004257938,-0.0020426813018275423,-0.11880601736484095,10.90360164642334,0.0003,0.7031451463699341,0.2,20.264818120002747,8740,716.832,1801.8
1792000,663.6108,3291,544,1702.67,875,,,,,,,,,,,,
1794048,662.4270999999999,3294,544,1696.98,876,0.045166015625,0.0076160394,-0.004472723204526119,-0.11514784084865823,8.277700424194336,0.0003,0.563288688659668,0.2,21.831166964769363,8750,,
1796096,662.0382,3297,544,1697.53,877,0.035595703125,0.0051824898,-0.0018596716865431518,-0.10997487398562952,12.460710525512695,0.0003,0.5361670851707458,0.2,21.749893781542777,8760,,
1798144,660.9426,3299,544,1694.34,878,0.0388671875,0.0047551906,0.0003042594442376867,-0.14502772102132439,8.498173713684082,0.0003,0.5213789939880371,0.2,19.46192716807127,8770,,
1800000,,,,,,0.0392578125,0.0050834217,-0.0019747424259549005,-0.1443373698508367,6.443931579589844,0.0003,0.5896788835525513,0.2,14.619897809624671,8780,723.4820000000001,1825.0
1800192,661.5211999999999,3307,544,1695.06,879,,,,,,,,,,,,
1802240,660.7274999999998,3310,544,1690.93,880,0.029150390625,0.0029188152,-0.002547314326511696,-0.11034285402856767,7.3111748695373535,0.0003,0.5659176111221313,0.2,18.726520493626595,8790,,
1804288,661.1195999999999,3313,544,1692.1,881,0.023486328125,0.003947919,-0.0005803022329928353,-0.099719025217928,6.979345798492432,0.0003,0.5873875617980957,0.2,15.330533599853515,8800,,
1806336,662.4068999999998,3315,544,1694.96,882,0.033837890625,0.0035647145,2.6414537569507956e-05,-0.11628737725550309,8.903556823730469,0.0003,0.5676747560501099,0.2,18.74554563164711,8810,,
1808384,663.6009999999999,3318,544,1698.33,883,0.0447265625,0.013817383,-0.0009039754426339641,-0.1579891938716173,19.998376846313477,0.0003,0.560160756111145,0.2,24.598351407051087,8820,,
1810000,,,,,,0.02119140625,0.0024023524,-0.0008750927503569983,-0.09353838252136484,8.4929838180542,0.0003,0.4885942339897156,0.2,21.64520591199398,8830,771.598,1951.2
1810432,661.7316000000001,3326,544,1689.84,884,,,,,,,,,,,,
1812480,662.24,3329,544,1693.57,885,0.03310546875,0.00421971,-0.0033265377976931633,-0.10413083978928625,7.346383571624756,0.0003,0.5155948996543884,0.2,25.8562433719635,8840,,
1814528,662.24,3332,544,1693.57,886,0.03466796875,0.0039218646,-0.0015641744874301366,-0.12261243646498769,8.916399955749512,0.0003,0.5847684741020203,0.2,21.640717855095865,8850,,
1816576,664.8250999999999,3334,544,1704.66,887,0.0421875,0.006028534,-3.0704002710990606e-06,-0.13163451254367828,8.74388313293457,0.0003,0.469749391078949,0.2,14.464075198769569,8860,,
1818624,663.0136,3337,544,1701.21,888,0.04072265625,0.006848848,-0.0013375100796110928,-0.12379123724531382,9.147629737854004,0.0003,0.6352272033691406,0.2,16.13617262840271,8870,,
1820000,,,,,,0.030224609375,0.0022349497,-0.0010385952307842671,-0.12955944651039317,14.22714614868164,0.0003,0.5466141104698181,0.2,22.664590382575987,8880,745.296,1888.6
1820672,663.0136,3345,544,1701.21,889,,,,,,,,,,,,
1822720,670.4389,3349,544,1725.05,890,0.0359375,0.0045182304,-0.0005427645839517937,-0.13977077341405675,7.372024059295654,0.0003,0.49500572681427,0.2,17.506367394328116,8890,,
1824768,673.4931,3351,544,1732.62,891,0.05185546875,0.0043062204,-0.001972981904691551,-0.14970345008186997,7.314079284667969,0.0003,0.5986765027046204,0.2,22.315091520547867,8900,,
1826816,675.4795999999999,3354,544,1741.39,892,0.02666015625,0.0025331709,-0.0007213057586341165,-0.131086446903646,15.33638858795166,0.0003,0.6702859401702881,0.2,20.179238161444665,8910,,
1828864,678.0283000000001,3357,544,1749.88,893,0.0376953125,0.004128944,-0.0012165709777036682,-0.14574971511028706,14.723550796508789,0.0003,0.5714635252952576,0.2,21.119384038448334,8920,,
1830000,,,,,,0.04814453125,0.007780527,-0.0003937699322705157,-0.15740957621019333,10.217677116394043,0.0003,0.6071698665618896,0.2,19.120587182044982,8930,734.03,1969.0
1830912,681.6275,3365,543,1757.44,894,,,,,,,,,,,,
1832960,681.6252000000001,3368,544,1757.97,895,0.02197265625,0.0034802714,-0.002139139312203042,-0.10579592924332246,25.49526596069336,0.0003,0.4590526819229126,0.2,23.254113763570786,8940,,
1835008,683.9186,3371,544,1764.66,896,0.033935546875,0.0045071337,-0.001742555567761883,-0.13709132049698383,8.237603187561035,0.0003,0.4997001886367798,0.2,23.97110222876072,8950,,
1837056,683.7009999999999,3374,544,1764.48,897,0.040576171875,0.003531326,-0.0023347810201812536,-0.15509374169632792,9.691944122314453,0.0003,0.6060820817947388,0.2,21.11372111439705,8960,,
1839104,687.0036999999998,3377,544,1771.08,898,0.03349609375,0.003879435,-0.0015202051799860783,-0.12146965198917314,5.908509254455566,0.0003,0.6551846265792847,0.2,14.174422724545002,8970,,
1840000,,,,,,0.02744140625,0.0028625098,-0.0009595535870175808,-0.12113037649542094,10.659214973449707,0.0003,0.4279959201812744,0.2,25.224633622169495,8980,739.0260000000001,1808.8
1841152,680.3707999999999,3385,543,1749.88,899,,,,,,,,,,,,
1843200,684.5572,3388,543,1760.94,900,0.0267578125,0.004908606,-0.002472779822710436,-0.11512054051272572,11.860030174255371,0.0003,0.6233708262443542,0.2,22.916144546866416,8990,,
1845248,691.5552,3391,544,1777.32,901,0.045751953125,0.00731844,-0.003194755417644046,-0.12738610769156367,24.252925872802734,0.0003,0.4846183657646179,0.2,22.98995361030102,9000,,
1847296,691.4832000000002,3394,544,1774.95,902,0.0484375,0.006123823,-0.0017294259523623623,-0.1529780062381178,5.707729339599609,0.0003,0.45961135625839233,0.2,20.15708700120449,9010,,
1849344,695.0395,3396,544,1784.9,903,0.044189453125,0.0037396005,-0.00307256629166659,-0.14986416718456894,10.056035995483398,0.0003,0.6421021819114685,0.2,19.08367976844311,9020,,
1850000,,,,,,0.04873046875,0.011312257,-0.0028998920737649315,-0.166677948506549,7.1769185066223145,0.0003,0.6865966320037842,0.2,21.357013621926306,9030,619.872,1480.0
1851392,694.5482,3403,543,1780.92,904,,,,,,,,,,,,
1853440,696.4987,3406,544,1787.49,905,0.031884765625,0.0026894708,-0.0016867151294718496,-0.164473691675812,13.024079322814941,0.0003,0.505732536315918,0.2,24.033661526441573,9040,,
1855488,697.7668999999999,3409,544,1792.12,906,0.05458984375,0.008800692,-0.001627006627677474,-0.1675953085301444,7.707112789154053,0.0003,0.7195366621017456,0.2,15.978598189353942,9050,,
1857536,696.0168999999999,3412,544,1779.3,907,0.05283203125,0.0063204444,-0.0039222747960593555,-0.1696935596410185,9.24920654296875,0.0003,0.5878934860229492,0.2,22.317587533593176,9060,,
1859584,694.6958,3415,544,1778.26,908,0.039990234375,0.0036623022,-0.00132378495472949,-0.14409222102258354,9.570296287536621,0.0003,0.5721884965896606,0.2,29.2276012301445,9070,,
1860000,,,,,,0.039794921875,0.0061139064,-0.002378004057391081,-0.12883757659001277,8.2457914352417,0.0003,0.5006114840507507,0.2,20.838208630681038,9080,693.964,1811.2
1861632,692.8157999999999,3422,543,1771.47,909,,,,,,,,,,,,
1863680,694.6548999999999,3425,544,1782.57,910,0.03173828125,0.0046153073,-0.0021940876831649803,-0.1261423681047745,5.6770501136779785,0.0003,0.6076253056526184,0.2,18.873469817638398,9090,,
1865728,695.9336,3428,544,1785.89,911,0.039794921875,0.007140537,-0.002563212558743544,-0.16064003463834525,10.089163780212402,0.0003,0.5716195702552795,0.2,24.235527676343917,9100,,
1867776,694.1440000000002,3430,544,1778.15,912,0.03515625,0.004402209,-0.001029777602525428,-0.13987793263513595,16.619129180908203,0.0003,0.5555471181869507,0.2,23.075542664527894,9110,,
1869824,694.4276000000001,3433,544,1778.14,913,0.037841796875,0.0061112326,0.0005838192999362945,-0.15189466159790754,7.512948513031006,0.0003,0.5655662417411804,0.2,14.635220612585545,9120,,
1870000,,,,,,0.051806640625,0.010666786,-0.003242014792340342,-0.14476934939157218,9.367350578308105,0.0003,0.5701058506965637,0.2,16.907615986466407,9130,673.1479999999999,1741.0
1871872,697.0021,3441,543,1785.25,914,,,,,,,,,,,,
1873920,695.1719,3443,544,1785.13,915,0.034326171875,0.0037281336,-0.0009531245217658579,-0.15537926948163658,17.360734939575195,0.0003,0.49512535333633423,0.2,26.14806849658489,9140,,
1875968,696.5711,3446,544,1791.19,916,0.0498046875,0.007124123,-0.003205417387653142,-0.142830785328988,7.915159702301025,0.0003,0.5986376404762268,0.2,23.798642583191395,9150,,
1878016,696.789,3449,544,1791.72,917,0.039111328125,0.003082444,-0.0025500062998617067,-0.13320918595418335,7.13733434677124,0.0003,0.6556591987609863,0.2,15.74600472599268,9160,,
1880000,,,,,,0.030859375,0.0027702863,0.0006430771245504729,-0.13113924167118968,7.231626510620117,0.0003,0.7001060843467712,0.2,14.52440941631794,9170,772.422,1912.0
1880064,696.2895999999997,3457,543,1793.01,918,,,,,,,,,,,,
1882112,695.8129999999999,3460,543,1791.3,919,0.036474609375,0.005136658,-0.003095865722571034,-0.11865401429822668,9.405614852905273,0.0003,0.6824636459350586,0.2,20.344637808203696,9180,,
1884160,697.1175999999998,3463,544,1795.25,920,0.035888671875,0.005317576,-0.0009342738310806453,-0.13355642210226507,8.727952003479004,0.0003,0.6980248689651489,0.2,19.101111617684364,9190,,
1886208,698.2849999999999,3466,544,1800.51,921,0.036181640625,0.0040403185,0.0007485018897568807,-0.10111541909864172,12.05158519744873,0.0003,0.6257752180099487,0.2,16.00293360352516,9200,,
1888256,704.0619999999998,3469,544,1817.75,922,0.03408203125,0.0039389636,-0.0010090307521750219,-0.13815745499450713,4.124464511871338,0.0003,0.5209603309631348,0.2,15.949484403431416,9210,,
1890000,,,,,,0.039208984375,0.0077184057,-0.0018684266964555719,-0.12535783296916633,6.231731414794922,0.0003,0.5406522750854492,0.2,17.492104879021646,9220,803.808,2140.2
1890304,699.8975,3478,543,1804.2,923,,,,,,,,,,,,
1892352,699.8975,3481,543,1804.2,924,0.0423828125,0.01032817,-0.004783323896117508,-0.09776826362358407,22.929950714111328,0.0003,0.5654816627502441,0.2,26.00732536315918,9230,,
1894400,703.7506,3484,543,1817.46,925,0.042138671875,0.004343289,-0.0014297590911155566,-0.1223667131154798,5.606736183166504,0.0003,0.4758567810058594,0.2,13.380519060790538,9240,,
1896448,700.9286000000002,3487,543,1810.86,926,0.035205078125,0.004472237,-0.0013382820732658729,-0.13418863802216946,5.497720241546631,0.0003,0.568510890007019,0.2,18.255793465673925,9250,,
1898496,699.6766,3490,543,1804.57,927,0.043505859375,0.0046921168,-0.0015999879222363233,-0.13049660188844428,7.439078330993652,0.0003,0.4258081912994385,0.2,20.089461719989778,9260,,
1900000,,,,,,0.033349609375,0.004189458,-0.0028124293574364858,-0.12063117956276984,23.455852508544922,0.0003,0.43271857500076294,0.2,34.46175748705864,9270,841.5240000000001,2177.2
1900544,703.6591999999999,3500,542,1814.67,928,,,,,,,,,,,,
1902592,702.5903999999999,3503,543,1810.76,929,0.0431640625,0.0041223266,-0.001961388633935712,-0.1554354949388653,10.318467140197754,0.0003,0.47574371099472046,0.2,23.40056096315384,9280,,
1904640,702.5903999999999,3506,543,1810.76,930,0.0375,0.004153521,-0.0022907044680323453,-0.12118350235978141,5.373482704162598,0.0003,0.49935370683670044,0.2,19.80755741894245,9290,,
1906688,707.9956999999998,3509,543,1831.64,931,0.04111328125,0.0052770516,6.621934880968183e-05,-0.1508026961935684,6.230647087097168,0.0003,0.5273371934890747,0.2,14.460936100780964,9300,,
1908736,707.1339,3512,543,1827.53,932,0.046240234375,0.0067916354,-0.00433740710868733,-0.1398163305129856,6.849619388580322,0.0003,0.6430849432945251,0.2,16.13701155781746,9310,,
1910000,,,,,,0.02939453125,0.0037577231,-0.001223873432900291,-0.11320885635213926,7.60945987701416,0.0003,0.5428696870803833,0.2,17.83169077783823,9320,817.038,2122.2
1910784,710.0189999999999,3521,542,1835.73,933,,,,,,,,,,,,
1912832,710.4151999999999,3524,542,1835.95,934,0.050146484375,0.008259563,-0.0009089667670195922,-0.15955688285175712,11.5711088180542,0.0003,0.5515975952148438,0.2,20.547182294726372,9330,,
1914880,706.9382999999999,3527,542,1827.51,935,0.032763671875,0.00427126,-0.0016538145806407555,-0.11045825573382899,7.2656145095825195,0.0003,0.5853977203369141,0.2,20.758562844991683,9340,,
1916928,700.8547,3530,543,1808.5,936,0.032666015625,0.0034939188,-5.4636067943647504e-05,-0.11012213722569868,5.745580673217773,0.0003,0.5615264177322388,0.2,15.900716948509217,9350,,
1918976,699.1051,3532,543,1800.36,937,0.038671875,0.004474757,-0.0035394444930716418,-0.11122458553873002,26.5479793548584,0.0003,0.555439829826355,0.2,25.04327159225941,9360,,
1920000,,,,,,0.0462890625,0.008055519,-0.0010176289535593242,-0.12299967602593824,6.748581886291504,0.0003,0.6665433645248413,0.2,16.874772775173188,9370,788.0780000000001,2122.4
1921024,699.5919,3542,542,1800.21,938,,,,,,,,,,,,
1923072,701.1867000000001,3545,542,1807.65,939,0.032568359375,0.0026306207,-0.0003625501660280861,-0.14822766152210534,9.46061897277832,0.0003,0.5120545029640198,0.2,23.552048444747925,9380,,
1925120,703.5488000000001,3547,542,1814.86,940,0.042529296875,0.007552129,-0.0014292248844867573,-0.133314509189222,6.392050743103027,0.0003,0.7780163288116455,0.2,14.297412081062793,9390,,
1927168,703.7578,3550,542,1815.82,941,0.043310546875,0.0032359837,-0.003295435037580319,-0.1384772708406672,9.64474105834961,0.0003,0.5734413266181946,0.2,20.904907658696175,9400,,
1929216,704.9312999999999,3553,542,1821.09,942,0.03662109375,0.0045778938,-0.0017777714994736016,-0.1406804725760594,5.057316303253174,0.0003,0.38418298959732056,0.2,16.817820051312445,9410,,
1930000,,,,,,0.04443359375,0.0054879817,-0.002705462806625292,-0.15102196785155683,9.351461410522461,0.0003,0.5834348797798157,0.2,18.923186868429184,9420,725.746,1674.0
1931264,712.502,3561,542,1842.2,943,,,,,,,,,,,,
1933312,712.502,3564,542,1842.2,944,0.052783203125,0.0075773518,-0.002187716879416257,-0.16054300954565406,15.489785194396973,0.0003,0.5272660255432129,0.2,29.15801051259041,9430,,
1935360,712.8575000000002,3567,542,1843.07,945,0.043798828125,0.0052102557,0.00020896243513561784,-0.1818485244177282,5.938375473022461,0.0003,0.49484777450561523,0.2,17.398173767328263,9440,,
1937408,711.9666000000001,3570,542,1840.01,946,0.047021484375,0.00735007,-0.006037975740036927,-0.11629462640266866,15.534017562866211,0.0003,0.4400584101676941,0.2,38.5712278008461,9450,,
1939456,719.7133,3573,542,1862.66,947,0.040087890625,0.0051060477,-0.0037048316444270313,-0.1340875978814438,9.818201065063477,0.0003,0.5191993713378906,0.2,22.877016153931617,9460,,
1940000,,,,,,0.04111328125,0.004642551,-0.0009333824695204384,-0.14543694350868464,5.577022552490234,0.0003,0.5715240240097046,0.2,21.12864068746567,9470,873.4559999999999,2420.8
1941504,723.3820000000001,3583,541,1874.54,948,,,,,,,,,,,,
1943552,724.1945,3586,541,1875.39,949,0.044091796875,0.0037526134,-0.0011332682275678962,-0.1427845684811473,15.283896446228027,0.0003,0.43774479627609253,0.2,24.650560748577117,9480,,
1945600,720.4232,3589,542,1862.72,950,0.02919921875,0.0031051165,-0.002589906116190832,-0.1272162918932736,6.591985702514648,0.0003,0.5971379280090332,0.2,20.168626695871353,9490,,
1947648,722.5186,3592,542,1868.03,951,0.030517578125,0.002916866,-0.002189372936845757,-0.10876329188467934,11.796653747558594,0.0003,0.5218675136566162,0.2,17.06880467534065,9500,,
1949696,724.8049000000001,3595,542,1873.73,952,0.0505859375,0.0076981056,-0.0018632095598150045,-0.15237736306153238,6.57740592956543,0.0003,0.4729740619659424,0.2,17.619780680537225,9510,,
1950000,,,,,,0.030712890625,0.002549626,-0.00012560015311464668,-0.12616022533038632,7.810019493103027,0.0003,0.49898290634155273,0.2,21.948813235759737,9520,851.64,2249.8
1951744,727.2036,3605,541,1880.36,953,,,,,,,,,,,,
1953792,721.5849,3608,541,1865.45,954,0.0455078125,0.0031897177,-0.0024392132385401056,-0.14219620532821864,7.779512405395508,0.0003,0.615607738494873,0.2,16.61920177936554,9530,,
1955840,714.5549000000001,3611,541,1843.62,955,0.025146484375,0.0019541914,-7.409882673528045e-05,-0.10217031204374508,7.123814582824707,0.0003,0.4906756281852722,0.2,23.340141680836677,9540,,
1957888,712.1119000000002,3614,541,1832.19,956,0.027685546875,0.0024851498,-0.0026098969072336333,-0.11867108882870525,13.213101387023926,0.0003,0.4868486523628235,0.2,26.807849949598314,9550,,
1959936,715.2683000000001,3617,541,1841.23,957,0.0361328125,0.0050547784,-0.0010466064763022588,-0.135482541564852,10.352884292602539,0.0003,0.6236523389816284,0.2,17.90607846677303,9560,,
1960000,,,,,,0.045556640625,0.0048534516,-0.0034082283702446146,-0.15534777569118888,6.966195106506348,0.0003,0.653165876865387,0.2,15.472048197686672,9570,701.1899999999999,1757.6
1961984,713.7906000000002,3625,541,1834.47,958,,,,,,,,,,,,
1964032,710.0418000000001,3628,541,1822.53,959,0.048291015625,0.0069316425,-0.0004353154567070305,-0.13992274210322647,8.585500717163086,0.0003,0.5811148881912231,0.2,22.47502374649048,9580,,
1966080,712.7274000000001,3631,541,1828.96,960,0.0431640625,0.0056950087,-0.0008323995571117848,-0.12737282468006014,8.000420570373535,0.0003,0.6643736362457275,0.2,18.600441813468933,9590,,
1968128,715.9071,3634,541,1839.13,961,0.0353515625,0.0023465415,-0.000945526230498217,-0.12137114778161048,7.2767720222473145,0.0003,0.5309917330741882,0.2,18.547059270739556,9600,,
1970000,,,,,,0.04990234375,0.004945852,-0.003006123547675088,-0.13523384945001454,7.013598442077637,0.0003,0.6903608441352844,0.2,15.7545819953084,9610,870.2060000000001,2297.2
1970176,720.543,3643,540,1853.35,962,,,,,,,,,,,,
1972224,721.1453999999999,3646,540,1853.29,963,0.034228515625,0.002790373,-0.0008343149165739305,-0.12240318799158559,7.529735088348389,0.0003,0.6515305042266846,0.2,21.841571617126466,9620,,
1974272,722.4485,3649,540,1855.89,964,0.04775390625,0.006543032,-0.00179100271925563,-0.14292700132355093,7.267484188079834,0.0003,0.5585904121398926,0.2,20.451745718717575,9630,,
1976320,726.6303999999999,3652,541,1866.34,965,0.03740234375,0.0028166506,-0.0015664741367800161,-0.13426794627448543,9.841598510742188,0.0003,0.6071547269821167,0.2,19.304027691483498,9640,,
1978368,719.1511999999999,3655,541,1848.31,966,0.039453125,0.004992363,0.00029285642667673526,-0.12813842797186226,8.340523719787598,0.0003,0.4963874816894531,0.2,18.05113572627306,9650,,
1980000,,,,,,0.0265625,0.0034962087,-0.0024186155380448325,-0.10653470463585109,19.218311309814453,0.0003,0.3666961193084717,0.2,30.702217531204223,9660,816.126,2103.6
1980416,717.8511,3665,540,1845.33,967,,,,,,,,,,,,
1982464,717.8511,3668,540,1845.33,968,0.038623046875,0.0065384908,-0.003003902925411239,-0.11444259978597984,7.207932472229004,0.0003,0.5091953277587891,0.2,24.984916588664056,9670,,
1984512,719.2303999999999,3671,540,1850.36,969,0.041943359375,0.0042215222,-0.0022062544390792026,-0.12270183400250971,9.31197452545166,0.0003,0.6138861179351807,0.2,15.242820519208909,9680,,
1986560,716.5939,3674,540,1844.89,970,0.039111328125,0.0038397303,-0.0027975857985438777,-0.11431358976988122,7.930466651916504,0.0003,0.5983700752258301,0.2,21.327539378404616,9690,,
1988608,716.9016,3677,540,1842.85,971,0.030859375,0.0033809172,-0.0018693754187552258,-0.10410067088669166,11.027974128723145,0.0003,0.5673532485961914,0.2,24.90229403376579,9700,,
1990000,,,,,,0.0326171875,0.0071750465,-0.00132637714559678,-0.10464543718844652,10.909041404724121,0.0003,0.5510074496269226,0.2,16.609990930557252,9710,589.4440000000001,1415.0
1990656,714.0182000000001,3684,540,1836.42,972,,,,,,,,,,,,
1992704,714.6803,3686,540,1840.78,973,0.0359375,0.0049382057,-0.0008237887435825541,-0.11407452938146889,6.750730037689209,0.0003,0.3813170790672302,0.2,21.476722040772437,9720,,
1994752,716.2864,3689,540,1846.03,974,0.037646484375,0.0054193255,-0.003035433834884316,-0.10626326147466898,5.142324447631836,0.0003,0.5831994414329529,0.2,15.225059978663921,9730,,
1996800,717.8612999999999,3692,540,1852.2,975,0.031103515625,0.0038335326,-0.000792942255793605,-0.11609301752177999,7.790597438812256,0.0003,0.4583795666694641,0.2,21.479858520627023,9740,,
1998848,713.2080999999998,3695,540,1833.61,976,0.0232421875,0.0020067773,0.00015551384421996772,-0.08737946790643036,6.316418647766113,0.0003,0.39593958854675293,0.2,17.437992465496063,9750,,
2000000,,,,,,0.020458984375,0.0015892107,-0.00040615258330944926,-0.09140099016949535,9.978399276733398,0.0003,0.44681352376937866,0.2,29.504621365666388,9760,651.568,1621.6
2000896,709.1172,3703,540,1821.39,977,,,,,,,,,,,,
