time/fps,time/iterations,time/total_timesteps,time/time_elapsed,rollout/ep_rew_mean,rollout/ep_len_mean,train/n_updates,train/policy_gradient_loss,train/clip_fraction,train/explained_variance,train/entropy_loss,train/clip_range,train/approx_kl,train/learning_rate,train/loss,train/value_loss,eval/mean_reward,eval/mean_ep_length
955,1,2048,2,-9.736206896551723,70.10344827586206,,,,,,,,,,,,
796,2,4096,5,-10.10433962264151,76.30188679245283,10,-0.009507133963052184,0.072900390625,-0.015229940414428711,-1.091971117258072,0.2,0.008606199,0.0003,4.682759761810303,6.714732065796852,,
774,3,6144,7,-10.074027777777777,81.40277777777777,20,-0.011734609812265262,0.11533203125,0.34040629863739014,-1.078669450804591,0.2,0.010899017,0.0003,1.3447291851043701,4.412373983860016,,
768,4,8192,10,-10.096060606060606,81.97979797979798,30,-0.006587069330998929,0.067822265625,0.39710307121276855,-1.0727270923554897,0.2,0.009197209,0.0003,1.613059163093567,3.1951664254069327,,
,,10000,,,,40,-0.01911177892179694,0.19951171875,0.389803409576416,-1.0652345098555087,0.2,0.014663842,0.0003,0.9326850771903992,3.087033373862505,-10.626000000000001,248.2
730,5,10240,14,-10.137200000000002,85.08,,,,,,,,,,,,
737,6,12288,16,-9.6275,77.97,50,-0.0077003375306958334,0.09423828125,0.34434884786605835,-1.0508321441709996,0.2,0.009991696,0.0003,0.8983327150344849,2.5870447155088185,,
736,7,14336,19,-9.3986,74.44,60,-0.01227280865132343,0.144677734375,0.2202804684638977,-1.0362937226891518,0.2,0.0135948425,0.0003,1.8924838304519653,2.9320665575563907,,
736,8,16384,22,-9.340200000000001,78.65,70,-0.009946841493365355,0.12080078125,0.3563418984413147,-1.0296137692406773,0.2,0.009870126,0.0003,0.6883086562156677,2.4294227346777917,,
735,9,18432,25,-9.5435,89.71,80,-0.013138657246599905,0.15087890625,0.28865116834640503,-1.0242004161700606,0.2,0.012280259,0.0003,0.4437275528907776,1.452822141163051,,
,,20000,,,,90,-0.005862187106686179,0.103857421875,0.02684962749481201,-0.9985182227566838,0.2,0.009179168,0.0003,0.2679912745952606,0.6593385678716004,-8.484,261.0
715,10,20480,28,-9.5414,98.93,,,,,,,,,,,,
719,11,22528,31,-9.068599999999998,112.43,100,-0.01915704531420488,0.243212890625,0.19309085607528687,-0.9470552073791623,0.2,0.016226977,0.0003,0.8244684934616089,2.450743541866541,,
719,12,24576,34,-8.8143,127.38,110,-0.00836680204665754,0.12705078125,0.10592406988143921,-0.966331510618329,0.2,0.012051689,0.0003,2.106797695159912,3.3923700213432313,,
719,13,26624,36,-8.592600000000001,145.51,120,-0.0074573230638634415,0.11337890625,0.18891030550003052,-0.9278639171272516,0.2,0.010074267,0.0003,1.3265504837036133,2.1163022205233575,,
721,14,28672,39,-8.7969,156.39,130,-0.007325811568443896,0.143212890625,0.24469000101089478,-0.9119827000424265,0.2,0.013038,0.0003,1.311799168586731,2.1141456942074,,
,,30000,,,,140,-0.012387122120708227,0.20283203125,0.26378631591796875,-0.8578415416181088,0.2,0.011135856,0.0003,0.6232252717018127,1.6382773199118674,-11.248000000000001,321.2
706,15,30720,43,-8.8517,172.48,,,,,,,,,,,,
707,16,32768,46,-8.995600000000001,187.61,150,-0.004449785660835914,0.107080078125,-0.1906585693359375,-0.888213848695159,0.2,0.008794196,0.0003,0.6789579391479492,1.9416821793187409,,
707,17,34816,49,-8.7273,201.48,160,-0.006779168616048992,0.13173828125,-0.04243755340576172,-0.8139723381027579,0.2,0.011688165,0.0003,0.9159512519836426,1.9727932546287774,,
710,18,36864,51,-8.7042,219.13,170,-0.009055163900484331,0.128662109375,0.07468080520629883,-0.8414398957043886,0.2,0.011977822,0.0003,2.1554031372070312,2.385015480592847,,
712,19,38912,54,-8.697899999999999,229.49,180,-0.0027574120395001955,0.130859375,0.24039357900619507,-0.8268334422260523,0.2,0.008400857,0.0003,0.3268919289112091,1.6635515903122724,,
,,40000,,,,190,-0.009532004033098928,0.20009765625,0.17635184526443481,-0.919148145057261,0.2,0.014460982,0.0003,0.18665340542793274,1.4769925035536289,-11.206,323.8
701,20,40960,58,-8.470300000000002,236.8,,,,,,,,,,,,
698,21,43008,61,-8.055,235.29,200,-0.008600755699444563,0.138037109375,-0.2787386178970337,-0.9250726832076908,0.2,0.011245494,0.0003,0.8109201192855835,2.679972749389708,,
700,22,45056,64,-8.175600000000001,248.19,210,-0.011030797430430539,0.152099609375,0.2035568356513977,-0.9273194089531899,0.2,0.0128417965,0.0003,0.6261979937553406,2.876751894131303,,
696,23,47104,67,-8.187999999999999,260.16,220,-0.016909013982512988,0.234375,0.24994707107543945,-0.9211607554927468,0.2,0.021146463,0.0003,1.689022421836853,2.6671692095696926,,
697,24,49152,70,-8.7289,263.34,230,-0.008610686418251134,0.169873046875,0.18345457315444946,-0.8770773077383638,0.2,0.017277924,0.0003,0.9428982734680176,2.7716775266453624,,
,,50000,,,,240,-0.005335326633939985,0.1150390625,0.2154865264892578,-0.8645751660689711,0.2,0.006984853,0.0003,0.34245115518569946,1.7368103960528969,-6.858,284.6
692,25,51200,73,-8.9188,262.09,,,,,,,,,,,,
694,26,53248,76,-9.047,264.94,250,-0.007881098339566961,0.12548828125,0.35319095849990845,-0.8342204196378589,0.2,0.011011235,0.0003,0.7844281196594238,1.86175691569224,,
697,27,55296,79,-9.1402,274.74,260,-0.010160719795385376,0.176416015625,0.0707472562789917,-0.8442991690710187,0.2,0.010335156,0.0003,0.5501024723052979,2.2873640045523644,,
699,28,57344,82,-8.9808,278.98,270,-0.004774289674242027,0.134130859375,0.05048006772994995,-0.821545635163784,0.2,0.009334849,0.0003,0.8867498636245728,1.9925441367551684,,
699,29,59392,84,-8.9532,265.53,280,-0.006946893449639902,0.16474609375,0.02614116668701172,-0.8469696452841162,0.2,0.015281511,0.0003,0.7143081426620483,2.0155727012082933,,
,,60000,,,,290,-0.009072705230209976,0.170654296875,0.12595832347869873,-0.8142269376665354,0.2,0.011541647,0.0003,2.367286443710327,2.519881747663021,-13.0,301.0
695,30,61440,88,-8.9816,258.44,,,,,,,,,,,,
697,31,63488,90,-8.9138,251.7,300,-0.012157417058188003,0.158154296875,0.1115606427192688,-0.8413497719913721,0.2,0.009802956,0.0003,1.5128282308578491,3.3387609206140043,,
696,32,65536,94,-8.9341,253.95,310,-0.006834799477655906,0.129248046875,-0.24950182437896729,-0.8247243113815784,0.2,0.011469312,0.0003,1.0684661865234375,2.7287994429469107,,
696,33,67584,97,-8.7309,264.94,320,-0.0023430566856404767,0.1236328125,0.11544185876846313,-0.7878483643755316,0.2,0.007129728,0.0003,0.6952775120735168,2.6113341722637413,,
696,34,69632,100,-8.820099999999998,274.02,330,-0.006555299469619058,0.121435546875,0.1858060359954834,-0.8079790519550443,0.2,0.01298617,0.0003,0.9233258366584778,2.677494540717453,,
,,70000,,,,340,-0.005892936384771019,0.13828125,0.1912354826927185,-0.8257757633924484,0.2,0.01007703,0.0003,0.8553298115730286,3.241974946297705,-11.198,322.2
690,35,71680,103,-8.6964,272.24,,,,,,,,,,,,
691,36,73728,106,-8.5321,276.09,350,-0.009761343771242537,0.1578125,0.13370275497436523,-0.8434940453618764,0.2,0.014380448,0.0003,1.9449069499969482,2.61680559637025,,
693,37,75776,109,-8.457699999999999,279.98,360,-0.0063201029319316145,0.16220703125,0.23645222187042236,-0.809304746054113,0.2,0.012803804,0.0003,1.7596827745437622,2.855929466150701,,
695,38,77824,111,-8.0246,287.7,370,-0.0052849778832751325,0.155419921875,0.1387012004852295,-0.7603430110961199,0.2,0.016040942,0.0003,1.3369640111923218,2.0575994541868567,,
696,39,79872,114,-7.8167,297.16,380,-0.006712739993236028,0.15234375,0.21183621883392334,-0.7952877424657345,0.2,0.012586862,0.0003,0.9724303483963013,2.756891349889338,,
,,80000,,,,390,-0.005528489165590145,0.140283203125,0.25649523735046387,-0.7395889608189463,0.2,0.014601317,0.0003,1.041211485862732,2.2325731196440755,-11.216,322.0
692,40,81920,118,-7.274999999999999,293.86,,,,,,,,,,,,
693,41,83968,121,-6.9946,285.76,400,-0.007306416193023324,0.136083984375,0.19983702898025513,-0.7860043598338962,0.2,0.008467695,0.0003,1.5081979036331177,3.630078510940075,,
694,42,86016,123,-6.228399999999998,281.21,410,-0.006648702258826233,0.097021484375,0.12660139799118042,-0.7676075823605061,0.2,0.009613258,0.0003,2.248659372329712,4.667022026330232,,
695,43,88064,126,-5.9801,286.19,420,-0.005466516179149039,0.106298828125,0.17991220951080322,-0.7440369529649615,0.2,0.010860967,0.0003,1.164925456047058,3.0319792866706847,,
,,90000,,,,430,-0.00763493251579348,0.146435546875,0.17376106977462769,-0.7397346766665578,0.2,0.009638113,0.0003,1.405968189239502,3.9706625061109664,-13.047999999999998,301.0
693,44,90112,130,-6.069300000000002,294.67,,,,,,,,,,,,
694,45,92160,132,-5.808900000000001,299.06,440,-0.0037992287398083135,0.102783203125,0.1599453091621399,-0.7533701499924064,0.2,0.008881174,0.0003,2.429251194000244,3.3212344899773596,,
695,46,94208,135,-5.6488999999999985,303.52,450,-0.00648699706653133,0.132861328125,0.09646260738372803,-0.772806440666318,0.2,0.008960516,0.0003,0.70509272813797,2.172899264935404,,
696,47,96256,138,-5.5741000000000005,305.97,460,-0.005635262333089486,0.13701171875,0.12801557779312134,-0.7407847877591849,0.2,0.009010341,0.0003,1.6393543481826782,2.7637650800868867,,
697,48,98304,140,-5.756799999999999,303.32,470,-0.004598956751578953,0.097607421875,0.22703927755355835,-0.7389826295897365,0.2,0.009479154,0.0003,1.3535373210906982,2.8867771906778215,,
,,100000,,,,480,-0.006109614964225329,0.130615234375,0.10290831327438354,-0.7100958811119199,0.2,0.008246122,0.0003,0.41913899779319763,1.9338300853967667,-11.24,322.8
694,49,100352,144,-5.4741,305.46,,,,,,,,,,,,
695,50,102400,147,-5.705000000000001,308.07,490,-0.005392667566775344,0.116162109375,0.12238210439682007,-0.6992222530767321,0.2,0.012657912,0.0003,1.7262569665908813,3.6939882200211285,,
696,51,104448,149,-5.4498,312.54,500,-0.0032646185922203586,0.135693359375,-0.13530409336090088,-0.7097527315840125,0.2,0.01134068,0.0003,0.6012493371963501,1.8879522813484073,,
698,52,106496,152,-5.0184,299.23,510,-0.006886513202334754,0.14560546875,0.22174596786499023,-0.7271628942340612,0.2,0.008839628,0.0003,2.0566649436950684,3.2442880760878325,,
699,53,108544,155,-5.0408,290.62,520,-0.008196651296748314,0.12783203125,0.19504845142364502,-0.7583662671968341,0.2,0.008319368,0.0003,7.405984878540039,5.84041605591774,,
,,110000,,,,530,-0.0049266247166087854,0.106787109375,0.08852201700210571,-0.7778597163036466,0.2,0.008133139,0.0003,0.6788988709449768,2.7499124931171535,-9.511999999999999,360.6
697,54,110592,158,-5.3364,290.07,,,,,,,,,,,,
697,55,112640,161,-5.665300000000001,292.59,540,-0.005871188327728305,0.106494140625,0.22524696588516235,-0.7992320556193591,0.2,0.008398581,0.0003,2.0845324993133545,4.010629637539386,,
699,56,114688,163,-5.9,295.9,550,-0.0038709005108103155,0.14697265625,0.017018377780914307,-0.8418987631797791,0.2,0.01494849,0.0003,0.9149897694587708,1.682649669330567,,
700,57,116736,166,-5.4242,290.32,560,-0.006539032651926391,0.096484375,0.07513242959976196,-0.846155678667128,0.2,0.0077395197,0.0003,2.7595672607421875,3.6517235547304154,,
701,58,118784,169,-5.2528999999999995,294.35,570,-0.006714923387335148,0.08134765625,0.20165890455245972,-0.8017410356551409,0.2,0.00861051,0.0003,2.3221137523651123,4.887489040941,,
,,120000,,,,580,-0.00854095826507546,0.14423828125,0.13383013010025024,-0.8223607689142227,0.2,0.011877339,0.0003,2.163356065750122,3.2799498910084366,-7.632,366.4
698,59,120832,172,-5.351,295.01,,,,,,,,,,,,
699,60,122880,175,-4.5375000000000005,284.71,590,-0.005089917522855103,0.12763671875,0.043522655963897705,-0.865739761479199,0.2,0.012009079,0.0003,1.3625112771987915,2.11694586193189,,
700,61,124928,178,-3.3121000000000005,275.48,600,-0.00810009787674062,0.07275390625,0.21450066566467285,-0.8530177276581525,0.2,0.00750319,0.0003,2.4389517307281494,7.161969789117575,,
701,62,126976,180,-3.2274000000000003,277.84,610,-0.008222847685101443,0.10751953125,0.2336682677268982,-0.8059862012043595,0.2,0.010243949,0.0003,4.220181941986084,7.883128566294909,,
702,63,129024,183,-2.6716999999999995,273.14,620,-0.008169663776061497,0.16787109375,0.2785661220550537,-0.8173648124560714,0.2,0.014109642,0.0003,0.9778514504432678,3.1261169511824844,,
,,130000,,,,630,-0.008545120831695386,0.11025390625,0.2822045683860779,-0.7732840575277805,0.2,0.009249227,0.0003,1.560021162033081,3.5400615269318223,-11.23,321.4
700,64,131072,187,-2.7961999999999994,265.83,,,,,,,,,,,,
700,65,133120,190,-3.0203,268.44,640,-0.005649438688124064,0.1041015625,0.13686734437942505,-0.7647321904078126,0.2,0.009398707,0.0003,1.043582797050476,3.704956892505288,,
701,66,135168,192,-2.1022000000000003,269.1,650,-0.007256840952322818,0.12958984375,0.09067124128341675,-0.744107766635716,0.2,0.013182213,0.0003,2.8224315643310547,5.412782683223486,,
701,67,137216,195,-1.7538000000000002,274.74,660,-0.010142937026103027,0.144091796875,0.24898409843444824,-0.7185564745217562,0.2,0.011181453,0.0003,3.6552538871765137,6.87429164275527,,
702,68,139264,198,-2.0987000000000005,278.22,670,-0.005677910095255356,0.149609375,0.09947013854980469,-0.7867209177464247,0.2,0.015653307,0.0003,4.496123790740967,3.795729590393603,,
,,140000,,,,680,-0.008771681765210815,0.14638671875,-0.07282328605651855,-0.7827844826504589,0.2,0.0112668425,0.0003,2.3955612182617188,5.02067604251206,-10.69,267.4
701,69,141312,201,-1.7285000000000001,272.11,,,,,,,,,,,,
701,70,143360,204,-1.4194,271.57,690,-0.010963170806644485,0.131591796875,0.07627266645431519,-0.767702417075634,0.2,0.009357916,0.0003,1.7928963899612427,5.573617269098759,,
702,71,145408,207,-1.3688999999999996,276.95,700,-0.005137823025870602,0.081396484375,0.18485099077224731,-0.8003038763999939,0.2,0.008374378,0.0003,3.118732213973999,7.025137673318386,,
702,72,147456,209,-1.0995000000000001,269.27,710,-0.005192017846275121,0.118505859375,0.2831788659095764,-0.8513990055769682,0.2,0.0129601285,0.0003,2.3380279541015625,5.516054666414857,,
703,73,149504,212,-1.0211000000000003,271.56,720,-0.009147804902022471,0.135693359375,0.18772095441818237,-0.8132743092253805,0.2,0.0107310675,0.0003,1.5409873723983765,6.5825877517461775,,
,,150000,,,,730,-0.007373018434736878,0.14580078125,0.17077922821044922,-0.84362124633044,0.2,0.008633418,0.0003,1.7935444116592407,4.290830153599382,-11.282,326.6
701,74,151552,215,-1.2303999999999997,282.3,,,,,,,,,,,,
702,75,153600,218,-1.1295,283.12,740,-0.004465764513588511,0.127783203125,0.17290270328521729,-0.8668121246621012,0.2,0.0113751525,0.0003,2.4729835987091064,5.917601757869124,,
703,76,155648,221,-0.4993,280.92,750,-0.005581475584767759,0.104248046875,0.08027136325836182,-0.830330266430974,0.2,0.0075801415,0.0003,2.788175582885742,6.177760893851518,,
703,77,157696,224,0.017100000000000365,280.13,760,-0.00788906798698008,0.11220703125,0.18543744087219238,-0.8307301601395011,0.2,0.009482995,0.0003,4.384860038757324,9.924561248719693,,
704,78,159744,226,0.2842000000000004,283.83,770,-0.007499137512058951,0.1181640625,0.28827422857284546,-0.8342482374981046,0.2,0.008827674,0.0003,3.2804758548736572,8.709161937236786,,
,,160000,,,,780,-0.004217342639458365,0.109033203125,0.23099100589752197,-0.8111356575042009,0.2,0.0090975715,0.0003,2.624619483947754,5.825406396389008,-5.868,395.8
702,79,161792,230,0.6234000000000003,281.26,,,,,,,,,,,,
702,80,163840,233,0.24510000000000035,288.6,790,-0.0064226686692563815,0.183837890625,0.10028022527694702,-0.8228651080280542,0.2,0.009281646,0.0003,2.5857720375061035,6.462398891150952,,
702,81,165888,236,0.6906000000000002,285.59,800,-0.005028894134738948,0.139306640625,0.20932000875473022,-0.7813786597922444,0.2,0.011031808,0.0003,2.9711971282958984,4.8047029947862026,,
703,82,167936,238,1.1543999999999996,280.65,810,-0.005217521809390746,0.1203125,0.11221915483474731,-0.7774727338925004,0.2,0.0068986537,0.0003,5.545313835144043,8.317535784095526,,
702,83,169984,241,1.432,283.0,820,-0.009260378772160039,0.172314453125,0.23531484603881836,-0.7826107969507575,0.2,0.012222376,0.0003,3.3984320163726807,6.276079186797142,,
,,170000,,,,830,-0.006149152872967534,0.14638671875,0.20722097158432007,-0.7597448244690895,0.2,0.009339617,0.0003,3.760359525680542,7.147821957990527,3.0819999999999994,531.8
698,84,172032,246,1.2543999999999997,290.91,,,,,,,,,,,,
698,85,174080,249,1.1475,291.45,840,-0.006844959323643707,0.133544921875,0.17511200904846191,-0.7936344724148512,0.2,0.010021075,0.0003,5.617002010345459,7.586604224145413,,
698,86,176128,252,1.2782999999999993,288.74,850,-0.005744169230456464,0.160693359375,0.13900703191757202,-0.7928950095549225,0.2,0.010639374,0.0003,2.3131449222564697,4.932022272888571,,
698,87,178176,254,1.5673,290.51,860,-0.0068063158163568,0.137158203125,0.13177484273910522,-0.7586097123101354,0.2,0.013011213,0.0003,2.532456636428833,5.675319027528166,,
,,180000,,,,870,-0.005627207417273894,0.1193359375,0.19010406732559204,-0.7186998371034861,0.2,0.007380195,0.0003,4.880643844604492,8.836058784276247,-11.193999999999999,322.6
696,88,180224,258,1.8017,287.25,,,,,,,,,,,,
696,89,182272,261,1.4477999999999998,290.83,880,-0.003925377485575155,0.142138671875,0.13646912574768066,-0.7555205499753356,0.2,0.0121767055,0.0003,2.051976203918457,4.93447670917958,,
696,90,184320,264,1.2102999999999995,294.34,890,-0.005187013643444515,0.11806640625,0.22927772998809814,-0.677805520221591,0.2,0.0074662357,0.0003,2.807945728302002,8.369544807076455,,
697,91,186368,267,0.7789999999999998,297.33,900,-0.005020575514936354,0.124951171875,0.2400994896888733,-0.6840953953564167,0.2,0.0112140495,0.0003,3.6184685230255127,6.698569893091917,,
697,92,188416,270,0.8590999999999999,298.83,910,-0.005466167889244389,0.1171875,0.26064813137054443,-0.6633246023207903,0.2,0.008658249,0.0003,7.366672515869141,7.4275704536587,,
,,190000,,,,920,-0.0037327119702240453,0.154296875,0.2861641049385071,-0.69807332996279,0.2,0.014203718,0.0003,2.098472833633423,4.035121311619878,-11.203999999999999,322.4
695,93,190464,273,1.0882999999999998,296.77,,,,,,,,,,,,
695,94,192512,276,0.9464999999999998,299.98,930,-0.004687232366995886,0.1203125,0.24845445156097412,-0.7137429444119334,0.2,0.007022083,0.0003,3.204540729522705,6.930632758885622,,
694,95,194560,280,1.3260999999999998,301.5,940,-0.002149560925317928,0.1326171875,0.24697530269622803,-0.7308212330564856,0.2,0.012632899,0.0003,2.690213441848755,6.165677942335606,,
695,96,196608,282,2.0073999999999996,304.78,950,-0.008363003395788837,0.103662109375,0.30174756050109863,-0.6942785957828164,0.2,0.009830966,0.0003,5.922573089599609,10.47329114228487,,
695,97,198656,285,2.6078,305.8,960,-0.003189300358644687,0.103271484375,0.1500232219696045,-0.6906645117327571,0.2,0.008133106,0.0003,2.515075445175171,6.644056745991111,,
,,200000,,,,970,-0.0051253456287668085,0.114794921875,0.2238791584968567,-0.6691546538844705,0.2,0.00920156,0.0003,4.118287086486816,9.846531599760056,-9.322,347.6
693,98,200704,289,3.4063999999999997,307.9,,,,,,,,,,,,
694,99,202752,292,4.347800000000001,315.98,980,-0.005015180265763775,0.090771484375,0.2805354595184326,-0.6609321912750602,0.2,0.007737906,0.0003,4.176044464111328,10.14390451014042,,
694,100,204800,294,5.1221000000000005,321.05,990,-0.006040918431244791,0.114599609375,0.2833571434020996,-0.6487027058377862,0.2,0.007599347,0.0003,3.5958967208862305,8.76714106798172,,
693,101,206848,298,6.1749,318.27,1000,-0.003951094851072412,0.1419921875,0.11464118957519531,-0.6831099459901452,0.2,0.017962173,0.0003,4.741947174072266,7.868560860306024,,
694,102,208896,300,6.597199999999999,317.74,1010,-0.008813149033812806,0.099755859375,0.13243377208709717,-0.6482865937054157,0.2,0.00925242,0.0003,8.523786544799805,15.16854062974453,,
,,210000,,,,1020,-0.006675374184851535,0.12099609375,0.08665317296981812,-0.6710006572306156,0.2,0.012544315,0.0003,6.29082727432251,10.29244985282421,-11.208,322.0
692,103,210944,304,6.8511,324.24,,,,,,,,,,,,
692,104,212992,307,7.872500000000001,324.16,1030,-0.011007155399420298,0.172705078125,0.05826085805892944,-0.685405763797462,0.2,0.012794649,0.0003,1.0533342361450195,8.52771625816822,,
692,105,215040,310,9.620700000000001,333.48,1040,-0.006726739497389644,0.0845703125,0.11488109827041626,-0.669949228875339,0.2,0.008797785,0.0003,3.9982168674468994,13.668806590139866,,
692,106,217088,313,11.3357,335.95,1050,-0.004075589156127535,0.083642578125,0.20540153980255127,-0.6737284645438194,0.2,0.008327296,0.0003,6.262755870819092,11.23581785261631,,
692,107,219136,316,12.6294,339.81,1060,-0.009765834826976062,0.12392578125,0.232524573802948,-0.6553929788991809,0.2,0.010084711,0.0003,4.985638618469238,16.530899395048618,,
,,220000,,,,1070,-0.009774436894804239,0.11494140625,0.27055710554122925,-0.6494656341150403,0.2,0.009221872,0.0003,8.062896728515625,13.188211938738823,24.274,665.2
688,108,221184,321,13.441099999999999,341.22,,,,,,,,,,,,
688,109,223232,324,14.8001,339.37,1080,-0.006263120302173774,0.115087890625,0.12758338451385498,-0.6519068948924541,0.2,0.008713818,0.0003,5.785486221313477,11.960220420360566,,
688,110,225280,327,14.560800000000002,342.9,1090,-0.005813575792126357,0.091650390625,0.26526445150375366,-0.6552098769694567,0.2,0.010750065,0.0003,6.580349922180176,15.394027511775494,,
688,111,227328,330,14.994099999999998,352.28,1100,-0.0023967222135979683,0.146875,-0.02322256565093994,-0.6762500891461969,0.2,0.0140358,0.0003,3.398407220840454,7.137838959693909,,
688,112,229376,333,14.5765,354.44,1110,-0.004795078976894729,0.100634765625,0.09316790103912354,-0.6517590699717403,0.2,0.010981944,0.0003,6.358363628387451,9.480936820060014,,
,,230000,,,,1120,-0.006048603888484649,0.164501953125,0.19474738836288452,-0.6746440883725882,0.2,0.020092074,0.0003,5.177948951721191,8.375135157257318,12.64,406.8
686,113,231424,337,14.377599999999997,353.61,,,,,,,,,,,,
686,114,233472,340,14.726,350.92,1130,-0.006438152825285215,0.1638671875,0.06004279851913452,-0.6621293732896447,0.2,0.0099423155,0.0003,1.8833560943603516,5.7461951278150085,,
687,115,235520,342,14.844699999999998,349.4,1140,-0.007683670688129496,0.1001953125,0.04806298017501831,-0.6722789742052555,0.2,0.011234248,0.0003,3.233609914779663,12.959707237780094,,
687,116,237568,345,14.450400000000002,328.43,1150,-0.008412204752676188,0.13203125,0.17312026023864746,-0.6680795460939407,0.2,0.01052078,0.0003,7.896421432495117,15.569501665234565,,
687,117,239616,348,14.935800000000002,330.18,1160,-0.0066724084346788,0.082421875,0.001052260398864746,-0.6613562259823084,0.2,0.0071124923,0.0003,7.022308349609375,18.64574122428894,,
,,240000,,,,1170,-0.007205274564330466,0.092578125,0.1425025463104248,-0.6409646762534976,0.2,0.007186345,0.0003,11.549539566040039,19.764952297508717,15.59,713.6
684,118,241664,353,15.982699999999998,327.81,,,,,,,,,,,,
684,119,243712,356,17.3335,324.62,1180,-0.007939955772599205,0.091064453125,0.08508580923080444,-0.6160894848406315,0.2,0.0055377423,0.0003,6.592999458312988,20.3927865087986,,
684,120,245760,359,18.3418,335.72,1190,-0.008372508178581484,0.1181640625,0.13889819383621216,-0.5800983485765755,0.2,0.0097320955,0.0003,5.102357864379883,14.575798997282982,,
684,121,247808,361,16.258699999999997,329.28,1200,-0.004692194823292084,0.112353515625,0.14193648099899292,-0.6126057963818312,0.2,0.010178225,0.0003,6.508017063140869,13.768323075026274,,
684,122,249856,364,16.216599999999996,333.47,1210,-0.004049775619932916,0.120654296875,0.20448625087738037,-0.6081767935305834,0.2,0.010930417,0.0003,7.77797794342041,11.862421126663685,,
,,250000,,,,1220,-0.004752139696211089,0.11845703125,0.2801048159599304,-0.591907044686377,0.2,0.010275774,0.0003,5.664295196533203,11.793088482320309,45.06,826.8
680,123,251904,370,15.6385,341.05,,,,,,,,,,,,
680,124,253952,372,16.971999999999998,340.01,1230,-0.003337211467442103,0.082421875,0.1996188759803772,-0.6032000276260078,0.2,0.0076258667,0.0003,8.464640617370605,16.31170924901962,,
681,125,256000,375,16.408900000000003,345.01,1240,-0.0047342272780952046,0.0595703125,0.2450350522994995,-0.5433428403921425,0.2,0.00908564,0.0003,9.064926147460938,21.321841606497763,,
681,126,258048,378,17.5044,338.22,1250,-0.00452652377425693,0.141650390625,0.2551501393318176,-0.5841163951903582,0.2,0.012453419,0.0003,7.5980634689331055,12.335274530947208,,
,,260000,,,,1260,-0.005113145429641008,0.069140625,0.07686662673950195,-0.5143170040100813,0.2,0.0056313938,0.0003,9.18903923034668,21.36614608466625,65.208,1286.4
675,127,260096,384,19.1774,334.8,,,,,,,,,,,,
675,128,262144,387,20.844900000000003,338.84,1270,-0.007547961073578335,0.1244140625,0.11197477579116821,-0.5225498803891242,0.2,0.013094027,0.0003,4.288142204284668,14.730246333777904,,
676,129,264192,390,21.618800000000007,342.91,1280,-0.0058983607188565655,0.09345703125,0.16984158754348755,-0.4802737860009074,0.2,0.007503379,0.0003,5.968087673187256,18.407015499472617,,
676,130,266240,393,22.0394,341.65,1290,-0.006622134361532517,0.12197265625,0.16416341066360474,-0.48350155223160984,0.2,0.014161136,0.0003,4.276705265045166,12.552180591970682,,
677,131,268288,396,24.196500000000004,351.62,1300,-0.00855603496893309,0.131884765625,0.1983569860458374,-0.49631781904026867,0.2,0.014475279,0.0003,4.679372310638428,15.019442008435727,,
,,270000,,,,1310,-0.007019543091882951,0.11181640625,0.15342789888381958,-0.4630192563869059,0.2,0.0106505,0.0003,10.876548767089844,19.02002047598362,38.774,1039.4
672,132,270336,402,24.847799999999996,367.71,,,,,,,,,,,,
672,133,272384,404,25.803099999999993,374.62,1320,-0.004797809582669288,0.128271484375,0.24051862955093384,-0.47558015659451486,0.2,0.013416794,0.0003,4.292272090911865,13.117700806260109,,
673,134,274432,407,25.1584,377.93,1330,-0.0037038941634818913,0.104833984375,0.18956387042999268,-0.4800967311486602,0.2,0.012731487,0.0003,7.064173221588135,13.37655799984932,,
673,135,276480,410,26.066599999999998,399.1,1340,-0.0026350943255238233,0.127978515625,0.24873638153076172,-0.48179181646555663,0.2,0.014830556,0.0003,3.4033873081207275,8.010420143604279,,
674,136,278528,413,25.992200000000004,406.26,1350,-0.0031340073197497985,0.09326171875,0.17962723970413208,-0.4983959024772048,0.2,0.008860378,0.0003,5.65397834777832,15.114251229166985,,
,,280000,,,,1360,-0.004237907013157382,0.14443359375,0.22290045022964478,-0.5055250608362257,0.2,0.011339592,0.0003,5.685663223266602,12.098636645823717,65.592,1057.4
669,137,280576,418,25.0731,416.63,,,,,,,,,,,,
670,138,282624,421,24.808000000000007,422.78,1370,-0.0027501415548613294,0.142724609375,0.15727680921554565,-0.5259879060089588,0.2,0.016695477,0.0003,6.611391067504883,9.848483416438103,,
670,139,284672,424,25.3083,423.58,1380,-0.0052518443728331475,0.121923828125,0.21980774402618408,-0.5329580848105252,0.2,0.011915718,0.0003,5.891335964202881,15.336110338568687,,
671,140,286720,427,24.055000000000003,416.8,1390,-0.0062310612192959525,0.06982421875,0.20739471912384033,-0.4830284992232919,0.2,0.008662036,0.0003,13.108668327331543,23.165152621269225,,
671,141,288768,430,24.509199999999996,403.65,1400,-0.0070921167818596585,0.14404296875,0.23986965417861938,-0.521580982208252,0.2,0.011508552,0.0003,5.3870439529418945,11.521192433685064,,
,,290000,,,,1410,-0.006785331224091351,0.090087890625,0.16256064176559448,-0.48992982096970084,0.2,0.0077409884,0.0003,14.799520492553711,22.22208186686039,78.666,1164.6
666,142,290816,436,26.07839999999999,392.35,,,,,,,,,,,,
667,143,292864,438,28.127799999999997,403.18,1420,-0.003778723893628921,0.055224609375,0.13281506299972534,-0.45410276399925353,0.2,0.0067051686,0.0003,6.729587078094482,23.292804926633835,,
667,144,294912,441,28.799599999999995,417.24,1430,-0.00542661888175644,0.112353515625,0.16960293054580688,-0.46441660057753326,0.2,0.0101677645,0.0003,4.014339923858643,13.065095856785774,,
667,145,296960,444,28.695499999999996,417.62,1440,-0.005699019783060066,0.16103515625,0.1878598928451538,-0.4891431640833616,0.2,0.019297455,0.0003,5.782097339630127,9.763687893003226,,
668,146,299008,447,29.9653,412.4,1450,-0.005474910660996102,0.087744140625,0.23576653003692627,-0.48552024671807886,0.2,0.0065088496,0.0003,10.043852806091309,20.358674445748328,,
,,300000,,,,1460,-0.005991910191369243,0.068505859375,0.15028202533721924,-0.46930675152689216,0.2,0.008278713,0.0003,16.41057777404785,25.849771189689637,95.914,851.6
665,147,301056,452,31.0412,427.51,,,,,,,,,,,,
665,148,303104,455,31.796400000000002,434.07,1470,-0.006902717152843252,0.12373046875,0.1842106580734253,-0.5034060277976096,0.2,0.011015053,0.0003,8.304070472717285,15.712178176641464,,
665,149,305152,458,32.611900000000006,434.62,1480,0.00022727834002580493,0.137841796875,0.2668989300727844,-0.514538758713752,0.2,0.016307881,0.0003,2.785285472869873,9.964727179706097,,
666,150,307200,461,33.075500000000005,429.26,1490,-0.0063945953152142465,0.0771484375,0.16566091775894165,-0.4602241794578731,0.2,0.008246839,0.0003,10.02564811706543,25.257468855381013,,
666,151,309248,463,34.203,438.77,1500,-0.005720373666554224,0.054443359375,0.05393719673156738,-0.47592586698010564,0.2,0.004605689,0.0003,9.726066589355469,22.62397421002388,,
,,310000,,,,1510,-0.006147720993612893,0.104345703125,0.1692013144493103,-0.4765442694537342,0.2,0.009235416,0.0003,14.485943794250488,16.31714027673006,45.516000000000005,759.6
663,152,311296,468,36.1453,440.27,,,,,,,,,,,,
664,153,313344,471,35.7184,441.1,1520,-0.006497608029167168,0.069482421875,0.24954038858413696,-0.43421454206109045,0.2,0.006589614,0.0003,7.643928527832031,24.83596698641777,,
664,154,315392,474,34.9511,446.5,1530,-0.0019412329405895435,0.1009765625,0.19534575939178467,-0.4839579276740551,0.2,0.0074272053,0.0003,5.2173075675964355,14.836733753979207,,
664,155,317440,477,37.3435,452.54,1540,-0.0022856993600726128,0.129541015625,0.19359296560287476,-0.5041576832532882,0.2,0.023122827,0.0003,3.151599168777466,10.516107083112,,
664,156,319488,480,38.7809,441.89,1550,-0.006377934248303063,0.077099609375,0.09890091419219971,-0.4739807840436697,0.2,0.0071798647,0.0003,5.776488780975342,20.27539930343628,,
,,320000,,,,1560,-0.006346675430540927,0.083740234375,0.16493624448776245,-0.5106040133163333,0.2,0.008123317,0.0003,8.174159049987793,19.362602032721043,87.52000000000001,903.4
662,157,321536,485,40.0601,446.7,,,,,,,,,,,,
662,158,323584,488,43.5826,453.38,1570,-0.0035606276607722974,0.076171875,0.1295298933982849,-0.4883368857204914,0.2,0.005769643,0.0003,4.931085109710693,22.9225031375885,,
662,159,325632,491,45.33219999999999,453.51,1580,-0.005308010174485389,0.06943359375,0.1776319146156311,-0.4778097172267735,0.2,0.0074458057,0.0003,13.023426055908203,25.493558859825136,,
662,160,327680,494,45.7071,455.76,1590,-0.00651088132726727,0.103857421875,0.27882397174835205,-0.49169005099684,0.2,0.0080664875,0.0003,8.972818374633789,21.744702610373498,,
663,161,329728,497,46.171699999999994,452.46,1600,-0.0034186032440629787,0.08369140625,0.15752482414245605,-0.5301095863804222,0.2,0.0065259254,0.0003,18.67728614807129,22.002111873030664,,
,,330000,,,,1610,-0.00492505069123581,0.092822265625,0.13415104150772095,-0.537101874500513,0.2,0.010277307,0.0003,8.514068603515625,24.331182715296745,34.408,670.0
660,162,331776,501,46.116899999999994,456.94,,,,,,,,,,,,
661,163,333824,504,47.9881,465.17,1620,-0.003981875911995303,0.1103515625,0.24757874011993408,-0.5421211253851652,0.2,0.009817221,0.0003,2.616107940673828,8.25393306016922,,
661,164,335872,507,47.9881,465.17,1630,-0.005520331024308689,0.07939453125,0.2461121678352356,-0.5157206386327744,0.2,0.007598758,0.0003,14.028206825256348,22.973064824938774,,
662,165,337920,510,51.341000000000015,497.02,1640,-0.006541090886457823,0.140185546875,0.3450578451156616,-0.5415315212681889,0.2,0.01670473,0.0003,5.667046546936035,8.194242430478335,,
662,166,339968,513,53.285700000000006,507.09,1650,-0.0036881822656141595,0.08193359375,0.27660804986953735,-0.5142535391263664,0.2,0.005133766,0.0003,10.658363342285156,20.5857267588377,,
,,340000,,,,1660,-0.004272988106822595,0.077734375,0.14665275812149048,-0.5070102698169648,0.2,0.0066456376,0.0003,9.275144577026367,23.81828529238701,31.194,580.2
660,167,342016,517,56.27260000000001,524.89,,,,,,,,,,,,
661,168,344064,520,56.62920000000001,520.34,1670,-0.008125078474404291,0.096240234375,0.1346834897994995,-0.5108692501671612,0.2,0.008662623,0.0003,6.310180187225342,21.400802755355834,,
661,169,346112,522,57.13320000000001,512.62,1680,-0.007151299793622457,0.08818359375,0.14919131994247437,-0.4979779769666493,0.2,0.008261211,0.0003,21.188013076782227,27.556226325035095,,
662,170,348160,525,58.07669999999999,512.3,1690,-0.0069199395264149645,0.11103515625,0.15323936939239502,-0.49626257484778763,0.2,0.012951877,0.0003,7.430234432220459,19.403520944714547,,
,,350000,,,,1700,-0.005431830255838576,0.08037109375,0.21060657501220703,-0.48373936833813785,0.2,0.008111756,0.0003,8.936973571777344,28.3988545358181,115.59400000000001,1333.2
658,171,350208,532,60.679899999999996,527.25,,,,,,,,,,,,
658,172,352256,534,60.95,531.45,1710,-0.002746822507469915,0.08671875,0.2211788296699524,-0.47509476272389295,0.2,0.0068720654,0.0003,14.45976448059082,24.058797615766526,,
659,173,354304,537,62.20950000000002,528.48,1720,-0.00514229472464649,0.1095703125,0.1398385763168335,-0.5024738373234868,0.2,0.009572803,0.0003,23.15833282470703,27.547545672953127,,
659,174,356352,540,62.85330000000001,525.24,1730,-0.00525896133040078,0.085595703125,0.11785870790481567,-0.46838957658037544,0.2,0.006827827,0.0003,15.116902351379395,23.01706246435642,,
659,175,358400,543,63.259699999999995,535.13,1740,-0.002910744253313169,0.10732421875,0.21261972188949585,-0.47886931505054237,0.2,0.013826136,0.0003,14.811497688293457,18.940455535054205,,
,,360000,,,,1750,-0.0027463231897854714,0.09287109375,0.24086695909500122,-0.4723358487710357,0.2,0.012023837,0.0003,10.388309478759766,18.61705142557621,211.2,2000.6
653,176,360448,551,64.12489999999998,542.18,,,,,,,,,,,,
653,177,362496,554,66.88550000000001,553.48,1760,-0.00720342147978954,0.077294921875,0.2675376534461975,-0.4557144375517964,0.2,0.007974879,0.0003,20.5914249420166,23.472825416922568,,
653,178,364544,557,70.1629,565.31,1770,-0.003867927228566259,0.079150390625,0.26548516750335693,-0.4213968301191926,0.2,0.0066561536,0.0003,11.37830924987793,21.179155617952347,,
653,179,366592,560,70.2749,565.24,1780,-0.005680411797948181,0.0720703125,0.30374449491500854,-0.4127181793563068,0.2,0.008015703,0.0003,11.189120292663574,24.177048566937447,,
654,180,368640,563,70.0547,565.6,1790,-0.003847651385876816,0.12626953125,0.08392733335494995,-0.4766542918980122,0.2,0.015033561,0.0003,14.67178726196289,25.114361815154552,,
,,370000,,,,1800,-0.0041143693655612875,0.109912109375,0.25027376413345337,-0.48239283161237834,0.2,0.008907558,0.0003,9.489014625549316,21.205919228494167,62.11800000000001,797.4
652,181,370688,568,71.631,571.87,,,,,,,,,,,,
652,182,372736,571,74.5416,567.65,1810,-0.002122618578141555,0.07724609375,0.2969297766685486,-0.46995921349152925,0.2,0.00654809,0.0003,9.344365119934082,18.52442193031311,,
652,183,374784,574,73.3043,556.43,1820,-0.007337806513532996,0.09482421875,0.19401907920837402,-0.44821979384869337,0.2,0.006428035,0.0003,11.418037414550781,28.809059521555902,,
652,184,376832,577,73.69189999999999,549.3,1830,-0.005916101686307229,0.073681640625,0.19334453344345093,-0.44983399715274575,0.2,0.005855621,0.0003,26.08134651184082,38.06868129074574,,
653,185,378880,579,74.37180000000001,563.21,1840,-0.005563542938034516,0.10810546875,0.23536747694015503,-0.44468571627512576,0.2,0.0128203835,0.0003,9.294160842895508,21.731158754229547,,
,,380000,,,,1850,-0.0025618445724830963,0.0830078125,0.19327694177627563,-0.4330458790995181,0.2,0.00755017,0.0003,12.19407844543457,25.479332338273526,128.51399999999998,697.0
651,186,380928,584,76.12979999999999,562.46,,,,,,,,,,,,
651,187,382976,587,77.83709999999999,566.48,1860,-0.004359210486290977,0.070703125,0.2842971682548523,-0.41563426051288843,0.2,0.007614819,0.0003,9.878938674926758,22.571058401465415,,
652,188,385024,590,79.6249,560.59,1870,-0.004179174907039851,0.073291015625,0.1926795244216919,-0.4355216549709439,0.2,0.006069336,0.0003,31.305070877075195,32.26519353985786,,
652,189,387072,593,81.9375,566.48,1880,-0.00746753131825244,0.07978515625,0.06860107183456421,-0.39222572101280095,0.2,0.007995658,0.0003,42.595130920410156,43.65730909705162,,
652,190,389120,596,83.57119999999999,556.6,1890,-0.006055039739294443,0.1064453125,0.16678529977798462,-0.41134329605847597,0.2,0.010297637,0.0003,7.708962440490723,24.52873996347189,,
,,390000,,,,1900,-0.003332167615008075,0.075537109375,0.13207978010177612,-0.4390329610556364,0.2,0.0064766165,0.0003,20.464221954345703,35.21737730801105,66.534,742.6
650,191,391168,600,85.0047,575.71,,,,,,,,,,,,
651,192,393216,603,82.6594,545.48,1910,-0.0017438193404814228,0.1009765625,0.22082161903381348,-0.44764272319152953,0.2,0.011068745,0.0003,4.417150974273682,14.113016978651284,,
651,193,395264,606,84.6741,546.95,1920,-0.01101413975993637,0.09345703125,0.202345609664917,-0.41998213762417436,0.2,0.008909451,0.0003,14.20388412475586,25.582312682271002,,
651,194,397312,609,87.84210000000002,556.79,1930,-0.004974942930857651,0.094677734375,0.24015843868255615,-0.4079521200619638,0.2,0.008688731,0.0003,7.299249172210693,24.84548399746418,,
652,195,399360,612,88.36220000000002,557.41,1940,-0.004553691137698479,0.08125,0.18864285945892334,-0.4337492410093546,0.2,0.0070642787,0.0003,34.29881286621094,28.57029415667057,,
,,400000,,,,1950,-0.0042601532259141095,0.08974609375,0.1651361584663391,-0.4320760411210358,0.2,0.007863835,0.0003,11.851667404174805,35.19341132044792,154.326,2614.6
644,196,401408,622,89.4357,572.04,,,,,,,,,,,,
644,197,403456,625,91.84919999999998,587.92,1960,-0.0030397156486287715,0.096337890625,0.20931673049926758,-0.4488303783349693,0.2,0.008339082,0.0003,22.858400344848633,26.45135034918785,,
645,198,405504,628,92.6183,603.28,1970,-0.005281563720200211,0.12353515625,0.13629209995269775,-0.4797243059612811,0.2,0.009124247,0.0003,4.60614538192749,16.33154442310333,,
645,199,407552,631,94.7604,613.59,1980,0.0006533496460178867,0.12568359375,0.19493108987808228,-0.46681383308023217,0.2,0.02219663,0.0003,5.7710795402526855,17.713283834606408,,
645,200,409600,634,96.43560000000001,619.68,1990,-0.003950927325058728,0.074755859375,0.28504395484924316,-0.4097435876727104,0.2,0.0073269466,0.0003,12.070343017578125,31.235662484169005,,
,,410000,,,,2000,-0.004819098228472285,0.072900390625,0.17979300022125244,-0.43002763483673334,0.2,0.0063176565,0.0003,14.728492736816406,27.931129363179206,125.474,1030.6
643,201,411648,640,95.38780000000001,613.51,,,,,,,,,,,,
643,202,413696,642,95.72520000000003,600.99,2010,-0.010283156714285724,0.095166015625,0.011914372444152832,-0.43958219774067403,0.2,0.023325263,0.0003,15.63297176361084,34.58024552464485,,
643,203,415744,645,98.8934,612.53,2020,-0.00681998799846042,0.086181640625,0.0870065689086914,-0.42346484092995523,0.2,0.009062103,0.0003,16.986356735229492,34.848868957161905,,
643,204,417792,648,98.06139999999998,613.53,2030,-0.0063164186431095,0.089453125,0.045551180839538574,-0.44456374533474446,0.2,0.00782116,0.0003,13.823978424072266,26.313559870421887,,
644,205,419840,651,100.0221,614.23,2040,-0.00298923802038189,0.125439453125,0.12420833110809326,-0.46079522781074045,0.2,0.012226373,0.0003,10.481025695800781,11.94304633140564,,
,,420000,,,,2050,-0.0054999442450935025,0.080419921875,0.23167216777801514,-0.39979347977787255,0.2,0.0064881877,0.0003,8.133896827697754,28.386407539248466,139.78400000000002,1999.2
639,206,421888,659,102.3973,623.03,,,,,,,,,,,,
639,207,423936,662,97.0015,596.9,2060,-0.006262635473103728,0.076513671875,0.06791967153549194,-0.37526066238060596,0.2,0.0060010618,0.0003,10.735692977905273,37.59651265442371,,
640,208,425984,665,94.61219999999999,600.26,2070,-0.006203061350970529,0.0828125,0.09623867273330688,-0.4131004140712321,0.2,0.010671934,0.0003,26.797622680664062,38.16751118302345,,
640,209,428032,668,95.81920000000002,592.19,2080,-0.003697269938129466,0.09873046875,0.20502501726150513,-0.3981526019051671,0.2,0.010958974,0.0003,23.08064079284668,21.590843471884728,,
,,430000,,,,2090,-0.0027060481865191833,0.08642578125,0.11298710107803345,-0.4283897913061082,0.2,0.01249494,0.0003,11.364631652832031,28.710668423771857,112.21599999999998,1497.6
636,210,430080,675,94.92660000000002,588.84,,,,,,,,,,,,
637,211,432128,677,92.56869999999999,577.73,2100,-0.003308312367880717,0.11416015625,-0.03309595584869385,-0.43294722829014065,0.2,0.013653336,0.0003,4.976678371429443,16.6406049489975,,
637,212,434176,680,92.90930000000002,584.47,2110,-0.009801262454129756,0.104736328125,0.09470504522323608,-0.4342228386551142,0.2,0.01897573,0.0003,22.685760498046875,37.83331849873066,,
638,213,436224,683,93.52220000000001,585.26,2120,-0.005962158172042109,0.071044921875,0.1462939977645874,-0.4234742559492588,0.2,0.00883955,0.0003,17.32462501525879,42.57963606715202,,
638,214,438272,686,93.40020000000003,586.73,2130,-0.0016508588538272305,0.09560546875,0.23238545656204224,-0.4375979575328529,0.2,0.009185456,0.0003,15.443656921386719,21.338047637045385,,
,,440000,,,,2140,-0.005523758770141285,0.102734375,0.2359066605567932,-0.45835025580599903,0.2,0.010730297,0.0003,12.453577041625977,29.22721012234688,167.276,1960.6
633,215,440320,694,91.63140000000003,577.47,,,,,,,,,,,,
634,216,442368,697,92.6485,597.18,2150,-0.006597466045059263,0.091357421875,0.1301192045211792,-0.44568882547318933,0.2,0.011669244,0.0003,12.1617431640625,30.192603334784508,,
634,217,444416,700,92.99229999999997,602.32,2160,-0.006677360362664331,0.1283203125,0.22636353969573975,-0.48257042923942206,0.2,0.011751566,0.0003,11.48609733581543,19.914050671458245,,
634,218,446464,703,92.1124,606.29,2170,-0.0025245868804631756,0.113671875,0.21908003091812134,-0.502333702892065,0.2,0.012718786,0.0003,9.647222518920898,22.47330870181322,,
635,219,448512,706,92.59639999999999,607.62,2180,-0.0047959029310732145,0.072412109375,0.15717744827270508,-0.4635552459396422,0.2,0.0058470247,0.0003,6.822744846343994,39.07704250216484,,
,,450000,,,,2190,-0.0034073247807100415,0.076025390625,0.236627459526062,-0.4420573694631457,0.2,0.0061195134,0.0003,13.482272148132324,32.35150794684887,194.83800000000002,1028.2
632,220,450560,711,88.9246,585.74,,,,,,,,,,,,
633,221,452608,714,80.50420000000001,568.54,2200,-0.0039518095771200025,0.126708984375,0.040938735008239746,-0.4977176851592958,0.2,0.010974493,0.0003,7.62552547454834,20.39381221905351,,
633,222,454656,717,81.70370000000001,570.97,2210,-0.007374581549083814,0.1048828125,0.1263529658317566,-0.4801788474433124,0.2,0.01152656,0.0003,11.163485527038574,30.708663627505302,,
633,223,456704,720,81.92479999999999,581.19,2220,-0.0071717815866577436,0.08955078125,0.18938028812408447,-0.4248120278120041,0.2,0.009767826,0.0003,10.923264503479004,26.261654090881347,,
634,224,458752,723,81.03229999999999,577.37,2230,-0.005665890070667956,0.107177734375,0.30467742681503296,-0.44544065110385417,0.2,0.012720538,0.0003,4.655200004577637,18.07628029733896,,
,,460000,,,,2240,-0.004805065132677555,0.1046875,0.3198138475418091,-0.43697161553427577,0.2,0.0124111045,0.0003,8.099587440490723,15.200352557003498,156.708,1499.2
630,225,460800,730,77.3512,533.22,,,,,,,,,,,,
631,226,462848,733,77.7659,534.13,2250,-0.00834040378103964,0.080126953125,0.08395439386367798,-0.4214571338146925,0.2,0.0066744527,0.0003,19.75482749938965,36.22104094028473,,
631,227,464896,736,82.42309999999999,549.4,2260,-0.0037892967724474148,0.069775390625,0.09360337257385254,-0.4096129325218499,0.2,0.0067156674,0.0003,10.509556770324707,25.938061356544495,,
631,228,466944,739,82.8307,548.56,2270,-0.0033326442309771663,0.08916015625,0.3362117409706116,-0.3813990577124059,0.2,0.008538002,0.0003,6.384891510009766,15.164786025881767,,
632,229,468992,741,82.8307,548.56,2280,-0.006603380243177526,0.097314453125,0.3304052948951721,-0.40347680523991586,0.2,0.006477731,0.0003,7.400913715362549,15.19327117651701,,
,,470000,,,,2290,0.00026689147925935687,0.142626953125,0.13279354572296143,-0.4105123647488654,0.2,0.023859687,0.0003,2.4854304790496826,2.7908161830157043,248.18,1603.4
628,230,471040,749,82.8307,548.56,,,,,,,,,,,,
628,231,473088,752,86.286,613.13,2300,0.0010845989352674223,0.196240234375,-3.5603842735290527,-0.41339428853243587,0.2,0.02482231,0.0003,0.06696160137653351,0.27403627688763665,,
629,232,475136,755,88.51340000000002,625.14,2310,-0.005258977637276984,0.071826171875,0.07814860343933105,-0.4385895624756813,0.2,0.003234217,0.0003,7.264890670776367,11.825758042559027,,
629,233,477184,757,89.71670000000002,637.28,2320,-0.005379126343177632,0.040087890625,0.17474788427352905,-0.42930998085066674,0.2,0.0040231217,0.0003,7.076356410980225,24.547041839361192,,
629,234,479232,760,87.73190000000002,630.56,2330,-0.004974988273170311,0.0482421875,0.21949869394302368,-0.4332248570397496,0.2,0.0033172593,0.0003,4.436962127685547,23.78570146560669,,
,,480000,,,,2340,-0.0068588489521062,0.0552734375,0.2923736572265625,-0.4517609882168472,0.2,0.005124829,0.0003,4.487549781799316,15.967541414499284,15.76,707.4
628,235,481280,765,87.73190000000002,630.56,,,,,,,,,,,,
629,236,483328,768,88.971,680.96,2350,-0.0015903244289802386,0.056884765625,0.28821617364883423,-0.4368320788256824,0.2,0.010950433,0.0003,1.0331778526306152,5.310817349143326,,
629,237,485376,771,90.51359999999998,690.5,2360,-0.0018610737577546387,0.10439453125,0.343176007270813,-0.4665599485859275,0.2,0.010754147,0.0003,3.98787260055542,8.386039164848626,,
629,238,487424,774,88.7835,679.27,2370,-0.007784203096525744,0.066845703125,0.17498129606246948,-0.44553168239071966,0.2,0.0076302863,0.0003,8.373152732849121,23.739185884594917,,
629,239,489472,776,88.99969999999999,678.55,2380,-0.0046086351256235504,0.053125,0.22659701108932495,-0.4280995042063296,0.2,0.004479481,0.0003,9.461112976074219,20.271163457632063,,
,,490000,,,,2390,-0.005388377682538703,0.05498046875,0.28889960050582886,-0.416174145322293,0.2,0.004225602,0.0003,15.143179893493652,23.426135349273682,67.986,1218.8
627,240,491520,783,92.49889999999998,696.15,,,,,,,,,,,,
627,241,493568,786,96.5709,709.56,2400,-0.0058714570506708695,0.06103515625,0.30690598487854004,-0.39751378260552883,0.2,0.0043751155,0.0003,10.577901840209961,23.808027708530425,,
628,242,495616,788,98.9447,716.9,2410,-0.0032083990809042007,0.042626953125,0.26548057794570923,-0.39223838672041894,0.2,0.004315939,0.0003,10.4945068359375,21.46904574930668,,
628,243,497664,791,102.2752,723.36,2420,-0.005717179735074751,0.068115234375,0.21025705337524414,-0.4121954676695168,0.2,0.008300324,0.0003,20.225202560424805,33.874037048220636,,
628,244,499712,794,104.40159999999997,726.09,2430,-0.003734226376400329,0.069189453125,0.13996291160583496,-0.4095449264161289,0.2,0.006881213,0.0003,19.477371215820312,23.905502754449845,,
,,500000,,,,2440,-0.0048027316646766845,0.081396484375,0.05859184265136719,-0.38908420633524654,0.2,0.0068605863,0.0003,5.523327350616455,20.40372708439827,260.724,3432.8
621,245,501760,807,105.33139999999997,725.16,,,,,,,,,,,,
621,246,503808,810,113.94529999999999,753.66,2450,-0.0048724004940595474,0.076806640625,0.24303185939788818,-0.37797241304069756,0.2,0.007963426,0.0003,14.721593856811523,19.82685806453228,,
622,247,505856,813,117.2519,752.56,2460,-0.0032775167928775772,0.102685546875,0.20508116483688354,-0.39243031619116664,0.2,0.011208059,0.0003,7.1477508544921875,21.36566364467144,,
622,248,507904,815,117.8589,774.06,2470,-0.004645603157405276,0.053662109375,0.18617963790893555,-0.3940109463408589,0.2,0.006585001,0.0003,14.158303260803223,40.550019747018816,,
622,249,509952,818,120.9118,786.7,2480,-0.0030363483936525883,0.13525390625,0.13879555463790894,-0.45183839052915575,0.2,0.034008242,0.0003,1.811464548110962,10.39565381417051,,
,,510000,,,,2490,-0.005904725557775237,0.096728515625,0.22434216737747192,-0.4131061245687306,0.2,0.007038803,0.0003,7.584231376647949,27.37308702766895,90.886,1328.8
620,250,512000,825,121.66369999999999,794.97,,,,,,,,,,,,
620,251,514048,828,127.2344,810.64,2500,-0.00554816973162815,0.0861328125,0.28888505697250366,-0.41594736417755485,0.2,0.0065254904,0.0003,9.586977005004883,28.221268352866172,,
620,252,516096,831,128.27599999999998,817.79,2510,-0.004804051097016782,0.067822265625,0.2575649619102478,-0.380855228099972,0.2,0.0058125807,0.0003,21.15983009338379,33.172881570458415,,
621,253,518144,833,130.20690000000002,807.42,2520,-0.004571471833332908,0.080126953125,0.16120505332946777,-0.4160689483396709,0.2,0.0063975956,0.0003,12.685020446777344,50.348681670427325,,
,,520000,,,,2530,-0.0073853196954587474,0.074609375,0.14196133613586426,-0.4057073416188359,0.2,0.00698673,0.0003,18.41973304748535,39.537191942334175,248.74799999999996,1911.0
617,254,520192,842,130.25869999999998,814.17,,,,,,,,,,,,
617,255,522240,845,130.1985,800.61,2540,-0.003614920869586058,0.078515625,0.13808482885360718,-0.42599252676591276,0.2,0.009610387,0.0003,43.23389434814453,47.07524998784065,,
618,256,524288,848,132.7009,805.98,2550,-0.005295588096487336,0.077490234375,0.2625178098678589,-0.40013415990397333,0.2,0.0062175873,0.0003,15.601314544677734,30.18370118141174,,
618,257,526336,850,134.6607,826.17,2560,-0.0033057758351787924,0.087060546875,0.1812158226966858,-0.40025431420654056,0.2,0.008913504,0.0003,9.605008125305176,20.165690822899343,,
618,258,528384,853,135.08440000000002,815.81,2570,-0.007502636252320371,0.113330078125,0.20239824056625366,-0.40077980561181903,0.2,0.012074128,0.0003,23.806612014770508,36.790511444211006,,
,,530000,,,,2580,-0.008356140612158924,0.08359375,0.19018155336380005,-0.3874852657318115,0.2,0.009557519,0.0003,18.641300201416016,41.44765901267529,184.958,1776.0
615,259,530432,861,135.923,833.53,,,,,,,,,,,,
616,260,532480,864,137.4298,829.03,2590,-0.004333215081715025,0.137158203125,0.15526264905929565,-0.4251357425004244,0.2,0.016800527,0.0003,5.631268501281738,15.323231590539217,,
616,261,534528,866,138.36579999999998,827.64,2600,-0.007495810175896622,0.088037109375,0.13552623987197876,-0.3980885141529143,0.2,0.0077701733,0.0003,23.966413497924805,60.37616682648659,,
617,262,536576,869,141.6994,832.37,2610,-0.0041495519748423245,0.087158203125,0.11010456085205078,-0.40466839708387853,0.2,0.008024028,0.0003,17.695650100708008,38.66582606732845,,
617,263,538624,872,142.2823,835.76,2620,-0.005259755506995134,0.075439453125,-0.006200432777404785,-0.37520387563854457,0.2,0.00942217,0.0003,21.15123176574707,31.08709290921688,,
,,540000,,,,2630,-0.005627373233437538,0.079296875,0.21109884977340698,-0.37498969584703445,0.2,0.008928277,0.0003,9.751215934753418,35.6174969702959,117.36800000000001,2178.8
613,264,540672,881,142.74899999999997,829.15,,,,,,,,,,,,
613,265,542720,883,147.554,833.04,2640,-0.003932356245059054,0.090087890625,0.11773473024368286,-0.36876235995441675,0.2,0.008415857,0.0003,13.964452743530273,26.905824008584023,,
614,266,544768,886,151.1862,838.46,2650,-0.004433189635165036,0.083056640625,0.16441971063613892,-0.3448254637420177,0.2,0.008534362,0.0003,14.133955001831055,43.640291425585744,,
614,267,546816,889,147.3094,835.44,2660,-0.007098787544236984,0.05439453125,0.15866726636886597,-0.32763850362971425,0.2,0.0076155867,0.0003,31.675745010375977,48.63488480448723,,
614,268,548864,892,147.43280000000001,832.99,2670,-0.0026864012499572707,0.0767578125,0.05993539094924927,-0.35077243810519576,0.2,0.007255737,0.0003,9.461446762084961,38.715812334418295,,
,,550000,,,,2680,-0.006399017758667469,0.094384765625,0.20659899711608887,-0.346113648544997,0.2,0.009814067,0.0003,12.123346328735352,27.769524452090263,228.272,3184.2
608,269,550912,904,144.22820000000002,784.25,,,,,,,,,,,,
609,270,552960,907,143.6756,778.05,2690,-0.006350184042821639,0.1587890625,0.20098239183425903,-0.41942602591589095,0.2,0.02123575,0.0003,3.302154302597046,16.723826303891837,,
609,271,555008,910,147.26260000000002,788.75,2700,-0.0033081421235692686,0.068994140625,0.12068039178848267,-0.4055116629227996,0.2,0.005447317,0.0003,14.725574493408203,54.87394624352455,,
609,272,557056,913,147.26040000000003,789.25,2710,-0.006432119105011225,0.09091796875,0.15995395183563232,-0.44590090326964854,0.2,0.010144141,0.0003,14.428679466247559,26.063775335252284,,
610,273,559104,916,148.40499999999997,736.61,2720,-0.003289832329028286,0.086083984375,0.24371427297592163,-0.4231085604056716,0.2,0.0065274956,0.0003,7.0411057472229,21.381278397142886,,
,,560000,,,,2730,-0.010772283800179139,0.116064453125,0.17428815364837646,-0.4062587170861661,0.2,0.01814358,0.0003,18.576099395751953,47.576695141196254,91.09,917.6
608,274,561152,921,147.18970000000002,722.51,,,,,,,,,,,,
609,275,563200,924,148.0588,727.83,2740,-0.005956888938089833,0.08466796875,0.1386166214942932,-0.44246733067557215,0.2,0.008249388,0.0003,12.569212913513184,36.55068656206131,,
609,276,565248,927,149.2513,732.4,2750,-0.0037584995458018965,0.078955078125,0.3091101050376892,-0.42840178003534674,0.2,0.0082400665,0.0003,6.1797404289245605,22.748588657379152,,
609,277,567296,930,149.553,733.0,2760,-0.002822770131751895,0.071435546875,0.2682763934135437,-0.3949958895333111,0.2,0.0061044656,0.0003,8.132847785949707,21.863778680562973,,
610,278,569344,933,150.9288,740.12,2770,-0.004749522640486248,0.06337890625,0.13528448343276978,-0.39680920653045176,0.2,0.0062897485,0.0003,8.72046184539795,23.86650005877018,,
,,570000,,,,2780,-0.0051702809374546636,0.07392578125,0.13626116514205933,-0.41485980646684767,0.2,0.006512362,0.0003,31.48874855041504,53.331771567463875,173.658,1425.4
607,279,571392,940,153.5498,741.6,,,,,,,,,,,,
608,280,573440,942,151.7704,732.76,2790,-0.005170029707369394,0.071240234375,0.2263696789741516,-0.3823887623846531,0.2,0.006156699,0.0003,11.083466529846191,30.378254327178002,,
608,281,575488,945,145.2511,707.77,2800,-0.007349978470301721,0.087646484375,0.11860841512680054,-0.3852830432355404,0.2,0.008021969,0.0003,21.951393127441406,39.47860074043274,,
608,282,577536,948,142.577,677.11,2810,-0.004781437646306586,0.087255859375,0.16777968406677246,-0.4047975784167647,0.2,0.010720514,0.0003,9.787779808044434,34.981513223052026,,
609,283,579584,951,147.1206,692.41,2820,-0.006926370933069847,0.07890625,0.15940207242965698,-0.4141373192891479,0.2,0.010776835,0.0003,22.966323852539062,49.290870380401614,,
,,580000,,,,2830,-0.0031593153136782346,0.070654296875,0.024173200130462646,-0.4045500822365284,0.2,0.0070305583,0.0003,25.279102325439453,43.27384418845177,351.986,1863.2
606,284,581632,959,150.80270000000002,701.63,,,,,,,,,,,,
606,285,583680,962,152.59689999999998,715.04,2840,-0.006182096808333881,0.1115234375,0.1815846562385559,-0.4095849142409861,0.2,0.0143968295,0.0003,6.463138580322266,19.239583578705787,,
606,286,585728,965,150.82120000000003,710.85,2850,-0.003782115227659233,0.107568359375,0.22405803203582764,-0.47492866711691023,0.2,0.017782634,0.0003,21.738937377929688,20.647530525922775,,
607,287,587776,967,150.30630000000002,710.87,2860,-0.005816236772807315,0.09443359375,0.14699208736419678,-0.4470042198896408,0.2,0.0100197615,0.0003,23.775968551635742,52.367148873209956,,
607,288,589824,970,154.18630000000002,722.1,2870,-0.0038443311612354593,0.0724609375,0.27288639545440674,-0.44052535854279995,0.2,0.0070359125,0.0003,6.667705059051514,20.60223439335823,,
,,590000,,,,2880,-0.0012215252500027418,0.084619140625,0.15316009521484375,-0.4378753565251827,0.2,0.007538624,0.0003,11.814035415649414,25.499123802781106,159.69,1847.6
604,289,591872,978,155.20470000000003,732.25,,,,,,,,,,,,
605,290,593920,981,157.42720000000003,735.72,2890,-0.005156410147901624,0.07373046875,0.18334358930587769,-0.4483852569013834,0.2,0.005606711,0.0003,24.69083595275879,58.20330614447594,,
605,291,595968,984,159.8298,741.46,2900,-0.003558024051017128,0.092529296875,0.10299158096313477,-0.4444250204600394,0.2,0.00720614,0.0003,24.110868453979492,39.00449419915676,,
605,292,598016,987,161.60020000000003,728.14,2910,-0.0066252600052393975,0.090869140625,0.1753220558166504,-0.4340949743054807,0.2,0.010078914,0.0003,17.81357192993164,41.53176436126232,,
,,600000,,,,2920,-0.004303430394793395,0.068505859375,0.1724589467048645,-0.4285985422320664,0.2,0.0074686273,0.0003,9.289432525634766,35.47384669780731,190.42999999999998,1893.4
602,293,600064,995,162.00470000000004,738.36,,,,,,,,,,,,
603,294,602112,998,164.60240000000002,746.67,2930,-0.002168625565536786,0.107080078125,0.09078812599182129,-0.4800545950420201,0.2,0.008396491,0.0003,4.403780937194824,22.020876489579678,,
603,295,604160,1001,171.26039999999998,766.3,2940,-0.004921659882529639,0.0853515625,0.08293741941452026,-0.46748927468433976,0.2,0.008110074,0.0003,8.433828353881836,34.42547124922275,,
603,296,606208,1004,174.0404,775.7,2950,-0.00526581667654682,0.077880859375,0.1971755027770996,-0.4258164966478944,0.2,0.00817942,0.0003,17.35114860534668,33.56581192612648,,
603,297,608256,1007,178.67569999999995,775.76,2960,-0.00640945129271131,0.1099609375,0.1561887264251709,-0.43015125654637815,0.2,0.013048567,0.0003,22.114423751831055,36.09878622591496,,
,,610000,,,,2970,-0.007250629238842521,0.089501953125,0.24039393663406372,-0.4387767896987498,0.2,0.008446595,0.0003,8.377784729003906,38.67962920665741,328.466,1965.8
600,298,610304,1015,181.46689999999995,782.12,,,,,,,,,,,,
601,299,612352,1018,182.6502,787.61,2980,-0.00584155838296283,0.080712890625,0.15093839168548584,-0.45158460587263105,0.2,0.0063337362,0.0003,52.391727447509766,48.58667686283589,,
601,300,614400,1021,186.0808,804.18,2990,-0.00397137702384498,0.0935546875,0.20897948741912842,-0.4718656032346189,0.2,0.0077471863,0.0003,29.11399269104004,33.76216910481453,,
601,301,616448,1024,183.99309999999997,808.09,3000,-0.005222669022623449,0.09375,0.204217791557312,-0.4901181301102042,0.2,0.0106355585,0.0003,19.11400604248047,26.25952988564968,,
602,302,618496,1027,184.04199999999997,813.43,3010,-0.007698170917865355,0.097705078125,0.14506304264068604,-0.5055482666939497,0.2,0.010677501,0.0003,30.747434616088867,52.51453665196895,,
,,620000,,,,3020,-0.0036630410511861557,0.100537109375,0.12651485204696655,-0.515093233063817,0.2,0.0084345555,0.0003,7.026984214782715,23.39836913943291,293.33000000000004,1971.2
599,303,620544,1035,188.66249999999997,827.74,,,,,,,,,,,,
599,304,622592,1038,189.56560000000002,830.14,3030,-0.005839582381304354,0.099609375,0.16206663846969604,-0.4668656046502292,0.2,0.009579085,0.0003,12.246020317077637,33.9926579028368,,
599,305,624640,1041,192.99560000000002,844.97,3040,-0.005459999546292238,0.098779296875,0.10139018297195435,-0.4939432071521878,0.2,0.008698344,0.0003,27.457815170288086,50.23017355799675,,
600,306,626688,1043,193.1313,851.96,3050,-0.004457262459618505,0.122021484375,0.2935032844543457,-0.4925902378745377,0.2,0.007888388,0.0003,11.256293296813965,21.327710068225862,,
600,307,628736,1046,192.37849999999997,851.05,3060,-0.0048349869495723395,0.101025390625,0.19072216749191284,-0.5293544455431402,0.2,0.0081272395,0.0003,11.974777221679688,36.641642743349074,,
,,630000,,,,3070,-0.007367202162276954,0.10693359375,0.1419469118118286,-0.5350980539806187,0.2,0.009846149,0.0003,10.45982551574707,52.71783359050751,113.85999999999999,1341.2
598,308,630784,1053,194.616,853.18,,,,,,,,,,,,
599,309,632832,1056,193.07770000000005,844.15,3080,-0.005830155813600868,0.07568359375,0.05411571264266968,-0.4959479570388794,0.2,0.0074472795,0.0003,13.313533782958984,49.375016981363295,,
599,310,634880,1059,193.9698,826.55,3090,-0.004784027179994155,0.090283203125,0.1971479058265686,-0.47842786023393274,0.2,0.009603266,0.0003,17.058273315429688,51.068628805875775,,
599,311,636928,1062,192.48729999999995,809.74,3100,-0.006701117276679725,0.0712890625,0.23789983987808228,-0.47972903391346333,0.2,0.008698455,0.0003,38.174049377441406,51.519770398736,,
599,312,638976,1065,190.5291,799.88,3110,-0.007933552525355481,0.08388671875,0.11498880386352539,-0.4812884069979191,0.2,0.00965292,0.0003,60.69087219238281,61.7345186650753,,
,,640000,,,,3120,-0.004178658203454688,0.08505859375,0.19463235139846802,-0.49183034561574457,0.2,0.0070444667,0.0003,14.089334487915039,30.29583210349083,235.35,836.0
598,313,641024,1070,193.7446,825.57,,,,,,,,,,,,
599,314,643072,1073,193.0806,819.94,3130,-0.007233430141059216,0.097412109375,0.14213305711746216,-0.5048420591279864,0.2,0.0073414245,0.0003,14.134956359863281,34.472423028945926,,
599,315,645120,1076,185.1756,770.06,3140,-0.007506182041834108,0.094189453125,0.130218505859375,-0.4667669340968132,0.2,0.009594217,0.0003,29.374784469604492,58.165404269099234,,
599,316,647168,1079,186.2834,771.99,3150,-0.008084990954375825,0.102392578125,0.12193948030471802,-0.44951659059152005,0.2,0.009240922,0.0003,32.80668258666992,63.77848608493805,,
600,317,649216,1081,184.30339999999995,764.27,3160,-0.004597207502229139,0.079052734375,0.15333878993988037,-0.4455398885533214,0.2,0.007059614,0.0003,16.18767547607422,44.37494831979275,,
,,650000,,,,3170,-0.007465156726539135,0.097900390625,0.2237321138381958,-0.4457794584333897,0.2,0.00877068,0.0003,14.11286735534668,29.513861176371574,126.628,869.2
599,318,651264,1087,190.14829999999998,786.63,,,,,,,,,,,,
599,319,653312,1089,187.8668,779.21,3180,-0.00563980953884311,0.09619140625,0.23793452978134155,-0.47046852027997377,0.2,0.0090409815,0.0003,13.840983390808105,34.94998625218868,,
599,320,655360,1092,194.74409999999997,798.03,3190,-0.005842357795336284,0.093994140625,0.28117573261260986,-0.4273828481324017,0.2,0.007104809,0.0003,7.379449367523193,34.72613699734211,,
599,321,657408,1095,197.1658,811.17,3200,-0.0068944734302931465,0.107373046875,0.17513084411621094,-0.44596929121762513,0.2,0.008186605,0.0003,7.884607791900635,36.018693029880524,,
600,322,659456,1098,197.1658,811.17,3210,-0.0058292521993280385,0.077197265625,0.13021469116210938,-0.48440405251458285,0.2,0.008569982,0.0003,3.9593913555145264,47.53643570095301,,
,,660000,,,,3220,-0.006479289737762883,0.0921875,0.31701016426086426,-0.49637079536914824,0.2,0.0102036055,0.0003,11.053143501281738,17.592656829953192,154.198,714.4
599,323,661504,1103,199.53869999999998,849.73,,,,,,,,,,,,
599,324,663552,1106,197.6371,847.38,3230,-0.004734027650556527,0.195849609375,-0.1115255355834961,-0.5272524242289365,0.2,0.02724908,0.0003,0.3350420594215393,9.869234420731663,,
600,325,665600,1109,197.5945,842.11,3240,-0.0041969253055867736,0.050048828125,0.12484461069107056,-0.42057435838505625,0.2,0.007068537,0.0003,21.11132049560547,37.80210452675819,,
600,326,667648,1111,199.2322,833.79,3250,-0.004690975573612377,0.046533203125,0.18681436777114868,-0.41264201123267413,0.2,0.004286633,0.0003,7.743266582489014,43.93666648566723,,
600,327,669696,1114,203.05980000000002,840.33,3260,-0.004380955445230939,0.081298828125,0.23638087511062622,-0.43450799211859703,0.2,0.005905723,0.0003,8.072810173034668,25.61030271947384,,
,,670000,,,,3270,-0.011518167098984122,0.0986328125,0.1833573579788208,-0.42228061743080614,0.2,0.011317439,0.0003,40.599639892578125,62.94198741018772,349.35,1581.4
598,328,671744,1121,196.34720000000002,804.9,,,,,,,,,,,,
598,329,673792,1124,196.61610000000005,808.14,3280,-0.008895073001622223,0.11015625,0.1541692614555359,-0.4909387782216072,0.2,0.018178359,0.0003,11.257892608642578,52.73799080848694,,
599,330,675840,1127,195.08270000000002,806.41,3290,-0.00587779244815465,0.08642578125,0.10565394163131714,-0.47068611178547143,0.2,0.009562578,0.0003,24.13303565979004,43.35229536294937,,
599,331,677888,1130,197.34620000000004,815.35,3300,-0.009243967509246432,0.103662109375,0.17956608533859253,-0.5140727667137981,0.2,0.010685967,0.0003,15.544020652770996,44.83032229542732,,
599,332,679936,1133,193.51780000000005,788.39,3310,-0.007127867228700779,0.0994140625,0.18965697288513184,-0.46833640728145837,0.2,0.0107394755,0.0003,11.249517440795898,40.51773649454117,,
,,680000,,,,3320,-0.00895672998012742,0.0888671875,0.17427992820739746,-0.43602323848754165,0.2,0.008929573,0.0003,34.447872161865234,71.65600504875184,76.496,1575.8
597,333,681984,1141,189.50390000000004,772.35,,,,,,,,,,,,
597,334,684032,1143,190.1449,779.32,3330,-0.0025105114647885783,0.083154296875,0.13937699794769287,-0.44737374503165483,0.2,0.0061790585,0.0003,12.10560131072998,38.65960403680801,,
598,335,686080,1146,190.1449,779.32,3340,-0.003513210345408879,0.104931640625,0.23309385776519775,-0.47878754483535885,0.2,0.006668857,0.0003,18.07867431640625,22.86211178302765,,
598,336,688128,1149,188.71550000000002,797.62,3350,-0.002017962752142921,0.187890625,0.18154865503311157,-0.5710682177916169,0.2,0.029936843,0.0003,1.3938606977462769,3.8808628313243387,,
,,690000,,,,3360,-0.009762265629251487,0.099365234375,0.22000980377197266,-0.5251008477061987,0.2,0.0072511993,0.0003,9.626778602600098,40.592899644374846,191.998,1061.6
597,337,690176,1155,190.30630000000005,804.14,,,,,,,,,,,,
597,338,692224,1158,188.96710000000002,791.04,3370,-0.0047972040221793575,0.067919921875,0.12980633974075317,-0.4807731335051358,0.2,0.009884954,0.0003,16.665271759033203,34.49281780421734,,
598,339,694272,1160,189.7433,785.41,3380,-0.006660575844580308,0.076611328125,0.09340888261795044,-0.45176187213510277,0.2,0.007298529,0.0003,26.3666934967041,48.854549017548564,,
598,340,696320,1163,191.49900000000002,794.24,3390,-0.006344727377290837,0.06904296875,0.13711977005004883,-0.45988964177668096,0.2,0.0054271556,0.0003,10.666178703308105,29.294036334753038,,
598,341,698368,1166,200.72899999999998,822.77,3400,-0.009844068202073685,0.0923828125,0.3778466582298279,-0.43510968089103697,0.2,0.011394924,0.0003,7.064709663391113,24.01329851448536,,
,,700000,,,,3410,-0.006586602606694214,0.09306640625,0.2616599202156067,-0.44997362792491913,0.2,0.011723334,0.0003,20.324871063232422,36.10812293887138,286.39,3282.6
594,342,700416,1178,194.63589999999996,792.92,,,,,,,,,,,,
594,343,702464,1181,188.667,763.1,3420,-0.00668159433407709,0.07607421875,0.22092550992965698,-0.4534626374952495,0.2,0.006600959,0.0003,21.913528442382812,52.876764273643495,,
594,344,704512,1184,182.4885,740.06,3430,-0.005744707531994209,0.0640625,0.12980830669403076,-0.4482814113609493,0.2,0.0053042313,0.0003,26.752975463867188,51.180125802755356,,
595,345,706560,1187,183.49219999999997,741.65,3440,-0.0059669696347555146,0.079052734375,0.13337737321853638,-0.4669058297760785,0.2,0.010414515,0.0003,33.93190002441406,72.0959260046482,,
595,346,708608,1190,184.39219999999997,753.55,3450,-0.009316914346709382,0.0916015625,0.1588408350944519,-0.42518185256049035,0.2,0.009238601,0.0003,31.89337921142578,61.93798071146011,,
,,710000,,,,3460,-0.005665701572434045,0.092529296875,0.061423659324645996,-0.4554487820714712,0.2,0.008504469,0.0003,15.105731964111328,26.718281722068788,123.16199999999999,1441.2
593,347,710656,1197,184.30239999999998,762.73,,,,,,,,,,,,
593,348,712704,1199,183.0823,765.0,3470,-0.004596005522762426,0.084521484375,0.3265642523765564,-0.4281167476437986,0.2,0.009504942,0.0003,7.142764568328857,22.963967198133467,,
594,349,714752,1202,185.03529999999995,775.38,3480,-0.0053880189690971745,0.059228515625,0.16678088903427124,-0.40886675389483573,0.2,0.006844162,0.0003,33.99347686767578,57.89965291023255,,
594,350,716800,1205,189.71529999999996,797.82,3490,-0.0067469975765561685,0.077001953125,0.20389503240585327,-0.4269856808707118,0.2,0.0070916656,0.0003,21.38334083557129,29.14468103647232,,
594,351,718848,1208,189.05069999999995,804.34,3500,-0.005452861846424639,0.086083984375,0.2957289218902588,-0.4593425586819649,0.2,0.009424376,0.0003,6.76278018951416,29.06434642970562,,
,,720000,,,,3510,-0.0033544807811267674,0.1072265625,0.34358298778533936,-0.445797380246222,0.2,0.009397313,0.0003,7.075979232788086,18.01216253042221,220.456,1094.2
593,352,720896,1214,189.05069999999995,804.34,,,,,,,,,,,,
593,353,722944,1217,189.05069999999995,804.34,3520,-0.005021760560339317,0.104736328125,0.338701069355011,-0.4726211352273822,0.2,0.011859734,0.0003,8.586446762084961,15.699426719546318,,
594,354,724992,1220,189.42589999999996,829.04,3530,-0.0025053154095076025,0.18427734375,-7.741460800170898,-0.5031334057450294,0.2,0.03101553,0.0003,0.022266410291194916,0.619734356389381,,
594,355,727040,1223,193.93949999999998,849.98,3540,-0.005309968010988086,0.040966796875,0.209458589553833,-0.4623857849277556,0.2,0.0037348666,0.0003,11.786685943603516,36.257081708312036,,
594,356,729088,1226,193.83550000000002,851.45,3550,-0.00720622013323009,0.0412109375,0.14163953065872192,-0.46392568200826645,0.2,0.004170174,0.0003,10.307380676269531,37.28268841505051,,
,,730000,,,,3560,-0.008496672648470848,0.083349609375,0.12248218059539795,-0.47174355797469614,0.2,0.007224681,0.0003,11.444535255432129,29.39169972240925,218.45199999999994,1704.6
592,357,731136,1233,196.81240000000003,863.92,,,,,,,,,,,,
592,358,733184,1236,196.09449999999998,864.22,3570,-0.008580097426602151,0.05263671875,0.22237080335617065,-0.4446551066823304,0.2,0.005274308,0.0003,24.551311492919922,39.537869119644164,,
593,359,735232,1239,199.1092,878.44,3580,-0.006254912324948236,0.07216796875,0.2331104278564453,-0.47273837234824895,0.2,0.0059553823,0.0003,22.499757766723633,27.141694116592408,,
593,360,737280,1242,199.1092,878.44,3590,-0.0072460575291188436,0.08271484375,0.34994274377822876,-0.4989479476585984,0.2,0.006691438,0.0003,13.190711975097656,18.627735820412635,,
593,361,739328,1245,203.31710000000004,923.56,3600,-0.0051171222992707046,0.104736328125,0.07827609777450562,-0.5212759432382882,0.2,0.011980943,0.0003,1.8757766485214233,6.612073475494981,,
,,740000,,,,3610,-0.0043179182626772675,0.058984375,0.30992764234542847,-0.4882389629259706,0.2,0.005503998,0.0003,13.003087043762207,28.2053542137146,146.8,2521.2
590,362,741376,1255,203.7349,934.51,,,,,,,,,,,,
590,363,743424,1258,189.2452,888.36,3620,-0.005915357908816077,0.05693359375,0.17515641450881958,-0.457485715392977,0.2,0.0049392944,0.0003,14.710455894470215,30.97362652719021,,
591,364,745472,1260,189.2452,888.36,3630,-0.007006904488662258,0.046630859375,0.1262466311454773,-0.4331067458726466,0.2,0.004317103,0.0003,28.796794891357422,65.41765947341919,,
591,365,747520,1263,190.3346,912.63,3640,-0.0032723614189308138,0.07548828125,0.3837261199951172,-0.47011471092700957,0.2,0.006473609,0.0003,8.15267276763916,15.257168567180633,,
591,366,749568,1266,193.68470000000005,916.37,3650,-0.0041425531919230705,0.113916015625,0.3548353910446167,-0.5162289370782673,0.2,0.013384776,0.0003,6.2139458656311035,14.609501902386546,,
,,750000,,,,3660,-0.005099258225527592,0.06142578125,0.062345802783966064,-0.40799742508679626,0.2,0.0066902176,0.0003,13.312745094299316,31.40614959895611,7.731999999999999,456.4
591,367,751616,1270,195.11080000000004,886.49,,,,,,,,,,,,
591,368,753664,1273,196.23770000000005,917.12,3670,-0.006634169339668006,0.107177734375,0.22230470180511475,-0.4878162518143654,0.2,0.010239512,0.0003,16.8176326751709,23.995531272888183,,
592,369,755712,1276,188.81610000000003,902.26,3680,-0.003601132379844785,0.16025390625,-0.021311163902282715,-0.5668031719513238,0.2,0.033643957,0.0003,5.388956546783447,11.201638941280544,,
592,370,757760,1278,177.7166,884.73,3690,-0.007212148164398968,0.0958984375,0.2433408498764038,-0.539270770829171,0.2,0.008426375,0.0003,12.360843658447266,32.661566245555875,,
592,371,759808,1281,178.08180000000002,887.25,3700,-0.0008724556959350593,0.09287109375,0.10830461978912354,-0.5810071022249759,0.2,0.007137688,0.0003,20.473731994628906,37.75414325296879,,
,,760000,,,,3710,-0.0033764783293008804,0.090576171875,0.36911725997924805,-0.5452583692967892,0.2,0.009824956,0.0003,6.197983741760254,20.80670610964298,254.63400000000001,1551.8
591,372,761856,1288,176.58790000000002,893.8,,,,,,,,,,,,
591,373,763904,1291,176.58790000000002,893.8,3720,-0.007126661649090238,0.108154296875,0.19154822826385498,-0.5366546025499701,0.2,0.008696323,0.0003,17.71411895751953,32.404564410448074,,
591,374,765952,1294,172.93009999999998,903.75,3730,-0.006654984966735356,0.281591796875,-4.500857353210449,-0.627066077105701,0.2,0.03951612,0.0003,0.03042682260274887,0.5427306565688923,,
591,375,768000,1297,161.51220000000004,878.42,3740,-0.01049575520446524,0.09189453125,0.13983380794525146,-0.6295867528766393,0.2,0.0063798935,0.0003,12.059264183044434,37.243317583203314,,
,,770000,,,,3750,-0.009799925854895263,0.050244140625,0.17834311723709106,-0.5973870824091136,0.2,0.005792888,0.0003,17.890804290771484,50.49226830005646,223.40200000000004,2238.2
589,376,770048,1306,147.3453,805.4,,,,,,,,,,,,
589,377,772096,1309,143.8474,797.5,3760,-0.006769699945289176,0.049365234375,0.06680262088775635,-0.5368186115287245,0.2,0.0065185484,0.0003,13.167901992797852,50.31184548735619,,
589,378,774144,1312,135.53590000000003,773.15,3770,-0.008317248547973577,0.074755859375,0.20691150426864624,-0.5126409481279552,0.2,0.0076006674,0.0003,6.598043918609619,25.09197807610035,,
590,379,776192,1315,135.3569,770.03,3780,-0.01245187248568982,0.10185546875,0.2495189905166626,-0.5737889623269439,0.2,0.009043643,0.0003,17.315189361572266,30.48422430753708,,
590,380,778240,1318,141.90130000000002,788.89,3790,-0.008729790331562981,0.068603515625,0.304945170879364,-0.5016310687176884,0.2,0.00646777,0.0003,12.920112609863281,25.07436923086643,,
,,780000,,,,3800,-0.008296255551977083,0.0716796875,0.2358647584915161,-0.4773506297729909,0.2,0.005716293,0.0003,11.761101722717285,33.33532647192478,118.41399999999999,2093.0
588,381,780288,1326,140.75400000000002,781.24,,,,,,,,,,,,
588,382,782336,1329,139.6006,781.39,3810,-0.00912387704156572,0.068310546875,0.25323301553726196,-0.4566127135418355,0.2,0.0061328737,0.0003,17.706275939941406,43.75090726017952,,
588,383,784384,1332,138.0664,780.94,3820,-0.005733608285663649,0.049951171875,0.16580158472061157,-0.5039509226568043,0.2,0.0053818114,0.0003,22.294666290283203,54.05925518274307,,
588,384,786432,1335,142.6771,799.76,3830,-0.006768130339332856,0.066845703125,0.29123127460479736,-0.4857459216378629,0.2,0.007102216,0.0003,9.072717666625977,31.265048995614052,,
589,385,788480,1338,134.731,767.22,3840,-0.008424365583050531,0.085546875,0.0700829029083252,-0.49779106127098205,0.2,0.006538716,0.0003,13.291426658630371,29.72388410270214,,
,,790000,,,,3850,-0.007472079152648803,0.079541015625,0.19078785181045532,-0.4730726999230683,0.2,0.006718138,0.0003,11.524662971496582,46.208733862638475,156.73200000000003,833.0
588,386,790528,1343,132.85500000000002,759.19,,,,,,,,,,,,
588,387,792576,1346,118.13780000000001,665.18,3860,-0.006087578626465984,0.090869140625,0.3134458661079407,-0.4721058400347829,0.2,0.008339129,0.0003,23.896541595458984,30.830478003621103,,
588,388,794624,1349,118.13780000000001,665.18,3870,-0.00936596948595252,0.07880859375,0.24904215335845947,-0.4504879071377218,0.2,0.008386576,0.0003,26.473060607910156,47.23621233105659,,
589,389,796672,1352,112.32710000000002,659.42,3880,-0.004173876874847338,0.100537109375,0.1267128586769104,-0.480772920511663,0.2,0.009222325,0.0003,7.023552417755127,8.298812574893237,,
589,390,798720,1354,105.9386,609.9,3890,-0.006946526013780385,0.0763671875,0.17697358131408691,-0.44735284708440304,0.2,0.0056773825,0.0003,16.032438278198242,50.03604078292847,,
,,800000,,,,3900,-0.00845884257578291,0.088720703125,0.15240567922592163,-0.46280134124681355,0.2,0.009358049,0.0003,11.077712059020996,28.711208906769752,175.39,2901.0
586,391,800768,1365,102.70530000000002,592.08,,,,,,,,,,,,
586,392,802816,1368,103.82990000000001,602.3,3910,-0.0026352957909693943,0.051318359375,0.23125529289245605,-0.4193929464556277,0.2,0.004067313,0.0003,23.49346160888672,40.645490831136705,,
586,393,804864,1371,103.82990000000001,602.3,3920,-0.0031978661310859023,0.07529296875,0.19360321760177612,-0.4479420774616301,0.2,0.007741059,0.0003,10.632012367248535,22.772101536393166,,
587,394,806912,1374,106.30950000000003,632.05,3930,-0.005833082844037563,0.0923828125,0.33797913789749146,-0.4820125876925886,0.2,0.0076260157,0.0003,8.204980850219727,14.235128130018712,,
587,395,808960,1377,108.21730000000001,645.87,3940,-0.007762025471311063,0.08642578125,0.18426167964935303,-0.46548210820183156,0.2,0.0069778836,0.0003,12.739506721496582,28.76902703642845,,
,,810000,,,,3950,-0.00861844447790645,0.0828125,0.29449719190597534,-0.46541436929255725,0.2,0.00881795,0.0003,11.895259857177734,24.008446928858756,224.474,874.6
586,396,811008,1382,109.5616,624.41,,,,,,,,,,,,
586,397,813056,1385,107.4649,618.05,3960,-0.007249353828956373,0.090185546875,0.2497851848602295,-0.45397911947220565,0.2,0.0074268626,0.0003,19.671960830688477,38.43400849401951,,
587,398,815104,1388,111.08739999999997,605.88,3970,-0.008040044938388747,0.10068359375,0.23910480737686157,-0.4513424920849502,0.2,0.010130404,0.0003,10.742505073547363,29.052835857868196,,
587,399,817152,1391,114.47149999999999,614.07,3980,-0.008529596967855468,0.09794921875,0.24241584539413452,-0.5063982874155044,0.2,0.010364122,0.0003,9.901864051818848,24.34517072737217,,
587,400,819200,1394,118.31459999999998,619.52,3990,-0.007985650157206692,0.10263671875,0.2822263240814209,-0.4950739784166217,0.2,0.010597501,0.0003,26.214401245117188,29.032501834630967,,
,,820000,,,,4000,-0.010025994668831117,0.081884765625,0.12740325927734375,-0.4501827511936426,0.2,0.008670792,0.0003,19.074234008789062,48.055261445045474,132.934,2263.4
585,401,821248,1403,117.33009999999999,616.85,,,,,,,,,,,,
585,402,823296,1406,119.60520000000001,582.27,4010,-0.00507429300196236,0.088671875,0.30990779399871826,-0.4698726600967348,0.2,0.008832606,0.0003,10.710973739624023,22.489166864752768,,
585,403,825344,1409,125.27439999999999,589.51,4020,-0.00533522354089655,0.0529296875,0.008209228515625,-0.4243912059813738,0.2,0.0045045097,0.0003,23.6009464263916,46.47254272103309,,
585,404,827392,1412,124.79199999999999,587.62,4030,-0.005690168376895599,0.05927734375,0.15652918815612793,-0.4263786356896162,0.2,0.005394792,0.0003,17.900997161865234,75.92818791270255,,
586,405,829440,1414,126.16939999999998,602.55,4040,-0.00918195663834922,0.089111328125,0.030537903308868408,-0.453688926436007,0.2,0.01019581,0.0003,7.051478385925293,40.95861544907093,,
,,830000,,,,4050,-0.0040695293253520505,0.104345703125,0.17808866500854492,-0.5036097305826843,0.2,0.00852712,0.0003,12.015868186950684,30.883292096853257,156.296,2618.2
583,406,831488,1425,130.48629999999997,620.88,,,,,,,,,,,,
583,407,833536,1428,134.1105,628.34,4060,-0.009982211618626025,0.110400390625,0.3098071813583374,-0.47459919201210143,0.2,0.010782205,0.0003,14.78219223022461,26.70380790233612,,
583,408,835584,1431,135.1069,629.48,4070,-0.0067476228694431485,0.068603515625,0.18617790937423706,-0.4580551444552839,0.2,0.008808734,0.0003,25.835784912109375,52.94236961603165,,
584,409,837632,1433,140.60199999999998,642.38,4080,-0.0067109177325619385,0.08994140625,0.2203352451324463,-0.44079097677022216,0.2,0.009619126,0.0003,17.913742065429688,32.62813019156456,,
584,410,839680,1436,142.34330000000003,642.2,4090,-0.004575989552540705,0.0876953125,0.16714411973953247,-0.47330003110691904,0.2,0.008552356,0.0003,11.814765930175781,50.051140028238294,,
,,840000,,,,4100,-0.007355076039675623,0.099267578125,0.18647617101669312,-0.4522783580236137,0.2,0.010185535,0.0003,12.74755859375,46.8680233001709,212.6,1298.4
583,411,841728,1443,137.9461,634.36,,,,,,,,,,,,
583,412,843776,1446,140.0572,648.17,4110,-0.0064720967959146945,0.08603515625,0.13931268453598022,-0.4873578311875463,0.2,0.008887945,0.0003,22.996606826782227,52.22843756973744,,
583,413,845824,1449,141.8596,653.03,4120,-0.0035855070877005347,0.086767578125,0.18684738874435425,-0.5073324255645275,0.2,0.008129551,0.0003,12.398124694824219,40.35348382890224,,
583,414,847872,1451,147.8607,669.5,4130,-0.006955882796319202,0.0923828125,0.2521205544471741,-0.4549050010740757,0.2,0.014078087,0.0003,15.220311164855957,42.11180903315544,,
584,415,849920,1454,147.592,665.04,4140,-0.006196967292635236,0.070166015625,0.31881797313690186,-0.43010831810534,0.2,0.0055367434,0.0003,28.342222213745117,43.43965553939343,,
,,850000,,,,4150,-0.005821997436578385,0.0884765625,0.22897720336914062,-0.410205827280879,0.2,0.008550144,0.0003,7.43235445022583,35.83819030225277,116.98600000000002,1800.2
582,416,851968,1463,157.41899999999998,694.61,,,,,,,,,,,,
582,417,854016,1465,155.91859999999997,683.37,4160,-0.007212305426946841,0.086669921875,0.3773002624511719,-0.4196767944842577,0.2,0.007851815,0.0003,13.207131385803223,33.522756087779996,,
582,418,856064,1468,156.85559999999998,681.4,4170,-0.005546737945405766,0.094970703125,0.2628174424171448,-0.4470294057391584,0.2,0.00810871,0.0003,9.19154167175293,47.452381402254105,,
583,419,858112,1471,157.3343,687.04,4180,-0.00257885148312198,0.07412109375,0.009964525699615479,-0.4677328116260469,0.2,0.008339794,0.0003,14.497446060180664,46.069339379668236,,
,,860000,,,,4190,-0.00836404261935968,0.093994140625,0.26535356044769287,-0.4542933220975101,0.2,0.011389226,0.0003,20.85107421875,42.10353651940822,140.066,2428.6
580,420,860160,1481,156.6371,684.93,,,,,,,,,,,,
580,421,862208,1484,162.3914,700.78,4200,-0.00636976798705291,0.099365234375,0.14085912704467773,-0.5064720057882368,0.2,0.010880279,0.0003,11.180132865905762,46.087259858846664,,
581,422,864256,1487,164.2297,711.44,4210,-0.004077760051586665,0.093896484375,0.18023216724395752,-0.4573903981596231,0.2,0.008584492,0.0003,9.82166862487793,30.930904456973074,,
581,423,866304,1490,167.34610000000004,706.9,4220,-0.004159656557021663,0.0943359375,0.26203930377960205,-0.47480582715943453,0.2,0.009456154,0.0003,13.331050872802734,30.920610001683237,,
581,424,868352,1492,171.3275,727.81,4230,-0.0037448938295710833,0.08232421875,0.1943395733833313,-0.4744903060607612,0.2,0.010090256,0.0003,23.018522262573242,52.817349064350125,,
,,870000,,,,4240,-0.007255831244401633,0.1142578125,0.3187571167945862,-0.458856987580657,0.2,0.015308843,0.0003,17.173599243164062,23.77998706102371,190.906,2635.4
579,425,870400,1503,172.6781,737.13,,,,,,,,,,,,
579,426,872448,1505,173.56600000000003,741.13,4250,-0.0057858934276737274,0.104296875,0.17837166786193848,-0.44984327275305985,0.2,0.010149185,0.0003,10.596524238586426,32.424133479595184,,
579,427,874496,1508,180.9543,749.41,4260,-0.0050208673477754925,0.089111328125,0.32509249448776245,-0.41353566069155934,0.2,0.008353006,0.0003,9.515449523925781,23.672343835234642,,
579,428,876544,1511,177.58689999999999,741.21,4270,-0.0069198221899569035,0.074951171875,0.16898036003112793,-0.4068008872680366,0.2,0.0055728843,0.0003,20.606307983398438,54.136041942238805,,
580,429,878592,1514,179.2407,729.54,4280,-0.006883512905915268,0.085595703125,0.2573109269142151,-0.44416047921404245,0.2,0.009613067,0.0003,9.750643730163574,31.06180014014244,,
,,880000,,,,4290,-0.003018522274214774,0.077880859375,0.04633373022079468,-0.45696416180580857,0.2,0.00790374,0.0003,6.529627799987793,24.034318855404855,105.832,1902.2
578,430,880640,1522,173.80750000000003,710.59,,,,,,,,,,,,
578,431,882688,1525,174.3219,719.65,4300,-0.005669767328072339,0.088671875,0.18461918830871582,-0.4770353198982775,0.2,0.009301079,0.0003,15.173813819885254,43.05012536346912,,
578,432,884736,1528,176.4891,726.55,4310,-0.007442454429110512,0.09951171875,0.30272889137268066,-0.4857817730866373,0.2,0.009336668,0.0003,9.690091133117676,38.46305537521839,,
579,433,886784,1531,173.11429999999996,702.4,4320,-0.007253237359691411,0.077734375,0.30009979009628296,-0.4379569750279188,0.2,0.007740277,0.0003,42.5609130859375,44.2458242893219,,
579,434,888832,1533,177.10419999999993,711.91,4330,-0.006207255387562327,0.064208984375,0.19326484203338623,-0.43253221809864045,0.2,0.0061508175,0.0003,22.36930274963379,68.19911106824875,,
,,890000,,,,4340,-0.007427321671275422,0.09052734375,0.13251149654388428,-0.4852076289243996,0.2,0.010478044,0.0003,6.791947364807129,36.636269342899325,204.96599999999998,1596.2
577,435,890880,1541,180.52919999999995,717.87,,,,,,,,,,,,
578,436,892928,1544,179.3914,708.73,4350,-0.007909917706274427,0.083544921875,0.16323399543762207,-0.4313849956728518,0.2,0.010344567,0.0003,18.718236923217773,54.11485055088997,,
578,437,894976,1547,181.63960000000003,717.86,4360,-0.0032761883310740815,0.089892578125,0.0826103687286377,-0.49171034842729566,0.2,0.008568667,0.0003,14.615864753723145,38.98062050044537,,
578,438,897024,1549,184.7922,729.92,4370,-0.006975772602891084,0.101025390625,0.23919302225112915,-0.4439923155121505,0.2,0.009140598,0.0003,13.854143142700195,32.85573597550392,,
578,439,899072,1552,187.0699,757.3,4380,-0.0058158259722404185,0.101708984375,0.24487781524658203,-0.5079185381531716,0.2,0.019472875,0.0003,11.166462898254395,29.184613090753555,,
,,900000,,,,4390,-0.0073743867833400145,0.1259765625,0.20278847217559814,-0.54139019344002,0.2,0.011728492,0.0003,4.522098541259766,20.80096037387848,152.422,1559.8
577,440,901120,1560,189.83460000000002,768.09,,,,,,,,,,,,
577,441,903168,1563,193.31490000000002,777.59,4400,-0.005115243034379091,0.076904296875,0.251781702041626,-0.47735927943140266,0.2,0.007864246,0.0003,11.313431739807129,37.948615443706515,,
578,442,905216,1566,197.6666,791.08,4410,-0.006022396762273274,0.078515625,0.15749096870422363,-0.4047318912111223,0.2,0.010832181,0.0003,31.612390518188477,53.90539516210556,,
578,443,907264,1569,203.4023,809.55,4420,-0.00507280666497536,0.10615234375,0.19279855489730835,-0.4796895912848413,0.2,0.011336163,0.0003,7.833411693572998,29.435502111911774,,
578,444,909312,1571,204.87,806.98,4430,-0.006417349683761131,0.087255859375,0.257388174533844,-0.45088452463969586,0.2,0.008722503,0.0003,10.301824569702148,54.74069959521294,,
,,910000,,,,4440,-0.005777507685706951,0.06923828125,0.22589170932769775,-0.49190969606861473,0.2,0.0071100052,0.0003,24.235986709594727,45.172327500581744,218.006,1157.8
577,445,911360,1578,209.8222,822.98,,,,,,,,,,,,
577,446,913408,1580,211.01020000000005,827.34,4450,-0.003959734168893192,0.090234375,0.2055796980857849,-0.4615274492651224,0.2,0.009246002,0.0003,17.30724334716797,32.987160187959674,,
578,447,915456,1583,212.0955,832.02,4460,-0.00501854820176959,0.073388671875,0.24373549222946167,-0.5149332306347787,0.2,0.0072816536,0.0003,10.25355052947998,44.87539345920086,,
578,448,917504,1586,212.9418,828.77,4470,-0.011632187572831753,0.104443359375,0.2381463646888733,-0.43849909817799926,0.2,0.010055653,0.0003,12.997756004333496,53.670635586977006,,
578,449,919552,1589,213.37460000000002,826.53,4480,-0.00518975876038894,0.068017578125,0.16053038835525513,-0.4440311136655509,0.2,0.0054264013,0.0003,10.907713890075684,54.50301239490509,,
,,920000,,,,4490,-0.008278745747520588,0.090625,0.2908993363380432,-0.424500943813473,0.2,0.009818815,0.0003,19.49860191345215,44.04545976817608,148.258,2140.4
576,450,921600,1598,214.5722,831.01,,,,,,,,,,,,
576,451,923648,1601,216.093,832.12,4500,-0.005343738797819242,0.08671875,0.5134792327880859,-0.42118532927706837,0.2,0.008101951,0.0003,13.058439254760742,27.72316454946995,,
577,452,925696,1604,220.65919999999997,847.2,4510,-0.005511077701521571,0.067138671875,0.2172776460647583,-0.4566120213828981,0.2,0.0061008,0.0003,36.1883430480957,61.3549545943737,,
577,453,927744,1606,222.19729999999998,849.2,4520,-0.004170970585255418,0.086376953125,0.18523257970809937,-0.4708363085053861,0.2,0.009435005,0.0003,23.808788299560547,40.92981950342655,,
577,454,929792,1609,220.5725,856.89,4530,-0.006708356481976807,0.082958984375,0.3669208288192749,-0.4309764543548226,0.2,0.010254012,0.0003,21.932401657104492,39.39301283359528,,
,,930000,,,,4540,-0.0054648927587550135,0.128271484375,0.21764910221099854,-0.521275735925883,0.2,0.016982494,0.0003,4.571335315704346,27.101577760279177,190.118,2081.6
575,455,931840,1618,218.65849999999998,852.74,,,,,,,,,,,,
576,456,933888,1621,217.41480000000004,853.09,4550,-0.005821956413274165,0.10166015625,0.26596003770828247,-0.4848910908214748,0.2,0.008354067,0.0003,17.952661514282227,34.508021318912505,,
576,457,935936,1624,218.52150000000006,855.75,4560,-0.009412333084037527,0.085205078125,0.13549339771270752,-0.4245738049969077,0.2,0.008044656,0.0003,12.405708312988281,56.390880131721495,,
576,458,937984,1627,210.8348,835.87,4570,-0.007672973006265238,0.079443359375,0.07390272617340088,-0.4211192623712122,0.2,0.01047221,0.0003,22.229177474975586,39.51661982536316,,
,,940000,,,,4580,-0.004937895003240556,0.09951171875,0.09726172685623169,-0.47020501233637335,0.2,0.011364236,0.0003,40.749656677246094,81.83048784732819,185.092,1335.4
575,459,940032,1633,212.38679999999997,831.78,,,,,,,,,,,,
575,460,942080,1636,216.59609999999998,838.93,4590,-0.005870723814587109,0.09052734375,0.22360587120056152,-0.3997416918165982,0.2,0.011275321,0.0003,28.83658218383789,55.61417584717274,,
575,461,944128,1639,219.0365,837.73,4600,-0.005734667467186228,0.0681640625,0.2538064122200012,-0.3882608961313963,0.2,0.0070149945,0.0003,31.032127380371094,40.30858186483383,,
576,462,946176,1642,218.51499999999996,830.36,4610,-0.0062512793840141965,0.078173828125,0.2114030122756958,-0.3905530721880496,0.2,0.009889854,0.0003,20.023008346557617,55.573673623800275,,
576,463,948224,1644,220.51609999999997,845.04,4620,-0.005815143717336468,0.0974609375,0.27288204431533813,-0.42395867258310316,0.2,0.011159355,0.0003,12.540731430053711,41.516216680407524,,
,,950000,,,,4630,-0.006149577061296441,0.105029296875,0.2935733199119568,-0.45102811316028235,0.2,0.009151753,0.0003,5.079812526702881,25.97512747347355,241.62600000000003,829.8
575,464,950272,1650,220.2225,843.29,,,,,,,,,,,,
576,465,952320,1652,223.3418,836.92,4640,-0.0021882993925828485,0.072021484375,0.17849856615066528,-0.4040027527138591,0.2,0.01001812,0.0003,8.2733154296875,46.49238854646683,,
576,466,954368,1655,219.12650000000002,813.64,4650,-0.005906444025458768,0.093603515625,0.14350742101669312,-0.3771165534853935,0.2,0.007453994,0.0003,29.375019073486328,52.57216224074364,,
576,467,956416,1658,217.09349999999998,811.3,4660,-0.008360237404122017,0.06494140625,0.19134753942489624,-0.3889325335621834,0.2,0.006808541,0.0003,17.53179168701172,57.02629421949386,,
576,468,958464,1661,217.29439999999994,800.36,4670,-0.008828741448814981,0.076953125,0.23731887340545654,-0.4079746711999178,0.2,0.009854496,0.0003,27.220714569091797,63.461067107319835,,
,,960000,,,,4680,-0.006273071918985807,0.07861328125,0.15655869245529175,-0.3727506919763982,0.2,0.007608704,0.0003,22.83681297302246,47.940278825163844,266.118,1225.8
575,469,960512,1667,217.13150000000002,809.02,,,,,,,,,,,,
576,470,962560,1670,217.13150000000002,809.02,4690,-0.0022221801336854696,0.123779296875,0.06826639175415039,-0.4827210086397827,0.2,0.01575962,0.0003,7.995178699493408,31.657195533812047,,
576,471,964608,1673,219.22599999999994,815.12,4700,-0.003376172528078314,0.098291015625,0.11677718162536621,-0.4209036540240049,0.2,0.008896718,0.0003,7.155921459197998,17.666269075870513,,
576,472,966656,1676,214.77570000000003,804.32,4710,-0.008055233891354874,0.08076171875,0.20565980672836304,-0.41025502923876045,0.2,0.006824942,0.0003,20.918495178222656,59.84346454143524,,
576,473,968704,1679,206.3693,773.71,4720,-0.007701803016243502,0.067626953125,0.18904513120651245,-0.37498268620111047,0.2,0.0039621727,0.0003,34.96479034423828,61.66880003809929,,
,,970000,,,,4730,-0.008813014326733537,0.080126953125,0.21457070112228394,-0.36069089276716115,0.2,0.008789906,0.0003,9.560951232910156,45.533604151010515,251.06799999999998,1687.8
575,474,970752,1687,209.11139999999995,787.64,,,,,,,,,,,,
575,475,972800,1689,204.7903,771.17,4740,-0.0066555897137732245,0.083203125,0.2896469831466675,-0.3573510549962521,0.2,0.007859623,0.0003,13.759757995605469,38.57167371809483,,
575,476,974848,1692,197.81129999999993,723.66,4750,-0.005400739927426912,0.0689453125,0.09478980302810669,-0.3620517048053443,0.2,0.006111398,0.0003,22.99123191833496,54.73514231145382,,
576,477,976896,1695,196.11809999999997,710.04,4760,-0.009179118488100357,0.0720703125,0.02942901849746704,-0.3153629413340241,0.2,0.0075331917,0.0003,23.629384994506836,71.71171213984489,,
576,478,978944,1698,198.21349999999995,715.27,4770,-0.00564186806732323,0.072265625,0.3247561454772949,-0.3243706464767456,0.2,0.007180293,0.0003,12.241829872131348,52.09285718202591,,
,,980000,,,,4780,-0.005414908114471473,0.088623046875,0.3783997893333435,-0.3565417343750596,0.2,0.01355735,0.0003,12.056279182434082,45.28268389701843,290.63,1309.0
575,479,980992,1705,200.1725,715.44,,,,,,,,,,,,
575,480,983040,1708,199.73289999999997,705.83,4790,-0.008595424459781498,0.067919921875,0.22918707132339478,-0.3301395246293396,0.2,0.00830913,0.0003,11.867155075073242,40.587658202648164,,
575,481,985088,1711,199.66310000000001,701.84,4800,-0.006642637177719735,0.090087890625,0.14621806144714355,-0.36402987139299514,0.2,0.011214398,0.0003,65.56006622314453,51.431038442254064,,
575,482,987136,1713,198.0664,707.5,4810,-0.005630308826221153,0.098974609375,0.19152194261550903,-0.33162902467884126,0.2,0.021908868,0.0003,17.109447479248047,47.60605124533176,,
576,483,989184,1716,199.66780000000003,710.6,4820,-0.00847864489769563,0.0677734375,0.28600889444351196,-0.3728525715880096,0.2,0.012125624,0.0003,24.131832122802734,58.950881040096284,,
,,990000,,,,4830,-0.0050102026230888445,0.061962890625,0.18530231714248657,-0.31773331300355495,0.2,0.0069947746,0.0003,10.079334259033203,33.24582082629204,215.724,1605.8
574,484,991232,1724,199.66780000000003,710.6,,,,,,,,,,,,
575,485,993280,1727,197.82710000000003,729.81,4840,-0.001887961768079549,0.216064453125,-3.086447238922119,-0.4677165566943586,0.2,0.03456815,0.0003,0.08149244636297226,1.9185889697633685,,
575,486,995328,1729,197.82710000000003,729.81,4850,-0.006137341799330898,0.06513671875,0.20992141962051392,-0.428311078902334,0.2,0.004385971,0.0003,45.00658416748047,53.629468348622325,,
575,487,997376,1733,192.84110000000004,746.54,4860,-0.0035892678250093015,0.1421875,-5.850571632385254,-0.4893075358122587,0.2,0.0177393,0.0003,0.09077561646699905,1.0632831431459635,,
575,488,999424,1735,193.111,738.79,4870,-0.005126193683827296,0.050634765625,0.19262045621871948,-0.42145236637443306,0.2,0.004158224,0.0003,8.173916816711426,39.74437822103501,,
,,1000000,,,,4880,-0.007167369568196591,0.04765625,0.0951225757598877,-0.42321096090599897,0.2,0.005262453,0.0003,30.433603286743164,54.028178587555885,332.29200000000003,1456.2
574,489,1001472,1743,195.6993,745.72,,,,,,,,,,,,
574,490,1003520,1745,195.1099,732.19,4890,-0.008061570032441522,0.053662109375,0.11512154340744019,-0.4119204798713326,0.2,0.006835356,0.0003,6.086695194244385,20.2903752297163,,
575,491,1005568,1748,195.3934,725.48,4900,-0.006176240299828351,0.049658203125,0.14250391721725464,-0.4432062572799623,0.2,0.004800097,0.0003,20.53788948059082,56.66953666508198,,
575,492,1007616,1751,192.86970000000002,721.74,4910,-0.005405477414024062,0.04873046875,0.10338997840881348,-0.41148544382303953,0.2,0.005538039,0.0003,22.152738571166992,39.9550577968359,,
575,493,1009664,1754,194.3531,726.47,4920,-0.006869128416292369,0.056396484375,0.09515869617462158,-0.42364212274551394,0.2,0.006872887,0.0003,14.610516548156738,33.705081585049626,,
,,1010000,,,,4930,-0.006344310665735975,0.065185546875,0.1794062852859497,-0.4669740372337401,0.2,0.006894232,0.0003,7.601228713989258,35.30228020250797,201.46600000000004,1568.2
574,494,1011712,1761,194.82479999999998,731.73,,,,,,,,,,,,
574,495,1013760,1764,195.81980000000004,728.84,4940,-0.0032090023523778655,0.04375,0.04597514867782593,-0.4534708784893155,0.2,0.0049675666,0.0003,46.93840408325195,46.18814458250999,,
574,496,1015808,1767,195.81980000000004,728.84,4950,-0.007968182046897709,0.0572265625,0.09992837905883789,-0.38253128258511426,0.2,0.004819992,0.0003,52.450050354003906,89.03840921521187,,
575,497,1017856,1769,194.8355,746.29,4960,-0.006422195221239236,0.168994140625,-0.5275390148162842,-0.5204242499545216,0.2,0.024710707,0.0003,1.0407973527908325,2.4860414898954333,,
575,498,1019904,1772,194.73770000000002,748.74,4970,-0.008171596068132203,0.072021484375,0.18998277187347412,-0.5200600679032504,0.2,0.0073122024,0.0003,32.61069107055664,43.86881921887398,,
,,1020000,,,,4980,-0.0071976571984123435,0.067138671875,0.33919286727905273,-0.4510967290960252,0.2,0.00577778,0.0003,7.873319149017334,30.589454704523085,190.986,1170.0
574,499,1021952,1778,193.36569999999995,733.67,,,,,,,,,,,,
574,500,1024000,1781,195.29079999999993,735.09,4990,-0.007405551327974535,0.071728515625,0.2575955390930176,-0.41817052476108074,0.2,0.007146556,0.0003,10.68705940246582,30.013930344581603,,
574,501,1026048,1784,195.13359999999997,751.57,5000,-0.004665775157627649,0.055517578125,0.2873464822769165,-0.42645805682986976,0.2,0.0050178035,0.0003,14.60436725616455,43.310600098967555,,
575,502,1028096,1787,193.34959999999998,747.03,5010,-0.005467095966741909,0.120703125,0.07048630714416504,-0.5373509535565972,0.2,0.013539126,0.0003,3.299549102783203,20.055723302811383,,
,,1030000,,,,5020,-0.010108089403365739,0.085888671875,0.23684215545654297,-0.4695145947858691,0.2,0.008788003,0.0003,35.13058853149414,41.56713976562023,192.91400000000002,2235.2
573,503,1030144,1796,189.02820000000003,740.54,,,,,,,,,,,,
573,504,1032192,1799,190.9226,758.42,5030,-0.013056986022274942,0.122705078125,0.16051650047302246,-0.5170914864167571,0.2,0.010303332,0.0003,14.429222106933594,38.82588307261467,,
573,505,1034240,1802,192.30169999999998,760.79,5040,-0.0053966955631040035,0.093505859375,0.16943776607513428,-0.5115707353688776,0.2,0.010127109,0.0003,8.677375793457031,37.36373257040977,,
574,506,1036288,1805,194.50630000000004,753.9,5050,-0.0060711575322784485,0.07392578125,0.1775386929512024,-0.4523323955014348,0.2,0.006613789,0.0003,19.447635650634766,55.94882242679596,,
574,507,1038336,1807,187.46099999999996,720.65,5060,-0.006597550823062193,0.07197265625,0.15701478719711304,-0.46899598399177195,0.2,0.0074252123,0.0003,20.931434631347656,30.62851362526417,,
,,1040000,,,,5070,-0.009791630110703409,0.084814453125,0.14894133806228638,-0.4396750509738922,0.2,0.0097122975,0.0003,40.29142379760742,73.25618596076966,217.32399999999998,1397.8
573,508,1040384,1814,190.1325,727.67,,,,,,,,,,,,
573,509,1042432,1817,192.3522,730.3,5080,-0.007513459642359522,0.064697265625,0.12235754728317261,-0.40578438956290486,0.2,0.007120706,0.0003,16.408721923828125,67.47032654285431,,
573,510,1044480,1820,194.65599999999998,735.59,5090,-0.01023497785354266,0.11435546875,0.2863730788230896,-0.41520035453140736,0.2,0.011399016,0.0003,18.87394142150879,51.15995147228241,,
573,511,1046528,1823,198.76539999999997,744.14,5100,-0.007455188395397272,0.087451171875,0.3145105242729187,-0.4231964234262705,0.2,0.007658961,0.0003,25.864025115966797,36.39748550653458,,
574,512,1048576,1826,198.96760000000003,742.62,5110,-0.006523977938923053,0.087451171875,0.2123197317123413,-0.3929361539892852,0.2,0.010333637,0.0003,10.779862403869629,36.823668122291565,,
,,1050000,,,,5120,-0.006737630616407841,0.073095703125,0.19168174266815186,-0.40663540372624996,0.2,0.005953055,0.0003,48.720672607421875,69.42786859869958,136.88400000000001,1461.2
573,513,1050624,1833,200.6464,749.39,,,,,,,,,,,,
573,514,1052672,1836,205.11160000000004,764.44,5130,-0.00813758788863197,0.07978515625,0.2974560856819153,-0.42030960163101555,0.2,0.008632392,0.0003,50.447879791259766,61.64848093390465,,
573,515,1054720,1838,204.16209999999998,767.32,5140,-0.006151466618757695,0.097802734375,0.20747888088226318,-0.4210063901729882,0.2,0.009577508,0.0003,8.597930908203125,30.999659499526025,,
573,516,1056768,1841,204.32390000000004,771.76,5150,-0.008302595987333915,0.08076171875,0.20317882299423218,-0.45397030003368855,0.2,0.0080519,0.0003,9.369994163513184,46.745204862952235,,
573,517,1058816,1844,202.23590000000002,774.72,5160,-0.008498753819731064,0.10478515625,0.34303122758865356,-0.4461855262517929,0.2,0.009890409,0.0003,10.39819049835205,40.2230582356453,,
,,1060000,,,,5170,-0.006186715621151961,0.070703125,0.26630353927612305,-0.4045704978518188,0.2,0.0072996416,0.0003,19.445873260498047,55.48715180754662,154.138,2604.6
572,518,1060864,1854,196.7152,755.33,,,,,,,,,,,,
572,519,1062912,1857,192.94010000000006,744.88,5180,-0.008478580256632996,0.0701171875,0.11621451377868652,-0.41210617041215303,0.2,0.0066208052,0.0003,50.49758529663086,69.61353747844696,,
572,520,1064960,1860,194.7769,725.36,5190,-0.009948680011439138,0.08955078125,0.11534035205841064,-0.3918094182386994,0.2,0.011704566,0.0003,21.06324577331543,46.389110651612285,,
572,521,1067008,1863,192.26039999999998,702.12,5200,-0.005845658983162139,0.07431640625,0.18251937627792358,-0.40498163774609564,0.2,0.010796404,0.0003,9.30266284942627,32.8333852738142,,
572,522,1069056,1866,193.4373,708.17,5210,-0.008152190744294786,0.097998046875,0.2965084910392761,-0.474392116162926,0.2,0.011244063,0.0003,23.25004005432129,48.649774849414825,,
,,1070000,,,,5220,-0.007095440877310466,0.110693359375,0.03165930509567261,-0.41906111584976313,0.2,0.011985961,0.0003,8.946948051452637,32.405742487311365,169.68400000000003,618.0
572,523,1071104,1870,193.53960000000004,718.46,,,,,,,,,,,,
572,524,1073152,1873,200.00300000000004,736.21,5230,-0.00826552986545721,0.11689453125,0.1991834044456482,-0.5024361779913307,0.2,0.013033263,0.0003,13.797429084777832,28.054050414264204,,
573,525,1075200,1876,200.10040000000004,736.52,5240,-0.005553104402497411,0.081201171875,0.21291089057922363,-0.39352639792487026,0.2,0.012517486,0.0003,11.016432762145996,37.20756067931652,,
573,526,1077248,1879,200.03290000000004,733.2,5250,-0.008552061900263652,0.075732421875,0.3343086838722229,-0.4253728027455509,0.2,0.009377981,0.0003,7.299336910247803,23.520226687192917,,
573,527,1079296,1882,198.40449999999998,731.92,5260,-0.009108870252384804,0.087646484375,0.14139652252197266,-0.44835456991568207,0.2,0.0069074137,0.0003,20.251684188842773,73.75917121767998,,
,,1080000,,,,5270,-0.0077891881112009285,0.091943359375,0.28460580110549927,-0.4453027174808085,0.2,0.011675234,0.0003,20.398902893066406,39.95250413417816,280.642,2645.8
571,528,1081344,1892,198.40449999999998,731.92,,,,,,,,,,,,
571,529,1083392,1895,200.26059999999998,760.26,5280,-0.0055974707793211564,0.17041015625,0.014566659927368164,-0.5662714852951467,0.2,0.036272652,0.0003,2.606649160385132,6.039734173193574,,
571,530,1085440,1898,198.4328,747.69,5290,-0.011168678582180291,0.104345703125,0.2152327299118042,-0.5027412883006036,0.2,0.009674926,0.0003,13.217279434204102,32.71978312730789,,
572,531,1087488,1901,199.8992,751.44,5300,-0.007549791139899753,0.076513671875,0.2059098482131958,-0.45956312902271745,0.2,0.00874372,0.0003,20.00185775756836,39.32546034753322,,
572,532,1089536,1903,199.1686,762.2,5310,-0.009398994070943445,0.07265625,0.0974155068397522,-0.43026880268007517,0.2,0.011139642,0.0003,29.33847427368164,48.00901291668415,,
,,1090000,,,,5320,-0.007672885101055726,0.097705078125,-0.03590965270996094,-0.5023894721642137,0.2,0.014577985,0.0003,26.038780212402344,41.38103288263083,194.642,985.4
571,533,1091584,1909,199.40509999999998,769.72,,,,,,,,,,,,
571,534,1093632,1912,202.58659999999998,757.49,5330,-0.006039086301461794,0.114453125,0.12888312339782715,-0.5271603892557323,0.2,0.014854705,0.0003,12.860071182250977,32.490852531790736,,
572,535,1095680,1915,207.3843,769.46,5340,-0.010089005957706832,0.092236328125,0.3700324296951294,-0.44950728463009,0.2,0.008429733,0.0003,6.901848793029785,20.07975497841835,,
572,536,1097728,1918,204.22510000000003,764.15,5350,-0.01141506726271473,0.1150390625,0.3082055449485779,-0.47817278262227775,0.2,0.011377057,0.0003,7.2357683181762695,37.83906855583191,,
572,537,1099776,1921,201.1041,768.15,5360,-0.007599538951762952,0.088623046875,0.14472192525863647,-0.5046364564448595,0.2,0.009963619,0.0003,34.718597412109375,53.03364070355892,,
,,1100000,,,,5370,-0.009881832748942544,0.093359375,0.13033002614974976,-0.5212492874823511,0.2,0.011235718,0.0003,15.28171443939209,34.212072286009786,232.81,1523.2
571,538,1101824,1928,198.5843,746.7,,,,,,,,,,,,
571,539,1103872,1931,201.99740000000003,753.67,5380,-0.008066501705616246,0.073046875,0.14667320251464844,-0.47171535678207877,0.2,0.007571169,0.0003,21.2613468170166,61.32225929498672,,
571,540,1105920,1934,206.27610000000004,763.61,5390,-0.01362106905435212,0.10693359375,0.2545827627182007,-0.47105972915887834,0.2,0.013125032,0.0003,8.484326362609863,36.46587176024914,,
572,541,1107968,1936,204.2202,743.88,5400,-0.007928654234274291,0.100146484375,0.18412452936172485,-0.45640309862792494,0.2,0.011113676,0.0003,24.80082130432129,41.52865225374698,,
,,1110000,,,,5410,-0.006944462284445762,0.0595703125,0.1985211968421936,-0.45032380959019064,0.2,0.0055282917,0.0003,46.57407760620117,77.04190194606781,286.50800000000004,1684.0
570,542,1110016,1944,202.3851,741.67,,,,,,,,,,,,
571,543,1112064,1947,202.0808,740.97,5420,-0.007874997287581209,0.074462890625,0.1647081971168518,-0.4712314516305923,0.2,0.0065250066,0.0003,27.604434967041016,56.59612680077553,,
571,544,1114112,1950,206.43090000000004,757.26,5430,-0.007165363788953982,0.110205078125,0.14368492364883423,-0.44969751155003906,0.2,0.012774523,0.0003,5.098798751831055,19.152828000485897,,
571,545,1116160,1953,206.9143,761.69,5440,-0.007104519903077744,0.07109375,0.146564781665802,-0.39705639937892556,0.2,0.0081375,0.0003,34.98881149291992,69.28483308553696,,
571,546,1118208,1956,198.11059999999998,741.12,5450,-0.006386431198916398,0.086865234375,0.19789659976959229,-0.42115349750965836,0.2,0.0096344445,0.0003,16.46909523010254,34.18959350883961,,
,,1120000,,,,5460,-0.008350753183185589,0.070458984375,0.033273279666900635,-0.40180324045941235,0.2,0.007704759,0.0003,56.214683532714844,82.62544577717782,173.078,747.4
571,547,1120256,1960,198.02109999999996,739.92,,,,,,,,,,,,
571,548,1122304,1963,198.49790000000002,743.25,5470,-0.008356148365419359,0.07939453125,0.24890601634979248,-0.3573567464016378,0.2,0.01125354,0.0003,14.841754913330078,31.933049708604813,,
571,549,1124352,1966,196.99919999999997,739.87,5480,-0.006651765343849547,0.05712890625,0.16864925622940063,-0.4035373874939978,0.2,0.005933541,0.0003,45.959590911865234,62.50648431777954,,
571,550,1126400,1969,199.32709999999994,754.78,5490,-0.007083575561409816,0.08388671875,0.2870972752571106,-0.3841223483905196,0.2,0.0072585745,0.0003,20.882022857666016,43.15883938372135,,
572,551,1128448,1972,200.53339999999997,754.73,5500,-0.006871714256703854,0.07705078125,0.1690070629119873,-0.36801161579787733,0.2,0.009330291,0.0003,43.210662841796875,48.75161251425743,,
,,1130000,,,,5510,-0.009435818388010376,0.096142578125,0.15630215406417847,-0.3672165527008474,0.2,0.011608204,0.0003,33.29841232299805,42.93808276951313,167.92399999999998,1418.6
571,552,1130496,1979,201.0084,759.04,,,,,,,,,,,,
571,553,1132544,1982,199.61879999999994,746.45,5520,-0.0061853601728216745,0.09892578125,0.3208264708518982,-0.3751287730410695,0.2,0.009782942,0.0003,11.548553466796875,42.210939082503316,,
571,554,1134592,1985,198.0409,739.3,5530,-0.00655040721030673,0.0798828125,0.15760105848312378,-0.3699593764729798,0.2,0.0079038795,0.0003,12.916510581970215,59.93439530134201,,
571,555,1136640,1988,201.8236,749.71,5540,-0.009628845626139082,0.087646484375,0.2767108678817749,-0.3750698904506862,0.2,0.012381827,0.0003,13.497391700744629,43.181344240903854,,
571,556,1138688,1990,205.5186,757.9,5550,-0.008151368694962002,0.087109375,0.17699450254440308,-0.36014016075059774,0.2,0.009479885,0.0003,29.438417434692383,71.45072090029717,,
,,1140000,,,,5560,-0.007236900323187001,0.075048828125,0.045944392681121826,-0.38375021815299987,0.2,0.010309365,0.0003,26.22283363342285,40.826442691683766,259.444,1192.0
571,557,1140736,1997,200.85890000000003,741.14,,,,,,,,,,,,
571,558,1142784,2000,200.72690000000003,722.19,5570,-0.0057165347301634025,0.0673828125,0.18367505073547363,-0.37390048466622827,0.2,0.0053442772,0.0003,32.574798583984375,51.199710208177564,,
571,559,1144832,2002,200.44020000000003,720.73,5580,-0.009666162135545164,0.081005859375,0.15448641777038574,-0.3723523768596351,0.2,0.015163727,0.0003,17.76656723022461,48.536349180340764,,
571,560,1146880,2005,195.31169999999995,701.08,5590,-0.004284386803919915,0.07275390625,0.2785941958427429,-0.34010697989724575,0.2,0.00833337,0.0003,9.38231372833252,32.897436547279355,,
571,561,1148928,2008,197.51490000000004,702.7,5600,-0.008889968291623519,0.081201171875,0.1136249303817749,-0.35716035645455124,0.2,0.009798195,0.0003,46.445106506347656,74.23719820976257,,
,,1150000,,,,5610,-0.008804209760273806,0.0837890625,0.24455153942108154,-0.39321627328172326,0.2,0.008714713,0.0003,61.786678314208984,78.07936379909515,181.348,739.2
571,562,1150976,2013,196.31190000000007,678.5,,,,,,,,,,,,
571,563,1153024,2016,198.02250000000004,682.21,5620,-0.00808248299290426,0.101806640625,0.23474401235580444,-0.385880536865443,0.2,0.01103895,0.0003,12.586809158325195,48.745494997501375,,
571,564,1155072,2019,198.31890000000007,684.44,5630,-0.006552030146121979,0.09326171875,0.24014812707901,-0.41391764096915723,0.2,0.012208622,0.0003,20.5008487701416,45.616081109642984,,
572,565,1157120,2022,199.92340000000004,688.01,5640,-0.010301537977647967,0.122119140625,0.1548733115196228,-0.4564321250654757,0.2,0.015194456,0.0003,14.166499137878418,57.53945044279099,,
572,566,1159168,2025,202.23380000000006,683.15,5650,-0.006630272162146867,0.0955078125,0.06874185800552368,-0.4333331651985645,0.2,0.008542823,0.0003,10.924599647521973,45.0035024613142,,
,,1160000,,,,5660,-0.006194461605628021,0.089306640625,0.2647004723548889,-0.4263047184795141,0.2,0.009381929,0.0003,8.291604995727539,49.77195082604885,330.52,1938.6
570,567,1161216,2033,205.5446,689.96,,,,,,,,,,,,
571,568,1163264,2036,200.4165,670.71,5670,-0.006734808548935689,0.112939453125,-0.029613375663757324,-0.44153461055830123,0.2,0.014195735,0.0003,17.213546752929688,40.826273646950725,,
571,569,1165312,2039,205.4166,683.86,5680,-0.010519589102477767,0.1015625,0.3417729139328003,-0.4391586186364293,0.2,0.011893999,0.0003,29.970684051513672,52.88399218916893,,
571,570,1167360,2042,207.426,676.79,5690,-0.006758316914783791,0.09541015625,0.02579796314239502,-0.4218247450888157,0.2,0.008493014,0.0003,7.905989646911621,27.259636145830154,,
571,571,1169408,2044,207.91899999999998,681.18,5700,-0.008393439849896822,0.0873046875,0.13831710815429688,-0.42726038191467525,0.2,0.008954832,0.0003,10.573644638061523,68.1529732644558,,
,,1170000,,,,5710,-0.006568496173713356,0.09248046875,0.13302677869796753,-0.46061079753562806,0.2,0.009720352,0.0003,13.022126197814941,46.09068262577057,391.34799999999996,1137.8
571,572,1171456,2050,204.8956,677.22,,,,,,,,,,,,
571,573,1173504,2053,205.17980000000003,681.91,5720,-0.009003041233518161,0.110693359375,0.14220082759857178,-0.45609824610874056,0.2,0.014693803,0.0003,41.30846405029297,66.10126414895058,,
571,574,1175552,2056,209.0896,690.92,5730,-0.004076035035541281,0.10244140625,0.2753555178642273,-0.45172460228204725,0.2,0.009909866,0.0003,10.443779945373535,22.564450389146806,,
571,575,1177600,2059,206.37929999999997,688.06,5740,-0.009464216945343652,0.114794921875,0.2635718584060669,-0.4149261864833534,0.2,0.011811929,0.0003,13.377513885498047,33.81501321494579,,
572,576,1179648,2062,209.7332,693.02,5750,-0.00978607049328275,0.07333984375,0.21588706970214844,-0.44362380569800736,0.2,0.0056348164,0.0003,26.317981719970703,70.70963804125786,,
,,1180000,,,,5760,-0.01088979925843887,0.102978515625,0.09025454521179199,-0.38640594240278003,0.2,0.0093001835,0.0003,28.170215606689453,41.84140561521053,194.63600000000002,2282.0
570,577,1181696,2071,207.86449999999996,686.12,,,,,,,,,,,,
570,578,1183744,2074,214.81709999999998,705.16,5770,-0.007827604314661585,0.105419921875,0.25303328037261963,-0.4212774277664721,0.2,0.011408444,0.0003,16.126279830932617,34.37977972328663,,
570,579,1185792,2077,218.80269999999996,716.28,5780,-0.006975630823581014,0.081787109375,0.33322620391845703,-0.41856953157112003,0.2,0.006590835,0.0003,11.805747985839844,42.10718268752098,,
571,580,1187840,2080,218.4876,717.74,5790,-0.007937504770234227,0.0927734375,0.30821722745895386,-0.37070823898538946,0.2,0.00732044,0.0003,19.593629837036133,47.05337502062321,,
571,581,1189888,2082,223.6044,728.93,5800,-0.009742885932791979,0.089990234375,0.06729906797409058,-0.41379617815837266,0.2,0.011058647,0.0003,13.62773609161377,62.44125300049782,,
,,1190000,,,,5810,-0.00784977410803549,0.113330078125,0.4145517349243164,-0.3863612157292664,0.2,0.01496738,0.0003,5.733395099639893,19.432782635092735,80.91,1556.8
570,582,1191936,2089,226.59599999999998,737.31,,,,,,,,,,,,
570,583,1193984,2092,233.37260000000003,757.13,5820,-0.007749616916407831,0.079638671875,0.2715303301811218,-0.3688113493844867,0.2,0.014734529,0.0003,19.29871940612793,41.11998046636582,,
570,584,1196032,2095,232.2642,755.7,5830,-0.011427946685580536,0.09970703125,0.37380683422088623,-0.3829844334162772,0.2,0.011075532,0.0003,20.317232131958008,54.41698448359966,,
570,585,1198080,2098,232.76309999999998,758.68,5840,-0.003675967043091077,0.077978515625,0.14182519912719727,-0.3864185038022697,0.2,0.007176734,0.0003,12.020773887634277,38.39813374280929,,
,,1200000,,,,5850,-0.007516400959866587,0.09326171875,0.26527661085128784,-0.36852766014635563,0.2,0.012881919,0.0003,17.224885940551758,47.5823394715786,61.134,1303.4
570,586,1200128,2104,239.4212,776.64,,,,,,,,,,,,
570,587,1202176,2108,242.14329999999998,781.28,5860,-0.003879933530697599,0.072998046875,0.3229635953903198,-0.3767751883715391,0.2,0.006291303,0.0003,8.706710815429688,36.97062539458275,,
570,588,1204224,2111,242.50130000000004,775.59,5870,-0.007974208699306474,0.096533203125,0.2352270483970642,-0.3999426302500069,0.2,0.007579945,0.0003,9.093233108520508,37.802607133984566,,
570,589,1206272,2114,240.1916,772.63,5880,-0.00749586802412523,0.07744140625,0.3355395197868347,-0.3991777411662042,0.2,0.008165196,0.0003,10.923126220703125,36.77227663099766,,
570,590,1208320,2117,238.44279999999995,762.33,5890,-0.009547758047119714,0.0947265625,0.15219604969024658,-0.3886910851113498,0.2,0.00856662,0.0003,11.389330863952637,56.44531902372837,,
,,1210000,,,,5900,-0.006021572684403509,0.092919921875,0.11478245258331299,-0.41615129709243776,0.2,0.009783752,0.0003,19.790674209594727,33.64554017782211,380.054,2779.2
568,591,1210368,2128,239.3534,773.37,,,,,,,,,,,,
568,592,1212416,2131,242.89739999999998,798.54,5910,-0.007249809964559972,0.086328125,0.21743327379226685,-0.4046095534227788,0.2,0.009184798,0.0003,22.524269104003906,35.920566368103025,,
569,593,1214464,2134,245.5575,807.58,5920,-0.005997524328995496,0.079638671875,0.2525079846382141,-0.4094501952640712,0.2,0.00910901,0.0003,13.013595581054688,35.28009552955628,,
569,594,1216512,2137,244.55349999999999,808.16,5930,-0.009279189066728578,0.086572265625,0.26165807247161865,-0.39853280475363134,0.2,0.010580995,0.0003,8.737072944641113,39.24436537325382,,
569,595,1218560,2140,248.22349999999994,819.33,5940,-0.008913276529347059,0.084033203125,0.3559260964393616,-0.38819652013480666,0.2,0.009457035,0.0003,21.837413787841797,51.62514058053493,,
,,1220000,,,,5950,-0.006443588767433539,0.08779296875,0.2756229043006897,-0.3774036217480898,0.2,0.0074074008,0.0003,12.448052406311035,46.61678492128849,367.45,3061.0
567,596,1220608,2152,244.84810000000002,809.25,,,,,,,,,,,,
567,597,1222656,2155,244.49570000000003,802.89,5960,-0.010889148608839605,0.098876953125,0.22124016284942627,-0.3801140365190804,0.2,0.010557456,0.0003,19.46609115600586,54.81038762331009,,
567,598,1224704,2158,243.59259999999998,802.57,5970,-0.008433508401503786,0.064453125,0.14589041471481323,-0.3291828205808997,0.2,0.0077139777,0.0003,31.28757667541504,65.03942306041718,,
567,599,1226752,2161,246.4777,813.41,5980,-0.007160470414964948,0.08564453125,0.17850089073181152,-0.3440566899254918,0.2,0.008741794,0.0003,40.795494079589844,41.916316190361975,,
567,600,1228800,2164,249.44289999999998,824.31,5990,-0.006714952434413135,0.09677734375,0.20159250497817993,-0.3630028003361076,0.2,0.0116638895,0.0003,30.81577491760254,35.74912528395653,,
,,1230000,,,,6000,-0.0064656189264496785,0.069580078125,0.20453572273254395,-0.3420384494122118,0.2,0.008836918,0.0003,48.42566680908203,59.221340051293375,325.19000000000005,838.4
567,601,1230848,2169,247.7991,819.16,,,,,,,,,,,,
567,602,1232896,2172,247.25310000000002,812.9,6010,-0.006560379971051589,0.057275390625,0.14850109815597534,-0.35454868217930197,0.2,0.010037842,0.0003,45.468055725097656,76.01314247250556,,
567,603,1234944,2175,244.65789999999998,806.68,6020,-0.00657263768807752,0.102490234375,0.141912579536438,-0.3662349385675043,0.2,0.014548751,0.0003,9.007863998413086,45.91862414479256,,
567,604,1236992,2178,250.0047,825.1,6030,-0.008550151172676124,0.10400390625,0.1669045090675354,-0.36543387584388254,0.2,0.01035266,0.0003,9.649614334106445,37.09843100905418,,
568,605,1239040,2181,254.2079,836.4,6040,-0.008058402815368026,0.084521484375,0.32637232542037964,-0.3966778641566634,0.2,0.011812635,0.0003,9.194040298461914,27.708117458224297,,
,,1240000,,,,6050,-0.00682324828376295,0.079296875,0.2858038544654846,-0.37769737942144277,0.2,0.0082305195,0.0003,12.458771705627441,40.30692216157913,142.852,1127.8
567,606,1241088,2187,251.00619999999998,828.35,,,,,,,,,,,,
567,607,1243136,2190,245.9185,815.03,6060,-0.009152262072893791,0.08134765625,0.12002867460250854,-0.38913172129541634,0.2,0.007536389,0.0003,7.9168548583984375,62.656654226779935,,
567,608,1245184,2193,248.6211,820.4,6070,-0.006112750226748176,0.0732421875,0.14484333992004395,-0.4114161590114236,0.2,0.0117532825,0.0003,14.003631591796875,56.515886422991755,,
567,609,1247232,2196,243.7141,808.89,6080,-0.007530324082472362,0.070068359375,0.3163122534751892,-0.3693214132450521,0.2,0.009754732,0.0003,31.432157516479492,64.88758573532104,,
568,610,1249280,2199,242.00439999999998,805.35,6090,-0.008660331777355168,0.105224609375,0.1556369662284851,-0.3970066398382187,0.2,0.0117866695,0.0003,42.131038665771484,68.98531326651573,,
,,1250000,,,,6100,-0.00519940162776038,0.1119140625,0.12588411569595337,-0.477862688805908,0.2,0.011651769,0.0003,20.037967681884766,51.0733966588974,279.05600000000004,1349.8
567,611,1251328,2206,239.18139999999997,808.58,,,,,,,,,,,,
567,612,1253376,2209,238.5219,803.16,6110,-0.005164787368266843,0.1201171875,0.15668243169784546,-0.4708716951310635,0.2,0.010047307,0.0003,21.426799774169922,38.60203551352024,,
567,613,1255424,2212,232.72659999999996,788.61,6120,-0.006026596817537211,0.067822265625,0.19531279802322388,-0.3983442039228976,0.2,0.008297739,0.0003,16.901607513427734,59.95578031539917,,
567,614,1257472,2215,237.834,809.71,6130,-0.0077751319520757535,0.10087890625,0.013704776763916016,-0.40868501951918007,0.2,0.013854913,0.0003,7.40118932723999,36.638619750738144,,
567,615,1259520,2218,239.00220000000004,826.22,6140,-0.0071154300560010595,0.09267578125,0.29485005140304565,-0.4202398589812219,0.2,0.012103978,0.0003,6.853906631469727,31.934145176410674,,
,,1260000,,,,6150,-0.009251578288967721,0.11591796875,0.20000511407852173,-0.46110094608739016,0.2,0.013223317,0.0003,14.34444522857666,45.21047033071518,172.04199999999997,1253.0
567,616,1261568,2224,239.49240000000006,828.53,,,,,,,,,,,,
567,617,1263616,2227,241.14170000000001,835.91,6160,-0.006919630788615905,0.074853515625,0.1581106185913086,-0.41623017666861417,0.2,0.009822189,0.0003,16.76080894470215,39.15059930086136,,
567,618,1265664,2230,230.94009999999997,811.69,6170,-0.006514840302406811,0.0724609375,0.17574012279510498,-0.3993039881810546,0.2,0.0076658484,0.0003,8.486090660095215,33.31785214543343,,
567,619,1267712,2233,230.06370000000004,818.25,6180,-0.009300922640250064,0.117236328125,0.1597631573677063,-0.4782232023775578,0.2,0.016095787,0.0003,13.442058563232422,37.67367669939995,,
567,620,1269760,2236,231.49050000000003,821.83,6190,-0.0073097262327792125,0.075732421875,0.206986665725708,-0.4742218550294638,0.2,0.0095795235,0.0003,12.638077735900879,38.95211153328419,,
,,1270000,,,,6200,-0.006012799130985513,0.08671875,0.30009031295776367,-0.45436241645365955,0.2,0.010677188,0.0003,7.432638645172119,29.00563752949238,192.254,2310.8
566,621,1271808,2245,231.5702,825.41,,,,,,,,,,,,
566,622,1273856,2249,228.31790000000004,823.78,6210,-0.00725179475848563,0.0810546875,0.288216233253479,-0.43198016928508876,0.2,0.009178845,0.0003,24.590696334838867,34.571471938490866,,
566,623,1275904,2251,224.33870000000002,810.02,6220,-0.008598870405694469,0.095166015625,0.2724628448486328,-0.4397134411148727,0.2,0.007917092,0.0003,15.118453025817871,41.452329418063165,,
566,624,1277952,2254,220.643,800.56,6230,-0.008135922544170171,0.075537109375,0.0709872841835022,-0.37407107474282386,0.2,0.008472618,0.0003,16.047142028808594,65.58673693537712,,
,,1280000,,,,6240,-0.008477477511041798,0.0939453125,0.3137558102607727,-0.42116026375442744,0.2,0.008444294,0.0003,9.903276443481445,32.56713151037693,197.608,1381.0
565,625,1280000,2261,216.3139,795.58,,,,,,,,,,,,
566,626,1282048,2264,215.1796,797.52,6250,-0.006382424145704136,0.092822265625,0.10478019714355469,-0.43667549546808004,0.2,0.009420308,0.0003,17.374221801757812,36.69501539468765,,
566,627,1284096,2267,216.1168,804.66,6260,-0.0073929884470999244,0.10263671875,0.11696314811706543,-0.42446363922208546,0.2,0.012332435,0.0003,5.990460395812988,22.81179786026478,,
566,628,1286144,2270,213.39759999999995,799.47,6270,-0.008637425617780536,0.0765625,0.32693248987197876,-0.39121647663414477,0.2,0.009549787,0.0003,28.399383544921875,57.22306704521179,,
566,629,1288192,2273,214.7266,810.47,6280,-0.009351774337119423,0.094482421875,0.23639458417892456,-0.4281743738800287,0.2,0.011254545,0.0003,27.355201721191406,39.137345135211945,,
,,1290000,,,,6290,-0.007219612612971105,0.088818359375,0.1430780291557312,-0.4234121241606772,0.2,0.011036785,0.0003,8.553516387939453,40.80436629951,248.81199999999998,2741.4
564,630,1290240,2284,212.58969999999997,799.48,,,,,,,,,,,,
564,631,1292288,2287,209.48579999999998,790.9,6300,-0.004326662924722768,0.111083984375,0.09040814638137817,-0.480022847186774,0.2,0.012782756,0.0003,4.659260272979736,21.67373234182596,,
565,632,1294336,2290,209.48579999999998,790.9,6310,-0.012571266651502811,0.0986328125,0.18066108226776123,-0.416097532492131,0.2,0.011003539,0.0003,24.747623443603516,40.87343638539314,,
565,633,1296384,2293,207.075,797.59,6320,-0.007861682647489942,0.099658203125,0.3221200704574585,-0.43716063946485517,0.2,0.009519058,0.0003,5.804817199707031,18.853927421569825,,
565,634,1298432,2296,208.56870000000004,800.75,6330,-0.009672411720384844,0.1,0.24295943975448608,-0.4431679670698941,0.2,0.011389712,0.0003,23.427507400512695,62.75841137766838,,
,,1300000,,,,6340,-0.008925202410318888,0.07548828125,0.30213022232055664,-0.42139710392802954,0.2,0.007964555,0.0003,10.611268043518066,34.28678993582726,253.64599999999996,877.0
564,635,1300480,2301,210.18830000000005,803.71,,,,,,,,,,,,
565,636,1302528,2304,210.83140000000003,813.05,6350,-0.007890472211875022,0.07724609375,0.15517932176589966,-0.4158726822584867,0.2,0.009842528,0.0003,10.817502975463867,43.10908055603504,,
565,637,1304576,2307,207.62030000000001,806.78,6360,-0.005962042135070078,0.089111328125,0.10370826721191406,-0.4507871179841459,0.2,0.0073649017,0.0003,24.166318893432617,45.37479040920734,,
565,638,1306624,2310,203.4204,795.53,6370,-0.009892348072025926,0.091259765625,0.15214312076568604,-0.4003919415175915,0.2,0.010458555,0.0003,25.191774368286133,67.7525501012802,,
565,639,1308672,2313,206.509,814.07,6380,-0.0046783314915956,0.11259765625,0.11396247148513794,-0.5009264193475247,0.2,0.014086213,0.0003,6.443662166595459,26.287310202419757,,
,,1310000,,,,6390,-0.005938866404176224,0.0755859375,0.28214210271835327,-0.3778391506522894,0.2,0.0077327676,0.0003,20.917896270751953,40.709379562735556,175.88600000000002,2857.0
563,640,1310720,2324,208.88819999999998,823.15,,,,,,,,,,,,
564,641,1312768,2327,210.68290000000002,825.32,6400,-0.004622060334077105,0.063671875,0.3460844159126282,-0.3861961423419416,0.2,0.008061038,0.0003,11.697321891784668,29.503516480326653,,
564,642,1314816,2330,212.88759999999994,841.9,6410,-0.008127580225118437,0.080859375,0.25528502464294434,-0.40511943101882936,0.2,0.0066036116,0.0003,20.584909439086914,47.64463238120079,,
564,643,1316864,2333,210.787,836.87,6420,-0.00949239881883841,0.114404296875,0.23460888862609863,-0.4656281227245927,0.2,0.022644032,0.0003,14.45344066619873,33.449635815620425,,
564,644,1318912,2336,209.40650000000002,843.49,6430,-0.005165807995945215,0.1060546875,0.32075828313827515,-0.4576213049702346,0.2,0.014253848,0.0003,16.31291389465332,24.621601310372352,,
,,1320000,,,,6440,-0.006586774566676468,0.095947265625,0.2855064868927002,-0.43928774865344167,0.2,0.00890675,0.0003,16.615325927734375,42.12791315615177,90.81400000000001,1017.2
563,645,1320960,2342,209.40650000000002,843.49,,,,,,,,,,,,
564,646,1323008,2345,202.56219999999996,857.61,6450,-0.008783648782991805,0.229052734375,-8.530866622924805,-0.5376756647601724,0.2,0.032105613,0.0003,0.09735617786645889,1.1261413950007408,,
564,647,1325056,2348,198.51870000000002,849.7,6460,-0.008707850385690108,0.066015625,0.227530837059021,-0.5199593023397029,0.2,0.0055235485,0.0003,19.747352600097656,32.49045959711075,,
564,648,1327104,2351,193.97580000000002,852.73,6470,-0.007933651679195464,0.064501953125,0.15667366981506348,-0.5171971457079053,0.2,0.0070105465,0.0003,29.618026733398438,49.19812111854553,,
564,649,1329152,2354,195.2513,848.4,6480,-0.009943810664117337,0.091357421875,0.18805044889450073,-0.5615539997816086,0.2,0.0075717187,0.0003,7.678035736083984,35.76995615065098,,
,,1330000,,,,6490,-0.007216866029193625,0.053125,0.11874967813491821,-0.4831387995742261,0.2,0.0042787315,0.0003,26.76343536376953,43.21780398488045,213.32200000000003,2404.6
563,650,1331200,2364,192.5231,857.64,,,,,,,,,,,,
563,651,1333248,2367,190.70969999999997,853.56,6500,-0.009186761901946738,0.080712890625,0.18186193704605103,-0.54271454019472,0.2,0.008718872,0.0003,5.422989368438721,24.063751527667044,,
563,652,1335296,2369,192.905,858.99,6510,-0.009300813058507629,0.060693359375,0.2411218285560608,-0.48181473901495336,0.2,0.0059854323,0.0003,19.758026123046875,45.018095636367796,,
563,653,1337344,2372,193.80759999999998,872.95,6520,-0.009733510130899958,0.083837890625,0.01980835199356079,-0.5059123339131475,0.2,0.008705481,0.0003,20.615795135498047,27.90984777510166,,
563,654,1339392,2375,193.80759999999998,872.95,6530,-0.0016444427063106559,0.12978515625,0.08879244327545166,-0.569587380066514,0.2,0.012631723,0.0003,0.9272075891494751,11.246155232936143,,
,,1340000,,,,6540,-0.0046850526501657445,0.09326171875,0.39987969398498535,-0.5380402865819633,0.2,0.008721661,0.0003,5.534079074859619,7.912845001369715,329.974,2876.0
561,655,1341440,2387,195.1043,897.45,,,,,,,,,,,,
562,656,1343488,2390,194.89170000000001,899.21,6550,-0.007120027708879206,0.097265625,0.2008378505706787,-0.5295264874584973,0.2,0.00772977,0.0003,2.3810153007507324,14.126740294694901,,
562,657,1345536,2393,194.89170000000001,899.21,6560,-0.007317267468897626,0.07158203125,0.21670252084732056,-0.45508104683831335,0.2,0.006295959,0.0003,6.305797100067139,28.748524937033654,,
562,658,1347584,2396,197.13510000000002,930.88,6570,-0.003375630048685707,0.108837890625,0.3362993001937866,-0.518807219620794,0.2,0.010871699,0.0003,2.649909734725952,6.438791550695896,,
562,659,1349632,2399,201.7171,941.38,6580,-0.009956963767763227,0.069580078125,0.3623616099357605,-0.4723777357488871,0.2,0.0065439213,0.0003,18.631816864013672,30.010457929968833,,
,,1350000,,,,6590,-0.00858280762913637,0.060302734375,0.1638815999031067,-0.4659881368279457,0.2,0.007592576,0.0003,17.44847297668457,40.66601846218109,311.594,1257.8
561,660,1351680,2405,200.8463,935.97,,,,,,,,,,,,
562,661,1353728,2408,200.81920000000002,928.29,6600,-0.0073582970100687815,0.064892578125,0.20811831951141357,-0.4710395300760865,0.2,0.0064688986,0.0003,16.668447494506836,37.61440516412258,,
562,662,1355776,2411,196.8243,916.8,6610,-0.011883529555052518,0.08291015625,0.1831071972846985,-0.4852920649573207,0.2,0.00943926,0.0003,13.535848617553711,52.69390161633491,,
562,663,1357824,2414,202.6773,928.08,6620,-0.012592358535039238,0.091845703125,0.1636762022972107,-0.4859907335601747,0.2,0.0096491,0.0003,9.110703468322754,42.68311159014702,,
562,664,1359872,2417,204.77579999999995,933.66,6630,-0.01003055166802369,0.09990234375,0.22114694118499756,-0.42110172752290964,0.2,0.0110003,0.0003,31.235679626464844,41.86915599405766,,
,,1360000,,,,6640,-0.007127651994233019,0.0921875,0.19497793912887573,-0.44396896902471783,0.2,0.00779159,0.0003,8.768455505371094,25.943693387508393,216.07599999999996,1951.0
561,665,1361920,2426,202.21399999999994,921.3,,,,,,,,,,,,
561,666,1363968,2429,201.50739999999993,904.96,6650,-0.010639429115690291,0.114599609375,0.20689791440963745,-0.48440621700137854,0.2,0.012901863,0.0003,10.67989730834961,39.72253839671612,,
561,667,1366016,2432,201.6957,908.21,6660,-0.009063010595855302,0.08525390625,0.19332855939865112,-0.4377356656827033,0.2,0.009046117,0.0003,35.999305725097656,56.68851436972618,,
561,668,1368064,2435,199.90810000000005,904.07,6670,-0.00949397961376235,0.092041015625,0.17843449115753174,-0.47166334465146065,0.2,0.011885549,0.0003,19.07715606689453,42.66021844744682,,
,,1370000,,,,6680,-0.00929311929794494,0.099365234375,0.1660761833190918,-0.45003683092072605,0.2,0.00894602,0.0003,15.428108215332031,45.90772716104984,127.3,996.6
561,669,1370112,2441,204.26570000000004,917.47,,,,,,,,,,,,
561,670,1372160,2444,205.53100000000006,912.16,6690,-0.010724527642014436,0.104931640625,0.38982170820236206,-0.44094110270962117,0.2,0.0140253315,0.0003,13.763548851013184,25.180916368961334,,
561,671,1374208,2447,203.18240000000003,901.22,6700,-0.010230255137139465,0.09462890625,0.37676215171813965,-0.4211291658692062,0.2,0.007494239,0.0003,22.076757431030273,38.38366566896438,,
561,672,1376256,2450,201.19029999999998,893.85,6710,-0.00954515146149788,0.091748046875,0.2342686653137207,-0.4223784261383116,0.2,0.008536743,0.0003,32.194053649902344,54.48979288637638,,
561,673,1378304,2453,205.86480000000003,907.53,6720,-0.009556227151188068,0.0943359375,0.13262540102005005,-0.43237201692536475,0.2,0.009000223,0.0003,22.665658950805664,55.49998668134212,,
,,1380000,,,,6730,-0.0073885521138436164,0.090234375,0.10696589946746826,-0.4011180463247001,0.2,0.01023972,0.0003,13.14928913116455,29.428664347529413,206.37199999999999,1308.6
561,674,1380352,2460,204.67219999999998,883.01,,,,,,,,,,,,
561,675,1382400,2463,203.02520000000004,863.77,6740,-0.008345363556873053,0.0841796875,0.1526309847831726,-0.4148761278949678,0.2,0.0069182664,0.0003,17.302288055419922,63.217546224594116,,
561,676,1384448,2466,203.4977,869.95,6750,-0.005762093880912289,0.087890625,0.1752699613571167,-0.41578318271785975,0.2,0.014197815,0.0003,8.882915496826172,28.371885120868683,,
561,677,1386496,2469,199.50459999999998,861.12,6760,-0.010721879560151137,0.103857421875,0.15383458137512207,-0.4490939715877175,0.2,0.0128004225,0.0003,20.42224884033203,52.29711711108685,,
561,678,1388544,2472,201.7866,879.0,6770,-0.00881435705232434,0.084765625,0.09856194257736206,-0.4427976545877755,0.2,0.0068153264,0.0003,19.83217430114746,52.774171096086505,,
,,1390000,,,,6780,-0.008827712055062876,0.12080078125,0.2939091920852661,-0.4909629227593541,0.2,0.015501009,0.0003,8.149785995483398,25.70049629509449,220.356,2490.4
560,679,1390592,2482,201.92149999999998,874.3,,,,,,,,,,,,
560,680,1392640,2485,206.87680000000003,889.81,6790,-0.010164902487304062,0.096435546875,0.14684820175170898,-0.4384217718616128,0.2,0.008135319,0.0003,24.877931594848633,42.753869542479514,,
560,681,1394688,2488,206.30750000000003,884.58,6800,-0.007951956801116466,0.07177734375,0.12098973989486694,-0.4053933147341013,0.2,0.005347355,0.0003,36.5572395324707,70.86081912517548,,
560,682,1396736,2491,210.88470000000004,886.71,6810,-0.00864004325994756,0.10419921875,0.2049931287765503,-0.4245048236101866,0.2,0.009099631,0.0003,9.080327033996582,40.72416829168797,,
560,683,1398784,2494,206.2308,879.62,6820,-0.009175615638378076,0.114697265625,0.2606750726699829,-0.4514043183065951,0.2,0.012962889,0.0003,19.101457595825195,33.559401986002925,,
,,1400000,,,,6830,-0.009415716750663706,0.103173828125,0.18500226736068726,-0.44497423404827713,0.2,0.008928059,0.0003,17.097917556762695,43.434211048483846,189.204,2034.8
559,684,1400832,2502,204.5959,881.49,,,,,,,,,,,,
559,685,1402880,2505,196.90540000000001,797.69,6840,-0.008212564521818422,0.071533203125,0.18985402584075928,-0.4169104822911322,0.2,0.0070869466,0.0003,10.518251419067383,57.780148905515674,,
560,686,1404928,2508,196.90540000000001,797.69,6850,-0.011909778451081366,0.076416015625,0.13080912828445435,-0.4135323384776711,0.2,0.006812999,0.0003,49.66048812866211,100.69794495105744,,
560,687,1406976,2511,199.59009999999998,827.37,6860,-0.005063528865866829,0.21982421875,-7.530205726623535,-0.5508077557198703,0.2,0.034833714,0.0003,0.2363809198141098,2.3363463105633855,,
560,688,1409024,2514,204.57729999999995,842.99,6870,-0.006695032882271334,0.06328125,0.25669175386428833,-0.4938613590784371,0.2,0.0049772207,0.0003,25.213483810424805,43.601212438941005,,
,,1410000,,,,6880,-0.009975338453659787,0.062744140625,0.29892808198928833,-0.45525453984737396,0.2,0.006596822,0.0003,11.357735633850098,28.594405245780944,283.656,1313.4
559,689,1411072,2521,203.42419999999998,824.55,,,,,,,,,,,,
559,690,1413120,2524,203.42419999999998,824.55,6890,-0.009368684122455307,0.054345703125,0.10444831848144531,-0.44342606123536826,0.2,0.0045895036,0.0003,17.470462799072266,73.84126675724983,,
559,691,1415168,2527,207.73039999999997,834.24,6900,-0.009754538306151517,0.082421875,0.3137372136116028,-0.4945136518217623,0.2,0.011707889,0.0003,6.557537078857422,15.032104247808457,,
560,692,1417216,2530,210.53010000000003,841.49,6910,-0.01003160082618706,0.070166015625,0.18747234344482422,-0.443226504791528,0.2,0.006876544,0.0003,12.83088207244873,47.9322993516922,,
560,693,1419264,2533,211.5149,823.33,6920,-0.007836071209749208,0.066943359375,0.12872964143753052,-0.4370241601020098,0.2,0.007404834,0.0003,43.12724685668945,35.03579970300198,,
,,1420000,,,,6930,-0.01394133071298711,0.090087890625,0.15412455797195435,-0.4179182695224881,0.2,0.008437003,0.0003,41.49735641479492,51.61775294840336,266.30000000000007,1428.2
559,694,1421312,2540,213.26500000000004,789.32,,,,,,,,,,,,
559,695,1423360,2543,213.1645,788.34,6940,-0.00925731346651446,0.078662109375,0.25280332565307617,-0.407374556735158,0.2,0.009227471,0.0003,24.218372344970703,32.69982698261738,,
559,696,1425408,2546,211.3509,785.24,6950,-0.009331356691836845,0.095654296875,0.31491613388061523,-0.49326602295041083,0.2,0.012220137,0.0003,5.046004772186279,21.584134003520013,,
559,697,1427456,2549,212.52989999999997,790.38,6960,-0.007191184505063575,0.116943359375,0.29312920570373535,-0.5112410900183022,0.2,0.010669814,0.0003,18.162866592407227,20.243222472071647,,
559,698,1429504,2552,210.74210000000002,784.46,6970,-0.008242437115404755,0.059814453125,0.27727407217025757,-0.39375846050679686,0.2,0.0059902472,0.0003,15.066536903381348,48.89327956438065,,
,,1430000,,,,6980,-0.006808673973137047,0.07548828125,0.5206011533737183,-0.4187863484025002,0.2,0.006926923,0.0003,11.598041534423828,25.202020049095154,399.13200000000006,2496.6
558,699,1431552,2562,214.72260000000006,794.79,,,,,,,,,,,,
558,700,1433600,2565,214.8227,794.09,6990,-0.007915520161623136,0.073095703125,0.27185940742492676,-0.441890818066895,0.2,0.009203769,0.0003,12.29906940460205,42.24077423512936,,
558,701,1435648,2568,215.8564,794.0,7000,-0.009114685826352798,0.0775390625,0.1287859082221985,-0.43535639755427835,0.2,0.007763246,0.0003,22.622716903686523,60.0362606048584,,
559,702,1437696,2571,218.82339999999996,803.16,7010,-0.008906504136393777,0.07431640625,0.2146373987197876,-0.4153257698751986,0.2,0.0069456818,0.0003,14.858497619628906,43.602844926714894,,
559,703,1439744,2574,216.38569999999996,787.58,7020,-0.005932794199907221,0.076708984375,0.3248254656791687,-0.4128637958317995,0.2,0.0077684573,0.0003,18.077415466308594,36.215217092633246,,
,,1440000,,,,7030,-0.01187133484199876,0.088671875,0.15905898809432983,-0.4200759954750538,0.2,0.008955632,0.0003,29.44761848449707,58.35992553830147,182.75799999999998,1166.4
558,704,1441792,2580,220.3123,793.59,,,,,,,,,,,,
558,705,1443840,2583,220.3123,793.59,7040,-0.010154541168594733,0.099267578125,0.3387225866317749,-0.4005811320617795,0.2,0.009698123,0.0003,11.269614219665527,43.59555621445179,,
558,706,1445888,2586,224.2143,824.92,7050,-0.00937896068498958,0.155712890625,0.16947346925735474,-0.4973184258677065,0.2,0.01619926,0.0003,3.764831781387329,11.334878066182137,,
559,707,1447936,2589,226.47699999999998,833.58,7060,-0.011249477742239833,0.10966796875,0.25784415006637573,-0.4549709823913872,0.2,0.014066971,0.0003,11.044190406799316,41.33074283003807,,
559,708,1449984,2592,222.3764,821.95,7070,-0.005296903461567126,0.073193359375,0.19665628671646118,-0.45916304299607874,0.2,0.0065420093,0.0003,6.417041778564453,37.63294377923012,,
,,1450000,,,,7080,-0.006708685783087276,0.07900390625,0.12585550546646118,-0.4679317999631166,0.2,0.00879985,0.0003,11.557251930236816,48.678899228572845,244.58399999999997,1899.8
558,709,1452032,2601,221.78540000000004,819.11,,,,,,,,,,,,
558,710,1454080,2603,220.88650000000004,815.17,7090,-0.009621982427779585,0.074169921875,0.28415393829345703,-0.4269031853415072,0.2,0.008169573,0.0003,7.772222518920898,48.617218387126925,,
558,711,1456128,2606,221.8666,820.24,7100,-0.006214684649603441,0.080517578125,0.22709566354751587,-0.41337190130725504,0.2,0.008204576,0.0003,7.717656135559082,25.966268563270567,,
558,712,1458176,2609,225.63460000000006,835.02,7110,-0.007801304003805853,0.09921875,0.04705226421356201,-0.43081390717998147,0.2,0.01261319,0.0003,8.973774909973145,23.910446441173555,,
,,1460000,,,,7120,-0.009342826443025842,0.0890625,0.46559083461761475,-0.43506900472566484,0.2,0.008537831,0.0003,8.645567893981934,29.87363430559635,378.816,1452.4
557,713,1460224,2616,226.8215,840.99,,,,,,,,,,,,
558,714,1462272,2619,224.04789999999997,828.47,7130,-0.007154525941587053,0.08037109375,0.1504189372062683,-0.45971203334629535,0.2,0.010397054,0.0003,9.403675079345703,68.67259533405304,,
558,715,1464320,2622,225.84419999999997,835.44,7140,-0.00771613202377921,0.078662109375,0.1657077670097351,-0.43749180240556595,0.2,0.0069181803,0.0003,27.07468605041504,57.74300319850445,,
558,716,1466368,2625,225.5819,830.98,7150,-0.007908324993331916,0.07041015625,0.036088645458221436,-0.40084279924631117,0.2,0.007506819,0.0003,23.317413330078125,46.92537531256676,,
558,717,1468416,2628,225.6911,827.31,7160,-0.008925508586253272,0.074169921875,0.1342477798461914,-0.4261925345286727,0.2,0.007579782,0.0003,50.186119079589844,72.62005506753921,,
,,1470000,,,,7170,-0.007586190104484558,0.0798828125,0.23680037260055542,-0.4103385142982006,0.2,0.009510433,0.0003,23.40511703491211,44.443171253800394,116.644,1025.2
558,718,1470464,2634,232.75920000000002,848.83,,,,,,,,,,,,
558,719,1472512,2637,230.1737,827.77,7180,-0.010090534055780153,0.08212890625,0.4327448606491089,-0.418787897285074,0.2,0.011738281,0.0003,16.819507598876953,38.32358809411526,,
558,720,1474560,2640,225.85740000000004,819.27,7190,-0.00862198047398124,0.086865234375,0.10217857360839844,-0.49490764923393726,0.2,0.011307238,0.0003,17.210939407348633,58.28854885697365,,
558,721,1476608,2643,229.24310000000006,828.98,7200,-0.012607786699663847,0.125390625,0.17468923330307007,-0.4692523214966059,0.2,0.012476145,0.0003,40.72019577026367,49.65135278701782,,
558,722,1478656,2646,234.42270000000005,842.26,7210,-0.0078104029162204824,0.1017578125,0.17984241247177124,-0.44749296279624107,0.2,0.010271415,0.0003,10.451680183410645,38.16863531470299,,
,,1480000,,,,7220,-0.008139557568938471,0.116162109375,0.28394144773483276,-0.4921933048404753,0.2,0.013016285,0.0003,7.7126593589782715,19.89822313785553,295.014,1034.0
558,723,1480704,2652,242.1332,869.41,,,,,,,,,,,,
558,724,1482752,2655,236.51,849.16,7230,-0.010265373397851362,0.117041015625,0.3028815984725952,-0.47482520984485743,0.2,0.011880979,0.0003,9.67725944519043,36.955761957168576,,
558,725,1484800,2658,239.896,858.06,7240,-0.008268973423400893,0.104443359375,0.1900535225868225,-0.47074902048334477,0.2,0.008839859,0.0003,10.03497314453125,41.564841088652614,,
558,726,1486848,2661,236.29379999999998,850.88,7250,-0.011055638836114667,0.100048828125,0.11857277154922485,-0.45659617725759744,0.2,0.009803975,0.0003,22.98644256591797,58.18993302881718,,
558,727,1488896,2664,243.68919999999997,870.56,7260,-0.010704813587653916,0.088818359375,0.18611842393875122,-0.4126948588527739,0.2,0.008589022,0.0003,45.06510925292969,60.38774762749672,,
,,1490000,,,,7270,-0.009523400015314109,0.108056640625,0.12857133150100708,-0.40057686073705556,0.2,0.011262072,0.0003,8.368109703063965,36.27826064825058,351.82399999999996,926.8
558,728,1490944,2670,248.78709999999998,883.14,,,,,,,,,,,,
558,729,1492992,2673,246.09709999999998,840.08,7280,-0.009222169074928389,0.0970703125,0.13135427236557007,-0.40377714335918424,0.2,0.010154644,0.0003,26.13251304626465,55.46689334213734,,
558,730,1495040,2676,246.8871,840.76,7290,-0.010907637781929224,0.0873046875,0.14549148082733154,-0.39388802023604513,0.2,0.009617044,0.0003,24.537609100341797,81.54503414034843,,
558,731,1497088,2679,251.8656,855.35,7300,-0.005728906448348425,0.067724609375,0.1432722806930542,-0.3955625190399587,0.2,0.007521486,0.0003,16.8548526763916,73.489984947443,,
558,732,1499136,2682,254.59050000000002,847.98,7310,-0.010591438817209564,0.09267578125,0.14214980602264404,-0.4193138852715492,0.2,0.009658773,0.0003,27.30646324157715,45.30039160251617,,
,,1500000,,,,7320,-0.008166970396996476,0.096630859375,0.40927088260650635,-0.40043665412813423,0.2,0.008523414,0.0003,19.845184326171875,37.69224079847336,574.95,1504.2
558,733,1501184,2689,247.4239,826.68,,,,,,,,,,,,
558,734,1503232,2692,249.6371,832.3,7330,-0.01000682676967699,0.075048828125,0.11039507389068604,-0.3942444609478116,0.2,0.0075297416,0.0003,55.20706558227539,91.3469048678875,,
558,735,1505280,2695,245.7947,796.01,7340,-0.00860324628301896,0.081640625,0.1839887499809265,-0.38436096236109735,0.2,0.00823569,0.0003,34.805572509765625,45.07363504767418,,
558,736,1507328,2698,245.41629999999998,792.77,7350,-0.009627494844608009,0.09130859375,0.054670751094818115,-0.4080846737138927,0.2,0.011921796,0.0003,34.293155670166016,53.39631135165691,,
558,737,1509376,2701,237.3644,762.56,7360,-0.008301920785743277,0.095263671875,0.13604789972305298,-0.41692320089787244,0.2,0.008199612,0.0003,11.580612182617188,60.8119963914156,,
,,1510000,,,,7370,-0.010417897190200165,0.08974609375,0.07524025440216064,-0.4190677715465426,0.2,0.0074246563,0.0003,39.97677993774414,81.02880114912986,545.926,3614.6
556,738,1511424,2715,241.0598,773.35,,,,,,,,,,,,
556,739,1513472,2718,244.32909999999995,783.97,7380,-0.010243309832003434,0.0802734375,0.2454628348350525,-0.3970997455529869,0.2,0.0075586718,0.0003,16.060699462890625,46.09525349736214,,
556,740,1515520,2721,246.02279999999996,788.47,7390,-0.01098794483114034,0.083837890625,0.29167765378952026,-0.37222933853045104,0.2,0.008076439,0.0003,6.847456455230713,32.731474259495734,,
556,741,1517568,2724,246.5162,790.1,7400,-0.007803807155869436,0.085400390625,0.23635125160217285,-0.3807348057627678,0.2,0.011891283,0.0003,7.203287124633789,35.913495782017705,,
557,742,1519616,2727,251.0722,807.04,7410,-0.006636456212436315,0.080859375,0.3401346206665039,-0.37329131811857225,0.2,0.007877248,0.0003,19.803041458129883,31.02552433013916,,
,,1520000,,,,7420,-0.008369534846860916,0.069140625,0.2295665144920349,-0.3547119445167482,0.2,0.0071486854,0.0003,46.24374771118164,42.173469826579094,370.742,2229.8
555,743,1521664,2737,250.54970000000006,809.42,,,,,,,,,,,,
555,744,1523712,2740,252.19600000000003,817.94,7430,-0.007726615612045862,0.072412109375,0.3320855498313904,-0.3536035748198628,0.2,0.0078155445,0.0003,15.390854835510254,34.828770351409915,,
556,745,1525760,2743,252.37650000000005,800.71,7440,-0.008774100875598378,0.081591796875,0.27986055612564087,-0.3585348972119391,0.2,0.022393493,0.0003,12.562186241149902,28.041400995850562,,
556,746,1527808,2746,248.33479999999997,786.41,7450,-0.00890349323162809,0.06572265625,0.4111877679824829,-0.39182679671794174,0.2,0.009700147,0.0003,11.464972496032715,23.776283943653105,,
556,747,1529856,2749,247.6775,783.01,7460,-0.01272972418810241,0.101904296875,0.17779487371444702,-0.4354116077534854,0.2,0.012788281,0.0003,44.7647705078125,98.92606409788132,,
,,1530000,,,,7470,-0.00928965186176356,0.09638671875,0.11189621686935425,-0.4201258534565568,0.2,0.010636409,0.0003,15.450461387634277,57.63135392069817,561.9979999999999,2385.4
555,748,1531904,2759,247.6593,785.35,,,,,,,,,,,,
555,749,1533952,2762,242.59279999999995,768.51,7480,-0.006955257362278644,0.1095703125,0.03625768423080444,-0.41087474999949336,0.2,0.011320012,0.0003,26.852901458740234,46.74417048990726,,
555,750,1536000,2765,241.87229999999997,758.98,7490,-0.00901294670184143,0.088916015625,0.18570929765701294,-0.43014104310423135,0.2,0.0141437035,0.0003,29.0257625579834,67.0985173970461,,
555,751,1538048,2768,248.4284,777.01,7500,-0.010027694958262145,0.099951171875,0.21341240406036377,-0.47217287570238115,0.2,0.010376555,0.0003,46.249942779541016,59.54424045979977,,
,,1540000,,,,7510,-0.009349077584920451,0.097412109375,0.3071421980857849,-0.43704980378970504,0.2,0.011198773,0.0003,14.7374267578125,37.32554938793182,387.05,1435.8
554,752,1540096,2775,253.86489999999998,785.84,,,,,,,,,,,,
555,753,1542144,2778,255.15390000000002,794.91,7520,-0.008351755526382476,0.09599609375,0.28246641159057617,-0.4522239319048822,0.2,0.009243076,0.0003,10.46379280090332,31.68510771393776,,
555,754,1544192,2781,252.4711,795.01,7530,-0.010105735747492873,0.1111328125,0.2750833034515381,-0.45799640314653517,0.2,0.020963894,0.0003,17.581363677978516,36.87602423131466,,
555,755,1546240,2784,254.22119999999995,804.32,7540,-0.008508553527644836,0.09208984375,0.10536199808120728,-0.5217034757137299,0.2,0.009355878,0.0003,10.380200386047363,63.37739817500115,,
555,756,1548288,2787,252.49600000000007,802.03,7550,-0.0069001978627056815,0.12529296875,0.19132548570632935,-0.523648660350591,0.2,0.012527881,0.0003,12.176675796508789,28.855731627345087,,
,,1550000,,,,7560,-0.011250211068545467,0.10625,0.19355231523513794,-0.47182627776637676,0.2,0.011918248,0.0003,16.875585556030273,74.42936488986015,228.68199999999996,938.2
555,757,1550336,2792,245.62329999999997,784.35,,,,,,,,,,,,
555,758,1552384,2795,248.28419999999997,783.46,7570,-0.00890114687354071,0.095849609375,0.0026342272758483887,-0.45377873033285143,0.2,0.007758516,0.0003,30.537355422973633,60.70951608121395,,
555,759,1554432,2798,244.00040000000004,773.21,7580,-0.00778477834246587,0.090869140625,0.18357861042022705,-0.46292211608961226,0.2,0.012300815,0.0003,35.67024612426758,42.610551086068156,,
555,760,1556480,2801,224.0079,705.78,7590,-0.008433040688396431,0.0994140625,0.2509911060333252,-0.49685278013348577,0.2,0.010943636,0.0003,15.355280876159668,56.06383652687073,,
555,761,1558528,2804,223.1862,706.81,7600,-0.011372224465594627,0.084619140625,0.09998005628585815,-0.5067304076626897,0.2,0.008571296,0.0003,69.78913116455078,120.15719048976898,,
,,1560000,,,,7610,-0.007817663802416063,0.089599609375,0.2586464285850525,-0.4996182484552264,0.2,0.007986458,0.0003,11.184057235717773,42.38498767912388,423.352,1067.6
555,762,1560576,2810,219.94310000000002,703.02,,,,,,,,,,,,
555,763,1562624,2813,221.04070000000004,706.85,7620,-0.011336453011608683,0.118505859375,0.17636358737945557,-0.5003228915855289,0.2,0.01210965,0.0003,21.11644172668457,55.208105289936064,,
555,764,1564672,2816,226.10780000000003,723.23,7630,-0.010455362347420305,0.109619140625,0.06428569555282593,-0.47887578876689074,0.2,0.013616117,0.0003,8.354745864868164,31.866248980164528,,
555,765,1566720,2819,229.5307,740.15,7640,-0.012673898160574026,0.10859375,0.5038120746612549,-0.4527396556921303,0.2,0.013891393,0.0003,5.820186614990234,24.180553099513055,,
555,766,1568768,2822,233.0178,749.73,7650,-0.010260620646295137,0.11337890625,0.2515026330947876,-0.4712343913502991,0.2,0.0091224965,0.0003,9.029387474060059,37.746194899082184,,
,,1570000,,,,7660,-0.01152735556825064,0.10849609375,0.3507060408592224,-0.4180853029713035,0.2,0.008739644,0.0003,21.493465423583984,56.29703377485275,288.174,883.6
555,767,1570816,2828,235.0424,763.2,,,,,,,,,,,,
555,768,1572864,2831,226.35029999999998,744.24,7670,-0.012092616353766062,0.11318359375,0.20967304706573486,-0.47934388620778917,0.2,0.011072215,0.0003,26.473983764648438,53.11872683167458,,
555,769,1574912,2834,229.03440000000003,751.76,7680,-0.008483512606471778,0.0685546875,0.28904926776885986,-0.4168225465342402,0.2,0.007023966,0.0003,17.168672561645508,67.32501174211502,,
555,770,1576960,2837,233.56310000000002,766.29,7690,-0.007267808963661082,0.09951171875,0.41936367750167847,-0.42206929698586465,0.2,0.0114738755,0.0003,5.784024715423584,25.663332289457323,,
555,771,1579008,2840,237.0984,779.82,7700,-0.007745981907646637,0.0923828125,0.14154493808746338,-0.42088599093258383,0.2,0.01009072,0.0003,27.48889923095703,44.83060512542725,,
,,1580000,,,,7710,-0.0067476508935214955,0.092578125,0.23256492614746094,-0.4259346744976938,0.2,0.010996108,0.0003,27.990230560302734,26.84747458398342,392.23,1704.2
555,772,1581056,2848,241.2162,787.49,,,,,,,,,,,,
555,773,1583104,2851,237.109,776.0,7720,-0.007999149215174839,0.08017578125,0.20349037647247314,-0.41636423049494625,0.2,0.008933263,0.0003,17.271387100219727,49.291585528850554,,
555,774,1585152,2854,240.97800000000004,790.13,7730,-0.009152743057347834,0.07685546875,0.1644078493118286,-0.4406457395292819,0.2,0.007789353,0.0003,39.688377380371094,62.98154137134552,,
555,775,1587200,2856,239.4255,789.77,7740,-0.007663434909773059,0.08310546875,0.22442811727523804,-0.42821047324687245,0.2,0.0056987936,0.0003,11.080907821655273,47.37827170193195,,
555,776,1589248,2859,242.68630000000005,802.1,7750,-0.009369714179774747,0.0912109375,0.3579338788986206,-0.455379000492394,0.2,0.009513753,0.0003,40.31070327758789,55.62427205741405,,
,,1590000,,,,7760,-0.007332590146688744,0.086083984375,0.20549345016479492,-0.4063644943758845,0.2,0.0075707566,0.0003,6.7357330322265625,26.840227365493774,210.652,891.0
555,777,1591296,2865,250.87670000000006,823.16,,,,,,,,,,,,
555,778,1593344,2868,253.6751,828.04,7770,-0.008736824119114316,0.06103515625,0.20561659336090088,-0.3864354635588825,0.2,0.007125787,0.0003,12.739142417907715,47.036708128452304,,
555,779,1595392,2871,257.42800000000005,841.55,7780,-0.005907558210310526,0.075146484375,0.19702261686325073,-0.40045211315155027,0.2,0.0065902276,0.0003,31.71000099182129,38.50122298598289,,
555,780,1597440,2874,253.33010000000002,831.67,7790,-0.012829848148976452,0.101611328125,0.3715572953224182,-0.39413174903020265,0.2,0.011017352,0.0003,11.20421314239502,21.34868788421154,,
555,781,1599488,2877,248.04850000000002,820.22,7800,-0.011915042597684078,0.10732421875,0.13023734092712402,-0.3909182442352176,0.2,0.011421448,0.0003,8.70754623413086,47.24917206466198,,
,,1600000,,,,7810,-0.006081018153054174,0.068017578125,0.08529490232467651,-0.37971418909728527,0.2,0.007311687,0.0003,23.860755920410156,55.335110849142076,285.154,2587.8
554,782,1601536,2887,245.37290000000002,809.23,,,,,,,,,,,,
554,783,1603584,2890,250.23139999999995,823.73,7820,-0.009875174894114025,0.09208984375,0.01930522918701172,-0.40227466719225047,0.2,0.015335344,0.0003,14.86571216583252,49.28160557746887,,
554,784,1605632,2893,249.6545,822.14,7830,-0.009007591391855386,0.071630859375,0.32909804582595825,-0.3826038812287152,0.2,0.006477198,0.0003,33.826229095458984,43.91431305706501,,
554,785,1607680,2896,246.9662,812.52,7840,-0.009100857310113498,0.10859375,0.4043232202529907,-0.4287422958761454,0.2,0.0165646,0.0003,16.149843215942383,20.583764079213143,,
555,786,1609728,2899,251.6719,822.88,7850,-0.009332650827127508,0.09228515625,0.15134769678115845,-0.4152943154796958,0.2,0.011764609,0.0003,31.620834350585938,58.63686938583851,,
,,1610000,,,,7860,-0.01085157545603579,0.066650390625,0.19424313306808472,-0.41736301900818945,0.2,0.008319099,0.0003,50.928443908691406,67.77757575511933,388.3639999999999,902.8
554,787,1611776,2905,249.704,815.09,,,,,,,,,,,,
554,788,1613824,2908,249.93889999999996,811.0,7870,-0.010064287646673619,0.086279296875,0.1323142647743225,-0.4458386436104774,0.2,0.008069054,0.0003,24.095211029052734,70.33693466484547,,
555,789,1615872,2911,251.8507,814.89,7880,-0.007612660502491053,0.112548828125,0.37911349534988403,-0.4215827459469438,0.2,0.0128843915,0.0003,18.784212112426758,44.83295533955097,,
555,790,1617920,2914,254.13739999999999,819.23,7890,-0.012727088702376932,0.10078125,0.13734132051467896,-0.42760261641815306,0.2,0.009059428,0.0003,11.762816429138184,65.54318777322769,,
555,791,1619968,2917,243.40810000000002,789.1,7900,-0.009920336745562964,0.102783203125,0.09714722633361816,-0.42839269870892166,0.2,0.009953888,0.0003,38.01580810546875,55.94522865116596,,
,,1620000,,,,7910,-0.00960115422931267,0.123974609375,-0.03491079807281494,-0.4333608108572662,0.2,0.015594965,0.0003,8.363492012023926,46.93167815804482,372.086,952.6
554,792,1622016,2922,242.22080000000005,785.29,,,,,,,,,,,,
555,793,1624064,2925,249.3236,801.12,7920,-0.006851332320366055,0.0853515625,0.12750816345214844,-0.4053351764567196,0.2,0.007901898,0.0003,17.141437530517578,51.40920017957687,,
555,794,1626112,2928,248.61440000000002,792.16,7930,-0.00952328517450951,0.116015625,0.08553767204284668,-0.4297545799985528,0.2,0.014841478,0.0003,10.304976463317871,43.79200529754162,,
555,795,1628160,2931,253.889,809.87,7940,-0.010422536281112116,0.0998046875,0.20305025577545166,-0.3998014892451465,0.2,0.01079469,0.0003,16.41657829284668,42.42505333125591,,
,,1630000,,,,7950,-0.00964017498481553,0.093115234375,0.14590102434158325,-0.4126343371346593,0.2,0.010428965,0.0003,10.043567657470703,49.41305004954338,467.50200000000007,1196.6
554,796,1630208,2938,256.59670000000006,815.75,,,,,,,,,,,,
554,797,1632256,2941,258.12550000000005,816.14,7960,-0.008408618075191044,0.117822265625,0.19543790817260742,-0.39733642982318995,0.2,0.015407763,0.0003,6.390568733215332,31.986296314001084,,
555,798,1634304,2944,263.29850000000005,832.16,7970,-0.009181553388771135,0.097216796875,0.2585834264755249,-0.42048303261399267,0.2,0.011639028,0.0003,42.97780990600586,40.74734500646591,,
555,799,1636352,2947,268.5681000000001,848.61,7980,-0.011919375462457537,0.1236328125,0.45564955472946167,-0.4400092429481447,0.2,0.015287962,0.0003,6.283390045166016,18.64346531033516,,
555,800,1638400,2950,274.43890000000005,865.4,7990,-0.005742634276975878,0.069921875,0.25404876470565796,-0.4017526524141431,0.2,0.009544922,0.0003,44.657920837402344,31.664224925637246,,
,,1640000,,,,8000,-0.007430015946738422,0.087939453125,0.38966578245162964,-0.425733444839716,0.2,0.008448358,0.0003,8.498995780944824,35.362407425045966,477.62600000000003,1204.4
554,801,1640448,2956,276.7662000000001,871.44,,,,,,,,,,,,
554,802,1642496,2959,282.44270000000006,887.38,8010,-0.007667962909908965,0.08427734375,0.2796420454978943,-0.41703667417168616,0.2,0.010362983,0.0003,19.405866622924805,41.322436067461965,,
555,803,1644544,2962,287.6425,898.92,8020,-0.009860836682491936,0.09423828125,0.4678274393081665,-0.405763978138566,0.2,0.010280066,0.0003,12.66702651977539,30.075952079892158,,
555,804,1646592,2965,292.634,912.81,8030,-0.008651632477995008,0.081103515625,0.5505249500274658,-0.418889263831079,0.2,0.0071953917,0.0003,9.859800338745117,45.30109153389931,,
555,805,1648640,2968,297.36269999999996,932.0,8040,-0.01022971656639129,0.1015625,0.17651742696762085,-0.4295607818290591,0.2,0.011832083,0.0003,10.824706077575684,44.66583914756775,,
,,1650000,,,,8050,-0.006293920155439991,0.098583984375,0.17079907655715942,-0.44148404952138665,0.2,0.009193329,0.0003,25.449111938476562,57.78335391283035,482.608,2442.6
554,806,1650688,2978,302.4398,946.94,,,,,,,,,,,,
554,807,1652736,2981,306.33680000000004,955.55,8060,-0.0053335089614847675,0.081689453125,0.25172239542007446,-0.41928081810474394,0.2,0.007865234,0.0003,39.796966552734375,56.30643956065178,,
554,808,1654784,2984,310.1213,966.3,8070,-0.007234120875364169,0.086865234375,0.18336158990859985,-0.41547501618042587,0.2,0.008093164,0.0003,7.193381309509277,45.468884667754175,,
554,809,1656832,2987,313.7927,979.97,8080,-0.010313976850011387,0.115673828125,0.252808153629303,-0.38456522282212974,0.2,0.012227111,0.0003,8.193105697631836,30.44850824177265,,
554,810,1658880,2990,317.8259,984.49,8090,-0.007919609296368434,0.10390625,0.1965327262878418,-0.4314445111900568,0.2,0.016603736,0.0003,19.528905868530273,29.57851279079914,,
,,1660000,,,,8100,-0.008715279329044279,0.074267578125,0.20906400680541992,-0.39606903390958903,0.2,0.0074732415,0.0003,11.48734188079834,62.960559180378915,275.34000000000003,1992.8
553,811,1660928,2999,316.9069,983.3,,,,,,,,,,,,
553,812,1662976,3002,317.90409999999997,986.96,8110,-0.008477358080563135,0.084326171875,0.1195330023765564,-0.3815162492915988,0.2,0.010444792,0.0003,32.50894546508789,36.3512489259243,,
554,813,1665024,3005,317.6337,985.53,8120,-0.009371005147113465,0.10869140625,0.3450321555137634,-0.4001110827550292,0.2,0.011565158,0.0003,5.208498477935791,24.860938777029514,,
554,814,1667072,3008,315.97939999999994,979.37,8130,-0.006086850792053155,0.083935546875,0.179793119430542,-0.4021562749519944,0.2,0.007990363,0.0003,11.43559741973877,39.08434709608555,,
554,815,1669120,3010,319.82570000000004,995.19,8140,-0.007101632552803494,0.0830078125,0.27377235889434814,-0.4200907495804131,0.2,0.00801543,0.0003,11.283584594726562,54.448266071081164,,
,,1670000,,,,8150,-0.008855224403669126,0.07373046875,0.16953831911087036,-0.4331613155081868,0.2,0.009582305,0.0003,13.05254077911377,43.45415877103805,270.66,1795.4
553,816,1671168,3019,318.46180000000004,988.42,,,,,,,,,,,,
553,817,1673216,3021,321.41720000000004,999.26,8160,-0.009140356999705546,0.116162109375,0.30191028118133545,-0.411476350389421,0.2,0.009082976,0.0003,11.39586067199707,43.15689516067505,,
553,818,1675264,3024,319.51310000000007,996.62,8170,-0.011669533987878821,0.096826171875,0.16740089654922485,-0.45294452561065557,0.2,0.01377594,0.0003,31.291147232055664,46.88991050124169,,
553,819,1677312,3027,319.73890000000006,994.94,8180,-0.006992337052361108,0.0923828125,0.14768755435943604,-0.4307904291898012,0.2,0.012282738,0.0003,11.281440734863281,43.03914930820465,,
554,820,1679360,3030,315.3433,983.22,8190,-0.008180437900591642,0.133740234375,0.1737271547317505,-0.4211570073850453,0.2,0.014161956,0.0003,4.7616095542907715,28.121956488490106,,
,,1680000,,,,8200,-0.011794722307240591,0.12880859375,0.2186967134475708,-0.4366595675237477,0.2,0.011839438,0.0003,12.092729568481445,49.76496401429176,377.71,1345.6
553,821,1681408,3037,318.922,991.45,,,,,,,,,,,,
553,822,1683456,3040,326.00409999999994,1011.89,8210,-0.008341384760569781,0.107861328125,0.3172995448112488,-0.41731269797310233,0.2,0.011368056,0.0003,5.268300533294678,23.621382351219655,,
553,823,1685504,3043,320.2538,991.44,8220,-0.011279973550699651,0.101953125,0.19371575117111206,-0.4197059619240463,0.2,0.011267627,0.0003,58.62112045288086,75.43044903278351,,
554,824,1687552,3045,321.3282,985.78,8230,-0.009434215795772615,0.091650390625,0.06835407018661499,-0.43085489245131614,0.2,0.009968685,0.0003,19.249879837036133,85.12262145876885,,
554,825,1689600,3048,313.86750000000006,962.92,8240,-0.012798880055197515,0.081982421875,0.15490788221359253,-0.4097036617808044,0.2,0.0114238635,0.0003,40.549129486083984,65.85775215625763,,
,,1690000,,,,8250,-0.00891678059269907,0.075,0.2612234354019165,-0.42591699697077273,0.2,0.008659283,0.0003,15.539535522460938,76.76093987226486,281.518,699.6
554,826,1691648,3053,314.69130000000007,960.86,,,,,,,,,,,,
554,827,1693696,3056,313.058,951.12,8260,-0.007912054765620269,0.094189453125,0.32015007734298706,-0.39102822402492166,0.2,0.008469565,0.0003,13.908928871154785,36.672591996192935,,
554,828,1695744,3059,304.05400000000003,922.37,8270,-0.009176277588994707,0.100830078125,0.2309134602546692,-0.4076814980246127,0.2,0.010625451,0.0003,38.45052719116211,59.33311458230018,,
554,829,1697792,3062,304.16200000000003,919.98,8280,-0.010631713608745486,0.087060546875,0.12258589267730713,-0.43477005083113907,0.2,0.00877164,0.0003,116.92346954345703,109.30139016509057,,
554,830,1699840,3065,304.9701,922.79,8290,-0.009769505949225276,0.11533203125,0.1484575867652893,-0.3935297816991806,0.2,0.012819816,0.0003,13.75141429901123,22.973109105229376,,
,,1700000,,,,8300,-0.008742249765782617,0.10576171875,0.27643144130706787,-0.4253731520846486,0.2,0.010926183,0.0003,29.413135528564453,39.50209634304046,429.16399999999993,2168.0
553,831,1701888,3074,308.9484,932.38,,,,,,,,,,,,
553,832,1703936,3077,306.18000000000006,933.27,8310,-0.008458154261461459,0.108935546875,0.45892107486724854,-0.4277304321527481,0.2,0.012299782,0.0003,9.914703369140625,20.647707232832907,,
553,833,1705984,3079,308.3654,940.31,8320,-0.008603224740363657,0.110693359375,0.13573169708251953,-0.5002215853892267,0.2,0.013048322,0.0003,30.221899032592773,66.66045922338962,,
554,834,1708032,3082,303.00800000000004,933.28,8330,-0.012798045444651508,0.12314453125,0.14498555660247803,-0.4384269597940147,0.2,0.011354769,0.0003,25.40108299255371,71.67851877212524,,
,,1710000,,,,8340,-0.00904725280997809,0.11298828125,0.17984461784362793,-0.47796935085207226,0.2,0.011708657,0.0003,43.69206237792969,72.04345430731773,401.014,1534.4
553,835,1710080,3089,297.70430000000005,921.46,,,,,,,,,,,,
553,836,1712128,3092,295.9226,915.31,8350,-0.009791253568255342,0.09541015625,0.10309946537017822,-0.46153239998966455,0.2,0.008092504,0.0003,34.61018753051758,97.50666852593422,,
553,837,1714176,3095,288.9211,897.7,8360,-0.008951244929630776,0.092529296875,0.086822509765625,-0.4682754592038691,0.2,0.0080212,0.0003,28.571847915649414,89.35234255194663,,
553,838,1716224,3098,290.4506,895.4,8370,-0.009502270657685585,0.090869140625,0.18588489294052124,-0.4608034806326032,0.2,0.009374436,0.0003,30.366994857788086,59.0030222594738,,
554,839,1718272,3101,292.8065,905.23,8380,-0.006997311905433889,0.086669921875,0.1661975383758545,-0.41948629897087814,0.2,0.009468118,0.0003,22.41441535949707,63.98392218351364,,
,,1720000,,,,8390,-0.011464674360468052,0.13876953125,0.13475942611694336,-0.47527873888611794,0.2,0.011488507,0.0003,14.878353118896484,27.13777900338173,137.858,1180.0
553,840,1720320,3107,290.0844,901.35,,,,,,,,,,,,
553,841,1722368,3110,291.8292,909.77,8400,-0.011366719601210207,0.139013671875,0.23572063446044922,-0.49825990535318854,0.2,0.015253715,0.0003,10.522900581359863,40.08323508799076,,
553,842,1724416,3113,287.5565,894.79,8410,-0.009192431281553582,0.09462890625,0.19940894842147827,-0.44592540385201573,0.2,0.009100369,0.0003,9.695096015930176,39.10939716398716,,
553,843,1726464,3116,286.0311,893.7,8420,-0.009133696043863892,0.101220703125,0.38559848070144653,-0.46297676470130683,0.2,0.01060733,0.0003,18.634057998657227,45.70121238827706,,
554,844,1728512,3119,283.7977,889.78,8430,-0.008988227797090076,0.09609375,0.24597573280334473,-0.44381218040362,0.2,0.010948397,0.0003,7.986991882324219,35.56275126636028,,
,,1730000,,,,8440,-0.0073542952915886415,0.0927734375,0.13491302728652954,-0.45117873130366204,0.2,0.008050213,0.0003,16.824533462524414,54.501440197229385,388.072,979.2
553,845,1730560,3125,278.60920000000004,875.13,,,,,,,,,,,,
553,846,1732608,3128,269.6543,846.1,8450,-0.013033799896948039,0.13046875,0.13059508800506592,-0.4289342870004475,0.2,0.016353194,0.0003,13.319093704223633,79.98925372958183,,
553,847,1734656,3131,271.61330000000004,845.19,8460,-0.008058940130285918,0.091455078125,0.18808728456497192,-0.443589845020324,0.2,0.008569492,0.0003,15.361740112304688,84.89361748695373,,
554,848,1736704,3134,270.0441,846.96,8470,-0.008224800230527763,0.107373046875,0.22463274002075195,-0.44557571234181526,0.2,0.009595212,0.0003,9.787097930908203,64.41101652383804,,
554,849,1738752,3137,254.51869999999997,802.34,8480,-0.009136115509318189,0.1390625,0.18871170282363892,-0.47044243924319745,0.2,0.015051751,0.0003,34.61819076538086,28.931064489483834,,
,,1740000,,,,8490,-0.010475403783493676,0.103857421875,0.16893064975738525,-0.4389085676521063,0.2,0.009296132,0.0003,43.44770431518555,81.56926745772361,266.426,1617.8
553,850,1740800,3144,259.19059999999996,817.52,,,,,,,,,,,,
553,851,1742848,3147,258.50719999999995,814.95,8500,-0.008952143930946477,0.10537109375,0.37739795446395874,-0.41664871172979473,0.2,0.015520982,0.0003,11.894525527954102,26.176596078276635,,
553,852,1744896,3150,253.3847,814.88,8510,-0.005260352465847972,0.139697265625,0.10193616151809692,-0.5077298786491156,0.2,0.014195984,0.0003,5.829667091369629,23.977816569805146,,
553,853,1746944,3153,251.69969999999998,809.53,8520,-0.009860636436496862,0.08974609375,0.3509860634803772,-0.4290490188635886,0.2,0.016942875,0.0003,17.42015266418457,46.34919475913048,,
554,854,1748992,3156,248.65519999999998,794.69,8530,-0.008125853750971145,0.09169921875,0.09403955936431885,-0.40682760132476686,0.2,0.00791424,0.0003,19.663955688476562,45.21514675915241,,
,,1750000,,,,8540,-0.011023207887774333,0.107958984375,0.22263884544372559,-0.4509148394688964,0.2,0.011114912,0.0003,35.426944732666016,64.94205503463745,342.76599999999996,1177.2
553,855,1751040,3163,251.03179999999998,801.11,,,,,,,,,,,,
553,856,1753088,3166,257.0682,812.27,8550,-0.009166562499012798,0.105615234375,0.1787751317024231,-0.4289626622572541,0.2,0.012043542,0.0003,29.088293075561523,32.460191467404364,,
553,857,1755136,3168,252.9055,798.82,8560,-0.011590389834600501,0.084521484375,0.28193533420562744,-0.42895190641283987,0.2,0.008323368,0.0003,21.168344497680664,57.42259460091591,,
553,858,1757184,3171,250.12489999999997,792.92,8570,-0.009470494618290104,0.119140625,0.17246049642562866,-0.4621859611943364,0.2,0.011807039,0.0003,7.978229999542236,48.61165530383587,,
554,859,1759232,3174,241.19659999999996,766.63,8580,-0.0072837395448004825,0.071484375,0.31218141317367554,-0.44829802475869657,0.2,0.0065922947,0.0003,13.625519752502441,75.35812507271767,,
,,1760000,,,,8590,-0.007998721726471559,0.1052734375,-0.001553177833557129,-0.41949188578873875,0.2,0.013105841,0.0003,6.628109455108643,52.60051428079605,269.938,885.4
553,860,1761280,3180,246.18760000000006,779.15,,,,,,,,,,,,
553,861,1763328,3183,246.3909,778.42,8600,-0.009813105512876064,0.098193359375,0.46046537160873413,-0.4123018105514348,0.2,0.0128949415,0.0003,9.778485298156738,34.90956351161003,,
554,862,1765376,3185,247.07739999999998,783.18,8610,-0.01025551110797096,0.0861328125,0.16528713703155518,-0.42609671372920277,0.2,0.009646123,0.0003,19.669649124145508,77.39071004092693,,
554,863,1767424,3188,248.4357,790.03,8620,-0.006919792245025746,0.1064453125,0.14132291078567505,-0.44521938245743514,0.2,0.010806818,0.0003,7.500143051147461,30.80096907913685,,
554,864,1769472,3191,239.03090000000003,770.69,8630,-0.00872236651048297,0.08291015625,0.23235124349594116,-0.42815245017409326,0.2,0.006391669,0.0003,20.679248809814453,65.48010319471359,,
,,1770000,,,,8640,-0.011688834734377452,0.122802734375,0.11426472663879395,-0.43309630239382385,0.2,0.013554303,0.0003,42.653770446777344,56.1417033970356,381.76800000000003,1335.8
553,865,1771520,3198,240.02349999999998,772.13,,,,,,,,,,,,
553,866,1773568,3201,238.9239,779.71,8650,-0.010718467200058512,0.093798828125,0.29183489084243774,-0.43763422975316646,0.2,0.0102942325,0.0003,25.699928283691406,69.49285859465598,,
554,867,1775616,3204,243.2558,795.34,8660,-0.005665981951460708,0.13369140625,0.19436490535736084,-0.5201377715915442,0.2,0.014554259,0.0003,28.672840118408203,63.88382419347763,,
554,868,1777664,3207,238.26210000000003,784.39,8670,-0.0064261982915923,0.12060546875,0.20818883180618286,-0.4651921167038381,0.2,0.008743867,0.0003,21.43955421447754,26.92097410261631,,
554,869,1779712,3210,231.3053,763.37,8680,-0.009103217555093579,0.123193359375,0.10806357860565186,-0.4509175080806017,0.2,0.015463023,0.0003,13.870046615600586,39.90727858245373,,
,,1780000,,,,8690,-0.014594894004403614,0.13974609375,0.13491714000701904,-0.4432346523739398,0.2,0.01582773,0.0003,54.26067352294922,80.49527602791787,258.728,2812.4
553,870,1781760,3221,229.16490000000002,763.24,,,,,,,,,,,,
553,871,1783808,3224,230.5084,760.08,8700,-0.007725197225227021,0.125537109375,0.22091639041900635,-0.4929064316675067,0.2,0.011413215,0.0003,22.413436889648438,59.536871537566185,,
553,872,1785856,3227,232.6696,767.74,8710,-0.010333221760811284,0.085986328125,0.11400657892227173,-0.4308466323651373,0.2,0.008467158,0.0003,47.969940185546875,75.6954373896122,,
553,873,1787904,3230,235.80069999999995,771.64,8720,-0.007294066436588764,0.103564453125,0.26644670963287354,-0.4389662589877844,0.2,0.00845566,0.0003,8.71198558807373,39.506878587603566,,
553,874,1789952,3233,242.2017,787.02,8730,-0.009585421497467906,0.075830078125,0.16975915431976318,-0.39928785925731064,0.2,0.00862617,0.0003,12.868500709533691,45.503610879182816,,
,,1790000,,,,8740,-0.011180631644674578,0.11640625,0.14828407764434814,-0.42339177839457987,0.2,0.010429388,0.0003,6.800158500671387,35.92978064715862,414.27200000000005,1858.6
552,875,1792000,3242,242.55830000000006,793.0,,,,,,,,,,,,
552,876,1794048,3244,243.4016,791.05,8750,-0.008057025744346902,0.089697265625,0.21855199337005615,-0.4215351477265358,0.2,0.0090325605,0.0003,40.943641662597656,57.36600720286369,,
552,877,1796096,3247,236.02900000000002,770.41,8760,-0.007261524026398547,0.0837890625,0.23988676071166992,-0.4047603835351765,0.2,0.009987449,0.0003,16.458261489868164,44.743541246652605,,
553,878,1798144,3250,234.40790000000004,768.54,8770,-0.01056127890769858,0.095361328125,0.13639765977859497,-0.4378648747690022,0.2,0.008300878,0.0003,45.89469909667969,84.90963416695595,,
,,1800000,,,,8780,-0.006576733586553018,0.12998046875,0.16261965036392212,-0.4304160284809768,0.2,0.014730515,0.0003,49.98752975463867,29.024208575487137,497.4960000000001,1655.4
552,879,1800192,3258,235.65310000000002,777.55,,,,,,,,,,,,
552,880,1802240,3261,221.63499999999996,738.01,8790,-0.008960778947221115,0.102001953125,0.23782426118850708,-0.4173558049835265,0.2,0.012753225,0.0003,18.27629852294922,26.450025337934495,,
552,881,1804288,3264,219.43670000000003,735.72,8800,-0.011852762100170366,0.104150390625,0.1495388150215149,-0.46054747588932515,0.2,0.009082902,0.0003,49.5650520324707,67.4572421014309,,
552,882,1806336,3267,213.48150000000004,725.81,8810,-0.008626892819302156,0.083544921875,0.12832552194595337,-0.42826561294496057,0.2,0.007464946,0.0003,60.94179916381836,86.89807351827622,,
552,883,1808384,3270,209.57989999999995,705.13,8820,-0.00986256560718175,0.10146484375,0.08536529541015625,-0.4546059673652053,0.2,0.008344155,0.0003,37.749122619628906,79.2216054737568,,
,,1810000,,,,8830,-0.006919939536601305,0.082666015625,0.1684780716896057,-0.42899352954700587,0.2,0.009335723,0.0003,27.384014129638672,78.99710082411767,456.41400000000004,1254.8
552,884,1810432,3277,206.76289999999995,698.19,,,,,,,,,,,,
552,885,1812480,3279,200.04820000000004,660.19,8840,-0.011960558124701492,0.0974609375,0.18288111686706543,-0.45614864872768524,0.2,0.00939109,0.0003,11.31619930267334,56.51026401221752,,
552,886,1814528,3283,202.806,669.53,8850,-0.011751363071380184,0.09072265625,0.14565634727478027,-0.43182581979781387,0.2,0.0091982875,0.0003,20.53184700012207,71.54867457151413,,
552,887,1816576,3286,202.61300000000003,668.53,8860,-0.008648565772455185,0.137060546875,0.16493207216262817,-0.43521202020347116,0.2,0.012623033,0.0003,22.859745025634766,34.44013332426548,,
552,888,1818624,3289,200.4176,662.33,8870,-0.009613849173183553,0.096728515625,0.146034836769104,-0.4088769438676536,0.2,0.009651534,0.0003,11.083723068237305,47.208622705936435,,
,,1820000,,,,8880,-0.011588241020217539,0.101220703125,0.16933274269104004,-0.40935063725337384,0.2,0.009139124,0.0003,21.590309143066406,53.619149550795555,397.098,2686.8
551,889,1820672,3299,202.30219999999997,669.7,,,,,,,,,,,,
551,890,1822720,3302,200.7586,657.1,8890,-0.009485374705400318,0.12861328125,0.2024194598197937,-0.44719227608293294,0.2,0.016780045,0.0003,9.953478813171387,23.900808122754096,,
552,891,1824768,3305,205.34240000000003,671.7,8900,-0.009367678171838634,0.103515625,0.06539022922515869,-0.4453690328635275,0.2,0.01186634,0.0003,17.398975372314453,50.84523712992668,,
552,892,1826816,3308,199.98950000000002,665.0,8910,-0.009301094473630655,0.109814453125,0.1980130672454834,-0.4470929939299822,0.2,0.009029878,0.0003,29.508779525756836,41.175268748402594,,
552,893,1828864,3311,200.168,668.91,8920,-0.011583036891533994,0.109765625,0.1310674548149109,-0.4932333596982062,0.2,0.010769583,0.0003,31.624284744262695,75.7094427704811,,
,,1830000,,,,8930,-0.009166738400381291,0.087109375,0.20923125743865967,-0.42683565160259607,0.2,0.009159012,0.0003,18.87666893005371,51.398353496193884,464.38199999999995,1559.0
551,894,1830912,3318,198.8526,668.84,,,,,,,,,,,,
551,895,1832960,3321,198.25940000000003,667.98,8940,-0.010602468583965675,0.0970703125,0.24314814805984497,-0.4633642349392176,0.2,0.009528794,0.0003,13.744742393493652,57.00663516819477,,
551,896,1835008,3324,199.41710000000003,674.75,8950,-0.009883551383973099,0.10322265625,0.17918998003005981,-0.40043836859986187,0.2,0.0115836775,0.0003,9.104028701782227,25.28568807542324,,
552,897,1837056,3327,204.5965,689.53,8960,-0.010340515957796014,0.10146484375,0.16597896814346313,-0.42068563904613254,0.2,0.009544273,0.0003,8.866450309753418,45.06379748880863,,
552,898,1839104,3330,204.6975,690.04,8970,-0.009359365512500517,0.092919921875,0.19856369495391846,-0.4010681207291782,0.2,0.009896441,0.0003,25.012779235839844,36.7277718693018,,
,,1840000,,,,8980,-0.0077732554287649695,0.0876953125,0.13089776039123535,-0.39855117034167054,0.2,0.009196661,0.0003,26.618995666503906,54.53615526258945,371.13800000000003,994.6
551,899,1841152,3336,202.6157,683.53,,,,,,,,,,,,
551,900,1843200,3339,196.31299999999996,647.09,8990,-0.011973107676021754,0.097607421875,0.08717763423919678,-0.3958497254177928,0.2,0.009747026,0.0003,66.42436981201172,80.94478723406792,,
552,901,1845248,3342,197.0995,647.98,9000,-0.014029594708699734,0.09306640625,0.1716405153274536,-0.42836154056712983,0.2,0.012598346,0.0003,30.389127731323242,110.47910990715027,,
552,902,1847296,3345,199.80910000000003,652.81,9010,-0.010973054735222832,0.113525390625,0.12858206033706665,-0.43681111112236976,0.2,0.009524529,0.0003,36.652870178222656,46.898537582159044,,
552,903,1849344,3348,201.85479999999998,655.34,9020,-0.008614146569743752,0.10107421875,0.18840360641479492,-0.4218412393704057,0.2,0.015573036,0.0003,5.822184085845947,22.07075894922018,,
,,1850000,,,,9030,-0.008150851845857687,0.1041015625,0.1583176851272583,-0.43623005542904136,0.2,0.01032681,0.0003,29.614892959594727,39.48285288661718,596.838,1582.4
551,904,1851392,3355,207.8077,675.39,,,,,,,,,,,,
551,905,1853440,3358,206.90419999999995,675.15,9040,-0.009614300316025037,0.123046875,0.1614311933517456,-0.4425977465696633,0.2,0.01368004,0.0003,8.829893112182617,39.52813236117363,,
551,906,1855488,3361,212.85789999999997,692.96,9050,-0.012773813596868421,0.121044921875,0.19309335947036743,-0.4638834594748914,0.2,0.013590215,0.0003,45.71464920043945,57.50785554647446,,
552,907,1857536,3364,204.27570000000003,669.0,9060,-0.008753934438573197,0.10419921875,0.25031936168670654,-0.46442925864830614,0.2,0.010663073,0.0003,17.186912536621094,41.44640415608883,,
552,908,1859584,3367,205.63490000000002,675.82,9070,-0.012152992800110951,0.11083984375,0.09162652492523193,-0.46449964828789236,0.2,0.01116632,0.0003,34.119388580322266,48.62339682579041,,
,,1860000,,,,9080,-0.008384909873711877,0.100537109375,0.20475465059280396,-0.46835418343544005,0.2,0.010750724,0.0003,12.120073318481445,48.7552556604147,381.76800000000003,1747.4
551,909,1861632,3375,208.54480000000004,681.22,,,,,,,,,,,,
551,910,1863680,3378,205.02270000000001,675.14,9090,-0.008035909791942686,0.12197265625,0.19537431001663208,-0.4507557294331491,0.2,0.012593219,0.0003,19.227235794067383,32.155297708511355,,
551,911,1865728,3381,211.9846,696.03,9100,-0.011888896934397052,0.08994140625,0.16231638193130493,-0.45659869285300375,0.2,0.008171169,0.0003,53.560340881347656,78.82334620356559,,
551,912,1867776,3384,207.28380000000004,673.35,9110,-0.010627404347178526,0.110791015625,0.08913654088973999,-0.46212915871292354,0.2,0.010621157,0.0003,34.45896911621094,36.85942208170891,,
551,913,1869824,3387,209.29570000000004,676.38,9120,-0.008754197030793876,0.08984375,0.20608627796173096,-0.4775979039259255,0.2,0.011183269,0.0003,14.270665168762207,58.865662086009976,,
,,1870000,,,,9130,-0.01258629068324808,0.1052734375,0.22164374589920044,-0.44081005565822123,0.2,0.038200147,0.0003,11.580719947814941,31.02250571846962,424.062,2138.2
551,914,1871872,3397,210.4824,677.49,,,,,,,,,,,,
551,915,1873920,3400,214.7504,691.52,9140,-0.009847448294749483,0.092529296875,0.28851407766342163,-0.43178032860159876,0.2,0.010934551,0.0003,7.156013011932373,36.78262038826942,,
551,916,1875968,3403,218.64870000000002,711.47,9150,-0.0094510197697673,0.110595703125,0.12137722969055176,-0.468684749584645,0.2,0.01175653,0.0003,20.5549259185791,24.40175504684448,,
551,917,1878016,3405,219.65309999999997,713.93,9160,-0.010729342022386845,0.11279296875,0.11298245191574097,-0.5118278155103326,0.2,0.0109683685,0.0003,31.64505386352539,86.37781779766082,,
,,1880000,,,,9170,-0.01108326144021703,0.12734375,0.19599002599716187,-0.5259835600852967,0.2,0.0138726635,0.0003,11.011702537536621,26.23225725889206,333.596,2507.0
550,918,1880064,3415,224.65990000000002,737.28,,,,,,,,,,,,
550,919,1882112,3418,220.2886,726.55,9180,-0.01038059698184952,0.111669921875,0.24602913856506348,-0.4756769117899239,0.2,0.0088048,0.0003,15.901086807250977,40.66465952992439,,
550,920,1884160,3421,225.15870000000004,740.37,9190,-0.014658932606107556,0.1173828125,0.10212773084640503,-0.46564604742452503,0.2,0.011082216,0.0003,23.115009307861328,84.8675763964653,,
550,921,1886208,3424,231.9478,755.52,9200,-0.012470282465801574,0.136767578125,0.19572067260742188,-0.4764696754515171,0.2,0.016527655,0.0003,7.447605609893799,20.648679944872857,,
550,922,1888256,3427,232.53789999999992,757.95,9210,-0.009071723704983015,0.098486328125,0.31523531675338745,-0.44420603597536684,0.2,0.010411393,0.0003,8.04162883758545,33.07964660525322,,
,,1890000,,,,9220,-0.011047219595639035,0.12841796875,0.12278926372528076,-0.48493841467425225,0.2,0.012567183,0.0003,10.159294128417969,37.160332813858986,276.066,1101.4
550,923,1890304,3434,236.4864,773.64,,,,,,,,,,,,
550,924,1892352,3437,238.2654,777.52,9230,-0.01128434024285525,0.1068359375,0.24776124954223633,-0.46191414184868335,0.2,0.008482603,0.0003,14.968780517578125,40.84377623200417,,
550,925,1894400,3440,233.2988,764.56,9240,-0.010829948939499446,0.09716796875,0.188897967338562,-0.48249864680692556,0.2,0.008352676,0.0003,17.947553634643555,55.17970170974731,,
550,926,1896448,3443,235.697,771.66,9250,-0.009900250972714275,0.08837890625,0.28035664558410645,-0.42488856706768274,0.2,0.010702195,0.0003,9.096207618713379,35.44537453055382,,
550,927,1898496,3446,230.7979,759.9,9260,-0.010914541201782414,0.125048828125,0.09330081939697266,-0.4491948654875159,0.2,0.013173091,0.0003,9.943811416625977,38.61794786155224,,
,,1900000,,,,9270,-0.009853606863180176,0.09970703125,0.27243030071258545,-0.46394701674580574,0.2,0.009375944,0.0003,18.96902084350586,49.702157583832744,506.31000000000006,1393.4
550,928,1900544,3453,234.0209,776.13,,,,,,,,,,,,
550,929,1902592,3456,229.263,758.82,9280,-0.010435980626789387,0.11103515625,0.15439331531524658,-0.4405197065323591,0.2,0.011425339,0.0003,17.862377166748047,34.6692603379488,,
550,930,1904640,3459,237.50960000000003,783.83,9290,-0.012308412182028406,0.11025390625,0.06290411949157715,-0.4347544808872044,0.2,0.011696415,0.0003,47.35250473022461,81.92569007277488,,
550,931,1906688,3462,235.00979999999998,777.24,9300,-0.011227246078487952,0.13916015625,0.11308932304382324,-0.4235473713837564,0.2,0.014254989,0.0003,28.940502166748047,40.43072199821472,,
550,932,1908736,3465,237.99620000000002,780.86,9310,-0.010723657248308881,0.094287109375,0.13282418251037598,-0.401117744948715,0.2,0.00967551,0.0003,20.038219451904297,45.822930386662485,,
,,1910000,,,,9320,-0.011725654086330906,0.083349609375,0.31492531299591064,-0.43389396257698537,0.2,0.007904297,0.0003,22.188154220581055,44.64953198730946,477.20799999999997,1141.8
550,933,1910784,3471,242.6688,794.99,,,,,,,,,,,,
550,934,1912832,3474,238.82049999999998,780.97,9330,-0.014320783712901176,0.105908203125,0.3174969553947449,-0.44467641292139887,0.2,0.011164792,0.0003,15.748703956604004,38.7532166749239,,
550,935,1914880,3477,234.4364,768.24,9340,-0.0095230170947616,0.08779296875,-0.05907547473907471,-0.46801504185423254,0.2,0.009698831,0.0003,21.664533615112305,66.99419496953487,,
550,936,1916928,3480,236.06339999999997,778.51,9350,-0.012285460997372866,0.122119140625,0.08524584770202637,-0.4772152740508318,0.2,0.01536443,0.0003,32.00482177734375,57.571627071499826,,
550,937,1918976,3483,234.9787,774.77,9360,-0.01119330128422007,0.106640625,0.19059032201766968,-0.4324332972057164,0.2,0.010428393,0.0003,15.843453407287598,41.20661195218563,,
,,1920000,,,,9370,-0.010289775549608748,0.0869140625,0.13303500413894653,-0.4127886051312089,0.2,0.009825217,0.0003,24.812801361083984,49.6442614287138,164.4,971.0
550,938,1921024,3489,241.25860000000003,792.79,,,,,,,,,,,,
550,939,1923072,3492,246.4037,813.38,9380,-0.0111119550478179,0.115478515625,0.2329745888710022,-0.42243867153301834,0.2,0.012133623,0.0003,11.889554023742676,32.89604665637016,,
550,940,1925120,3495,249.20130000000006,821.3,9390,-0.010123796641710214,0.118798828125,0.22393816709518433,-0.4517973575741053,0.2,0.013801929,0.0003,36.45772171020508,46.06057136058807,,
550,941,1927168,3498,251.38600000000002,832.87,9400,-0.01139502139412798,0.119970703125,0.1843283772468567,-0.43949332283809783,0.2,0.008488929,0.0003,23.599647521972656,70.91913549304009,,
551,942,1929216,3501,249.5829999999999,828.47,9410,-0.011794064450077713,0.089013671875,0.12652164697647095,-0.4470829591155052,0.2,0.009650158,0.0003,37.15352249145508,70.91180871725082,,
,,1930000,,,,9420,-0.010113216092577204,0.11357421875,0.4260244369506836,-0.44892334323376415,0.2,0.010013699,0.0003,13.652231216430664,35.93448000252247,413.946,1218.2
550,943,1931264,3507,249.8704999999999,830.45,,,,,,,,,,,,
550,944,1933312,3510,248.75729999999993,827.26,9430,-0.010275069839553907,0.10244140625,0.3425285816192627,-0.4075127700343728,0.2,0.010415303,0.0003,17.566553115844727,28.960156965255738,,
550,945,1935360,3513,252.20449999999997,834.12,9440,-0.012089551953249612,0.1111328125,0.231303870677948,-0.40218063509091734,0.2,0.012604147,0.0003,41.80558776855469,37.699885699152944,,
550,946,1937408,3516,254.92789999999997,838.01,9450,-0.01176396475348156,0.098193359375,0.19586801528930664,-0.38527092384174466,0.2,0.00923275,0.0003,14.058527946472168,45.47853759229183,,
551,947,1939456,3519,253.7586,835.04,9460,-0.009199342326610349,0.084326171875,0.27455610036849976,-0.38669284284114835,0.2,0.013482111,0.0003,11.777490615844727,46.92536634504795,,
,,1940000,,,,9470,-0.01250719521776773,0.10712890625,0.13646626472473145,-0.4168799607083201,0.2,0.011202194,0.0003,16.46853256225586,45.31841685473919,353.884,1471.2
550,948,1941504,3526,259.8394,849.33,,,,,,,,,,,,
550,949,1943552,3529,261.972,852.64,9480,-0.010275598117732442,0.102734375,0.2698638439178467,-0.3952215829864144,0.2,0.0099326,0.0003,24.917470932006836,71.90676460266113,,
550,950,1945600,3532,264.67990000000003,858.5,9490,-0.010936216978006997,0.11123046875,0.26987946033477783,-0.399962083529681,0.2,0.0110103795,0.0003,16.203798294067383,29.666061294078826,,
550,951,1947648,3535,264.1805,868.6,9500,-0.008840992442856077,0.082080078125,0.35660088062286377,-0.38116205697879196,0.2,0.007929708,0.0003,17.970298767089844,42.066631108522415,,
550,952,1949696,3538,264.5062,866.72,9510,-0.009949120148667135,0.11865234375,0.2927452325820923,-0.4465699754655361,0.2,0.013359444,0.0003,14.059526443481445,36.988649788498876,,
,,1950000,,,,9520,-0.008622164619737305,0.078369140625,0.14534997940063477,-0.3866106984205544,0.2,0.0075295432,0.0003,12.504015922546387,49.70342306494713,481.11800000000005,2107.6
550,953,1951744,3547,266.01899999999995,866.83,,,,,,,,,,,,
550,954,1953792,3550,258.5556,845.66,9530,-0.009338169824331999,0.07998046875,0.32353323698043823,-0.35669184951111677,0.2,0.007930594,0.0003,42.419063568115234,60.42342125177383,,
550,955,1955840,3553,252.0018,813.81,9540,-0.010007699264679103,0.08134765625,0.08688104152679443,-0.3641174713149667,0.2,0.009169776,0.0003,53.6411247253418,118.53289446830749,,
550,956,1957888,3556,257.7813,829.98,9550,-0.008825293456902727,0.078857421875,0.16487419605255127,-0.3657018317840993,0.2,0.010295303,0.0003,29.543537139892578,86.11187908053398,,
550,957,1959936,3559,251.3466,794.65,9560,-0.009635026103933342,0.0998046875,0.2966862916946411,-0.3733419479802251,0.2,0.012167521,0.0003,19.01748275756836,31.16953933238983,,
,,1960000,,,,9570,-0.0146472195367096,0.10009765625,0.22217845916748047,-0.40182366436347366,0.2,0.009685558,0.0003,14.240354537963867,100.48461414575577,210.33,926.8
550,958,1961984,3565,255.06079999999997,802.88,,,,,,,,,,,,
550,959,1964032,3567,259.69680000000005,831.44,9580,-0.008714722970034927,0.1025390625,0.17159342765808105,-0.43319693598896264,0.2,0.012213169,0.0003,25.150487899780273,51.63627905547619,,
550,960,1966080,3570,261.5547,840.5,9590,-0.00835124333098065,0.134423828125,0.28022217750549316,-0.5285370711237192,0.2,0.016721753,0.0003,11.057066917419434,39.96440341323614,,
550,961,1968128,3573,254.1058,818.94,9600,-0.011287947607343085,0.10048828125,0.1799716353416443,-0.4557966284453869,0.2,0.01159242,0.0003,40.42934799194336,42.947115913033485,,
,,1970000,,,,9610,-0.009615852081333287,0.101123046875,0.25703251361846924,-0.4308603895828128,0.2,0.0107732145,0.0003,26.059310913085938,38.82170877456665,486.678,1236.2
550,962,1970176,3580,257.4662,831.8,,,,,,,,,,,,
550,963,1972224,3583,250.81369999999995,809.04,9620,-0.01115726605785312,0.1017578125,0.34099477529525757,-0.4321708489209414,0.2,0.012934927,0.0003,32.62184524536133,45.9656032294035,,
550,964,1974272,3585,248.24849999999998,801.26,9630,-0.011000369396060704,0.106787109375,0.2424594759941101,-0.4334927818737924,0.2,0.0107348105,0.0003,43.04802322387695,57.13080340027809,,
550,965,1976320,3588,246.05939999999998,795.41,9640,-0.010484686051495374,0.093994140625,0.023390591144561768,-0.4433619691058993,0.2,0.012368936,0.0003,34.252010345458984,69.41122586131095,,
550,966,1978368,3591,241.9817,773.26,9650,-0.010366523591801523,0.128564453125,0.23950916528701782,-0.4296936594881117,0.2,0.01129113,0.0003,8.407922744750977,32.56126474440098,,
,,1980000,,,,9660,-0.010576869139913469,0.08564453125,0.19676262140274048,-0.4156374176032841,0.2,0.007400272,0.0003,24.13558006286621,93.33979626893998,568.024,1527.0
550,967,1980416,3598,241.67360000000005,771.38,,,,,,,,,,,,
550,968,1982464,3601,239.73050000000003,761.67,9670,-0.007875534525373951,0.07529296875,0.35909217596054077,-0.39830441037192943,0.2,0.007238649,0.0003,57.727413177490234,61.51678410768509,,
550,969,1984512,3604,244.7539,773.75,9680,-0.009906457673059777,0.118212890625,0.2248668074607849,-0.4150505742058158,0.2,0.018490793,0.0003,21.235286712646484,26.994446739554405,,
550,970,1986560,3607,246.64239999999998,781.47,9690,-0.010293852761969901,0.1001953125,0.20540159940719604,-0.42792626516893506,0.2,0.010376625,0.0003,26.34012222290039,51.510282680392265,,
550,971,1988608,3610,246.54649999999998,782.75,9700,-0.008300117615726776,0.1173828125,0.4136393070220947,-0.44440710125491023,0.2,0.012837698,0.0003,7.287545204162598,21.117065811157225,,
,,1990000,,,,9710,-0.011561387998517603,0.1056640625,0.19925624132156372,-0.4481983880512416,0.2,0.013323112,0.0003,20.233184814453125,54.18373771309852,487.256,1469.4
550,972,1990656,3617,245.32369999999995,782.11,,,,,,,,,,,,
550,973,1992704,3619,241.77239999999995,767.18,9720,-0.012452411992126145,0.119384765625,0.15316534042358398,-0.4733878548257053,0.2,0.014876799,0.0003,26.558034896850586,55.630756062269214,,
550,974,1994752,3622,239.24149999999997,766.16,9730,-0.011151082038122696,0.0953125,0.14325553178787231,-0.4778691900894046,0.2,0.008771998,0.0003,45.987300872802734,69.46522144079208,,
550,975,1996800,3625,238.23480000000004,762.59,9740,-0.015018798130040523,0.1412109375,0.1308610439300537,-0.48848488414660096,0.2,0.012493851,0.0003,58.17805480957031,53.275551909208296,,
550,976,1998848,3628,238.2689,757.8,9750,-0.014809289239929057,0.113671875,0.1780443787574768,-0.43117380384355786,0.2,0.012459044,0.0003,20.177648544311523,43.80840950012207,,
,,2000000,,,,9760,-0.010430452457512729,0.11474609375,0.11020630598068237,-0.4029591541737318,0.2,0.010797216,0.0003,10.316702842712402,38.93612256646156,532.4559999999999,1440.2
550,977,2000896,3635,241.12969999999999,768.09,,,,,,,,,,,,
