rollout/ep_rew_mean,time/fps,rollout/ep_len_mean,time/iterations,time/total_timesteps,time/time_elapsed,train/policy_gradient_loss,train/approx_kl,train/learning_rate,train/clip_range,train/clip_fraction,train/entropy_loss,train/explained_variance,train/n_updates,train/value_loss,train/loss,eval/mean_reward,eval/mean_ep_length
-1.6666666666666667,302,294.3333333333333,1,2048,6,,,,,,,,,,,,
-2.6666666666666665,283,263.1333333333333,2,4096,14,-0.013733132052584552,0.015188812,0.0003,0.2,0.1265625,-2.1886038348078727,0.01762598752975464,10,3.9446855701506136,1.5842825174331665,,
0.5263157894736842,272,298.7894736842105,3,6144,22,-0.01759240032697562,0.011680381,0.0003,0.2,0.131201171875,-2.1747431315481665,0.11850214004516602,20,4.17132377102971,1.973049283027649,,
0.7407407407407407,269,298.5925925925926,4,8192,30,-0.0176634204457514,0.013752535,0.0003,0.2,0.159423828125,-2.159356614947319,0.06190454959869385,30,4.703850141912699,0.6436216235160828,,
,,,,10000,,-0.015567046697833575,0.012268901,0.0003,0.2,0.1189453125,-2.14841553196311,0.4294127821922302,40,3.5416405625641345,1.2617310285568237,-2.0,234.0
-0.2777777777777778,243,279.75,5,10240,42,,,,,,,,,,,,
0.24390243902439024,244,292.780487804878,6,12288,50,-0.018467005193815566,0.013355972,0.0003,0.2,0.155615234375,-2.13838971555233,0.2892587184906006,50,4.908839565515518,2.0712218284606934,,
1.25,245,297.6666666666667,7,14336,58,-0.01802805094048381,0.014905692,0.0003,0.2,0.150634765625,-2.1465872421860697,0.16769826412200928,60,4.98119884133339,3.40818452835083,,
1.8518518518518519,244,302.22222222222223,8,16384,67,-0.018211355179664677,0.0167185,0.0003,0.2,0.172314453125,-2.1365828186273577,0.04003441333770752,70,5.066327792033553,2.4428529739379883,,
2.542372881355932,243,308.8305084745763,9,18432,75,-0.024566462487564424,0.019701276,0.0003,0.2,0.24248046875,-2.1083383589982985,0.19664442539215088,80,4.240920589119196,0.9821215867996216,,
,,,,20000,,-0.018957314465660603,0.01745493,0.0003,0.2,0.18583984375,-2.0834383137524126,-0.1140669584274292,90,3.336937052756548,1.7367204427719116,16.0,572.0
2.4615384615384617,210,307.9846153846154,10,20480,97,,,,,,,,,,,,
2.5675675675675675,213,303.8243243243243,11,22528,105,-0.021189870947273447,0.015970388,0.0003,0.2,0.1662109375,-2.046583694592118,0.2436496615409851,100,4.6945069957524534,1.6966478824615479,,
2.75,214,306.45,12,24576,114,-0.017139180503727404,0.015797947,0.0003,0.2,0.159033203125,-2.03866985142231,0.09102660417556763,110,4.939073834568262,2.274430274963379,,
1.9318181818181819,215,302.4318181818182,13,26624,123,-0.01866498450981453,0.016089475,0.0003,0.2,0.1794921875,-2.021731360256672,-0.20598149299621582,120,4.751820374652743,2.003882646560669,,
1.8279569892473118,216,301.31182795698925,14,28672,132,-0.020355734566692263,0.018266521,0.0003,0.2,0.1970703125,-2.01199382469058,0.046717286109924316,130,2.5388868267647924,0.37716808915138245,,
,,,,30000,,-0.02029378586448729,0.016151726,0.0003,0.2,0.175048828125,-1.9801415894180536,0.13728094100952148,140,3.8223404375836254,1.412314772605896,0.0,407.4
2.3,204,305.48,15,30720,149,,,,,,,,,,,,
2.9,205,309.88,16,32768,159,-0.018101503953221253,0.01973062,0.0003,0.2,0.224072265625,-1.9773224603384734,0.04551595449447632,150,3.059380897693336,0.7009909749031067,,
3.7,206,317.65,17,34816,168,-0.017910815941286275,0.014058985,0.0003,0.2,0.13095703125,-1.9568990454077722,-0.006328940391540527,160,5.315854011662305,0.9031317234039307,,
4.0,207,323.11,18,36864,177,-0.0198790069000097,0.020568848,0.0003,0.2,0.19169921875,-1.9515328131616116,-0.017104148864746094,170,3.7575332161039112,0.9332197904586792,,
3.2,209,312.86,19,38912,185,-0.017863082562689668,0.01798963,0.0003,0.2,0.18701171875,-1.9218433141708373,0.15684080123901367,180,3.0413107994943855,0.3937118351459503,,
,,,,40000,,-0.024621175561333076,0.02243134,0.0003,0.2,0.237451171875,-1.910787408426404,-0.10027968883514404,190,3.168316825851798,0.4694201648235321,4.0,467.0
4.1,199,325.42,20,40960,205,,,,,,,,,,,,
4.2,201,327.78,21,43008,213,-0.016136567888315766,0.019699233,0.0003,0.2,0.184716796875,-1.8629136614501476,-0.0008398294448852539,200,3.3638955168426037,0.9933056235313416,,
4.3,203,325.36,22,45056,221,-0.0180680602818029,0.018638862,0.0003,0.2,0.172119140625,-1.8193664643913507,0.10523629188537598,210,3.2630935998633506,0.5106871128082275,,
4.2,204,325.69,23,47104,230,-0.01693881535611581,0.016596,0.0003,0.2,0.17939453125,-1.860434652864933,-0.03226828575134277,220,3.6187663877382876,0.5868595838546753,,
4.6,205,329.48,24,49152,238,-0.01913004084562999,0.019233895,0.0003,0.2,0.209716796875,-1.8071930520236492,-0.027842283248901367,230,3.603315392509103,0.7850290536880493,,
,,,,50000,,-0.020797588129062204,0.021194732,0.0003,0.2,0.206494140625,-1.8084379233419896,0.11456429958343506,240,2.681073885038495,1.0375748872756958,0.0,347.0
4.4,202,329.74,25,51200,252,,,,,,,,,,,,
4.8,203,333.7,26,53248,261,-0.01426230052311439,0.017346527,0.0003,0.2,0.160888671875,-1.8081956248730422,0.1820465326309204,250,3.7453792810440065,0.7531788349151611,,
4.8,204,338.6,27,55296,270,-0.014703383643063717,0.016151426,0.0003,0.2,0.1673828125,-1.802023511007428,0.1752060055732727,260,3.498669670894742,1.1460585594177246,,
4.8,205,340.33,28,57344,279,-0.020141200110083447,0.020981267,0.0003,0.2,0.20166015625,-1.8417020488530398,0.09678393602371216,270,2.4287833007983863,0.6353933215141296,,
5.8,206,344.53,29,59392,287,-0.01860020403692033,0.018929996,0.0003,0.2,0.197216796875,-1.8303955923765898,0.12549924850463867,280,2.6618173844181,0.2844752073287964,,
,,,,60000,,-0.0194579771021381,0.014517793,0.0003,0.2,0.140771484375,-1.7850421238690615,-0.15314209461212158,290,4.60748853776604,1.792232871055603,10.0,457.0
6.7,201,352.8,30,61440,305,,,,,,,,,,,,
7.1,202,354.58,31,63488,313,-0.02080732381728012,0.018231831,0.0003,0.2,0.19443359375,-1.8626143977046012,0.34172916412353516,300,2.3832499351352454,0.38612133264541626,,
7.3,203,359.17,32,65536,322,-0.020764993962075096,0.023360312,0.0003,0.2,0.241064453125,-1.8035149913281203,0.1525362730026245,310,2.4820642116479577,0.25940191745758057,,
7.3,203,356.88,33,67584,331,-0.02124909585545538,0.020934366,0.0003,0.2,0.199755859375,-1.7436491344124079,-0.05095791816711426,320,2.9425906443968417,0.7340190410614014,,
6.5,204,348.81,34,69632,340,-0.01601850370207103,0.016075812,0.0003,0.2,0.157421875,-1.692669801786542,0.35368311405181885,330,3.1506088482216,0.5803760886192322,,
,,,,70000,,-0.018934992054710165,0.021693982,0.0003,0.2,0.192822265625,-1.6908889528363944,0.14088410139083862,340,2.925371362268925,0.8431126475334167,8.0,312.8
6.7,202,348.66,35,71680,354,,,,,,,,,,,,
7.8,202,357.16,36,73728,363,-0.012570790626341477,0.018396787,0.0003,0.2,0.13955078125,-1.5945571292191745,0.16136479377746582,350,3.2059185608290135,0.7100529074668884,,
8.9,203,367.69,37,75776,372,-0.015615077145048417,0.016579011,0.0003,0.2,0.167578125,-1.7335537910461425,-0.11707949638366699,360,2.8710416182875633,0.3600952625274658,,
8.3,204,358.8,38,77824,380,-0.013499061076436192,0.015242696,0.0003,0.2,0.16357421875,-1.5720916159451008,0.2717193365097046,370,2.374705532938242,0.2679952383041382,,
8.8,205,365.75,39,79872,388,-0.0154215421207482,0.019459061,0.0003,0.2,0.191455078125,-1.5059386961162091,0.2888006567955017,380,2.2625311493873594,0.38967689871788025,,
,,,,80000,,-0.01583943265432026,0.016873114,0.0003,0.2,0.168212890625,-1.5738750129938126,0.2397904396057129,390,3.468244291841984,0.8789610862731934,10.0,372.0
9.9,202,374.66,40,81920,403,,,,,,,,,,,,
10.7,203,379.36,41,83968,412,-0.020093965189880693,0.0252342,0.0003,0.2,0.200732421875,-1.5526134196668864,0.25688499212265015,400,2.3546239090152086,0.1453913450241089,,
11.6,204,384.13,42,86016,420,-0.0160401800298132,0.01691034,0.0003,0.2,0.175341796875,-1.6468173019587993,0.2987872362136841,410,3.3981230931356547,0.5661843419075012,,
11.4,205,377.16,43,88064,428,-0.02271600110689178,0.017680446,0.0003,0.2,0.1919921875,-1.6182288005948067,0.01644045114517212,420,3.5278865545988083,0.5169073343276978,,
,,,,90000,,-0.017890624873689375,0.016469985,0.0003,0.2,0.15517578125,-1.622822068631649,0.28354138135910034,430,4.2546563284471635,1.5150731801986694,10.0,357.0
12.9,203,385.61,44,90112,442,,,,,,,,,,,,
13.6,204,387.62,45,92160,450,-0.01774892699031625,0.016794857,0.0003,0.2,0.172509765625,-1.6439454466104508,0.45972514152526855,440,2.814968685526401,0.22315196692943573,,
13.4,204,382.8,46,94208,460,-0.02036261168832425,0.022593552,0.0003,0.2,0.188720703125,-1.5316775117069483,0.13036924600601196,450,3.1729521641507743,0.4239124357700348,,
14.2,205,390.26,47,96256,469,-0.020233194838510826,0.017091995,0.0003,0.2,0.162841796875,-1.6016827553510666,0.14091354608535767,460,3.3610733419656755,2.134183645248413,,
15.6,205,403.27,48,98304,477,-0.01453177771763876,0.01821911,0.0003,0.2,0.159765625,-1.5757747542113065,0.22943174839019775,470,3.5180306806229056,0.6230039000511169,,
,,,,100000,,-0.018682966093183494,0.021438166,0.0003,0.2,0.17861328125,-1.5316708825528622,0.23871684074401855,480,3.827231901884079,0.5239502787590027,22.0,490.8
14.4,202,391.6,49,100352,495,,,,,,,,,,,,
15.5,203,400.95,50,102400,503,-0.01797090604668483,0.018556941,0.0003,0.2,0.1728515625,-1.5027452114969493,0.2493760585784912,490,2.922890314925462,0.31190183758735657,,
16.1,203,409.53,51,104448,513,-0.01633302844420541,0.024523098,0.0003,0.2,0.19560546875,-1.5243368834257125,0.21012938022613525,500,3.658567892201245,0.6917871832847595,,
16.5,203,411.71,52,106496,522,-0.024772584465972615,0.02960183,0.0003,0.2,0.246435546875,-1.6646941799670458,0.4471327066421509,510,1.8026172117795796,0.2940906882286072,,
16.4,204,406.76,53,108544,531,-0.01670808924827725,0.023315987,0.0003,0.2,0.173193359375,-1.391598779335618,0.41592711210250854,520,2.7086051553487778,0.4277511239051819,,
,,,,110000,,-0.015860166831407695,0.016853753,0.0003,0.2,0.15634765625,-1.4331684559583664,-0.013890266418457031,530,3.1775996102020145,0.9026559591293335,6.0,320.4
16.5,202,407.92,54,110592,544,,,,,,,,,,,,
15.8,203,405.0,55,112640,552,-0.015818123618373647,0.021900918,0.0003,0.2,0.19150390625,-1.4601552974432708,0.19988679885864258,540,1.676092314068228,0.3991228938102722,,
15.7,204,403.99,56,114688,561,-0.01874869362509344,0.0240313,0.0003,0.2,0.229541015625,-1.4674406584352255,0.01965916156768799,550,2.236862216657028,0.15191256999969482,,
16.2,204,405.34,57,116736,570,-0.016331777354935184,0.019706417,0.0003,0.2,0.176953125,-1.4853168249130249,0.13042503595352173,560,2.7379298196174204,0.19583502411842346,,
16.4,205,408.06,58,118784,578,-0.01929783061641501,0.01796647,0.0003,0.2,0.190966796875,-1.4904990818351507,0.3335307836532593,570,2.1282977077178655,0.23160716891288757,,
,,,,120000,,-0.01573258546704892,0.019339412,0.0003,0.2,0.1900390625,-1.4405054695904256,0.16702473163604736,580,2.62023242469877,0.21474513411521912,2.0,291.2
15.7,203,405.22,59,120832,593,,,,,,,,,,,,
15.6,204,401.67,60,122880,601,-0.018142842871020547,0.01663059,0.0003,0.2,0.189404296875,-1.5684787303209304,0.028045952320098877,590,3.279584200680256,0.6078855991363525,,
14.4,205,395.43,61,124928,609,-0.019484363301307893,0.020166185,0.0003,0.2,0.184619140625,-1.4829108331352472,0.16315877437591553,600,2.625049564614892,0.2069110870361328,,
13.9,205,396.02,62,126976,619,-0.018040523462696002,0.022951998,0.0003,0.2,0.200927734375,-1.3910831965506076,0.44905561208724976,610,2.281803402863443,0.4412761926651001,,
14.2,205,400.76,63,129024,629,-0.020176122858538294,0.021277482,0.0003,0.2,0.1833984375,-1.4056920483708382,0.09535866975784302,620,2.3617826021276414,0.49454692006111145,,
,,,,130000,,-0.021957196251605637,0.021139799,0.0003,0.2,0.233056640625,-1.560986003652215,0.20679813623428345,630,2.30434131231159,0.44677427411079407,14.0,435.0
13.4,202,396.85,64,131072,647,,,,,,,,,,,,
13.1,202,391.79,65,133120,656,-0.02156384533154778,0.025739428,0.0003,0.2,0.243359375,-1.4419959422200919,0.25383996963500977,640,1.303029091982171,0.16565462946891785,,
12.4,202,386.58,66,135168,666,-0.022125085230800322,0.01984017,0.0003,0.2,0.199560546875,-1.474928766861558,0.1783515214920044,650,2.935171168576926,0.6280598640441895,,
11.2,203,378.33,67,137216,675,-0.020637958285806234,0.02398222,0.0003,0.2,0.188330078125,-1.5097986795008183,0.020789921283721924,660,2.18403131198138,0.4705313444137573,,
11.8,203,383.33,68,139264,684,-0.017613006927422247,0.021937558,0.0003,0.2,0.172216796875,-1.364378796890378,0.38771581649780273,670,2.2247658197768034,0.24743932485580444,,
,,,,140000,,-0.02096266390144592,0.024276843,0.0003,0.2,0.18271484375,-1.4755924686789512,0.21210604906082153,680,1.751307545788586,0.09943173080682755,10.0,315.4
9.7,202,363.23,69,141312,698,,,,,,,,,,,,
9.1,202,361.5,70,143360,706,-0.021066989481914787,0.027468665,0.0003,0.2,0.202490234375,-1.4338711116462945,0.20516568422317505,690,2.2548448665998877,0.0852251946926117,,
9.3,203,362.79,71,145408,715,-0.016918078262824564,0.018753082,0.0003,0.2,0.18984375,-1.3604244757443666,0.02948981523513794,700,2.5020896084140984,0.27946823835372925,,
9.3,203,358.59,72,147456,724,-0.01755087133788038,0.01850275,0.0003,0.2,0.163134765625,-1.3878400545567273,0.18422210216522217,710,2.772018766030669,0.8641477823257446,,
8.7,203,354.83,73,149504,732,-0.01716112935100682,0.020089746,0.0003,0.2,0.1794921875,-1.3737720809876919,0.01335752010345459,720,2.2868296940345316,0.15333008766174316,,
,,,,150000,,-0.021646147326100616,0.018151198,0.0003,0.2,0.188623046875,-1.3838583957403898,0.5249007940292358,730,1.2107967408839613,0.11596974730491638,24.0,434.0
7.8,202,348.43,74,151552,747,,,,,,,,,,,,
7.5,203,345.73,75,153600,756,-0.02263814636389725,0.023790173,0.0003,0.2,0.2349609375,-1.4024209260940552,0.043579697608947754,740,1.5152796565089375,0.135019451379776,,
8.1,203,349.97,76,155648,766,-0.01953428516862914,0.021029137,0.0003,0.2,0.2068359375,-1.2898869812488556,0.35832923650741577,750,1.593714514747262,0.3070793151855469,,
8.1,203,353.28,77,157696,774,-0.017796774383168668,0.01678376,0.0003,0.2,0.163671875,-1.324859520420432,0.1672235131263733,760,2.0237321172840894,0.12367674708366394,,
8.5,203,352.3,78,159744,784,-0.02028106035431847,0.020855885,0.0003,0.2,0.180322265625,-1.3251351829618216,0.2984214425086975,770,2.3343578870408237,0.5776035189628601,,
,,,,160000,,-0.018320528761250898,0.021244157,0.0003,0.2,0.18125,-1.3858822412788867,0.3438453674316406,780,1.5504973866511136,0.16003653407096863,10.0,366.4
8.7,202,347.56,79,161792,800,,,,,,,,,,,,
8.4,202,344.98,80,163840,809,-0.021272124844836073,0.020215267,0.0003,0.2,0.179638671875,-1.3704896338284016,0.21126079559326172,790,2.085075061302632,0.3596253991127014,,
8.7,202,344.82,81,165888,819,-0.018921181112818885,0.01913862,0.0003,0.2,0.169580078125,-1.3318926587700843,0.30085986852645874,800,1.9645408890675753,0.3751767575740814,,
8.1,202,346.24,82,167936,829,-0.01576031102449633,0.020805223,0.0003,0.2,0.193212890625,-1.3736388638615609,0.3236914277076721,810,2.019394433265552,0.20035147666931152,,
8.7,202,351.78,83,169984,838,-0.025488123553805052,0.030843943,0.0003,0.2,0.21123046875,-1.3663964945822955,0.2091854214668274,820,1.357869982207194,0.1881350874900818,,
,,,,170000,,-0.018596485487069003,0.019731987,0.0003,0.2,0.20068359375,-1.257743812352419,0.7011431455612183,830,1.3259280039463193,0.09112835675477982,0.0,210.2
9.8,202,362.74,84,172032,851,,,,,,,,,,,,
9.9,202,364.39,85,174080,860,-0.014121465414064005,0.015905607,0.0003,0.2,0.152587890625,-1.3458563763648272,0.4975510239601135,840,1.7195154380053281,0.16753287613391876,,
9.3,202,359.27,86,176128,869,-0.01680339045706205,0.022110004,0.0003,0.2,0.189111328125,-1.3193628970533609,0.3427113890647888,850,1.968957216106355,0.3420715630054474,,
11.0,202,372.33,87,178176,878,-0.020786728015809785,0.026680982,0.0003,0.2,0.224609375,-1.339318112283945,0.2034638524055481,860,1.6908286958932877,0.23170268535614014,,
,,,,180000,,-0.02127418057934847,0.0186687,0.0003,0.2,0.165771484375,-1.1912343122065068,0.1866576075553894,870,2.3186503096483646,0.5020912885665894,-2.0,307.4
11.1,202,374.17,88,180224,892,,,,,,,,,,,,
11.6,202,375.74,89,182272,900,-0.019730720795632806,0.019861277,0.0003,0.2,0.205517578125,-1.2415864314883946,0.6480613946914673,880,1.5772540049161763,0.12231747806072235,,
13.0,202,389.55,90,184320,909,-0.02145052222185768,0.019117191,0.0003,0.2,0.201318359375,-1.26042192094028,0.6142232418060303,890,1.3285557740833611,0.2996794879436493,,
14.1,202,400.84,91,186368,919,-0.01733301668718923,0.018999629,0.0003,0.2,0.177490234375,-1.3075998544692993,0.3537147641181946,900,2.1990164716728033,0.260619580745697,,
14.7,203,402.56,92,188416,928,-0.02289058539608959,0.019237284,0.0003,0.2,0.187548828125,-1.2652585376054049,0.48547130823135376,910,1.843848028499633,0.5158968567848206,,
,,,,190000,,-0.01941605865431484,0.020404015,0.0003,0.2,0.1587890625,-1.2694457642734052,0.35074859857559204,920,2.553167018387467,0.15241360664367676,20.0,461.6
15.2,201,407.48,93,190464,945,,,,,,,,,,,,
15.4,201,409.66,94,192512,955,-0.019455467149964534,0.022852957,0.0003,0.2,0.187353515625,-1.2960638899356127,0.5955437421798706,930,1.460007884213701,0.2661930024623871,,
17.0,201,421.42,95,194560,965,-0.01788601124135312,0.021886442,0.0003,0.2,0.185107421875,-1.299659538269043,0.3766546845436096,940,2.200036982446909,0.8946114182472229,,
17.5,201,425.98,96,196608,975,-0.019266781251644716,0.018904308,0.0003,0.2,0.174462890625,-1.3173161748796702,0.4480617046356201,950,2.0998449985403567,0.20053890347480774,,
18.0,201,425.97,97,198656,984,-0.01430724186648149,0.019386547,0.0003,0.2,0.1751953125,-1.2720019336789847,0.2537943124771118,960,2.1879475214518607,1.2028478384017944,,
,,,,200000,,-0.01546379309729673,0.018729443,0.0003,0.2,0.16884765625,-1.2667045652866364,0.2219579815864563,970,2.214629896031693,0.14570775628089905,10.0,410.8
18.2,200,425.87,98,200704,1002,,,,,,,,,,,,
18.4,200,425.56,99,202752,1012,-0.015155869649606756,0.024236083,0.0003,0.2,0.20615234375,-1.2990427702665328,0.3317353129386902,980,1.7506149078719317,0.1251567304134369,,
18.4,200,428.3,100,204800,1022,-0.019607941710273736,0.022305086,0.0003,0.2,0.189013671875,-1.2973027605563403,0.3439590334892273,990,1.9813852606341242,0.1251991242170334,,
18.9,200,428.33,101,206848,1031,-0.0203771251894068,0.017929414,0.0003,0.2,0.187158203125,-1.3109506752341986,0.3314855694770813,1000,3.1499186576344074,2.338047742843628,,
19.1,200,426.8,102,208896,1041,-0.021156421667546964,0.024941623,0.0003,0.2,0.2001953125,-1.3046531908214092,0.4312136173248291,1010,2.3889353663660584,1.9254825115203857,,
,,,,210000,,-0.023362766063655727,0.023272865,0.0003,0.2,0.193115234375,-1.218110105767846,0.28289079666137695,1020,2.4173092152923346,0.12616989016532898,40.0,588.0
19.6,198,430.7,103,210944,1063,,,,,,,,,,,,
18.8,198,426.1,104,212992,1072,-0.01831274733704049,0.024354324,0.0003,0.2,0.21044921875,-1.2839544512331487,0.052696168422698975,1030,1.6309419805416838,0.1494518369436264,,
18.8,198,424.49,105,215040,1083,-0.021843543504655828,0.028373428,0.0003,0.2,0.1916015625,-1.2561704061925412,-0.24763274192810059,1040,2.184008537745103,0.1293986588716507,,
18.8,198,424.12,106,217088,1092,-0.01786730863968842,0.021668492,0.0003,0.2,0.21064453125,-1.3362776484340428,0.004170119762420654,1050,1.6688351010670885,0.24885475635528564,,
19.9,198,438.32,107,219136,1102,-0.01463808222906664,0.0154718645,0.0003,0.2,0.156982421875,-1.2444970540702343,0.31931740045547485,1060,2.4276139127090572,0.2316320836544037,,
,,,,220000,,-0.016256811757921243,0.0189329,0.0003,0.2,0.201904296875,-1.2685475405305624,0.4580601453781128,1070,1.2664768950548022,0.15447671711444855,22.0,519.8
18.8,197,429.34,108,221184,1121,,,,,,,,,,,,
19.0,197,436.01,109,223232,1131,-0.017701974166266156,0.020108245,0.0003,0.2,0.18828125,-1.2154128693044186,0.2771300673484802,1080,1.928083060728386,0.15655715763568878,,
19.1,197,434.74,110,225280,1140,-0.020150443393504247,0.021782221,0.0003,0.2,0.205322265625,-1.2658651895821094,0.07785063982009888,1090,1.7566841585561632,0.21784424781799316,,
18.7,197,431.36,111,227328,1149,-0.018812255616649055,0.025152765,0.0003,0.2,0.191650390625,-1.1588444367051125,0.2733750343322754,1100,1.586710393987596,0.07283861190080643,,
18.9,197,434.03,112,229376,1159,-0.017044887789234055,0.014508953,0.0003,0.2,0.163134765625,-1.2412044946104288,0.22417879104614258,1110,2.5812230677343906,0.8239630460739136,,
,,,,230000,,-0.021297167884767987,0.02262051,0.0003,0.2,0.20576171875,-1.2273191373795271,0.10251694917678833,1120,2.5586829029023646,0.4138950705528259,32.0,526.0
18.8,196,435.61,113,231424,1178,,,,,,,,,,,,
20.0,196,443.73,114,233472,1187,-0.01962027420522645,0.01965322,0.0003,0.2,0.195166015625,-1.2304513193666935,0.22851616144180298,1130,1.7431820447091013,0.10533563792705536,,
19.2,196,442.7,115,235520,1197,-0.018853620262234472,0.020594524,0.0003,0.2,0.177197265625,-1.2273015718907119,0.4718588590621948,1140,1.6584012592211366,0.2596561908721924,,
17.8,196,430.26,116,237568,1207,-0.015516424577799625,0.021683253,0.0003,0.2,0.1798828125,-1.1719391196966171,0.2603311538696289,1150,1.6818116187350824,0.089213527739048,,
18.9,196,440.1,117,239616,1216,-0.021424878216930666,0.021219928,0.0003,0.2,0.2125,-1.1963163938373327,0.14626073837280273,1160,1.4999332992359995,0.09822562336921692,,
,,,,240000,,-0.018138197643565945,0.017873764,0.0003,0.2,0.17724609375,-1.1437824469059705,0.5310702323913574,1170,1.80577770951204,0.23899346590042114,22.0,458.4
19.9,195,447.66,118,241664,1235,,,,,,,,,,,,
20.8,195,454.06,119,243712,1246,-0.016359102896240076,0.020044863,0.0003,0.2,0.18349609375,-1.185366765037179,0.49227064847946167,1180,1.6113193046301604,0.07768608629703522,,
20.5,195,452.14,120,245760,1254,-0.018494931337772868,0.014054909,0.0003,0.2,0.159521484375,-1.159533379599452,0.5521920323371887,1190,1.8008430938236415,0.14890843629837036,,
20.7,195,453.76,121,247808,1264,-0.020637936794082636,0.016448446,0.0003,0.2,0.155078125,-1.268359512835741,0.20656615495681763,1200,2.751663889270276,0.3718275725841522,,
20.6,195,462.07,122,249856,1275,-0.021280010919144842,0.018069424,0.0003,0.2,0.173876953125,-1.2060792788863182,0.4400896430015564,1210,1.668887552060187,0.5150161981582642,,
,,,,250000,,-0.016726608978933653,0.017456457,0.0003,0.2,0.1697265625,-1.2385608568787574,0.3185339570045471,1220,1.9349530802108348,0.21352440118789673,12.0,429.4
21.1,194,468.72,123,251904,1294,,,,,,,,,,,,
20.6,194,466.96,124,253952,1303,-0.02306484065193217,0.021547576,0.0003,0.2,0.18271484375,-1.216855662316084,0.16051465272903442,1230,2.676175578776747,0.23310640454292297,,
20.5,194,469.8,125,256000,1313,-0.019279344723327086,0.021232184,0.0003,0.2,0.178955078125,-1.2675575319677592,0.3067070245742798,1240,1.9711851810105145,0.15692012012004852,,
21.5,194,481.75,126,258048,1324,-0.019911464235337916,0.021353584,0.0003,0.2,0.1859375,-1.2158765768632294,0.2332315444946289,1250,2.0246679957956077,0.20625737309455872,,
,,,,260000,,-0.024157513555837794,0.025480311,0.0003,0.2,0.216796875,-1.232633250951767,0.36292964220046997,1260,1.4184373604133724,0.07739981263875961,12.0,529.6
21.0,192,475.77,127,260096,1347,,,,,,,,,,,,
22.6,192,487.14,128,262144,1359,-0.020795036893105134,0.022962425,0.0003,0.2,0.199169921875,-1.2150973550975324,0.29823076725006104,1270,1.1061870738863946,0.06881466507911682,,
22.8,192,492.34,129,264192,1368,-0.02248047166795004,0.018103529,0.0003,0.2,0.19013671875,-1.1127655312418938,0.4996793270111084,1280,0.9557135051349178,0.09348165988922119,,
24.7,193,505.76,130,266240,1378,-0.013935397609020583,0.01695393,0.0003,0.2,0.1701171875,-1.2025520388036965,0.5838441848754883,1290,1.1190267299301921,0.32727327942848206,,
24.8,193,506.81,131,268288,1389,-0.020030557240534107,0.01693276,0.0003,0.2,0.1421875,-1.2179115671664476,0.12440651655197144,1300,2.3476955739781262,0.13461317121982574,,
,,,,270000,,-0.022248489435878583,0.02312444,0.0003,0.2,0.17392578125,-1.2398856274783612,0.4661281704902649,1310,1.781822368921712,0.18838831782341003,20.0,532.0
25.1,192,505.89,132,270336,1407,,,,,,,,,,,,
25.3,192,505.58,133,272384,1417,-0.02388705713674426,0.022098787,0.0003,0.2,0.179541015625,-1.173518006131053,0.2851843237876892,1320,2.0279089573770763,0.17211192846298218,,
25.7,192,504.37,134,274432,1426,-0.019620148686226458,0.021813568,0.0003,0.2,0.183056640625,-1.1959993820637465,0.5129006505012512,1330,1.6932916943915188,0.08959700167179108,,
26.0,192,509.85,135,276480,1437,-0.018905808340059595,0.018757418,0.0003,0.2,0.19091796875,-1.1671212624758482,0.5035309195518494,1340,2.0702932715415954,0.5278666019439697,,
26.2,192,515.17,136,278528,1448,-0.01608010656782426,0.020279208,0.0003,0.2,0.17509765625,-1.1091471510007977,0.5171626210212708,1350,1.2053070764057339,0.17675328254699707,,
,,,,280000,,-0.025877144225523806,0.028979857,0.0003,0.2,0.2169921875,-1.1378982301801444,0.28346526622772217,1360,2.1738925852812825,0.14403142035007477,14.0,374.4
25.7,191,512.47,137,280576,1465,,,,,,,,,,,,
26.0,191,518.79,138,282624,1473,-0.01749147585069295,0.018939823,0.0003,0.2,0.162353515625,-1.1218165665864945,0.17001140117645264,1370,2.4213196170981974,0.10785843431949615,,
24.8,191,510.1,139,284672,1484,-0.022487941462895834,0.02073358,0.0003,0.2,0.194384765625,-1.2205912571400404,0.3822733759880066,1380,2.5775246958713978,0.23524975776672363,,
25.1,192,504.11,140,286720,1493,-0.019251843584061134,0.019123245,0.0003,0.2,0.19140625,-1.0849115982651711,0.41115325689315796,1390,1.1064019444165751,0.1384003460407257,,
25.8,192,509.62,141,288768,1502,-0.022068621672224252,0.01773453,0.0003,0.2,0.172265625,-1.154882786795497,0.31570208072662354,1400,2.007202878361568,0.14416971802711487,,
,,,,290000,,-0.02560272410919424,0.023200354,0.0003,0.2,0.203369140625,-1.1472003491595388,-0.033981919288635254,1410,1.6549913740716875,0.4186914265155792,6.0,349.8
26.6,191,520.84,142,290816,1519,,,,,,,,,,,,
24.3,191,501.52,143,292864,1529,-0.021112876062397846,0.021870239,0.0003,0.2,0.200244140625,-1.1303015276789665,0.46709954738616943,1420,1.3364389633294196,0.08457545936107635,,
24.5,191,502.06,144,294912,1539,-0.017311713009257802,0.020690057,0.0003,0.2,0.194677734375,-1.1128393663093448,0.23746007680892944,1430,1.676546116778627,0.17848727107048035,,
25.4,191,511.01,145,296960,1548,-0.018763941430370322,0.019931003,0.0003,0.2,0.17431640625,-1.1101118179038167,0.2554324269294739,1440,1.6957835083827377,0.1246340200304985,,
26.3,191,520.02,146,299008,1558,-0.018367230641888454,0.01751827,0.0003,0.2,0.167236328125,-1.1481071658432485,0.4894205331802368,1450,1.6422089152503758,0.1256861537694931,,
,,,,300000,,-0.02013517429877538,0.018794214,0.0003,0.2,0.16337890625,-1.0590233519673347,0.48144108057022095,1460,1.5719305141828954,0.05648113042116165,26.0,648.4
25.9,190,513.11,147,301056,1579,,,,,,,,,,,,
25.8,190,514.59,148,303104,1590,-0.017964718211442233,0.019313114,0.0003,0.2,0.1638671875,-1.0634611221030354,0.3852077126502991,1470,1.4339096815790981,0.34401828050613403,,
26.5,190,522.55,149,305152,1599,-0.018550469330511986,0.020737842,0.0003,0.2,0.181298828125,-1.0650867706164717,0.46921026706695557,1480,1.3139193707844243,0.08165664970874786,,
27.0,191,530.0,150,307200,1608,-0.02114313904312439,0.027226018,0.0003,0.2,0.196875,-1.1594865929335356,0.33954018354415894,1490,1.7701724775135517,0.2095823884010315,,
25.8,191,513.47,151,309248,1616,-0.018727919459342955,0.02231875,0.0003,0.2,0.175048828125,-1.015417738445103,0.12987256050109863,1500,2.326645925221965,0.4973844587802887,,
,,,,310000,,-0.0187462977526593,0.01961048,0.0003,0.2,0.18935546875,-1.0910022167488933,0.09594643115997314,1510,1.941782132256776,0.07950293272733688,14.0,475.2
26.5,190,517.52,152,311296,1634,,,,,,,,,,,,
22.9,190,486.13,153,313344,1645,-0.020782108398270792,0.018422097,0.0003,0.2,0.165869140625,-1.103206656500697,0.2318708896636963,1520,1.7281046721618623,0.08180677890777588,,
22.8,190,485.21,154,315392,1653,-0.020294780560652724,0.025888871,0.0003,0.2,0.189404296875,-1.079322107322514,-0.12663793563842773,1530,1.4084557282272727,0.04144856333732605,,
21.9,190,473.72,155,317440,1662,-0.022463991399854423,0.021173298,0.0003,0.2,0.1841796875,-1.1898342467844487,0.2798640727996826,1540,1.6006740693934263,0.1231732964515686,,
22.1,191,475.27,156,319488,1671,-0.017950794997159392,0.017458484,0.0003,0.2,0.167529296875,-1.0852702917531132,0.36653614044189453,1550,1.4844220916274935,0.07295911014080048,,
,,,,320000,,-0.02052344620169606,0.019720364,0.0003,0.2,0.1681640625,-1.1287144795060158,0.41244781017303467,1560,1.6950150350341573,0.17060057818889618,-2.0,281.6
20.8,190,471.72,157,321536,1685,,,,,,,,,,,,
19.1,190,455.72,158,323584,1695,-0.02589371927024331,0.03514745,0.0003,0.2,0.20830078125,-1.1583572782576084,0.027626872062683105,1570,1.2340862593613564,0.06936407089233398,,
19.6,191,456.67,159,325632,1703,-0.02183217346901074,0.023355775,0.0003,0.2,0.197265625,-1.165898582339287,-0.25041747093200684,1580,1.916387019166723,0.49482330679893494,,
20.2,191,460.55,160,327680,1711,-0.01901316115690861,0.019048173,0.0003,0.2,0.1748046875,-1.0630728418007493,0.3151426911354065,1590,1.5684033438097686,0.15119490027427673,,
20.8,191,465.17,161,329728,1721,-0.01942409680923447,0.019802669,0.0003,0.2,0.16005859375,-1.1176582423970103,-0.25761842727661133,1600,2.201430466771126,0.14719092845916748,,
,,,,330000,,-0.0223504543711897,0.019179188,0.0003,0.2,0.190087890625,-1.1798256557434796,0.023061931133270264,1610,1.604593681311235,0.1875379979610443,28.0,567.8
20.8,190,466.68,162,331776,1740,,,,,,,,,,,,
20.3,190,467.13,163,333824,1750,-0.01982441037616809,0.02073145,0.0003,0.2,0.1833984375,-1.0399752711877226,0.056038498878479004,1620,1.9361357136163861,0.19864585995674133,,
21.6,190,475.34,164,335872,1760,-0.01777884417970199,0.020493915,0.0003,0.2,0.16796875,-1.1197816386818886,0.2997891306877136,1630,1.9040828539524228,0.07363676279783249,,
21.5,190,469.82,165,337920,1769,-0.02580532687716186,0.020161781,0.0003,0.2,0.19189453125,-1.0811172200366854,0.2243686318397522,1640,2.3095566793344915,0.2450457662343979,,
21.3,191,471.89,166,339968,1778,-0.025841623084852473,0.02203908,0.0003,0.2,0.20009765625,-1.106251279450953,0.4167022705078125,1650,1.4572180460207165,0.0464266762137413,,
,,,,340000,,-0.022578492856700903,0.022924367,0.0003,0.2,0.18134765625,-1.0869375044479965,-0.10105705261230469,1660,1.6784305858891457,0.10409975796937943,34.0,581.2
19.6,190,460.91,167,342016,1797,,,,,,,,,,,,
20.5,190,470.94,168,344064,1806,-0.01939463776652701,0.022652056,0.0003,0.2,0.2056640625,-1.1977241292595864,0.3608267903327942,1670,1.0088894818909466,0.03026554360985756,,
19.9,190,467.44,169,346112,1815,-0.020713988409261218,0.021229606,0.0003,0.2,0.1916015625,-1.0616630788892507,0.1965341567993164,1680,1.924558439059183,0.18179123103618622,,
19.9,190,465.58,170,348160,1825,-0.027205633840640075,0.024717182,0.0003,0.2,0.208935546875,-1.15652493853122,0.2138904333114624,1690,2.0177999632433057,0.1767292320728302,,
,,,,350000,,-0.018268665292998774,0.020731404,0.0003,0.2,0.172119140625,-1.1251569142565132,0.26231086254119873,1700,1.5479246667586266,0.07481580227613449,18.0,424.8
20.5,190,464.92,171,350208,1841,,,,,,,,,,,,
20.4,190,465.71,172,352256,1850,-0.016346640700066927,0.020815182,0.0003,0.2,0.1900390625,-1.084525529295206,0.4681771993637085,1710,1.3578663350082933,0.10154707729816437,,
21.1,190,466.99,173,354304,1859,-0.016651061835000293,0.017555695,0.0003,0.2,0.176123046875,-1.1329663967713715,0.29641830921173096,1720,1.9319726233836263,0.11215801537036896,,
23.2,190,484.25,174,356352,1869,-0.0237502255855361,0.020979073,0.0003,0.2,0.16962890625,-1.1082024559378625,0.5302941799163818,1730,2.119200956216082,0.1274103820323944,,
24.2,190,493.68,175,358400,1877,-0.024333796257269568,0.022012401,0.0003,0.2,0.1822265625,-1.1723684702068566,0.2012650966644287,1740,1.7447725768666715,0.10880138725042343,,
,,,,360000,,-0.02341023926710477,0.020907458,0.0003,0.2,0.183251953125,-1.1518042881041766,0.4675824046134949,1750,1.6420972364954651,0.05898740142583847,-6.0,219.2
24.6,190,499.23,176,360448,1889,,,,,,,,,,,,
25.1,190,496.68,177,362496,1898,-0.02095832904742565,0.020760726,0.0003,0.2,0.176025390625,-1.1807293359190225,0.5545998811721802,1760,1.5153393409214915,0.1293092668056488,,
24.7,191,495.6,178,364544,1906,-0.023535985319176687,0.02110918,0.0003,0.2,0.1703125,-1.1605465024709702,0.18170017004013062,1770,2.5334582285489886,0.5085524916648865,,
24.8,191,499.28,179,366592,1915,-0.019628757296595724,0.0187811,0.0003,0.2,0.147802734375,-1.1688457287847995,0.23157912492752075,1780,2.5768911729566755,0.30205485224723816,,
24.1,191,492.16,180,368640,1923,-0.014690518463612533,0.0195994,0.0003,0.2,0.151220703125,-1.097186642512679,0.022603273391723633,1790,2.5382796505931764,0.23407936096191406,,
,,,,370000,,-0.02114934373530559,0.019412337,0.0003,0.2,0.19091796875,-1.0843878289684654,0.32563191652297974,1800,1.622611229494214,0.04657845199108124,16.0,472.4
25.5,191,505.16,181,370688,1940,,,,,,,,,,,,
27.1,191,518.93,182,372736,1949,-0.0234607311693253,0.025908412,0.0003,0.2,0.20126953125,-1.1097105510532856,0.5083314776420593,1810,0.974273812561296,0.03539085388183594,,
26.4,191,506.32,183,374784,1958,-0.021692566851561422,0.021363929,0.0003,0.2,0.166455078125,-1.0851733030751347,0.20963150262832642,1820,2.4813937278464437,0.03951010853052139,,
25.5,191,501.74,184,376832,1967,-0.019627403331105596,0.01789531,0.0003,0.2,0.169580078125,-1.1611280504614114,-0.059735894203186035,1830,2.385719256848097,0.17255602777004242,,
25.3,191,500.23,185,378880,1977,-0.02123870195064228,0.020851983,0.0003,0.2,0.1607421875,-1.103929373435676,0.38814711570739746,1840,1.6618521361146121,0.1461048573255539,,
,,,,380000,,-0.02218777707021218,0.020696655,0.0003,0.2,0.188232421875,-1.1644146490842104,0.3637739419937134,1850,1.9603772038128227,0.11615858972072601,42.0,662.2
26.0,190,506.91,186,380928,1998,,,,,,,,,,,,
26.5,190,510.18,187,382976,2008,-0.018111151017365046,0.016162064,0.0003,0.2,0.138916015625,-1.0650695277377964,0.2015969157218933,1860,2.297388335503638,0.40876179933547974,,
27.8,190,520.58,188,385024,2018,-0.023593715333845466,0.016184794,0.0003,0.2,0.157470703125,-1.0216357892379164,0.1363411545753479,1870,1.7957553065847605,0.10547243058681488,,
24.7,190,500.74,189,387072,2027,-0.02066414473374607,0.0265196,0.0003,0.2,0.214306640625,-1.0746292652562262,0.4371851086616516,1880,0.9521011507837102,-0.0014050006866455078,,
25.4,190,508.52,190,389120,2037,-0.02647106318618171,0.024242695,0.0003,0.2,0.213525390625,-1.112401265464723,0.1349583864212036,1890,1.5126637660199775,0.068587526679039,,
,,,,390000,,-0.02425100774562452,0.01798892,0.0003,0.2,0.15986328125,-1.1093756072223186,0.23686033487319946,1900,1.3997443809174002,0.05550040304660797,26.0,521.0
26.6,190,516.94,191,391168,2055,,,,,,,,,,,,
27.1,190,518.29,192,393216,2064,-0.02531630441080779,0.019540455,0.0003,0.2,0.189208984375,-1.1184060372412206,0.4389945864677429,1910,1.3282936453819274,0.04954290762543678,,
29.0,190,530.29,193,395264,2074,-0.027518914126994788,0.019245554,0.0003,0.2,0.18515625,-1.1608344867825509,0.06472688913345337,1920,1.6702831690199673,0.27966901659965515,,
29.0,190,525.74,194,397312,2084,-0.018799992682761512,0.018101485,0.0003,0.2,0.180322265625,-1.0460634937509894,0.31914186477661133,1930,1.387247695797123,0.12483678758144379,,
30.1,190,527.63,195,399360,2094,-0.022378873045090585,0.02138989,0.0003,0.2,0.18125,-1.0593858022242784,0.24095553159713745,1940,1.4697914727497845,0.14580154418945312,,
,,,,400000,,-0.023260397811827715,0.019115781,0.0003,0.2,0.169482421875,-1.06685492079705,0.3878943920135498,1950,2.0639620354399084,0.25320613384246826,30.0,591.6
29.8,189,525.12,196,401408,2113,,,,,,,,,,,,
29.6,190,524.86,197,403456,2123,-0.02252596019243356,0.019929972,0.0003,0.2,0.180224609375,-1.1647780746221543,0.35095638036727905,1960,1.7489331037271767,0.071259044110775,,
31.1,190,532.95,198,405504,2133,-0.0229382993420586,0.022604942,0.0003,0.2,0.1787109375,-1.0504322748631238,0.1392589807510376,1970,1.9859112306963653,0.05584712326526642,,
30.7,190,534.05,199,407552,2143,-0.02318610933434684,0.025011193,0.0003,0.2,0.190234375,-1.1087848607450723,0.37545448541641235,1980,1.5702054055407644,0.21546262502670288,,
29.6,190,529.59,200,409600,2152,-0.019673648732714356,0.018404609,0.0003,0.2,0.18251953125,-1.1711675707250833,0.4065091013908386,1990,2.028853342914954,0.12523959577083588,,
,,,,410000,,-0.01903360840806272,0.023783412,0.0003,0.2,0.20986328125,-1.1515131309628486,0.4488886594772339,2000,1.254898949060589,0.08033616840839386,24.0,498.6
30.9,189,543.36,201,411648,2172,,,,,,,,,,,,
30.1,189,539.9,202,413696,2181,-0.022673049749573692,0.024138728,0.0003,0.2,0.2275390625,-1.1689796976745128,0.5227538347244263,2010,1.1316190843237564,0.15749290585517883,,
31.4,189,547.73,203,415744,2189,-0.017828279282548466,0.015092048,0.0003,0.2,0.14970703125,-1.1145041750743985,0.3276098966598511,2020,1.9433562913443894,0.09413379430770874,,
31.2,189,547.83,204,417792,2198,-0.022709595048218033,0.024340158,0.0003,0.2,0.192919921875,-1.0802048718556763,0.506963312625885,2030,1.7333610535366462,0.03871408849954605,,
31.8,190,552.52,205,419840,2209,-0.020279163282248193,0.015092591,0.0003,0.2,0.13203125,-1.0430920336395502,-0.08524763584136963,2040,2.7631536161061376,0.20195850729942322,,
,,,,420000,,-0.022858392959460617,0.022264503,0.0003,0.2,0.190087890625,-1.1642903231084347,0.4995402693748474,2050,1.4068711161613465,0.14799188077449799,38.0,640.6
31.5,189,551.09,206,421888,2229,,,,,,,,,,,,
32.9,189,557.74,207,423936,2238,-0.020504710476961917,0.019226568,0.0003,0.2,0.167333984375,-1.1348438082262873,-0.07753276824951172,2060,2.250407624011859,0.13273568451404572,,
33.0,189,562.82,208,425984,2247,-0.020124324012431315,0.015979975,0.0003,0.2,0.168701171875,-1.1130198685452342,0.300537109375,2070,2.363600865285844,0.05509382486343384,,
32.8,189,561.31,209,428032,2256,-0.025375221730791965,0.025788033,0.0003,0.2,0.183154296875,-1.1638820702210069,0.5295606851577759,2080,1.3054489289876074,0.07028669118881226,,
,,,,430000,,-0.022007338708499448,0.021142393,0.0003,0.2,0.182373046875,-1.0861387694254518,0.14335954189300537,2090,2.2439107190351932,0.026852089911699295,18.0,423.4
33.0,189,566.49,210,430080,2273,,,,,,,,,,,,
33.9,189,572.42,211,432128,2281,-0.0250489682686748,0.02012093,0.0003,0.2,0.189208984375,-1.0032102033495902,0.3541967272758484,2100,1.1629155457485467,0.07151004672050476,,
34.0,189,571.87,212,434176,2290,-0.023566831086645833,0.017231535,0.0003,0.2,0.169189453125,-1.082927599735558,0.3597332239151001,2110,1.8894416879862548,0.32492223381996155,,
34.4,189,575.51,213,436224,2299,-0.02136090274725575,0.01963595,0.0003,0.2,0.1990234375,-1.1744312692433596,0.5975059270858765,2120,1.1079617192968727,0.040465738624334335,,
35.2,189,579.08,214,438272,2307,-0.0195140518801054,0.017117713,0.0003,0.2,0.152783203125,-1.0602584201842546,0.15495246648788452,2130,1.3949368697591127,0.0674728974699974,,
,,,,440000,,-0.023270465387031435,0.015620323,0.0003,0.2,0.15390625,-1.0280643017962574,0.5300718545913696,2140,2.06239009979181,0.0788562074303627,26.0,494.0
36.2,189,583.35,215,440320,2324,,,,,,,,,,,,
37.7,189,592.05,216,442368,2334,-0.021342827106127515,0.018534742,0.0003,0.2,0.1685546875,-1.1932140313088895,0.5878400802612305,2150,1.9290045163128524,0.2655884921550751,,
36.3,189,580.55,217,444416,2342,-0.023931099943001754,0.022678938,0.0003,0.2,0.202880859375,-1.0898615824058653,0.4627055525779724,2160,1.352821633964777,0.08003683388233185,,
36.4,189,573.57,218,446464,2351,-0.025157840168685653,0.022053346,0.0003,0.2,0.17890625,-1.0710529927164316,0.400299072265625,2170,1.6097220946568995,0.2518197298049927,,
35.1,190,565.12,219,448512,2360,-0.01754022544773761,0.0115381265,0.0003,0.2,0.135400390625,-0.9710159143432975,0.5140557289123535,2180,3.0011670220643283,0.07140061259269714,,
,,,,450000,,-0.02593113087059464,0.021465084,0.0003,0.2,0.197314453125,-1.0762448772788047,0.45207881927490234,2190,1.345536233508028,0.029574740678071976,22.0,415.0
35.7,189,568.08,220,450560,2376,,,,,,,,,,,,
33.3,189,551.7,221,452608,2386,-0.019552583055337892,0.020648487,0.0003,0.2,0.169580078125,-0.9929068211466074,0.4402952790260315,2200,1.7695843233726918,0.046809639781713486,,
32.8,189,554.24,222,454656,2395,-0.020105467792018317,0.022266075,0.0003,0.2,0.1677734375,-0.9814639881253242,0.16322726011276245,2210,1.7939000035636128,0.10052689164876938,,
33.1,189,557.42,223,456704,2404,-0.020863029651809483,0.016873892,0.0003,0.2,0.146630859375,-1.0516323769465088,0.2302001714706421,2220,2.309536592988297,0.16320094466209412,,
31.3,190,542.29,224,458752,2413,-0.024194987167720682,0.020730693,0.0003,0.2,0.165234375,-1.0112579273059965,0.35114961862564087,2230,1.9464982959907502,0.2277761846780777,,
,,,,460000,,-0.028844379654037765,0.023059277,0.0003,0.2,0.208349609375,-1.1330498849973083,0.49066227674484253,2240,1.4296580955618992,0.11113061010837555,32.0,490.8
31.3,189,544.38,225,460800,2431,,,,,,,,,,,,
32.0,189,549.81,226,462848,2440,-0.016404757380951197,0.020711634,0.0003,0.2,0.19638671875,-1.01270121447742,0.673812747001648,2250,0.8118891921592877,0.18661156296730042,,
30.6,189,525.37,227,464896,2449,-0.025130525798886083,0.019963592,0.0003,0.2,0.17421875,-0.976811145991087,0.38369011878967285,2260,2.1630722715053707,0.22306855022907257,,
28.9,189,510.4,228,466944,2457,-0.023466610646573828,0.019966897,0.0003,0.2,0.17919921875,-1.080286850221455,0.37023675441741943,2270,1.6699016928207129,0.0828055590391159,,
28.7,190,510.65,229,468992,2466,-0.02475924057944212,0.019405883,0.0003,0.2,0.169921875,-1.0099437730386853,0.11371791362762451,2280,2.4021897005848585,0.3665315806865692,,
,,,,470000,,-0.021327357756672428,0.01975273,0.0003,0.2,0.184912109375,-1.0947950638830661,0.32862281799316406,2290,1.2415814444888382,0.012955285608768463,56.0,693.8
27.8,189,507.63,230,471040,2487,,,,,,,,,,,,
28.1,189,514.22,231,473088,2497,-0.020692427229369058,0.018305328,0.0003,0.2,0.17744140625,-0.9990515179932118,0.444602906703949,2300,1.38761388824787,0.20686538517475128,,
29.5,189,527.73,232,475136,2508,-0.02277872815611772,0.02180445,0.0003,0.2,0.193896484375,-0.9937072943896055,0.521242082118988,2310,0.8198829626664519,0.035799913108348846,,
29.2,189,530.71,233,477184,2516,-0.023256953308009542,0.02387733,0.0003,0.2,0.201025390625,-0.987631949596107,0.5433324575424194,2320,0.8199242746690288,0.008320890367031097,,
27.0,189,506.3,234,479232,2526,-0.01901841634098673,0.017704519,0.0003,0.2,0.139306640625,-1.0479868452996015,0.38289332389831543,2330,1.5857117594918235,0.07322017848491669,,
,,,,480000,,-0.02044173653703183,0.019875001,0.0003,0.2,0.159375,-1.029097162000835,0.11767572164535522,2340,1.831484193378128,0.0948072150349617,52.0,749.2
27.9,188,510.26,235,481280,2549,,,,,,,,,,,,
28.6,188,518.83,236,483328,2558,-0.01902271642757114,0.015642269,0.0003,0.2,0.15322265625,-1.064758918248117,0.0004367232322692871,2350,1.9741530751809477,0.046660736203193665,,
29.5,188,530.49,237,485376,2569,-0.01980986616181326,0.018599119,0.0003,0.2,0.16201171875,-1.0197265353053808,0.11090642213821411,2360,1.5531714075710625,0.05594121292233467,,
29.8,189,533.28,238,487424,2578,-0.020391239968012086,0.019492071,0.0003,0.2,0.191259765625,-0.9313321623951196,0.4911741018295288,2370,0.994932924117893,0.030196428298950195,,
27.5,189,512.8,239,489472,2588,-0.023259564876207152,0.021370403,0.0003,0.2,0.172314453125,-1.0157725526019932,0.2944796681404114,2380,1.9725862110499293,0.20571443438529968,,
,,,,490000,,-0.019993183006590698,0.017220065,0.0003,0.2,0.156005859375,-0.9775389958173036,0.4276226758956909,2390,1.6985357264988123,0.13756464421749115,38.0,588.0
29.0,188,524.76,240,491520,2608,,,,,,,,,,,,
27.5,188,515.6,241,493568,2616,-0.025627198193978983,0.024887145,0.0003,0.2,0.19443359375,-1.0327025024220347,0.4747265577316284,2400,1.5557805069722235,0.06867527216672897,,
27.6,188,515.27,242,495616,2625,-0.025154484913218766,0.020140395,0.0003,0.2,0.1634765625,-1.0139631047844886,0.29155945777893066,2410,2.4577414904022588,0.46557334065437317,,
27.1,188,512.87,243,497664,2634,-0.028092305111931636,0.020664271,0.0003,0.2,0.19853515625,-1.1040965512394905,0.3324815630912781,2420,1.4539661866379903,0.07983390986919403,,
27.7,188,517.34,244,499712,2644,-0.02301596581673948,0.023997884,0.0003,0.2,0.185205078125,-1.0102641588076948,0.4903876781463623,2430,1.4689335195347666,0.12633812427520752,,
,,,,500000,,-0.02041644487035228,0.020124879,0.0003,0.2,0.172412109375,-1.0060993963852525,0.3228764533996582,2440,1.714539713249542,0.06406717002391815,16.0,460.4
26.3,188,508.28,245,501760,2660,,,,,,,,,,,,
25.2,188,497.83,246,503808,2670,-0.025354258631705307,0.018576708,0.0003,0.2,0.16435546875,-1.0771139450371265,0.2758564352989197,2450,1.8891096114646644,0.09707838296890259,,
24.6,188,489.66,247,505856,2679,-0.021444267046172173,0.021412611,0.0003,0.2,0.1794921875,-0.9721436392515898,0.32686513662338257,2460,1.9569689348340034,0.08731815218925476,,
25.0,188,493.79,248,507904,2688,-0.019556218033540063,0.017354572,0.0003,0.2,0.16220703125,-1.0217198615893721,-0.006235361099243164,2470,1.7862620340660214,0.0625525712966919,,
25.0,189,486.56,249,509952,2697,-0.020858923878404313,0.016308017,0.0003,0.2,0.153466796875,-1.0058494409546257,0.03098011016845703,2480,2.2771444394253195,0.3198991119861603,,
,,,,510000,,-0.026290546770906077,0.020065926,0.0003,0.2,0.1607421875,-1.0261047704145312,0.4572676420211792,2490,2.05977975174319,0.04516726732254028,60.0,785.0
25.4,187,490.9,250,512000,2723,,,,,,,,,,,,
26.7,188,504.56,251,514048,2733,-0.02995061251858715,0.024052786,0.0003,0.2,0.208251953125,-1.0619993947446347,0.3796197772026062,2500,1.348972697253339,0.07333556562662125,,
27.1,188,508.19,252,516096,2742,-0.022031707514543086,0.02348404,0.0003,0.2,0.19365234375,-1.0643126821145414,0.4432677626609802,2510,1.3200286981882527,0.15754330158233643,,
27.6,188,516.77,253,518144,2753,-0.022578460819204338,0.017908076,0.0003,0.2,0.1720703125,-1.0732217943295836,0.3660242557525635,2520,2.377723863022402,0.17439886927604675,,
,,,,520000,,-0.021568165547796524,0.017226962,0.0003,0.2,0.1599609375,-1.0500048177316785,0.38395416736602783,2530,1.7480117594823241,0.06419017910957336,48.0,788.6
28.8,187,525.77,254,520192,2778,,,,,,,,,,,,
28.8,187,521.17,255,522240,2787,-0.024163869555923156,0.02172842,0.0003,0.2,0.173583984375,-1.0466788413003087,0.40591931343078613,2540,1.5068948813015595,0.08111585676670074,,
30.6,187,532.29,256,524288,2797,-0.025279866353957913,0.020149607,0.0003,0.2,0.161181640625,-1.0082797849550844,0.4491003751754761,2550,1.8528265236411243,0.12688717246055603,,
31.1,187,536.66,257,526336,2806,-0.026017445410252547,0.021175515,0.0003,0.2,0.180615234375,-1.0516233302652835,0.5617658495903015,2560,1.410480281105265,0.03913836553692818,,
30.1,187,524.46,258,528384,2816,-0.0239290960598737,0.024428604,0.0003,0.2,0.19921875,-1.155576381459832,0.6371683478355408,2570,1.1816027093445882,0.045766063034534454,,
,,,,530000,,-0.01762581712391693,0.02144594,0.0003,0.2,0.17275390625,-1.0549457754939795,0.2886441946029663,2580,1.5604127718834206,0.07676606625318527,34.0,565.8
30.3,187,528.51,259,530432,2834,,,,,,,,,,,,
30.4,187,528.32,260,532480,2844,-0.025607958392356522,0.023775002,0.0003,0.2,0.194091796875,-1.0102144237607718,0.31038957834243774,2590,1.752366808266379,0.05465804040431976,,
30.4,187,529.16,261,534528,2853,-0.024859543101047165,0.026034798,0.0003,0.2,0.2072265625,-1.1057521050795913,0.39876681566238403,2600,1.184918234543875,0.09192845225334167,,
29.0,187,509.82,262,536576,2862,-0.02436466316867154,0.014322825,0.0003,0.2,0.15615234375,-1.0929305106401443,0.2968946695327759,2610,1.737292162887752,0.21599294245243073,,
29.1,187,510.2,263,538624,2871,-0.02897531891358085,0.020538567,0.0003,0.2,0.17626953125,-1.0410639898851515,0.500542163848877,2620,1.370293449680321,0.035301029682159424,,
,,,,540000,,-0.028784419081057423,0.019259948,0.0003,0.2,0.181494140625,-1.1059822691604495,0.5224127769470215,2630,1.243819898739457,0.04669376462697983,10.0,468.8
28.5,187,510.54,264,540672,2888,,,,,,,,,,,,
26.4,187,492.36,265,542720,2897,-0.02746203932329081,0.019392246,0.0003,0.2,0.17900390625,-1.0752645554021,0.31047290563583374,2640,1.8642707854975016,0.11180154234170914,,
27.4,187,502.58,266,544768,2906,-0.023657911838381552,0.016460065,0.0003,0.2,0.159814453125,-1.1042969817295671,0.22052472829818726,2650,2.696308778040111,0.07043581455945969,,
28.9,187,510.76,267,546816,2916,-0.022337689594132827,0.019427178,0.0003,0.2,0.170751953125,-1.1115610994398595,0.2990952730178833,2660,1.9812352963956072,0.11961007118225098,,
26.9,187,496.9,268,548864,2925,-0.02388488236174453,0.020693151,0.0003,0.2,0.18505859375,-1.1401565788313746,0.4542240500450134,2670,1.8394716073293238,0.04548666998744011,,
,,,,550000,,-0.02649843397375662,0.01988339,0.0003,0.2,0.1873046875,-1.1065877387300134,0.3601863980293274,2680,1.5947250191122293,0.14182622730731964,46.0,717.8
28.5,186,506.09,269,550912,2948,,,,,,,,,,,,
29.1,186,512.0,270,552960,2957,-0.026295587929780595,0.017959274,0.0003,0.2,0.158544921875,-1.107321117259562,0.4705709218978882,2690,2.509594033751637,0.23504306375980377,,
30.1,187,525.37,271,555008,2967,-0.024963401589775457,0.021246895,0.0003,0.2,0.187841796875,-1.1052717240527272,0.5513466596603394,2700,1.3234101545298471,0.03051700070500374,,
29.5,187,525.31,272,557056,2976,-0.027967964531853795,0.023696756,0.0003,0.2,0.199658203125,-1.0861321944743394,-0.054595947265625,2710,1.0013708550017326,0.013324286788702011,,
30.1,187,533.78,273,559104,2984,-0.027225094712048304,0.024301087,0.0003,0.2,0.201123046875,-1.1996281746774913,0.42501968145370483,2720,1.2071657927474007,0.11411231756210327,,
,,,,560000,,-0.019336137385107578,0.017943555,0.0003,0.2,0.1455078125,-1.0872782776132226,0.24530649185180664,2730,2.089814034849405,0.24384012818336487,52.0,703.2
29.8,186,534.27,274,561152,3007,,,,,,,,,,,,
29.9,186,535.39,275,563200,3017,-0.029965986136812717,0.0238883,0.0003,0.2,0.19892578125,-1.1153309997171164,0.3930431008338928,2740,1.2054943891009315,0.027814701199531555,,
30.0,186,539.62,276,565248,3028,-0.024710248183691875,0.022963991,0.0003,0.2,0.18349609375,-1.1130315056070685,0.43438494205474854,2750,1.4462964235572144,0.05483127757906914,,
28.7,186,528.33,277,567296,3038,-0.030993923774803988,0.025126034,0.0003,0.2,0.207763671875,-1.0765835862606763,0.38510662317276,2760,1.3052320095710457,0.09698864817619324,,
29.3,186,538.08,278,569344,3048,-0.028437837192905137,0.023434147,0.0003,0.2,0.190673828125,-1.0277248822152614,0.2393174171447754,2770,1.8530663654441013,0.18623721599578857,,
,,,,570000,,-0.02941186258685775,0.030532066,0.0003,0.2,0.25458984375,-1.1718676276504993,0.25911271572113037,2780,1.2660160675877705,0.04077020660042763,6.0,262.2
27.5,186,517.21,279,571392,3062,,,,,,,,,,,,
27.6,186,521.86,280,573440,3071,-0.022134705880307592,0.020766523,0.0003,0.2,0.160888671875,-0.9835966205224395,0.39487171173095703,2790,1.5541194997727872,0.06955616921186447,,
27.8,186,525.6,281,575488,3080,-0.029404310941754375,0.021022826,0.0003,0.2,0.170263671875,-1.0214883083477617,0.250665545463562,2800,1.696947357431054,0.05883665010333061,,
26.7,186,513.79,282,577536,3090,-0.02553135971247684,0.02145018,0.0003,0.2,0.178515625,-1.0108480682596563,0.3634311556816101,2810,1.3785187924979254,0.08731941878795624,,
26.2,187,507.69,283,579584,3099,-0.02554621215094812,0.020386035,0.0003,0.2,0.18232421875,-1.0712917236611248,0.24664306640625,2820,2.0656957498751582,0.06994110345840454,,
,,,,580000,,-0.025222735246643424,0.0215225,0.0003,0.2,0.171533203125,-1.0061492210254073,0.3554782271385193,2830,1.8337158436188474,0.06495103240013123,82.0,849.8
27.2,186,512.47,284,581632,3123,,,,,,,,,,,,
28.6,186,523.21,285,583680,3133,-0.028492562167230062,0.022087675,0.0003,0.2,0.196337890625,-1.1139281602576374,0.32331448793411255,2840,1.3745787808904424,0.013204235583543777,,
29.9,186,533.28,286,585728,3143,-0.02793173760001082,0.021043157,0.0003,0.2,0.187841796875,-0.9601279823109508,0.33102166652679443,2850,1.3840522296726703,0.07047729194164276,,
32.2,186,554.28,287,587776,3152,-0.025812031744862907,0.025124785,0.0003,0.2,0.192236328125,-1.0490406500175595,0.5984309315681458,2860,0.8587717106333003,0.023994475603103638,,
32.1,186,550.83,288,589824,3161,-0.028338279941817746,0.019657075,0.0003,0.2,0.168994140625,-1.069294204749167,0.33776402473449707,2870,2.275788633385673,0.2418327033519745,,
,,,,590000,,-0.02265986016645911,0.019137755,0.0003,0.2,0.180126953125,-1.0476788306608795,0.45055919885635376,2880,1.4839082048041745,0.026861101388931274,66.0,918.0
32.3,185,554.62,289,591872,3190,,,,,,,,,,,,
33.7,185,565.43,290,593920,3198,-0.024228179885540158,0.025213521,0.0003,0.2,0.205419921875,-1.1417285535484551,0.5454869866371155,2890,1.0065899326466023,0.026890747249126434,,
36.4,185,582.02,291,595968,3208,-0.027982567422441207,0.02271818,0.0003,0.2,0.173193359375,-1.1066327985376119,0.5392175316810608,2900,1.9215829068794847,0.15637537837028503,,
35.4,185,570.1,292,598016,3217,-0.024031241959892213,0.02035598,0.0003,0.2,0.164990234375,-1.0870497561991215,0.49409687519073486,2910,1.6719887575134635,0.1060463935136795,,
,,,,600000,,-0.021438680350547655,0.020330673,0.0003,0.2,0.16474609375,-1.1075043810531497,0.4538418650627136,2920,1.9581937469774857,0.06649870425462723,44.0,628.8
37.0,185,582.11,293,600064,3237,,,,,,,,,,,,
37.9,185,591.84,294,602112,3246,-0.026521060269442388,0.015309989,0.0003,0.2,0.153125,-1.1140994975343346,0.4175953269004822,2930,2.4073917725589125,0.08274997770786285,,
35.4,185,569.07,295,604160,3254,-0.027893522864906116,0.022829674,0.0003,0.2,0.198193359375,-1.0829155942425133,0.5067055225372314,2940,1.3500187679193913,0.11853546649217606,,
37.2,185,583.96,296,606208,3264,-0.022276278484787325,0.016879395,0.0003,0.2,0.146533203125,-1.0932731665670872,0.365597128868103,2950,2.4462780454196036,0.1033313125371933,,
37.1,185,585.42,297,608256,3274,-0.024952680329442957,0.022431102,0.0003,0.2,0.182568359375,-1.0564105831086636,0.548407793045044,2960,1.531975883222185,0.1400158554315567,,
,,,,610000,,-0.027403188444441184,0.02210687,0.0003,0.2,0.19658203125,-1.047160504758358,0.659920871257782,2970,1.2423694388940931,0.020429760217666626,40.0,510.0
37.9,185,594.44,298,610304,3292,,,,,,,,,,,,
38.4,185,600.03,299,612352,3301,-0.03020978884305805,0.02461341,0.0003,0.2,0.189892578125,-1.0252819117158651,0.016061902046203613,2980,2.0375886731781065,0.10005676001310349,,
39.2,185,603.83,300,614400,3310,-0.0277102288644528,0.021907307,0.0003,0.2,0.17587890625,-1.0417881526052952,0.3170868158340454,2990,1.7358823906397447,0.049881599843502045,,
40.3,185,607.4,301,616448,3319,-0.027736542938509957,0.020554166,0.0003,0.2,0.184423828125,-0.9750832019373774,0.46343523263931274,3000,1.8791446133051068,0.45646145939826965,,
40.2,185,604.05,302,618496,3328,-0.02766880079288967,0.022830712,0.0003,0.2,0.17646484375,-0.9758015498518944,0.4694967269897461,3010,1.3840620193164797,0.021810945123434067,,
,,,,620000,,-0.024303984240395947,0.016064618,0.0003,0.2,0.14033203125,-0.9365077961236239,-0.06521737575531006,3020,2.8474037517327817,0.37203678488731384,68.0,816.6
40.9,185,605.3,303,620544,3352,,,,,,,,,,,,
41.2,185,606.95,304,622592,3360,-0.02788690823945217,0.023771983,0.0003,0.2,0.191552734375,-1.0245827665552496,0.147150456905365,3030,2.2449209855869414,0.5526350736618042,,
41.0,185,605.8,305,624640,3369,-0.026427528655040076,0.019481592,0.0003,0.2,0.183642578125,-1.0658905532211065,0.5243239402770996,3040,2.780795308155939,0.5694716572761536,,
42.3,185,613.14,306,626688,3378,-0.027836482223938218,0.02532408,0.0003,0.2,0.18955078125,-1.0568880826234817,0.5961548686027527,3050,1.2512426214991137,0.015520092099905014,,
43.3,185,620.38,307,628736,3387,-0.02694570134335663,0.022973083,0.0003,0.2,0.188720703125,-1.0004592260345817,0.556230366230011,3060,1.6806357544846833,0.04223322123289108,,
,,,,630000,,-0.020144326164154337,0.020507373,0.0003,0.2,0.157861328125,-1.0110035913065076,0.46436017751693726,3070,1.8432557981926947,0.24353677034378052,52.0,725.2
43.5,184,615.46,308,630784,3410,,,,,,,,,,,,
44.0,185,621.59,309,632832,3418,-0.020252736448310316,0.02162679,0.0003,0.2,0.204931640625,-1.000369518995285,0.5376657247543335,3080,1.1470444091130048,0.09760866314172745,,
44.6,185,624.59,310,634880,3428,-0.031207276025088503,0.019897465,0.0003,0.2,0.193017578125,-1.0108790187165142,0.5882511138916016,3090,1.1523137962445618,0.0340297669172287,,
43.3,185,608.7,311,636928,3437,-0.02544895781611558,0.01790452,0.0003,0.2,0.158935546875,-1.0293357230722904,0.4640992283821106,3100,1.921670556953177,0.1507842242717743,,
43.1,185,608.79,312,638976,3445,-0.026315141792292707,0.019201033,0.0003,0.2,0.15400390625,-0.8941663911566138,0.306998610496521,3110,2.290517103788443,0.14640286564826965,,
,,,,640000,,-0.02355749199341517,0.018729499,0.0003,0.2,0.1578125,-1.0314619997516274,0.4813283085823059,3120,1.9020727892871947,0.07985322177410126,24.0,448.0
44.2,185,617.15,313,641024,3461,,,,,,,,,,,,
41.9,185,600.96,314,643072,3470,-0.02390282576016034,0.023571137,0.0003,0.2,0.18896484375,-0.9761246014386415,0.2245783805847168,3130,1.6430573299061506,0.04789194464683533,,
38.5,185,576.28,315,645120,3479,-0.025710398197406902,0.022622924,0.0003,0.2,0.174365234375,-0.9897755075246095,0.24421381950378418,3140,2.289519018889405,0.06579893827438354,,
38.2,185,574.42,316,647168,3488,-0.028050600408460014,0.023855984,0.0003,0.2,0.1771484375,-0.9553073786199093,0.18861770629882812,3150,1.6783115183468909,0.03399837017059326,,
37.0,185,568.04,317,649216,3497,-0.01857189824368106,0.020246942,0.0003,0.2,0.1548828125,-0.8743477219715714,0.16802674531936646,3160,1.9063758878502994,0.07313855737447739,,
,,,,650000,,-0.022280569243594072,0.019994188,0.0003,0.2,0.1595703125,-0.9001124007627368,0.2658420205116272,3170,1.6635908801108599,0.08819612115621567,14.0,400.0
34.3,185,552.17,318,651264,3512,,,,,,,,,,,,
34.6,185,555.22,319,653312,3522,-0.02193157256406266,0.023067996,0.0003,0.2,0.19677734375,-1.1133352903649212,0.33044135570526123,3180,1.840663251071237,0.09777678549289703,,
32.4,185,534.49,320,655360,3531,-0.023303437646245585,0.023053315,0.0003,0.2,0.17412109375,-1.0512978076934814,0.36232322454452515,3190,1.5097467138897627,0.041719950735569,,
32.7,185,538.71,321,657408,3540,-0.03539073164283764,0.024620451,0.0003,0.2,0.210986328125,-1.0401838410645723,0.24133163690567017,3200,1.4694649452576414,0.06045906990766525,,
31.6,185,530.49,322,659456,3549,-0.025466826380579732,0.01967486,0.0003,0.2,0.165771484375,-0.9969456316903234,0.12162518501281738,3210,2.3769068975932894,0.09255211800336838,,
,,,,660000,,-0.02326126876287162,0.025219576,0.0003,0.2,0.17666015625,-0.9761342003941536,0.09449344873428345,3220,1.3265941011952236,0.023748107254505157,26.0,429.4
29.0,185,504.93,323,661504,3565,,,,,,,,,,,,
25.9,185,480.5,324,663552,3573,-0.026844352614716627,0.021871284,0.0003,0.2,0.18125,-1.0166022697463633,0.49530136585235596,3230,1.3880691549857147,0.03877783566713333,,
26.6,185,488.25,325,665600,3582,-0.022397161586559376,0.024266584,0.0003,0.2,0.175390625,-1.0363722126930952,0.08160519599914551,3240,2.628114175098017,0.2865654230117798,,
27.3,185,494.94,326,667648,3591,-0.0307182705932064,0.027998086,0.0003,0.2,0.220849609375,-1.1335150107741356,0.5428687334060669,3250,1.1015252460027114,0.043287184089422226,,
25.8,186,482.01,327,669696,3599,-0.02936058930645231,0.021117773,0.0003,0.2,0.201171875,-1.1284378034994007,0.5557072162628174,3260,1.0314193363999948,0.02490764483809471,,
,,,,670000,,-0.031081128731602802,0.02083838,0.0003,0.2,0.1958984375,-1.113258142583072,0.4465705156326294,3270,1.5419929553056135,0.05527656525373459,-2.0,277.8
25.4,185,482.71,328,671744,3612,,,,,,,,,,,,
23.5,186,470.03,329,673792,3620,-0.026303899829508738,0.01953989,0.0003,0.2,0.165234375,-1.0443958904594184,0.3521766662597656,3280,1.5941643323749304,0.09019126743078232,,
21.6,186,456.29,330,675840,3629,-0.031099187428480946,0.022982124,0.0003,0.2,0.18486328125,-1.0682025307789444,0.45552879571914673,3290,1.3041491607204079,0.0010035261511802673,,
20.6,186,449.26,331,677888,3637,-0.023396458994830026,0.022057626,0.0003,0.2,0.156982421875,-1.0008856469765306,0.36501675844192505,3300,2.1150749685708434,0.29008403420448303,,
21.0,186,453.39,332,679936,3646,-0.02331968228390906,0.02433841,0.0003,0.2,0.179638671875,-1.0055254224687815,0.38266652822494507,3310,1.1163633110234514,0.027595557272434235,,
,,,,680000,,-0.024646441338700243,0.022593651,0.0003,0.2,0.183935546875,-1.0068415286019445,0.4230189323425293,3320,1.614643625356257,0.04208778589963913,36.0,517.0
20.7,186,448.8,333,681984,3662,,,,,,,,,,,,
21.0,186,451.33,334,684032,3670,-0.02900817490153713,0.022879168,0.0003,0.2,0.189990234375,-1.1395822130143642,0.30274343490600586,3330,2.18932729922235,0.09642044454813004,,
18.6,186,436.61,335,686080,3680,-0.020904267439618707,0.019197017,0.0003,0.2,0.16298828125,-0.9746987164020539,0.30127984285354614,3340,2.2654653209727256,0.15161044895648956,,
19.9,186,445.53,336,688128,3688,-0.028593184537021442,0.023145434,0.0003,0.2,0.220703125,-1.0387255543842913,0.4270603060722351,3350,1.075267145386897,-0.0004511028528213501,,
,,,,690000,,-0.02816763941955287,0.023637794,0.0003,0.2,0.1837890625,-1.0287759693339467,0.25052857398986816,3360,1.9110249980818481,0.06997515261173248,62.0,812.0
20.7,185,447.26,337,690176,3711,,,,,,,,,,,,
21.0,186,449.05,338,692224,3720,-0.02150730287830811,0.019003294,0.0003,0.2,0.156982421875,-0.9462602268904448,0.2472490668296814,3370,2.134645504085347,0.08270813524723053,,
21.5,186,449.55,339,694272,3728,-0.026429213309893385,0.025950054,0.0003,0.2,0.18212890625,-1.0342339761555195,0.4012210965156555,3380,1.4701548687880859,0.14968183636665344,,
21.3,186,448.01,340,696320,3736,-0.02610907479247544,0.033112235,0.0003,0.2,0.226611328125,-1.0885881057009101,0.4332699775695801,3390,1.1679188028909266,-0.013340406119823456,,
23.1,186,460.83,341,698368,3746,-0.02593704052414978,0.02542934,0.0003,0.2,0.189306640625,-1.081990979425609,0.38474351167678833,3400,1.680512712849304,0.008388273417949677,,
,,,,700000,,-0.027765094599453734,0.022342168,0.0003,0.2,0.17119140625,-0.883443147316575,0.41505587100982666,3410,1.678061886737123,-0.012303657829761505,38.0,623.2
24.2,186,467.38,342,700416,3765,,,,,,,,,,,,
24.6,186,469.08,343,702464,3774,-0.029923346315626986,0.019811075,0.0003,0.2,0.1712890625,-0.9720738429576159,0.5811797380447388,3420,1.6874842597637325,0.5371941328048706,,
26.5,186,482.88,344,704512,3783,-0.026003371020487977,0.019178757,0.0003,0.2,0.159228515625,-0.9351779885590077,0.327908992767334,3430,2.124406496156007,0.09174568951129913,,
27.1,186,488.9,345,706560,3791,-0.029295656204340048,0.020984419,0.0003,0.2,0.1654296875,-1.0974426286295056,0.2938595414161682,3440,1.8177039317786694,0.038945429027080536,,
29.2,186,497.69,346,708608,3801,-0.029200722399400546,0.021617167,0.0003,0.2,0.18408203125,-1.0576491679996252,0.5475041270256042,3450,1.5344755790662021,0.15162834525108337,,
,,,,710000,,-0.03017007082817145,0.022267606,0.0003,0.2,0.19375,-1.0748989082872868,0.5810444355010986,3460,1.6372424333821982,0.03672421723604202,30.0,477.0
30.2,186,508.7,347,710656,3819,,,,,,,,,,,,
31.2,186,513.07,348,712704,3827,-0.02663180824602023,0.02527484,0.0003,0.2,0.1857421875,-1.0497401306405663,0.198300302028656,3470,2.6751279902644454,0.028981968760490417,,
31.7,186,519.15,349,714752,3836,-0.02689312048605643,0.024104906,0.0003,0.2,0.20546875,-1.0615235717967153,0.584216296672821,3480,1.1816384403267874,0.09615109860897064,,
32.1,186,520.99,350,716800,3845,-0.022552916783024558,0.020286899,0.0003,0.2,0.162548828125,-1.062742699868977,0.42789316177368164,3490,1.7199966988293454,0.23686888813972473,,
32.3,186,523.32,351,718848,3854,-0.024092051590560003,0.02137882,0.0003,0.2,0.19765625,-1.0682064326480032,0.31102973222732544,3500,2.884718672093004,0.24487419426441193,,
,,,,720000,,-0.03287471871299204,0.024382638,0.0003,0.2,0.19169921875,-0.9977456213906407,0.07069313526153564,3510,2.145948949083686,0.3021068274974823,30.0,550.0
32.5,186,527.07,352,720896,3874,,,,,,,,,,,,
33.5,186,537.04,353,722944,3883,-0.024945680840755814,0.023801275,0.0003,0.2,0.19443359375,-0.9704108232632279,0.3862350583076477,3520,1.5142288602655753,0.03441056236624718,,
33.8,186,536.56,354,724992,3892,-0.0315328332115314,0.026571237,0.0003,0.2,0.200830078125,-0.9502265041694045,0.6638847589492798,3530,0.7913243176415563,0.03163430839776993,,
35.1,186,546.97,355,727040,3900,-0.027764935718732887,0.018140271,0.0003,0.2,0.170458984375,-0.8824449814856052,0.29003721475601196,3540,1.787340669054538,0.02868194878101349,,
35.6,186,550.62,356,729088,3911,-0.029477568916627207,0.021311298,0.0003,0.2,0.190234375,-1.115463326498866,0.30608344078063965,3550,1.8634816914331167,0.13207294046878815,,
,,,,730000,,-0.03242369867512025,0.02429578,0.0003,0.2,0.212451171875,-1.0273028654977678,0.2515197992324829,3560,1.5630770557327196,0.16040797531604767,52.0,678.4
36.6,185,561.05,357,731136,3932,,,,,,,,,,,,
37.4,186,567.66,358,733184,3940,-0.025524138036416844,0.018734798,0.0003,0.2,0.162060546875,-1.046455412916839,0.4221763610839844,3570,2.1613020667340606,0.07455907016992569,,
38.1,186,570.7,359,735232,3950,-0.027524803177220745,0.019028053,0.0003,0.2,0.180810546875,-1.0127212427556516,0.5498803853988647,3580,1.647188191767782,0.07443439215421677,,
38.4,186,573.58,360,737280,3959,-0.025528824559296483,0.01882801,0.0003,0.2,0.146728515625,-1.0270032746717335,0.35380011796951294,3590,2.8178219857160003,0.15932777523994446,,
38.2,186,572.3,361,739328,3968,-0.030715239170240237,0.02416328,0.0003,0.2,0.206982421875,-1.0090217117220164,0.5090444087982178,3600,1.3641231617657468,0.02004256844520569,,
,,,,740000,,-0.030741245776880533,0.025552498,0.0003,0.2,0.194482421875,-1.0389270210638641,0.3602612614631653,3610,1.731263613793999,0.02998415380716324,12.0,339.8
37.9,186,570.42,362,741376,3982,,,,,,,,,,,,
39.1,186,575.92,363,743424,3991,-0.027522327181941364,0.023436029,0.0003,0.2,0.168115234375,-1.04402126185596,0.00913316011428833,3620,3.4077765833586455,0.153957337141037,,
39.0,186,574.3,364,745472,4000,-0.02922048029140569,0.026269458,0.0003,0.2,0.18271484375,-0.992144806869328,0.5447002649307251,3630,1.464751782407984,0.032472915947437286,,
37.4,186,562.24,365,747520,4009,-0.031516568234656005,0.025759928,0.0003,0.2,0.207666015625,-1.0165542203933,0.31871217489242554,3640,1.8799268600996584,0.4951867461204529,,
38.4,186,570.93,366,749568,4018,-0.026425488383392804,0.021923393,0.0003,0.2,0.1822265625,-1.0553059024736284,0.16656410694122314,3650,2.179149740701541,0.11301885545253754,,
,,,,750000,,-0.0327991792204557,0.026319018,0.0003,0.2,0.232470703125,-1.0755152625963091,0.4301303029060364,3660,1.183660677773878,0.016562625765800476,38.0,647.8
38.8,186,573.87,367,751616,4039,,,,,,,,,,,,
40.1,186,582.73,368,753664,4048,-0.021359700709581375,0.028285768,0.0003,0.2,0.1677734375,-0.9894676383584737,0.23058629035949707,3670,2.3377968265675007,0.16313284635543823,,
40.0,186,582.39,369,755712,4057,-0.028549415059387684,0.018776502,0.0003,0.2,0.165966796875,-1.025771169923246,0.26704585552215576,3680,2.1722017782740295,0.1587618738412857,,
40.3,186,587.95,370,757760,4066,-0.03217355032684281,0.028520478,0.0003,0.2,0.216357421875,-1.0801803702488542,0.6475112438201904,3690,1.1586931307567283,0.04885037988424301,,
39.5,186,583.61,371,759808,4075,-0.026197486788441894,0.026480801,0.0003,0.2,0.191552734375,-1.0452299926429987,0.5583871603012085,3700,1.5374273859895766,0.042525388300418854,,
,,,,760000,,-0.026798406470334157,0.020356126,0.0003,0.2,0.1900390625,-1.10865795686841,0.2965303063392639,3710,1.9257850669091567,0.054920095950365067,14.0,372.6
38.4,186,579.58,372,761856,4090,,,,,,,,,,,,
38.0,186,573.77,373,763904,4099,-0.031004900933476166,0.026497785,0.0003,0.2,0.20419921875,-1.0252847446128726,0.5780439376831055,3720,1.1881647017551586,0.0566401481628418,,
36.7,186,566.06,374,765952,4108,-0.028178688796469942,0.028022517,0.0003,0.2,0.197216796875,-0.9964985011145473,-0.13743650913238525,3730,1.6376582806697115,0.11195459216833115,,
36.2,186,561.72,375,768000,4117,-0.026166929191094822,0.018274426,0.0003,0.2,0.1595703125,-1.035577884875238,0.21795552968978882,3740,2.7107424541842193,0.2068518102169037,,
,,,,770000,,-0.031032918143318967,0.024006933,0.0003,0.2,0.19892578125,-1.0520135551691054,0.5049460530281067,3750,1.9055322015890852,0.04821115732192993,24.0,448.0
36.7,186,567.49,376,770048,4134,,,,,,,,,,,,
37.3,186,570.1,377,772096,4143,-0.030403446103446186,0.030024394,0.0003,0.2,0.2259765625,-1.109530158340931,0.4259430766105652,3760,1.239620184712112,0.0013861358165740967,,
37.1,186,566.33,378,774144,4152,-0.0308914074965287,0.02444772,0.0003,0.2,0.212158203125,-1.0596494799479843,0.28097277879714966,3770,1.6193652674090118,0.19396698474884033,,
35.0,186,548.32,379,776192,4161,-0.028867140965303406,0.026813217,0.0003,0.2,0.215673828125,-1.0757276920601726,0.5594321489334106,3780,1.3669373975601047,0.03707661107182503,,
34.6,186,544.5,380,778240,4169,-0.025237065929104574,0.022584401,0.0003,0.2,0.17080078125,-1.0663963770493865,0.11263442039489746,3790,2.1719240865670146,0.17748403549194336,,
,,,,780000,,-0.03011993078980595,0.022903752,0.0003,0.2,0.2015625,-1.09276617243886,0.38088130950927734,3800,1.5044240790884942,-0.001464739441871643,20.0,384.6
35.1,186,549.35,381,780288,4185,,,,,,,,,,,,
34.6,186,543.39,382,782336,4193,-0.023235168724204412,0.020332474,0.0003,0.2,0.176611328125,-1.1226117100566626,0.43734681606292725,3810,1.5270819590892644,0.04113361984491348,,
34.3,186,542.9,383,784384,4202,-0.02980503370927181,0.023403872,0.0003,0.2,0.19814453125,-1.0451626535505056,0.37227267026901245,3820,1.7029654250014574,0.10757912695407867,,
33.2,186,531.34,384,786432,4211,-0.03281473874812946,0.0269355,0.0003,0.2,0.214697265625,-1.0583528328686953,0.33190518617630005,3830,1.134425484878011,0.02529498189687729,,
32.3,186,525.69,385,788480,4219,-0.03280466581636574,0.02486835,0.0003,0.2,0.245947265625,-1.173109906539321,0.4572194218635559,3840,1.3534042591461912,0.03927367925643921,,
,,,,790000,,-0.029596552232396788,0.017901603,0.0003,0.2,0.16552734375,-1.0698993310332299,0.026422441005706787,3850,2.689015608513728,0.08432918787002563,4.0,287.2
32.2,186,525.35,386,790528,4233,,,,,,,,,,,,
32.6,186,529.14,387,792576,4242,-0.03278660859796219,0.027736273,0.0003,0.2,0.22490234375,-1.1171618353575468,0.4334496855735779,3860,0.9705262229545042,-0.009875312447547913,,
34.0,186,539.25,388,794624,4251,-0.030858471320243552,0.023767848,0.0003,0.2,0.205615234375,-1.0945137728005647,0.18773549795150757,3870,1.7041402289876715,0.03416244685649872,,
34.3,186,544.06,389,796672,4260,-0.030868798165465706,0.023444723,0.0003,0.2,0.19931640625,-1.0526797188445927,0.4971081018447876,3880,1.2772634787485004,0.07429198920726776,,
34.3,187,542.73,390,798720,4270,-0.03184584141126834,0.024480682,0.0003,0.2,0.231298828125,-1.1231264386326074,0.4771595001220703,3890,1.6031288814498112,0.03710836172103882,,
,,,,800000,,-0.026767862793349195,0.022126399,0.0003,0.2,0.160400390625,-1.0612010478973388,0.3487400412559509,3900,2.5465186066459866,0.14366033673286438,56.0,673.0
35.6,186,553.1,391,800768,4291,,,,,,,,,,,,
36.0,186,555.69,392,802816,4300,-0.030902061314554884,0.02179106,0.0003,0.2,0.19287109375,-1.1022105399519204,0.18432432413101196,3910,1.9683366466779262,0.11603084206581116,,
36.4,186,560.31,393,804864,4310,-0.028720731203793547,0.020028245,0.0003,0.2,0.156884765625,-1.051265607215464,0.4617155194282532,3920,1.3949663595296442,0.04025248438119888,,
35.2,186,552.0,394,806912,4319,-0.031056720923515968,0.023895357,0.0003,0.2,0.1955078125,-1.1137320432811975,0.32934707403182983,3930,1.6083976455731317,0.02777748927474022,,
35.3,186,555.72,395,808960,4329,-0.028205965491360986,0.023732435,0.0003,0.2,0.183447265625,-1.0793847132474184,0.212723970413208,3940,2.0465897742891683,0.03409318998456001,,
,,,,810000,,-0.033808470354415476,0.026611544,0.0003,0.2,0.20546875,-0.951399895735085,0.6393452882766724,3950,1.0436753352638335,0.0602586604654789,82.0,847.4
33.7,186,540.6,396,811008,4355,,,,,,,,,,,,
32.0,186,525.09,397,813056,4365,-0.025771264743525535,0.022333706,0.0003,0.2,0.177294921875,-1.0617651944980024,0.23800873756408691,3960,2.335308603802696,0.09357327222824097,,
30.2,186,512.38,398,815104,4374,-0.02788839466229547,0.021497652,0.0003,0.2,0.167236328125,-1.0410679468885065,-0.20907270908355713,3970,2.3824034937191754,0.06283268332481384,,
30.2,186,516.43,399,817152,4384,-0.025752709328662603,0.017673971,0.0003,0.2,0.146142578125,-1.0622413339093328,-0.11094605922698975,3980,2.5118263305630535,0.19016656279563904,,
29.6,186,516.22,400,819200,4393,-0.029185830475762488,0.02551506,0.0003,0.2,0.20068359375,-0.9962592955678702,0.37445884943008423,3990,1.2554050653241575,-0.00024386495351791382,,
,,,,820000,,-0.02841255548701156,0.023331568,0.0003,0.2,0.202587890625,-1.0961342364549638,0.10210615396499634,4000,1.8681143319467082,-0.010046340525150299,22.0,502.4
28.3,186,503.5,401,821248,4411,,,,,,,,,,,,
28.1,186,502.41,402,823296,4420,-0.027750248607480897,0.022417651,0.0003,0.2,0.1798828125,-1.0807526156306266,0.28413283824920654,4010,1.5958536200923845,0.13453277945518494,,
27.9,186,496.92,403,825344,4428,-0.023120823470526373,0.01950449,0.0003,0.2,0.1771484375,-1.0607359442859887,0.4126433730125427,4020,2.1801476349355653,0.1005651205778122,,
28.5,186,498.18,404,827392,4437,-0.031863904962665404,0.025309417,0.0003,0.2,0.213916015625,-1.0386607583612204,0.5057920217514038,4030,1.1354414460714906,0.045747704803943634,,
28.9,186,499.31,405,829440,4446,-0.03407519156753551,0.025362,0.0003,0.2,0.193212890625,-1.0345599625259638,0.36046159267425537,4040,1.539022402348928,-0.007135719060897827,,
,,,,830000,,-0.03344273051916389,0.023270972,0.0003,0.2,0.206787109375,-1.132601822912693,0.2215425968170166,4050,1.5744279634673148,0.06249671429395676,60.0,682.4
29.0,186,499.13,406,831488,4468,,,,,,,,,,,,
28.4,186,489.54,407,833536,4477,-0.030789597003604285,0.022218898,0.0003,0.2,0.179931640625,-1.0509943453595043,0.37807780504226685,4060,1.625732991565019,0.323593407869339,,
28.8,186,492.86,408,835584,4485,-0.03575622754724463,0.024454337,0.0003,0.2,0.210009765625,-1.1092379361391067,0.3967260718345642,4070,1.7185004849685357,0.06858539581298828,,
28.3,186,488.89,409,837632,4495,-0.028392771897779313,0.022341946,0.0003,0.2,0.21171875,-1.0989201042801142,0.47519922256469727,4080,1.2700480064144357,-0.0056605711579322815,,
28.2,186,485.84,410,839680,4503,-0.03218270755605772,0.03125435,0.0003,0.2,0.221826171875,-1.0853164346888662,0.2942224144935608,4090,1.7679445008747279,0.0027624964714050293,,
,,,,840000,,-0.030942337526357732,0.020664189,0.0003,0.2,0.19248046875,-1.153992922976613,0.42844146490097046,4100,1.8277136465301738,0.11319950222969055,38.0,547.4
29.3,186,492.28,411,841728,4523,,,,,,,,,,,,
26.9,186,472.5,412,843776,4532,-0.03314895126823103,0.02537115,0.0003,0.2,0.20751953125,-1.0996299223974346,0.45570242404937744,4110,1.3849961881060153,0.056996192783117294,,
26.3,186,470.28,413,845824,4542,-0.03479288088856265,0.025623297,0.0003,0.2,0.203369140625,-1.1142317526042462,0.1796114444732666,4120,2.353972405358218,0.03820403665304184,,
26.3,186,467.82,414,847872,4551,-0.03633912440855056,0.02537832,0.0003,0.2,0.223681640625,-1.1143943797796965,0.2827848792076111,4130,1.4845226417528465,0.00902199000120163,,
25.5,186,462.0,415,849920,4560,-0.036827399703906846,0.02945457,0.0003,0.2,0.2244140625,-1.123373124189675,0.4808617830276489,4140,1.0528492409037427,-0.003124173730611801,,
,,,,850000,,-0.03088221171637997,0.02027643,0.0003,0.2,0.177392578125,-1.058825791440904,0.39405667781829834,4150,2.300249398779124,0.034599386155605316,24.0,492.0
26.9,186,474.62,416,851968,4579,,,,,,,,,,,,
28.5,186,478.57,417,854016,4589,-0.03199180793890264,0.027191004,0.0003,0.2,0.21865234375,-1.0463265707716345,0.5676740407943726,4160,1.334940639557317,0.06016816571354866,,
28.5,186,481.83,418,856064,4597,-0.026629657275043427,0.023004651,0.0003,0.2,0.196923828125,-1.0526391120627523,0.5250741839408875,4170,1.8249918305315078,0.09219660609960556,,
28.7,186,481.85,419,858112,4607,-0.03188582822622266,0.023204982,0.0003,0.2,0.1958984375,-1.1190605713054538,0.6066690683364868,4180,1.3263699515722691,0.040237441658973694,,
,,,,860000,,-0.02720454260124825,0.020608585,0.0003,0.2,0.171337890625,-1.0811326619237662,0.3503885865211487,4190,1.7811619511106982,0.0827394500374794,20.0,384.2
29.4,186,487.18,420,860160,4623,,,,,,,,,,,,
30.9,186,498.49,421,862208,4632,-0.02567351289326325,0.023596369,0.0003,0.2,0.176708984375,-1.0351763162761927,0.4399675726890564,4200,1.967377648409456,0.1028003990650177,,
32.1,186,508.55,422,864256,4641,-0.02744846710411366,0.022587696,0.0003,0.2,0.197509765625,-1.058071430772543,0.5044326186180115,4210,2.0603332822211087,0.06428952515125275,,
33.8,186,519.01,423,866304,4650,-0.030514738557394595,0.025831994,0.0003,0.2,0.17216796875,-1.04512350410223,0.11664038896560669,4220,2.244341111462563,0.2532041668891907,,
33.7,186,515.28,424,868352,4658,-0.03324703359103296,0.022747356,0.0003,0.2,0.207421875,-1.077066178433597,0.35483622550964355,4230,1.8049829435534774,0.15793099999427795,,
,,,,870000,,-0.03282518563501071,0.023030302,0.0003,0.2,0.199658203125,-1.1438421960920095,0.5252183079719543,4240,1.9732544756960124,0.07862373441457748,26.0,547.4
34.2,186,516.4,425,870400,4676,,,,,,,,,,,,
36.5,186,529.99,426,872448,4685,-0.032356128640822136,0.023488702,0.0003,0.2,0.211865234375,-1.1492872763425113,0.40918517112731934,4250,1.743406123900786,0.025186792016029358,,
35.3,186,519.26,427,874496,4693,-0.03226222938974388,0.023836084,0.0003,0.2,0.2181640625,-1.06214847471565,0.37007981538772583,4260,1.7673637971747667,0.7142014503479004,,
35.9,186,526.3,428,876544,4702,-0.028296590427635236,0.022540886,0.0003,0.2,0.195068359375,-1.0765555914491416,0.3573504686355591,4270,1.8091691759414972,0.20886436104774475,,
37.9,186,544.64,429,878592,4711,-0.0305130917171482,0.0226768,0.0003,0.2,0.174462890625,-0.9960191894322634,0.36705172061920166,4280,1.8737089313333855,0.07019700855016708,,
,,,,880000,,-0.03196288861217909,0.027014665,0.0003,0.2,0.21650390625,-1.0315576557070016,0.38765740394592285,4290,1.7660099897999317,0.029445208609104156,16.0,360.8
38.1,186,546.09,430,880640,4725,,,,,,,,,,,,
40.0,186,563.5,431,882688,4734,-0.0315129036171129,0.020843867,0.0003,0.2,0.19765625,-1.1273489713668823,0.4978359341621399,4300,2.132120708702132,0.06193133443593979,,
40.1,186,563.53,432,884736,4742,-0.034231925196945664,0.03401207,0.0003,0.2,0.218701171875,-1.0873098082840442,0.34880346059799194,4310,1.6589526435825974,0.03516367822885513,,
39.8,186,564.59,433,886784,4750,-0.030293276137672364,0.023565462,0.0003,0.2,0.214013671875,-1.1658644810318948,0.33592766523361206,4320,2.7084278759080918,0.1366657316684723,,
39.6,186,564.9,434,888832,4759,-0.031024015133152717,0.021772224,0.0003,0.2,0.192236328125,-1.0949207743629814,0.36780691146850586,4330,2.286948996107094,0.08413290977478027,,
,,,,890000,,-0.025873828140902333,0.023632316,0.0003,0.2,0.2046875,-1.0685235420241952,0.13395947217941284,4340,1.80310581990052,0.050102800130844116,18.0,365.4
40.7,186,572.53,435,890880,4773,,,,,,,,,,,,
40.9,186,569.68,436,892928,4781,-0.03406116888654651,0.023619112,0.0003,0.2,0.202490234375,-1.138882629200816,0.31028038263320923,4350,2.02263420522213,0.12051531672477722,,
41.1,186,572.85,437,894976,4790,-0.030164576804963872,0.027411206,0.0003,0.2,0.221875,-1.1126120377331972,0.49039727449417114,4360,1.9352727119345219,0.12052936851978302,,
41.4,186,574.88,438,897024,4798,-0.028177091300312894,0.023538541,0.0003,0.2,0.1875,-1.0860097408294678,0.09335452318191528,4370,2.3907930971588938,0.03442797064781189,,
39.5,187,559.19,439,899072,4806,-0.03365649110783124,0.025214016,0.0003,0.2,0.2017578125,-1.0636110270395875,0.369035542011261,4380,1.73212133157067,0.08155669271945953,,
,,,,900000,,-0.03821452746924479,0.024399202,0.0003,0.2,0.2140625,-1.0931980391964315,0.2714691758155823,4390,1.9539017089176922,0.05422692000865936,24.0,533.2
39.9,186,563.57,440,901120,4823,,,,,,,,,,,,
39.9,186,564.78,441,903168,4831,-0.033093175652902575,0.028416783,0.0003,0.2,0.228076171875,-1.1565359199419618,0.09325718879699707,4400,1.9379962999373674,0.05016614496707916,,
40.3,187,565.26,442,905216,4840,-0.03113472078985069,0.024948638,0.0003,0.2,0.2021484375,-1.1422220282256603,0.12836623191833496,4410,2.230588201712817,0.04826216772198677,,
35.0,187,527.4,443,907264,4848,-0.034028012822091114,0.026373236,0.0003,0.2,0.219482421875,-1.0872892674058676,0.45521849393844604,4420,1.5416032310342416,0.08554984629154205,,
36.5,187,537.32,444,909312,4856,-0.03771408411557786,0.025423124,0.0003,0.2,0.21494140625,-1.066748159751296,0.3627566695213318,4430,2.1252245211508125,0.07553739100694656,,
,,,,910000,,-0.03108656817639712,0.025124982,0.0003,0.2,0.1861328125,-1.0771797224879265,0.5678032636642456,4440,2.199177904706448,0.21993699669837952,22.0,538.6
37.3,186,547.04,445,911360,4875,,,,,,,,,,,,
38.4,186,555.86,446,913408,4884,-0.030643323401454835,0.024364037,0.0003,0.2,0.223583984375,-0.999785197339952,0.6019930839538574,4450,1.231428803759627,0.023602761328220367,,
35.9,187,539.8,447,915456,4893,-0.032009267387911676,0.027574304,0.0003,0.2,0.19033203125,-1.1025490375235676,0.2530028223991394,4460,1.762201193603687,0.076022207736969,,
35.1,187,533.33,448,917504,4902,-0.030895043622876983,0.02592352,0.0003,0.2,0.21044921875,-1.1328250275924803,0.4464849829673767,4470,1.6420238032471388,0.1436273753643036,,
36.1,187,541.66,449,919552,4911,-0.03497093333280645,0.026900783,0.0003,0.2,0.24482421875,-1.1367966968566179,0.5585442781448364,4480,1.3575369974365459,0.07602284848690033,,
,,,,920000,,-0.027195687650237232,0.030258792,0.0003,0.2,0.21201171875,-1.0516574861481787,0.44396376609802246,4490,1.3511474413564428,0.06093544512987137,32.0,441.2
35.2,186,535.97,450,921600,4928,,,,,,,,,,,,
35.9,187,542.0,451,923648,4936,-0.03046332395169884,0.020682402,0.0003,0.2,0.161669921875,-1.1019336206838488,0.41032034158706665,4500,2.398762976611033,0.11838524788618088,,
33.6,187,529.19,452,925696,4945,-0.030001938049099407,0.026302828,0.0003,0.2,0.228955078125,-1.1357466949149966,0.4963309168815613,4510,1.5592013384215533,0.023806612938642502,,
34.9,187,540.52,453,927744,4955,-0.033064577443292366,0.021626014,0.0003,0.2,0.197412109375,-1.1164514128118754,0.03703421354293823,4520,2.2036486418684946,0.06580360233783722,,
34.0,187,527.92,454,929792,4964,-0.03280808433482889,0.022184614,0.0003,0.2,0.179736328125,-1.1082843936979772,0.3416122794151306,4530,1.8842589343199507,0.03271450102329254,,
,,,,930000,,-0.03395381033187732,0.026234087,0.0003,0.2,0.193359375,-1.0768853038549424,0.19604599475860596,4540,1.4792724238242954,0.1273597776889801,26.0,429.2
32.9,187,522.84,455,931840,4981,,,,,,,,,,,,
32.8,187,523.61,456,933888,4990,-0.03258691311930306,0.022364195,0.0003,0.2,0.195263671875,-1.1716168224811554,0.20418643951416016,4550,2.1777724020648748,0.08148431777954102,,
32.3,187,513.77,457,935936,5000,-0.029760091920616107,0.023286438,0.0003,0.2,0.209423828125,-1.0856253433972598,0.24013084173202515,4560,1.6436554788378999,0.08005671203136444,,
31.7,187,506.25,458,937984,5009,-0.03335263397748349,0.026518045,0.0003,0.2,0.175,-1.1193004662171007,0.3877570629119873,4570,2.795635560993105,0.14693085849285126,,
,,,,940000,,-0.033718089983449315,0.02630531,0.0003,0.2,0.18505859375,-1.0735214838758111,0.22375601530075073,4580,2.2527233639732005,0.05355188250541687,12.0,317.6
32.6,187,513.43,459,940032,5025,,,,,,,,,,,,
31.3,187,508.54,460,942080,5034,-0.030851125315530227,0.031092921,0.0003,0.2,0.20654296875,-0.9664602991193533,0.4744672179222107,4590,1.4565887248376383,0.035649869590997696,,
31.2,187,511.14,461,944128,5045,-0.033318129209510515,0.021579904,0.0003,0.2,0.189697265625,-1.0922952927649021,0.4760169982910156,4600,1.9334998512174935,0.06239158660173416,,
29.9,187,497.27,462,946176,5055,-0.0338967643736396,0.023543082,0.0003,0.2,0.19638671875,-1.0607731154188513,0.38758301734924316,4610,1.9099393305834382,0.02424195408821106,,
30.0,187,501.47,463,948224,5064,-0.03197805657109711,0.026319906,0.0003,0.2,0.1927734375,-1.076355667039752,0.21947818994522095,4620,2.4872407952789217,0.12498825788497925,,
,,,,950000,,-0.033688895194791256,0.02318379,0.0003,0.2,0.21474609375,-1.14616527184844,0.590334951877594,4630,1.9203052646946162,0.1669507771730423,18.0,396.0
31.6,187,512.54,464,950272,5081,,,,,,,,,,,,
30.7,187,505.1,465,952320,5091,-0.03697397179785185,0.031999692,0.0003,0.2,0.24482421875,-1.0864904401823878,0.549585223197937,4640,1.224923654203303,-0.011486023664474487,,
32.0,187,513.94,466,954368,5101,-0.03074510796868708,0.0223719,0.0003,0.2,0.17763671875,-1.0464780062437058,0.010452508926391602,4650,2.4566617558011785,0.12978008389472961,,
31.0,187,509.0,467,956416,5111,-0.03281241177755874,0.023475647,0.0003,0.2,0.189208984375,-1.0463265378028155,0.4626511335372925,4660,1.9886512165423482,0.06628508865833282,,
30.7,187,503.53,468,958464,5120,-0.0313534761313349,0.02738534,0.0003,0.2,0.22529296875,-1.1491366721689702,0.2686244249343872,4670,1.6661306556779891,0.0032780393958091736,,
,,,,960000,,-0.028761963208671658,0.020402633,0.0003,0.2,0.165966796875,-1.1323336441069842,0.0324978232383728,4680,2.735298527311534,0.030407104641199112,42.0,580.2
31.6,186,509.39,469,960512,5141,,,,,,,,,,,,
31.9,186,509.34,470,962560,5151,-0.0315392974880524,0.03320789,0.0003,0.2,0.2419921875,-1.0350132647901773,0.2968584895133972,4690,1.3935443836031483,0.059725143015384674,,
31.2,186,498.34,471,964608,5160,-0.032036515441723167,0.02363059,0.0003,0.2,0.221044921875,-1.0522950628772378,0.4900505542755127,4700,1.5274587064515799,0.12192212790250778,,
31.9,186,501.41,472,966656,5169,-0.03221400133188581,0.023862828,0.0003,0.2,0.193017578125,-1.0896211026236415,0.43338191509246826,4710,2.0288834769278763,0.08369066566228867,,
31.6,186,500.39,473,968704,5180,-0.031314100520103236,0.020938411,0.0003,0.2,0.176953125,-1.0534865649417042,0.24803626537322998,4720,2.443653229204938,-0.0009286105632781982,,
,,,,970000,,-0.036700782214757054,0.025573935,0.0003,0.2,0.222119140625,-1.0506566369906067,0.619223952293396,4730,1.5066185349831358,0.038833096623420715,32.0,531.2
31.8,186,499.65,474,970752,5199,,,,,,,,,,,,
32.9,186,507.81,475,972800,5208,-0.034885600974666885,0.026797052,0.0003,0.2,0.22216796875,-1.0844172140583397,0.5843695402145386,4740,1.7051681007025763,0.062426768243312836,,
32.2,186,504.03,476,974848,5218,-0.03136046607978642,0.020771965,0.0003,0.2,0.189111328125,-1.0917568497359753,0.4360542893409729,4750,2.4451356829609723,0.1852169930934906,,
33.1,186,511.66,477,976896,5227,-0.03669448212895077,0.029936846,0.0003,0.2,0.229248046875,-1.0280958933755755,0.21842598915100098,4760,1.4117055382579564,0.02023927867412567,,
33.0,186,510.27,478,978944,5237,-0.03286861762753688,0.021251606,0.0003,0.2,0.1857421875,-1.1098953874781727,0.4115734100341797,4770,1.9603555490262807,0.08409556746482849,,
,,,,980000,,-0.034576049516908826,0.025725886,0.0003,0.2,0.195556640625,-1.0411269729956985,0.2654099464416504,4780,1.9777484711725264,0.15174736082553864,38.0,581.8
32.3,186,500.48,479,980992,5256,,,,,,,,,,,,
31.8,186,497.13,480,983040,5265,-0.03537179369741352,0.022581797,0.0003,0.2,0.1890625,-1.1111080842092633,0.2638826370239258,4790,2.5704318259842696,0.13921785354614258,,
31.0,186,494.85,481,985088,5274,-0.03615008085325826,0.02175843,0.0003,0.2,0.19345703125,-1.0897084817290306,0.30829161405563354,4800,1.936092319781892,0.25844019651412964,,
31.3,186,501.26,482,987136,5283,-0.027843693751492538,0.020820294,0.0003,0.2,0.17333984375,-1.1306085992604493,0.25827330350875854,4810,2.7373208371456714,0.2942449748516083,,
32.1,186,508.08,483,989184,5293,-0.034605643810937184,0.021819538,0.0003,0.2,0.197998046875,-1.1582972921431065,0.06844538450241089,4820,2.57928600567393,0.0879518985748291,,
,,,,990000,,-0.033178968779975546,0.028158944,0.0003,0.2,0.213671875,-1.03046762496233,0.27167725563049316,4830,1.4079565036809072,0.04964686930179596,24.0,466.0
31.8,186,503.41,484,991232,5311,,,,,,,,,,,,
30.8,186,494.14,485,993280,5320,-0.03014759652724024,0.031273685,0.0003,0.2,0.23896484375,-1.0804299762472511,0.4150267243385315,4840,1.585542661882937,0.10177210718393326,,
32.2,186,507.66,486,995328,5330,-0.030964752955333096,0.03047149,0.0003,0.2,0.210302734375,-1.0981671933084727,0.44707077741622925,4850,1.654504293273203,0.05730772018432617,,
33.2,186,516.0,487,997376,5340,-0.039296736495452934,0.038571153,0.0003,0.2,0.288720703125,-1.0748924247920513,0.2683728337287903,4860,1.0047662971541285,0.10031796246767044,,
34.6,186,534.12,488,999424,5350,-0.03573477753088809,0.028873257,0.0003,0.2,0.22177734375,-1.0346466151997447,0.5505725741386414,4870,0.9621136625064537,0.014235105365514755,,
,,,,1000000,,-0.02883391251962166,0.022632383,0.0003,0.2,0.189306640625,-1.0508237477391957,0.22145771980285645,4880,2.538440922787413,0.02274569869041443,36.0,556.4
36.0,186,541.01,489,1001472,5370,,,,,,,,,,,,
36.4,186,545.78,490,1003520,5379,-0.03732736955862492,0.022335526,0.0003,0.2,0.187109375,-1.0708275569602848,0.3283047676086426,4890,2.2352147881640123,0.14162619411945343,,
36.9,186,548.21,491,1005568,5388,-0.03287060542788822,0.024522081,0.0003,0.2,0.20439453125,-0.9736696241423488,0.32207441329956055,4900,1.3823904167395085,-0.02412865310907364,,
38.0,186,555.34,492,1007616,5397,-0.02966201679810183,0.02046716,0.0003,0.2,0.18115234375,-1.045546915754676,0.4084957242012024,4910,2.6104458666406574,0.1602245420217514,,
39.1,186,564.89,493,1009664,5407,-0.03526330083695939,0.029461846,0.0003,0.2,0.22236328125,-0.9952815460041166,0.5472148656845093,4920,1.014568463526666,0.004590947180986404,,
,,,,1010000,,-0.036082703719148415,0.02808186,0.0003,0.2,0.229931640625,-1.026994557864964,0.6513249278068542,4930,0.933807923970744,0.0034872442483901978,40.0,577.4
37.3,186,550.9,494,1011712,5427,,,,,,,,,,,,
37.7,186,556.6,495,1013760,5436,-0.030853054064209573,0.026787726,0.0003,0.2,0.2015625,-1.0260646518319845,0.11426138877868652,4940,2.6326731162611394,0.1938355565071106,,
39.8,186,572.54,496,1015808,5445,-0.02977241838234477,0.027107645,0.0003,0.2,0.20146484375,-0.9565659673884511,0.596426248550415,4950,1.3124286400852725,0.07471293956041336,,
39.8,186,578.95,497,1017856,5454,-0.029813153206487187,0.027739273,0.0003,0.2,0.216455078125,-0.9889931974932551,0.3672007918357849,4960,1.6602946324739605,0.06320148706436157,,
38.3,186,568.51,498,1019904,5464,-0.03164527662156615,0.030577626,0.0003,0.2,0.23447265625,-1.039104050770402,0.6132120490074158,4970,1.0124538563191892,0.006873808801174164,,
,,,,1020000,,-0.03127775344473775,0.022614297,0.0003,0.2,0.183447265625,-0.9914095481857658,0.27188748121261597,4980,1.9744091127533465,0.05314021557569504,16.0,361.6
39.2,186,573.04,499,1021952,5479,,,,,,,,,,,,
39.5,186,574.94,500,1024000,5488,-0.0296839495174936,0.02552088,0.0003,0.2,0.18798828125,-1.0128719694912434,0.2529602646827698,4990,2.2164939212379977,0.2582815885543823,,
38.1,186,567.07,501,1026048,5497,-0.028867208896554076,0.024605803,0.0003,0.2,0.19736328125,-0.9729520738124847,0.46846646070480347,5000,1.3552415301790461,-0.01463267207145691,,
38.4,186,567.96,502,1028096,5507,-0.03488842221267987,0.033978485,0.0003,0.2,0.241015625,-1.0909152599051595,0.13321912288665771,5010,1.619520480465144,0.031194493174552917,,
,,,,1030000,,-0.0351535248075379,0.027596753,0.0003,0.2,0.227978515625,-1.0665689853951335,0.29498761892318726,5020,1.8011860537575557,0.03587157279253006,28.0,434.4
37.5,186,560.89,503,1030144,5523,,,,,,,,,,,,
37.3,186,553.8,504,1032192,5533,-0.02672637960058637,0.025329683,0.0003,0.2,0.201123046875,-1.0216620018705727,-0.10243749618530273,5030,3.2289600032847376,0.3778459131717682,,
36.0,186,547.35,505,1034240,5542,-0.030550033098552375,0.027446726,0.0003,0.2,0.191064453125,-0.9655129304155707,0.23553287982940674,5040,2.3877333969809116,0.09938918799161911,,
35.3,186,542.71,506,1036288,5551,-0.0321873355191201,0.02904525,0.0003,0.2,0.250244140625,-1.0994791569188238,0.3568389415740967,5050,1.4626372942235322,0.06872966885566711,,
36.2,186,547.2,507,1038336,5561,-0.03487164733815007,0.025975786,0.0003,0.2,0.207666015625,-1.0697300674393773,0.20851635932922363,5060,2.2712008672300725,0.029615063220262527,,
,,,,1040000,,-0.03529331579047721,0.024327831,0.0003,0.2,0.201806640625,-1.0328044392168523,0.21894490718841553,5070,1.9180142187979072,0.02456757426261902,14.0,403.2
35.8,186,544.32,508,1040384,5577,,,,,,,,,,,,
36.2,186,547.56,509,1042432,5586,-0.025030683691147713,0.019584313,0.0003,0.2,0.15966796875,-1.1014790175482632,0.19139111042022705,5080,2.9986812042538076,0.6622058153152466,,
35.3,186,538.55,510,1044480,5595,-0.03437395698711043,0.029162776,0.0003,0.2,0.218994140625,-0.983319404348731,0.3667184114456177,5090,1.3394948614528404,0.013401735574007034,,
35.9,186,543.3,511,1046528,5603,-0.032447452654014344,0.026214514,0.0003,0.2,0.213232421875,-1.0499698558822275,0.34465324878692627,5100,1.8717234269715846,0.038745127618312836,,
34.2,186,525.21,512,1048576,5612,-0.029645826361957006,0.023830373,0.0003,0.2,0.175537109375,-1.1164037821814419,0.21538788080215454,5110,2.5138392436318098,0.11960580199956894,,
,,,,1050000,,-0.033889530913438645,0.029183242,0.0003,0.2,0.219189453125,-0.9945041032508015,-0.0049402713775634766,5120,2.0348712489008904,0.08812227845191956,36.0,560.2
34.3,186,528.99,513,1050624,5633,,,,,,,,,,,,
33.3,186,517.36,514,1052672,5641,-0.03744011800154112,0.032201663,0.0003,0.2,0.230908203125,-1.0438328078016639,0.4181104898452759,5130,1.403518887073733,0.10524843633174896,,
34.4,186,524.12,515,1054720,5651,-0.032354444230441,0.028732644,0.0003,0.2,0.219384765625,-1.0422270318493247,0.26781338453292847,5140,1.751550725288689,0.010897055268287659,,
32.8,186,513.45,516,1056768,5660,-0.028393551424960604,0.024082683,0.0003,0.2,0.185400390625,-1.032445489615202,0.17332381010055542,5150,3.038177378755063,0.10319731384515762,,
33.4,186,513.98,517,1058816,5669,-0.03583138010289986,0.031853102,0.0003,0.2,0.245703125,-1.1282918827608228,0.5275012254714966,5160,1.5837003766559064,0.014688745141029358,,
,,,,1060000,,-0.033020665595540774,0.028217398,0.0003,0.2,0.21181640625,-0.9496896693482995,0.3116788864135742,5170,1.8180397426476702,0.008965790271759033,18.0,412.6
31.5,186,498.83,518,1060864,5686,,,,,,,,,,,,
33.4,186,513.8,519,1062912,5695,-0.03150273374048993,0.028490067,0.0003,0.2,0.216064453125,-1.0234377976506948,0.38048821687698364,5180,1.6689687199424952,0.07417617738246918,,
32.8,186,508.22,520,1064960,5705,-0.031482415716163815,0.022230644,0.0003,0.2,0.182373046875,-1.000675637833774,0.3068844676017761,5190,2.4638218056876213,0.4724125266075134,,
32.7,186,512.4,521,1067008,5714,-0.03423855550645385,0.022724826,0.0003,0.2,0.212939453125,-1.0707019994035363,0.4069260358810425,5200,2.1142610186012463,0.020991146564483643,,
32.3,186,505.03,522,1069056,5723,-0.03439480134402402,0.034443203,0.0003,0.2,0.232861328125,-1.0059701655060054,0.3423619270324707,5210,1.1574593397323043,0.012589886784553528,,
,,,,1070000,,-0.033347353382851,0.030233774,0.0003,0.2,0.226123046875,-1.0942810086533428,0.48477286100387573,5220,1.2219083622563631,0.011194568127393723,36.0,529.4
32.3,186,506.97,523,1071104,5742,,,,,,,,,,,,
31.8,186,511.04,524,1073152,5751,-0.03321368204487953,0.027441453,0.0003,0.2,0.217724609375,-1.0477156756445765,0.23916196823120117,5230,1.9301568426657467,0.03844638913869858,,
31.5,186,511.11,525,1075200,5760,-0.03459749090252444,0.025665497,0.0003,0.2,0.20126953125,-1.0708991797640919,-0.00438690185546875,5240,1.9806788158835844,0.04249027371406555,,
32.9,186,519.78,526,1077248,5769,-0.03345286022813525,0.02625749,0.0003,0.2,0.20986328125,-1.086795455031097,0.056774258613586426,5250,1.659367823204957,-0.0025158748030662537,,
31.4,186,508.12,527,1079296,5777,-0.037508458882803096,0.022551168,0.0003,0.2,0.201953125,-1.0301590522751212,0.3452843427658081,5260,1.9182948286645114,0.035032741725444794,,
,,,,1080000,,-0.03191299728641752,0.022861926,0.0003,0.2,0.185888671875,-1.0927305221557617,0.10180824995040894,5270,2.3100095140049235,0.015744592994451523,24.0,463.6
33.4,186,525.07,528,1081344,5792,,,,,,,,,,,,
33.0,186,530.18,529,1083392,5802,-0.03338864172692411,0.021703862,0.0003,0.2,0.180224609375,-1.0969464648514986,0.48133593797683716,5280,2.1247105398681017,0.07062020897865295,,
33.6,186,534.83,530,1085440,5811,-0.036691714497283104,0.033547707,0.0003,0.2,0.2396484375,-1.1157819146290422,0.3232263922691345,5290,1.3740205793874338,0.03281174600124359,,
33.2,186,532.89,531,1087488,5819,-0.03447048921516398,0.029671036,0.0003,0.2,0.223291015625,-1.0526070170104505,0.3244192600250244,5300,1.3229109753854573,0.07734013348817825,,
33.6,186,536.93,532,1089536,5827,-0.032615343772340565,0.02682787,0.0003,0.2,0.198095703125,-1.131971925497055,0.22663509845733643,5310,1.6164228898007422,0.11018607020378113,,
,,,,1090000,,-0.030938956030877308,0.020931019,0.0003,0.2,0.17998046875,-1.1806846436113119,0.17619842290878296,5320,3.0797934787813572,0.15600156784057617,34.0,546.2
32.4,186,530.53,533,1091584,5846,,,,,,,,,,,,
32.6,186,534.55,534,1093632,5855,-0.037322709322324954,0.030792315,0.0003,0.2,0.246044921875,-1.1368484158068894,0.5844036340713501,5330,0.9209644506452606,-0.014134492725133896,,
32.1,186,530.9,535,1095680,5863,-0.030536366783780976,0.029466774,0.0003,0.2,0.23984375,-1.174474123120308,0.3142918348312378,5340,1.9228163657011463,0.03881414979696274,,
32.0,186,530.71,536,1097728,5872,-0.03501191787363496,0.024742922,0.0003,0.2,0.1955078125,-1.0568546963855625,0.044203877449035645,5350,1.9297332859830931,-0.0017213895916938782,,
31.9,186,531.34,537,1099776,5881,-0.030828572894097305,0.030423515,0.0003,0.2,0.2158203125,-1.031306099705398,0.47292643785476685,5360,1.4532554764300585,0.037555404007434845,,
,,,,1100000,,-0.030738350294996053,0.024914213,0.0003,0.2,0.207177734375,-1.1418018693104386,0.31875187158584595,5370,2.001103043882176,0.1809195876121521,60.0,744.0
31.2,186,515.82,538,1101824,5902,,,,,,,,,,,,
30.6,186,516.11,539,1103872,5910,-0.03395102242939174,0.022158507,0.0003,0.2,0.17255859375,-1.0633313536643982,0.24522191286087036,5380,2.6028077634982765,0.137227863073349,,
29.3,186,510.94,540,1105920,5918,-0.033532242671935816,0.02818137,0.0003,0.2,0.2220703125,-1.1376677934080361,0.3460400700569153,5390,2.005310998018831,0.5129951238632202,,
30.5,186,518.49,541,1107968,5927,-0.035227569949347524,0.03096949,0.0003,0.2,0.2603515625,-1.1546869765967132,0.21586883068084717,5400,1.1885188916232436,0.0012202635407447815,,
,,,,1110000,,-0.034978210477856916,0.026455708,0.0003,0.2,0.21298828125,-1.1035443672910332,0.2771269679069519,5410,1.8909489679150284,0.02473323792219162,-4.0,247.2
28.6,186,500.23,542,1110016,5940,,,,,,,,,,,,
29.6,186,512.76,543,1112064,5950,-0.03247821963741444,0.030154776,0.0003,0.2,0.206640625,-1.0356272416189314,0.10586327314376831,5420,1.709775908337906,0.08969762176275253,,
28.4,186,496.99,544,1114112,5958,-0.037871154342428784,0.032568872,0.0003,0.2,0.253466796875,-1.0821334498003126,0.5827783346176147,5430,0.8065165276173503,-0.018943272531032562,,
28.0,187,491.96,545,1116160,5967,-0.037273926072521134,0.023721986,0.0003,0.2,0.215478515625,-1.1520531032234431,0.3967514634132385,5440,1.899881471367553,0.08232510089874268,,
28.5,187,496.83,546,1118208,5976,-0.032057508776779285,0.029355194,0.0003,0.2,0.203076171875,-1.054090971313417,0.34016501903533936,5450,1.7643401339184492,0.4628244638442993,,
,,,,1120000,,-0.03360229596146382,0.023805805,0.0003,0.2,0.20234375,-1.0825531713664531,0.5005298852920532,5460,2.736146567482501,0.04628359526395798,16.0,426.2
27.6,187,481.06,547,1120256,5990,,,,,,,,,,,,
27.4,187,477.82,548,1122304,5999,-0.028277901682304218,0.025772752,0.0003,0.2,0.220703125,-1.1340163495391606,0.3619558811187744,5470,2.3938100931234656,0.04733848571777344,,
27.1,187,473.64,549,1124352,6008,-0.03636718490743078,0.029790644,0.0003,0.2,0.2525390625,-1.2307684872299434,0.2819974422454834,5480,2.121062549436465,0.13508881628513336,,
27.0,187,477.11,550,1126400,6017,-0.03090561037824955,0.032603763,0.0003,0.2,0.22783203125,-1.0525829406455158,0.35551512241363525,5490,1.6363626712933184,0.056488025933504105,,
26.4,187,470.76,551,1128448,6028,-0.03544506774051115,0.026772879,0.0003,0.2,0.199169921875,-1.0617296557873488,0.2932632565498352,5500,1.7907036049291492,0.06995990127325058,,
,,,,1130000,,-0.03014149027003441,0.023916557,0.0003,0.2,0.208544921875,-1.1258822824805974,0.10015708208084106,5510,2.204496141895652,0.08855845779180527,36.0,552.0
25.8,186,459.34,552,1130496,6047,,,,,,,,,,,,
25.8,186,457.71,553,1132544,6057,-0.03984355102584232,0.034649573,0.0003,0.2,0.22939453125,-1.0521332344040275,0.03424912691116333,5520,1.9727696826448664,0.033740319311618805,,
27.6,187,469.03,554,1134592,6066,-0.03505837302072905,0.034037244,0.0003,0.2,0.231494140625,-1.0043184222653507,0.45173561573028564,5530,1.2166144601302222,0.025780320167541504,,
28.6,187,478.97,555,1136640,6074,-0.030035118080559187,0.025120558,0.0003,0.2,0.205712890625,-0.9970830664038658,0.4190472364425659,5540,1.6897905867546796,0.03077062964439392,,
30.0,187,484.55,556,1138688,6085,-0.03281444158637896,0.022876007,0.0003,0.2,0.184521484375,-1.0660630373284221,0.47025543451309204,5550,1.826293961610645,0.06109560281038284,,
,,,,1140000,,-0.02938051180972252,0.027782321,0.0003,0.2,0.179443359375,-0.9697595549747348,0.397696316242218,5560,1.9531520607182755,0.03886069357395172,18.0,507.8
32.2,186,504.1,557,1140736,6105,,,,,,,,,,,,
31.7,186,499.11,558,1142784,6114,-0.034362485946621744,0.03176072,0.0003,0.2,0.250341796875,-1.0259918082505464,0.4806050658226013,5570,1.0632695317268372,0.0019016563892364502,,
32.4,186,499.1,559,1144832,6123,-0.03018282453995198,0.024620833,0.0003,0.2,0.186181640625,-1.0104168802499771,0.17983347177505493,5580,2.3884052235865965,0.15383177995681763,,
32.6,186,504.28,560,1146880,6134,-0.035766210031579246,0.027071547,0.0003,0.2,0.233837890625,-1.0258740592747926,0.47468870878219604,5590,1.659011228545569,0.08038463443517685,,
32.5,187,506.86,561,1148928,6143,-0.037175794920767655,0.031963058,0.0003,0.2,0.255908203125,-1.0876948902383448,0.5871888995170593,5600,1.2175631570862606,0.02297978848218918,,
,,,,1150000,,-0.03593725384562276,0.026020436,0.0003,0.2,0.222509765625,-1.092862666770816,0.5705403089523315,5610,1.7946136890677735,0.04934722185134888,28.0,475.4
33.5,186,512.88,562,1150976,6162,,,,,,,,,,,,
32.6,186,515.37,563,1153024,6170,-0.031027683697175235,0.027990263,0.0003,0.2,0.2076171875,-1.0380692850798368,0.2960512042045593,5620,1.863314703037031,0.0651959627866745,,
31.5,186,505.24,564,1155072,6179,-0.03576447047526017,0.024488572,0.0003,0.2,0.213232421875,-1.1012131994590164,0.5439136028289795,5630,1.6674243362620473,0.07139590382575989,,
32.4,186,509.27,565,1157120,6190,-0.02790783799282508,0.023143735,0.0003,0.2,0.187060546875,-1.0457487316802143,0.06603407859802246,5640,3.5852403759025036,0.13367795944213867,,
33.7,186,521.04,566,1159168,6200,-0.032683958546840586,0.023864117,0.0003,0.2,0.20849609375,-1.077266050502658,0.20202702283859253,5650,2.3211691240314396,0.044279515743255615,,
,,,,1160000,,-0.03077584182319697,0.028077818,0.0003,0.2,0.199462890625,-1.042653574049473,0.14381039142608643,5660,2.049226337787695,0.044710345566272736,44.0,618.0
33.5,186,517.12,567,1161216,6222,,,,,,,,,,,,
32.4,186,511.12,568,1163264,6231,-0.03953604089911096,0.02932096,0.0003,0.2,0.2576171875,-1.063275239430368,0.4082794785499573,5670,1.5671026681084186,0.05381198972463608,,
33.4,186,520.71,569,1165312,6240,-0.035861645117984155,0.023831641,0.0003,0.2,0.1908203125,-1.0947112899273634,0.05011636018753052,5680,2.906049952749163,0.1653105467557907,,
34.6,186,532.57,570,1167360,6249,-0.03749921311100479,0.027173594,0.0003,0.2,0.212890625,-1.0552586330100895,0.5020141005516052,5690,2.035813451465219,0.3044966459274292,,
34.6,186,533.0,571,1169408,6259,-0.031134510078118183,0.027790453,0.0003,0.2,0.21083984375,-1.0523986253887414,0.3299992084503174,5700,2.4301413665525615,0.07014252245426178,,
,,,,1170000,,-0.03437841409177054,0.03150083,0.0003,0.2,0.22587890625,-1.0258164621889592,0.270504355430603,5710,1.1232982544694097,0.0032069608569145203,16.0,402.6
32.1,186,516.26,572,1171456,6274,,,,,,,,,,,,
32.7,186,522.14,573,1173504,6284,-0.03343382563034538,0.035315912,0.0003,0.2,0.22587890625,-1.1246160531416536,-0.1262068748474121,5720,2.929148059245199,0.1488354206085205,,
34.8,186,540.4,574,1175552,6293,-0.03683181860833429,0.031810824,0.0003,0.2,0.2369140625,-0.9977387173101306,0.4264311194419861,5730,1.0075206569046713,-0.0031590163707733154,,
35.2,186,543.65,575,1177600,6301,-0.0378190784715116,0.026454926,0.0003,0.2,0.211474609375,-1.0337531134486198,0.5371135473251343,5740,1.8775464619975537,0.024062693119049072,,
35.9,186,548.51,576,1179648,6309,-0.03238448829506524,0.02653874,0.0003,0.2,0.224560546875,-1.0442802676931024,0.4404589533805847,5750,1.642844241578132,0.28203198313713074,,
,,,,1180000,,-0.03496014357369859,0.02987738,0.0003,0.2,0.2185546875,-1.0895923232659697,0.3926161527633667,5760,1.9168432240374387,0.14310018718242645,6.0,357.4
35.7,186,542.67,577,1181696,6323,,,,,,,,,,,,
36.8,186,548.9,578,1183744,6332,-0.03929530881869141,0.028200462,0.0003,0.2,0.244140625,-1.1538744509220122,0.477441668510437,5770,1.304397845407948,0.10876591503620148,,
38.2,187,560.37,579,1185792,6340,-0.030171353623154575,0.018593699,0.0003,0.2,0.18203125,-1.1359887111932039,0.2290511131286621,5780,3.7592659620568156,0.8621883392333984,,
37.2,187,559.01,580,1187840,6348,-0.029848780765314588,0.029137598,0.0003,0.2,0.224462890625,-1.0257278731092812,0.5126060247421265,5790,1.2898562543094159,0.08123025298118591,,
36.0,187,552.01,581,1189888,6356,-0.03563320086395834,0.029799351,0.0003,0.2,0.242578125,-1.1408976387232541,0.3851974606513977,5800,1.4901157524902373,0.0165993794798851,,
,,,,1190000,,-0.036226697207894176,0.032100163,0.0003,0.2,0.235400390625,-1.0505151482298971,0.5466165542602539,5810,1.4574735296191648,0.0664706826210022,24.0,409.0
36.6,187,554.96,582,1191936,6372,,,,,,,,,,,,
36.0,187,556.86,583,1193984,6379,-0.032760490095824935,0.025964256,0.0003,0.2,0.206591796875,-1.0831433331593872,0.359636127948761,5820,2.1063338748179374,0.09064531326293945,,
35.9,187,549.68,584,1196032,6387,-0.0316913160670083,0.023457708,0.0003,0.2,0.203759765625,-1.1543057560920715,0.4967884421348572,5830,2.4769853214267643,0.026946187019348145,,
35.8,187,545.36,585,1198080,6395,-0.033049939447664656,0.025615096,0.0003,0.2,0.205419921875,-1.056033269688487,0.41465282440185547,5840,2.345005536917597,0.15458256006240845,,
,,,,1200000,,-0.03675054465711582,0.029198442,0.0003,0.2,0.230517578125,-1.1331235703080893,0.37783563137054443,5850,1.7992289404151962,0.031146381050348282,6.0,293.4
36.2,187,551.68,586,1200128,6407,,,,,,,,,,,,
35.6,187,549.19,587,1202176,6415,-0.04249386827577837,0.040367667,0.0003,0.2,0.2765625,-1.2371415115892888,0.5666606426239014,5860,1.0995806094026193,0.027357764542102814,,
36.7,187,557.92,588,1204224,6423,-0.033309518921305424,0.02726319,0.0003,0.2,0.223486328125,-1.0709386732429267,0.46900707483291626,5870,1.6949764407239853,0.04908600449562073,,
35.9,187,553.98,589,1206272,6432,-0.032430900531471706,0.024343137,0.0003,0.2,0.217138671875,-1.1969656977802514,0.51520836353302,5880,1.9440292998217046,0.015496931970119476,,
36.1,187,553.4,590,1208320,6441,-0.03233865145302843,0.02493859,0.0003,0.2,0.207373046875,-1.0917651817202567,0.2984679341316223,5890,2.202429425576702,0.08882059901952744,,
,,,,1210000,,-0.0341324739070842,0.026579976,0.0003,0.2,0.214306640625,-1.0190868090838194,0.24552935361862183,5900,1.7318190354621037,0.02479623258113861,10.0,313.0
36.8,187,561.11,591,1210368,6453,,,,,,,,,,,,
36.8,187,562.0,592,1212416,6461,-0.034052325162338096,0.030851189,0.0003,0.2,0.248095703125,-1.2144189525395632,0.5303148627281189,5910,2.664262064313516,0.10187970101833344,,
35.4,187,551.26,593,1214464,6469,-0.03435680505790515,0.027003054,0.0003,0.2,0.20927734375,-1.0882374960929155,0.3526861071586609,5920,2.4004338646307586,0.07462409138679504,,
35.2,187,555.33,594,1216512,6478,-0.036149269033921884,0.03085078,0.0003,0.2,0.218310546875,-1.0871365144848824,0.5204375982284546,5930,1.4584348144941033,0.0451672226190567,,
34.3,187,547.85,595,1218560,6485,-0.04082070485455915,0.02909846,0.0003,0.2,0.238037109375,-1.09918830152601,0.45341330766677856,5940,1.5404677484650164,0.05193358287215233,,
,,,,1220000,,-0.03535368379380088,0.029540272,0.0003,0.2,0.233203125,-1.0997148437425495,0.4230470061302185,5950,2.2771377702942117,0.14282992482185364,24.0,472.4
32.1,187,532.47,596,1220608,6501,,,,,,,,,,,,
31.5,187,528.68,597,1222656,6509,-0.042834003467578444,0.030208863,0.0003,0.2,0.23984375,-1.1265039686113596,0.38587141036987305,5960,1.7484333492117003,0.03932590037584305,,
33.5,187,540.94,598,1224704,6517,-0.03401296499941964,0.028280541,0.0003,0.2,0.210888671875,-1.0611088022589683,0.4875008463859558,5970,1.4807188210077584,0.04303152859210968,,
34.3,188,545.22,599,1226752,6525,-0.030182409699773417,0.029092627,0.0003,0.2,0.254443359375,-1.1395062115043402,0.3441343903541565,5980,1.7269747134996578,0.1080365851521492,,
32.1,188,527.58,600,1228800,6533,-0.03656377314473502,0.026507001,0.0003,0.2,0.20126953125,-1.120903222821653,0.317083477973938,5990,2.14747857269831,0.36954930424690247,,
,,,,1230000,,-0.029096507001668215,0.026110306,0.0003,0.2,0.21826171875,-1.122092105448246,0.4504591226577759,6000,1.6733853159472347,0.10329023003578186,-6.0,221.6
31.7,188,525.25,601,1230848,6544,,,,,,,,,,,,
32.0,188,526.55,602,1232896,6551,-0.033011313794122546,0.023710635,0.0003,0.2,0.189697265625,-1.051067484356463,0.39578282833099365,6010,2.7141470402013512,0.11410591006278992,,
32.2,188,533.81,603,1234944,6559,-0.03199556784820743,0.026487341,0.0003,0.2,0.19609375,-1.0997024154290558,0.2862309217453003,6020,2.0625763337593526,0.09374190121889114,,
30.6,188,526.99,604,1236992,6567,-0.042078272806247694,0.031775486,0.0003,0.2,0.2326171875,-0.9783341920003295,0.4727603793144226,6030,1.5641341459471731,0.03682646155357361,,
30.9,188,527.68,605,1239040,6576,-0.0391549912688788,0.030556614,0.0003,0.2,0.222998046875,-1.0772348759695887,0.09863197803497314,6040,2.0566989457467573,0.11162462830543518,,
,,,,1240000,,-0.03721669667065726,0.031702675,0.0003,0.2,0.23046875,-1.0337062442675233,0.4561353921890259,6050,1.1564410902094096,0.05205933749675751,62.0,728.4
31.7,188,531.44,606,1241088,6595,,,,,,,,,,,,
32.4,188,536.32,607,1243136,6602,-0.034542620051070116,0.029653465,0.0003,0.2,0.21884765625,-1.0403706161305308,0.39909785985946655,6060,1.2434534201631322,0.07385595142841339,,
32.0,188,533.33,608,1245184,6610,-0.040697194049425886,0.031297624,0.0003,0.2,0.243798828125,-1.0258054131641985,0.5526442527770996,6070,1.3150117427343502,0.023024365305900574,,
29.3,188,510.6,609,1247232,6618,-0.034054518432822076,0.028318772,0.0003,0.2,0.20302734375,-1.1300035987049342,0.42537468671798706,6080,1.9770180609542876,0.05705252289772034,,
29.2,188,513.27,610,1249280,6626,-0.03671847133373376,0.030040907,0.0003,0.2,0.236572265625,-1.0996950881555676,0.49306631088256836,6090,1.3521838078740984,0.11199358105659485,,
,,,,1250000,,-0.032144441135460514,0.023301814,0.0003,0.2,0.189404296875,-1.1434909332543612,0.35437220335006714,6100,2.6471901424229145,0.24158154428005219,34.0,498.0
30.2,188,517.09,611,1251328,6642,,,,,,,,,,,,
30.4,188,516.18,612,1253376,6651,-0.03637247961014509,0.028968368,0.0003,0.2,0.249169921875,-1.0243419356644154,0.45818477869033813,6110,1.875638872431591,0.09475017338991165,,
30.3,188,512.41,613,1255424,6659,-0.03927178427693434,0.030100927,0.0003,0.2,0.236767578125,-1.029103996604681,0.556885302066803,6120,1.4245086001697929,0.023043707013130188,,
30.9,188,511.91,614,1257472,6669,-0.03326599270803854,0.028664235,0.0003,0.2,0.22626953125,-1.1088118361309172,0.5074071288108826,6130,1.9511381818912923,0.052847810089588165,,
31.3,188,516.01,615,1259520,6677,-0.03584902537986636,0.031526968,0.0003,0.2,0.223681640625,-1.0125233894214034,0.38664960861206055,6140,1.7318994719767944,0.12038450688123703,,
,,,,1260000,,-0.03139694233541377,0.021999339,0.0003,0.2,0.176513671875,-1.0135059366002679,0.020984113216400146,6150,2.6859973659273235,0.06756942719221115,36.0,505.6
32.2,188,523.09,616,1261568,6695,,,,,,,,,,,,
33.0,188,529.14,617,1263616,6704,-0.03623224159528036,0.025184076,0.0003,0.2,0.231005859375,-1.1339264374226332,0.3364322781562805,6160,1.7752235144376756,0.05331350862979889,,
33.3,188,530.25,618,1265664,6712,-0.03552777002332732,0.03016293,0.0003,0.2,0.21865234375,-1.0111877327784895,0.4172043204307556,6170,1.4565346624702216,0.06539455056190491,,
33.8,188,533.97,619,1267712,6720,-0.03534762139606755,0.034661274,0.0003,0.2,0.217333984375,-1.0835594389587642,0.45719438791275024,6180,1.5018081757938488,0.19518041610717773,,
34.0,188,531.76,620,1269760,6728,-0.03562562457518652,0.026510995,0.0003,0.2,0.2072265625,-1.1329813012853265,0.38572192192077637,6190,2.2207781058270486,0.18395964801311493,,
,,,,1270000,,-0.03830114810843952,0.03349398,0.0003,0.2,0.263037109375,-1.1111938858404755,0.664987325668335,6200,1.0043391938786954,0.01911785453557968,18.0,393.8
34.4,188,534.11,621,1271808,6744,,,,,,,,,,,,
35.5,188,541.59,622,1273856,6752,-0.03520562845515087,0.023591746,0.0003,0.2,0.2126953125,-1.094997425749898,0.3165348768234253,6210,2.204397461982444,0.20183062553405762,,
37.4,188,555.7,623,1275904,6760,-0.033745501161320135,0.024513211,0.0003,0.2,0.207958984375,-1.129379927366972,0.4171043634414673,6220,1.988358624931425,0.202082097530365,,
38.6,188,560.99,624,1277952,6768,-0.038964885749737735,0.026558455,0.0003,0.2,0.213623046875,-1.0856545861810445,0.4915776252746582,6230,1.8859021628508343,0.01745717227458954,,
,,,,1280000,,-0.027277954723103903,0.022796737,0.0003,0.2,0.17373046875,-1.0367989920079708,0.23321789503097534,6240,2.830659872433171,0.488596111536026,24.0,486.2
35.5,188,537.97,625,1280000,6783,,,,,,,,,,,,
36.7,188,548.85,626,1282048,6791,-0.033405567111913115,0.02422222,0.0003,0.2,0.188671875,-1.1014635678380729,0.23434531688690186,6250,2.306662501161918,0.024993933737277985,,
38.9,188,566.17,627,1284096,6801,-0.035979833264718764,0.030472152,0.0003,0.2,0.2322265625,-1.1132205385714768,0.5646628141403198,6260,1.9350494041107595,0.10428163409233093,,
39.7,188,566.24,628,1286144,6810,-0.03904546514386311,0.029415188,0.0003,0.2,0.216748046875,-1.0316027073189615,0.33208054304122925,6270,1.827870415011421,0.5638716220855713,,
39.2,188,564.26,629,1288192,6818,-0.03536724312289152,0.02595365,0.0003,0.2,0.207373046875,-1.1706899415701628,0.3971310257911682,6280,2.0222373825497924,0.09740765392780304,,
,,,,1290000,,-0.03779886676784372,0.02709924,0.0003,0.2,0.21044921875,-1.1022411981597542,0.30075085163116455,6290,2.3436396866571156,0.02178826555609703,40.0,548.0
40.5,188,573.02,630,1290240,6838,,,,,,,,,,,,
40.6,188,573.01,631,1292288,6847,-0.03653760074812453,0.03306357,0.0003,0.2,0.230322265625,-1.0690936271101237,0.65375155210495,6300,1.2355222668033092,0.05382557958364487,,
40.9,188,574.66,632,1294336,6856,-0.03672146586759482,0.026588513,0.0003,0.2,0.220556640625,-1.1207907196134328,0.470806360244751,6310,1.6376346284523606,0.006311587989330292,,
40.3,188,569.63,633,1296384,6865,-0.029929598720627837,0.026091889,0.0003,0.2,0.223681640625,-1.0831442600116135,0.4209631085395813,6320,1.968524243682623,0.07252949476242065,,
40.3,188,569.46,634,1298432,6874,-0.040096423990326,0.031552456,0.0003,0.2,0.23515625,-1.119788621738553,0.37410032749176025,6330,1.9639611628605054,-0.011871330440044403,,
,,,,1300000,,-0.038083874841686335,0.037107795,0.0003,0.2,0.2568359375,-1.0690611239522696,0.4499182105064392,6340,1.352083146222867,0.18983589112758636,44.0,547.2
38.9,188,561.67,635,1300480,6892,,,,,,,,,,,,
38.9,188,563.9,636,1302528,6901,-0.03446913212828804,0.03512992,0.0003,0.2,0.24267578125,-1.2104162584990263,0.3032529950141907,6350,1.8357682965230198,0.045528165996074677,,
39.8,188,571.62,637,1304576,6911,-0.03454436638276093,0.028555507,0.0003,0.2,0.2193359375,-1.1566955413669349,0.4832097887992859,6360,2.1495229593710974,0.07081185281276703,,
41.2,188,586.58,638,1306624,6922,-0.03534552184282802,0.03097511,0.0003,0.2,0.232080078125,-1.1443466871976853,0.4242340326309204,6370,1.505384232616052,0.20424678921699524,,
41.4,188,587.92,639,1308672,6932,-0.038126782471954355,0.03396385,0.0003,0.2,0.25556640625,-1.0027583673596383,0.3566470146179199,6380,1.3231709660263733,0.03958746790885925,,
,,,,1310000,,-0.04261808626470156,0.03132543,0.0003,0.2,0.25224609375,-1.1896594110876322,0.11615860462188721,6390,1.9637822872493416,0.0047766342759132385,34.0,501.8
41.2,188,585.54,640,1310720,6949,,,,,,,,,,,,
40.1,188,577.46,641,1312768,6960,-0.0363423755421536,0.032679964,0.0003,0.2,0.22509765625,-1.1037479691207408,0.26077836751937866,6400,1.928659751219675,0.04628181457519531,,
39.3,188,574.28,642,1314816,6970,-0.040351135804667135,0.028702628,0.0003,0.2,0.220849609375,-1.0571682818233967,0.25702887773513794,6410,1.632710023666732,0.04934053122997284,,
38.7,188,570.96,643,1316864,6979,-0.03982001259282697,0.036601193,0.0003,0.2,0.271728515625,-1.0721235254779458,0.5017943978309631,6420,1.045117009943351,-0.018662188202142715,,
39.5,188,576.72,644,1318912,6988,-0.03487238231027732,0.029235223,0.0003,0.2,0.208349609375,-1.025076999515295,0.4860507845878601,6430,1.6971646232763304,0.031150594353675842,,
,,,,1320000,,-0.03364619587373454,0.033891983,0.0003,0.2,0.22763671875,-1.0050906846299767,0.14657443761825562,6440,1.5942492491099984,0.0286983884871006,12.0,337.2
38.4,188,568.13,645,1320960,7003,,,,,,,,,,,,
38.5,188,572.84,646,1323008,7012,-0.034175680766929874,0.027408224,0.0003,0.2,0.225341796875,-1.0389348229393363,0.33318471908569336,6450,1.8954372766893357,0.11107370257377625,,
37.6,188,566.8,647,1325056,7020,-0.03556333956948947,0.025989994,0.0003,0.2,0.208740234375,-1.1024424590170383,0.3499827980995178,6460,1.6126332101412117,0.003743726760149002,,
39.3,188,581.75,648,1327104,7029,-0.03780085548642091,0.033002593,0.0003,0.2,0.2318359375,-1.068211698718369,0.6167311072349548,6470,1.4902566892560571,0.07025722414255142,,
39.8,188,587.91,649,1329152,7037,-0.039523590239696205,0.029966127,0.0003,0.2,0.22998046875,-1.0150058699771762,0.5441036224365234,6480,1.4751522302161901,0.10223211348056793,,
,,,,1330000,,-0.0366123775660526,0.028381534,0.0003,0.2,0.228076171875,-1.1081856066361069,0.5507534742355347,6490,1.5084069233154878,0.13558688759803772,42.0,725.2
40.6,188,593.98,650,1331200,7058,,,,,,,,,,,,
38.6,188,577.8,651,1333248,7066,-0.03798750299029052,0.024844958,0.0003,0.2,0.201416015625,-1.0404671007767319,0.48647022247314453,6500,2.2244197444524616,0.09906400740146637,,
38.0,188,574.67,652,1335296,7074,-0.04211130539770238,0.036106534,0.0003,0.2,0.249365234375,-1.0480228742584585,0.359036922454834,6510,1.3137302764924244,0.035570479929447174,,
38.8,188,582.25,653,1337344,7082,-0.03745100887026638,0.03096296,0.0003,0.2,0.224853515625,-1.0668217685073613,0.5863922834396362,6520,1.543815179890953,0.018370553851127625,,
38.5,188,579.64,654,1339392,7091,-0.03281582066847477,0.025254004,0.0003,0.2,0.213037109375,-1.0750628903508186,0.2058003544807434,6530,2.0128735948819667,0.1066478043794632,,
,,,,1340000,,-0.03691613252158277,0.026378926,0.0003,0.2,0.221484375,-1.0558598747476935,0.47349417209625244,6540,1.9056825453881174,0.04794350266456604,68.0,784.0
34.9,188,555.61,655,1341440,7112,,,,,,,,,,,,
35.1,188,558.35,656,1343488,7122,-0.039374329513520934,0.033423316,0.0003,0.2,0.249462890625,-1.1493110757321119,0.6634225845336914,6550,0.9592180634615943,-0.016776621341705322,,
36.4,188,573.41,657,1345536,7132,-0.039961141234380194,0.03291162,0.0003,0.2,0.240087890625,-0.9971933580935002,0.4929705262184143,6560,1.1828094975324348,0.04582368582487106,,
34.6,188,559.01,658,1347584,7140,-0.03788863498193677,0.038802452,0.0003,0.2,0.25693359375,-1.0763774488121272,0.6759754419326782,6570,0.8501339180278592,0.016762927174568176,,
35.4,188,563.17,659,1349632,7149,-0.03646123345533851,0.025592577,0.0003,0.2,0.225830078125,-1.0906754022464156,0.27576953172683716,6580,1.7171831514220686,0.06830516457557678,,
,,,,1350000,,-0.0325524053274421,0.02370349,0.0003,0.2,0.1775390625,-1.0681027948856354,0.546552300453186,6590,2.294467128859833,0.09884154796600342,34.0,576.8
36.2,188,570.12,660,1351680,7167,,,,,,,,,,,,
36.2,188,568.12,661,1353728,7176,-0.04420248788665049,0.0338128,0.0003,0.2,0.232373046875,-0.9967543931677938,0.5012009739875793,6600,1.469138922728598,0.07169421017169952,,
36.9,188,576.12,662,1355776,7186,-0.032874923935742116,0.023959922,0.0003,0.2,0.188916015625,-1.035423667356372,0.4056193232536316,6610,2.5627521595917644,0.14580732583999634,,
37.5,188,577.16,663,1357824,7194,-0.0396846488234587,0.027350346,0.0003,0.2,0.24091796875,-1.0634011777117849,0.4886931777000427,6620,1.6258606820367276,0.08285973966121674,,
37.9,188,580.67,664,1359872,7205,-0.03381970640621148,0.028806148,0.0003,0.2,0.2123046875,-1.104407729022205,0.32013148069381714,6630,2.4155178550397975,0.4716089069843292,,
,,,,1360000,,-0.03174663900572341,0.031565152,0.0003,0.2,0.24970703125,-1.031298403814435,0.5809471607208252,6640,1.1374029866885393,0.000608149915933609,32.0,537.6
37.8,188,583.21,665,1361920,7225,,,,,,,,,,,,
37.3,188,579.83,666,1363968,7235,-0.03705948699789587,0.029672116,0.0003,0.2,0.24189453125,-1.0217047467827798,0.5142279863357544,6650,1.0945918708574027,-0.028477847576141357,,
37.6,188,580.39,667,1366016,7244,-0.03358368397457525,0.026286898,0.0003,0.2,0.21611328125,-1.0010449143126607,0.5620204210281372,6660,1.6552127678878605,0.029319986701011658,,
37.6,188,580.86,668,1368064,7254,-0.036562022077850996,0.0285001,0.0003,0.2,0.212060546875,-1.0871859295293689,0.48365771770477295,6670,1.5595905063441022,0.3450050354003906,,
,,,,1370000,,-0.03755375421023928,0.024948182,0.0003,0.2,0.213916015625,-1.041954629868269,0.5290544033050537,6680,1.803226979682222,0.02424100786447525,8.0,247.0
38.0,188,585.53,669,1370112,7267,,,,,,,,,,,,
37.9,188,580.08,670,1372160,7276,-0.034256873946287666,0.02883032,0.0003,0.2,0.23544921875,-1.083151757530868,0.2396717071533203,6690,1.8773640943691134,0.10628790408372879,,
37.9,188,578.37,671,1374208,7286,-0.033188013194012454,0.024533108,0.0003,0.2,0.171240234375,-0.9556949747726321,0.2279585599899292,6700,2.609720458462834,0.09694034606218338,,
37.1,188,574.03,672,1376256,7296,-0.03544914291705936,0.030625831,0.0003,0.2,0.21875,-1.070835286937654,0.2773374915122986,6710,1.6781898722983897,0.0414847806096077,,
38.6,188,584.77,673,1378304,7305,-0.035909311639261435,0.025685014,0.0003,0.2,0.206494140625,-1.1053648790344597,0.22991925477981567,6720,1.6789338951930404,0.031923893839120865,,
,,,,1380000,,-0.03808896956616081,0.027649842,0.0003,0.2,0.2154296875,-1.0357083076611162,0.5383205413818359,6730,2.363804503157735,0.0936029702425003,22.0,514.6
38.8,188,584.55,674,1380352,7325,,,,,,,,,,,,
39.4,188,585.03,675,1382400,7335,-0.04624032450228697,0.03210834,0.0003,0.2,0.27578125,-1.0917019966989756,0.6272270679473877,6740,1.2715637975838034,0.05697895586490631,,
40.9,188,596.1,676,1384448,7346,-0.035749752260744574,0.030771555,0.0003,0.2,0.22578125,-1.032905401661992,0.36650198698043823,6750,1.59848578623496,0.060730595141649246,,
38.7,188,582.85,677,1386496,7356,-0.0350235660065664,0.036910728,0.0003,0.2,0.24375,-0.9023866206407547,0.5560840368270874,6760,1.0109179855324328,-0.011480189859867096,,
39.3,188,586.06,678,1388544,7365,-0.032171886532159986,0.026064653,0.0003,0.2,0.19921875,-0.9817160543054342,0.07978492975234985,6770,2.3080519539769737,0.0670103132724762,,
,,,,1390000,,-0.039812987987534146,0.030228257,0.0003,0.2,0.23388671875,-1.0114352514967322,0.5352216958999634,6780,1.012558957701549,0.015329241752624512,46.0,648.0
38.1,188,574.08,679,1390592,7386,,,,,,,,,,,,
38.8,188,585.68,680,1392640,7395,-0.036301652385736814,0.027545981,0.0003,0.2,0.21923828125,-1.0794827420264483,0.4471832513809204,6790,1.7599482128862292,0.02458098530769348,,
38.1,188,581.8,681,1394688,7404,-0.03732754339871462,0.030924503,0.0003,0.2,0.219091796875,-1.0185692131519317,0.36205434799194336,6800,1.722015318623744,0.08608788251876831,,
37.3,188,576.28,682,1396736,7414,-0.03521672437927918,0.029576644,0.0003,0.2,0.21796875,-1.0014445066452027,0.35049140453338623,6810,1.4460843957262113,0.113712377846241,,
37.7,188,577.92,683,1398784,7424,-0.038658525052596815,0.028978284,0.0003,0.2,0.24208984375,-1.0230806341394783,0.3420288562774658,6820,1.5365727946860717,0.05657501518726349,,
,,,,1400000,,-0.03323800828075037,0.025425486,0.0003,0.2,0.19990234375,-0.9963296396657825,0.27093207836151123,6830,2.173060083715245,0.1592549830675125,66.0,796.6
38.4,188,585.6,684,1400832,7450,,,,,,,,,,,,
37.1,188,569.92,685,1402880,7460,-0.031632136160624214,0.027108744,0.0003,0.2,0.19189453125,-0.9867944471538067,0.3636239767074585,6840,1.7943290956085547,0.05574735999107361,,
37.7,188,577.03,686,1404928,7469,-0.036541172536090016,0.02771747,0.0003,0.2,0.203857421875,-1.0185824289917946,0.01649075746536255,6850,2.1672720679547637,0.06096610426902771,,
36.8,188,575.44,687,1406976,7479,-0.03452864494174719,0.029101172,0.0003,0.2,0.21708984375,-1.0298388866707682,0.32248806953430176,6860,1.7525631433352828,0.0240510031580925,,
38.2,188,589.51,688,1409024,7491,-0.03441012558178045,0.03561371,0.0003,0.2,0.24287109375,-0.9944754483178257,0.6037603616714478,6870,0.9986102038412354,-0.019186772406101227,,
,,,,1410000,,-0.03991314572631381,0.037271135,0.0003,0.2,0.250244140625,-1.0269009271636604,0.6733522415161133,6880,0.7976086841197685,-0.03479379415512085,40.0,606.4
36.5,187,577.85,689,1411072,7511,,,,,,,,,,,,
38.3,187,590.27,690,1413120,7521,-0.033300837359274735,0.026081357,0.0003,0.2,0.189794921875,-1.057722334563732,0.33035480976104736,6890,1.8125501371221617,0.13483533263206482,,
37.3,187,577.66,691,1415168,7530,-0.04256165890546981,0.031416416,0.0003,0.2,0.24296875,-1.0479740103706718,0.5922455787658691,6900,1.9752020234940573,0.03545103967189789,,
34.9,187,555.87,692,1417216,7539,-0.03875496551045217,0.03134031,0.0003,0.2,0.241650390625,-1.0370194233953953,0.6257118582725525,6910,1.1693591613788157,0.047189339995384216,,
34.4,187,551.73,693,1419264,7549,-0.03438042534398846,0.031401813,0.0003,0.2,0.203564453125,-1.0258679112419486,0.28374528884887695,6920,1.7570202984148637,0.02527698129415512,,
,,,,1420000,,-0.03185944193683099,0.023937732,0.0003,0.2,0.19443359375,-1.0390680313110352,0.2568005323410034,6930,1.3456048907712101,0.1445346474647522,60.0,749.0
34.0,187,550.39,694,1421312,7573,,,,,,,,,,,,
34.3,187,553.92,695,1423360,7581,-0.03746511029312387,0.028206583,0.0003,0.2,0.2037109375,-0.9591296007856727,0.2767114043235779,6940,1.5508327971212565,0.05397485941648483,,
32.7,187,540.66,696,1425408,7591,-0.03468118886521552,0.02878932,0.0003,0.2,0.204443359375,-1.0545284362509846,0.5131750702857971,6950,1.7597469390835614,0.20768706500530243,,
33.1,187,546.48,697,1427456,7600,-0.03462810395431006,0.02863543,0.0003,0.2,0.213232421875,-1.0477776614949108,0.37184780836105347,6960,1.9089628054993226,0.18311180174350739,,
33.4,187,552.82,698,1429504,7609,-0.039543263279483654,0.030608742,0.0003,0.2,0.22041015625,-1.0019047016277909,0.4350429177284241,6970,1.2901246873429044,0.006818249821662903,,
,,,,1430000,,-0.044716336403507737,0.03646927,0.0003,0.2,0.259912109375,-0.9709278915077448,0.28182166814804077,6980,1.0909296306897887,0.038358211517333984,16.0,390.8
33.6,187,552.02,699,1431552,7626,,,,,,,,,,,,
34.8,187,561.3,700,1433600,7636,-0.035689226526301354,0.026004262,0.0003,0.2,0.193359375,-1.027730903029442,0.4211544990539551,6990,2.17494641863741,0.0814502090215683,,
34.9,187,560.8,701,1435648,7646,-0.044641036170651203,0.034308482,0.0003,0.2,0.2505859375,-1.0646165873855353,0.5842124223709106,7000,1.0731944634811952,0.05669422447681427,,
35.3,187,564.63,702,1437696,7656,-0.039645861001918095,0.025679592,0.0003,0.2,0.2001953125,-0.9430007565766573,0.4011955261230469,7010,1.9495794586837292,0.02542654424905777,,
32.9,187,543.51,703,1439744,7665,-0.03629536788212136,0.02759243,0.0003,0.2,0.211962890625,-1.0167855871841311,0.2533661723136902,7020,1.726333188940771,0.3468886911869049,,
,,,,1440000,,-0.0329356122732861,0.023351805,0.0003,0.2,0.1908203125,-1.040259602293372,0.358345627784729,7030,2.391429627290927,0.051404669880867004,20.0,406.8
33.2,187,547.82,704,1441792,7683,,,,,,,,,,,,
32.9,187,551.26,705,1443840,7694,-0.03735555226739962,0.030980933,0.0003,0.2,0.2310546875,-1.0204263834282756,0.40195232629776,7040,1.2995743418578058,0.010489314794540405,,
33.1,187,556.06,706,1445888,7704,-0.043281356326770035,0.0351488,0.0003,0.2,0.25068359375,-1.0292381297796964,0.5130706429481506,7050,1.1445651976391673,0.0037060603499412537,,
32.0,187,539.97,707,1447936,7713,-0.03895087087876163,0.030279953,0.0003,0.2,0.248876953125,-1.0743208166211844,0.5453073978424072,7060,1.1302412597928195,0.04291052371263504,,
32.6,187,546.02,708,1449984,7723,-0.03558383621566463,0.02920348,0.0003,0.2,0.2193359375,-1.0458212476223707,0.1466030478477478,7070,1.9676036784425377,0.04756390303373337,,
,,,,1450000,,-0.0348261985112913,0.032319933,0.0003,0.2,0.223876953125,-0.9567932823672891,0.46788930892944336,7080,1.2980032955296337,-0.009698353707790375,20.0,480.4
32.8,187,547.58,709,1452032,7743,,,,,,,,,,,,
32.3,187,544.4,710,1454080,7752,-0.038868651013763154,0.030894948,0.0003,0.2,0.230517578125,-1.0973619874566793,0.35478323698043823,7090,1.8688773251138628,0.11945438385009766,,
31.8,187,536.43,711,1456128,7762,-0.035801988624734805,0.023511153,0.0003,0.2,0.1875,-1.054564230144024,0.3739245533943176,7100,2.3354241932742297,0.044642865657806396,,
31.5,187,532.58,712,1458176,7771,-0.0365125496085966,0.026503328,0.0003,0.2,0.203125,-1.0516714695841074,0.31611794233322144,7110,1.7693259886465966,0.036549754440784454,,
,,,,1460000,,-0.03683150727301836,0.02803358,0.0003,0.2,0.22607421875,-1.0653965920209885,0.6053187847137451,7120,1.2579003874445334,0.11389778554439545,36.0,540.6
29.1,187,506.59,713,1460224,7790,,,,,,,,,,,,
29.3,187,510.24,714,1462272,7799,-0.03396421863872092,0.02851662,0.0003,0.2,0.22841796875,-1.0989342972636222,0.36787521839141846,7130,1.3875500932801514,0.03931631147861481,,
28.7,187,504.91,715,1464320,7809,-0.033725541052990596,0.03463352,0.0003,0.2,0.24111328125,-1.0889504559338092,0.37097829580307007,7140,1.5306376619264483,0.04090163856744766,,
28.8,187,504.8,716,1466368,7818,-0.034055840644577985,0.02945888,0.0003,0.2,0.212890625,-1.0388132503256202,0.3047615885734558,7150,2.0534942733123898,0.12458585202693939,,
28.3,187,499.63,717,1468416,7828,-0.036011428930214605,0.03836324,0.0003,0.2,0.246728515625,-0.9799729349091649,0.3566214442253113,7160,1.232069338974543,0.04140405356884003,,
,,,,1470000,,-0.03770637553825509,0.026407685,0.0003,0.2,0.20849609375,-0.9913670668378473,0.1593027114868164,7170,1.862080643256195,0.06537759304046631,26.0,485.8
27.7,187,492.29,718,1470464,7846,,,,,,,,,,,,
29.0,187,504.25,719,1472512,7855,-0.03964956634445116,0.03473614,0.0003,0.2,0.24921875,-1.068449856340885,0.46122097969055176,7180,1.3418359572067857,0.03711128979921341,,
28.3,187,500.86,720,1474560,7865,-0.04012150339694927,0.03513743,0.0003,0.2,0.236279296875,-0.9862042549997568,0.29107123613357544,7190,1.6549501503352075,0.15794207155704498,,
30.3,187,516.8,721,1476608,7874,-0.040454065857920794,0.031330332,0.0003,0.2,0.232177734375,-1.0774239784106612,0.3875318169593811,7200,1.3058873284840957,0.0998537540435791,,
30.0,187,511.81,722,1478656,7884,-0.03737432564957999,0.025165964,0.0003,0.2,0.21064453125,-0.9912689469754696,0.5560848712921143,7210,1.6437667114660144,0.08058227598667145,,
,,,,1480000,,-0.034672218110063116,0.028725777,0.0003,0.2,0.21220703125,-1.03344841375947,0.578816294670105,7220,1.4116079539293422,0.027890808880329132,38.0,506.4
30.6,187,518.15,723,1480704,7904,,,,,,,,,,,,
28.2,187,496.0,724,1482752,7913,-0.03383519651833922,0.026654381,0.0003,0.2,0.198779296875,-0.9353905661031604,0.21124225854873657,7230,1.7396422456717118,0.031462326645851135,,
26.5,187,482.12,725,1484800,7923,-0.03310145355208079,0.024446739,0.0003,0.2,0.184228515625,-1.0143766995519399,0.41099703311920166,7240,1.9327136638807132,0.06735597550868988,,
26.5,187,485.24,726,1486848,7932,-0.03934601627697702,0.032069746,0.0003,0.2,0.2390625,-1.0631587076932192,0.3785555362701416,7250,1.1425324470968916,0.05087802931666374,,
27.7,187,497.14,727,1488896,7943,-0.03469338522409089,0.03410416,0.0003,0.2,0.220947265625,-1.002875430136919,0.37532246112823486,7260,1.7294039629399776,0.6203008890151978,,
,,,,1490000,,-0.03851235666952561,0.028464496,0.0003,0.2,0.219384765625,-1.0527295492589475,0.3535013198852539,7270,1.8282325205858796,0.07828054577112198,44.0,608.4
27.1,187,484.57,728,1490944,7964,,,,,,,,,,,,
27.3,187,485.41,729,1492992,7974,-0.04053260785003658,0.03379935,0.0003,0.2,0.237451171875,-1.034868588298559,0.1176263689994812,7280,1.90060825899709,0.06298232078552246,,
29.9,187,502.5,730,1495040,7984,-0.040052202640799804,0.032333747,0.0003,0.2,0.22724609375,-0.9904093567281962,0.36688071489334106,7290,1.2616055221064015,0.07899603247642517,,
29.3,187,502.09,731,1497088,7994,-0.04710437931935303,0.033137877,0.0003,0.2,0.248681640625,-1.0473256858065725,0.4961852431297302,7300,1.3089557806029917,0.035939738154411316,,
29.2,187,500.8,732,1499136,8003,-0.035974885504401755,0.022194862,0.0003,0.2,0.180419921875,-0.9886830570176244,0.15291297435760498,7310,2.4575589122483508,-0.006828051060438156,,
,,,,1500000,,-0.03199943990039174,0.033981416,0.0003,0.2,0.236669921875,-1.0646960217505694,0.46077531576156616,7320,1.3591822596732528,0.10139882564544678,38.0,641.2
26.8,187,477.6,733,1501184,8026,,,,,,,,,,,,
26.2,187,473.42,734,1503232,8036,-0.04327125508571043,0.033372335,0.0003,0.2,0.231103515625,-1.0269724279642105,0.28680992126464844,7330,1.530136905889958,0.03807184472680092,,
27.1,187,485.54,735,1505280,8046,-0.035793222591746596,0.02854043,0.0003,0.2,0.217529296875,-1.0438656650483609,0.41910165548324585,7340,1.8408938209759071,0.09618622809648514,,
28.2,187,494.63,736,1507328,8057,-0.037878207227913664,0.027766103,0.0003,0.2,0.22119140625,-1.0532746210694313,0.4391132593154907,7350,1.6261151147540658,0.056564852595329285,,
28.9,187,498.88,737,1509376,8066,-0.037996205314993856,0.03315787,0.0003,0.2,0.2283203125,-1.0353816483169793,0.3443554639816284,7360,1.4106169817736371,0.008037455379962921,,
,,,,1510000,,-0.03805860645661596,0.028723467,0.0003,0.2,0.201171875,-1.1182365030050279,0.0349581241607666,7370,2.5040125475265085,0.0922766923904419,4.0,345.4
29.4,186,499.31,738,1511424,8082,,,,,,,,,,,,
29.5,187,500.29,739,1513472,8092,-0.036367141670780256,0.032382384,0.0003,0.2,0.245654296875,-1.100986760109663,0.3903423547744751,7380,1.2473319333977997,0.005089804530143738,,
30.5,187,509.62,740,1515520,8103,-0.036297978315269576,0.028748067,0.0003,0.2,0.23251953125,-1.07416073679924,0.21437865495681763,7390,1.6436213279142975,0.04910657927393913,,
31.4,187,513.72,741,1517568,8112,-0.03899782612425042,0.033006668,0.0003,0.2,0.241796875,-1.0088442085310816,0.6120776534080505,7400,1.1341268438380212,0.046823643147945404,,
32.2,187,521.47,742,1519616,8122,-0.0380355631466955,0.027854897,0.0003,0.2,0.22080078125,-1.0049413707107306,0.07370764017105103,7410,1.544829129287973,0.02436148375272751,,
,,,,1520000,,-0.03353228703053901,0.02788317,0.0003,0.2,0.20888671875,-1.0452793898060917,0.3133530616760254,7420,2.4447302838321776,0.0648370012640953,14.0,402.8
34.7,186,539.18,743,1521664,8138,,,,,,,,,,,,
36.1,186,551.4,744,1523712,8148,-0.03817816275404766,0.028229017,0.0003,0.2,0.201171875,-1.0385207751765848,0.6022136211395264,7430,1.907219330780208,0.17737601697444916,,
35.2,187,543.98,745,1525760,8157,-0.03683992204314564,0.031189812,0.0003,0.2,0.2388671875,-1.0485115101560951,0.5130901336669922,7440,1.4343106462154538,0.024540819227695465,,
34.9,187,540.63,746,1527808,8167,-0.033679865885642354,0.024347868,0.0003,0.2,0.174853515625,-1.0461158096790313,0.4018957018852234,7450,2.389631712180562,0.20092791318893433,,
35.1,187,541.12,747,1529856,8177,-0.040112991476780734,0.030919429,0.0003,0.2,0.2283203125,-1.0667116129770875,0.3748699426651001,7460,2.1529385038884357,0.19253769516944885,,
,,,,1530000,,-0.03962299545382848,0.035782192,0.0003,0.2,0.237353515625,-1.0385999470949172,0.4126887321472168,7470,1.7981813200283796,0.000501491129398346,54.0,599.6
35.9,186,549.99,748,1531904,8198,,,,,,,,,,,,
35.8,186,549.34,749,1533952,8208,-0.036302122089546175,0.027058765,0.0003,0.2,0.217626953125,-1.0374062003567814,0.38852065801620483,7480,1.7502857761923223,0.04783828556537628,,
34.6,186,539.22,750,1536000,8219,-0.03949148571991827,0.03472529,0.0003,0.2,0.256640625,-1.118264547176659,0.31108349561691284,7490,2.190396978147328,0.04809153079986572,,
36.0,186,555.08,751,1538048,8229,-0.03633376159705222,0.03420189,0.0003,0.2,0.233740234375,-0.9849585911259056,0.14776939153671265,7500,1.7939967723097652,0.03699614107608795,,
,,,,1540000,,-0.03550350046134554,0.035822105,0.0003,0.2,0.24404296875,-1.004580713622272,0.478912889957428,7510,1.2018514049472286,0.051573246717453,24.0,433.4
36.1,186,556.27,752,1540096,8246,,,,,,,,,,,,
36.8,186,555.05,753,1542144,8256,-0.036191737148328684,0.0227976,0.0003,0.2,0.20771484375,-1.0760788200423121,0.3956015706062317,7520,2.6546684356871992,0.394905686378479,,
35.8,186,540.05,754,1544192,8265,-0.03802829257037956,0.035658713,0.0003,0.2,0.234228515625,-1.0233829297125339,0.5100857019424438,7530,1.2698298851726577,-0.011764146387577057,,
36.0,186,544.82,755,1546240,8274,-0.03805028244241839,0.030303292,0.0003,0.2,0.2099609375,-1.0506445964798332,0.3896636962890625,7540,2.3367353992303834,0.04429842531681061,,
34.6,186,533.32,756,1548288,8283,-0.0373824801587034,0.033603795,0.0003,0.2,0.227294921875,-1.0108348248526453,0.45181047916412354,7550,1.695318780373782,0.07612421363592148,,
,,,,1550000,,-0.03741008453653194,0.031562094,0.0003,0.2,0.223193359375,-1.0101510360836983,0.45941489934921265,7560,1.5409579598344862,0.03067198395729065,18.0,370.6
35.4,186,539.61,757,1550336,8299,,,,,,,,,,,,
35.8,186,538.66,758,1552384,8308,-0.0370042137496057,0.036271967,0.0003,0.2,0.246435546875,-1.038547053001821,0.4119376540184021,7570,1.5888367054983974,0.027103818953037262,,
35.2,186,537.88,759,1554432,8317,-0.035694579672417605,0.028352205,0.0003,0.2,0.234912109375,-1.0262902414426207,0.31739914417266846,7580,1.4301091988570989,0.03243909031152725,,
36.6,186,548.23,760,1556480,8326,-0.03544727058033459,0.026560877,0.0003,0.2,0.211279296875,-1.0664777938276528,0.1809546947479248,7590,1.8854461999610066,0.048054151237010956,,
37.0,186,547.6,761,1558528,8336,-0.03743414772325195,0.032225154,0.0003,0.2,0.224072265625,-1.0053453402593733,0.5004733800888062,7600,1.300682757794857,0.11591710150241852,,
,,,,1560000,,-0.038899858726654205,0.03365263,0.0003,0.2,0.228564453125,-1.0871806351467967,0.4420754909515381,7610,1.9466660284437238,0.08314673602581024,22.0,434.4
35.3,186,532.41,762,1560576,8352,,,,,,,,,,,,
35.9,186,536.39,763,1562624,8361,-0.026962913328316063,0.024608374,0.0003,0.2,0.19716796875,-1.0562505166977645,0.49325692653656006,7620,1.7920943500241264,0.009491976350545883,,
36.8,186,545.79,764,1564672,8370,-0.042636470394791105,0.035827156,0.0003,0.2,0.246630859375,-1.1071877202019096,0.5384422540664673,7630,1.3733218484092504,0.012839853763580322,,
36.3,186,541.16,765,1566720,8378,-0.03381162523000967,0.032433964,0.0003,0.2,0.223974609375,-1.1059793021529913,0.49094319343566895,7640,1.6258895772974937,0.2643550932407379,,
34.4,187,525.1,766,1568768,8387,-0.03681099370878656,0.027468154,0.0003,0.2,0.228515625,-1.082306058332324,0.5771097540855408,7650,1.4662751400610432,0.0313490591943264,,
,,,,1570000,,-0.03789008412277326,0.03281539,0.0003,0.2,0.217138671875,-1.0892014380544424,0.2058817744255066,7660,1.7314840822014959,0.02071109414100647,42.0,588.8
35.0,186,533.44,767,1570816,8408,,,,,,,,,,,,
31.8,186,511.79,768,1572864,8417,-0.035544657982245556,0.034077726,0.0003,0.2,0.23046875,-1.018818066827953,0.25163573026657104,7670,1.3760554237058387,0.0379936546087265,,
31.5,186,508.91,769,1574912,8426,-0.039032116014277564,0.027471308,0.0003,0.2,0.227294921875,-1.1173618439584971,0.15866756439208984,7680,2.0035625139717013,0.031702764332294464,,
31.2,186,506.35,770,1576960,8434,-0.035970721079502256,0.027177889,0.0003,0.2,0.21708984375,-1.1145190700888634,0.08495080471038818,7690,2.015191360330209,0.3974968194961548,,
32.4,186,519.01,771,1579008,8444,-0.03532735747867264,0.029534863,0.0003,0.2,0.21708984375,-1.0514167416840792,0.23365169763565063,7700,2.169858295191079,0.1655188351869583,,
,,,,1580000,,-0.03533421347674448,0.03779302,0.0003,0.2,0.246337890625,-1.0278772534802556,0.4122270941734314,7710,1.0351089994190261,-0.01769167184829712,30.0,474.4
32.5,186,522.58,772,1581056,8461,,,,,,,,,,,,
30.5,186,504.6,773,1583104,8470,-0.037480563958524726,0.025261117,0.0003,0.2,0.202001953125,-1.0525151191279292,0.2646107077598572,7720,2.8469730217941107,0.5975838899612427,,
31.1,186,507.37,774,1585152,8479,-0.04057852765108692,0.034073673,0.0003,0.2,0.256884765625,-1.120511120930314,0.5786812901496887,7730,1.3950721211265773,0.006902709603309631,,
30.7,186,500.18,775,1587200,8488,-0.04176384459424298,0.030290633,0.0003,0.2,0.25361328125,-1.0450271971523761,0.5691649913787842,7740,1.3646420079283417,0.04654976353049278,,
32.5,187,513.05,776,1589248,8496,-0.03848485458584037,0.034572992,0.0003,0.2,0.25322265625,-1.0438803805038332,0.31944769620895386,7750,1.295665645459667,0.6795168519020081,,
,,,,1590000,,-0.03778853625699412,0.026744742,0.0003,0.2,0.201318359375,-0.996309395134449,0.23745620250701904,7760,2.463723035808653,0.06763485074043274,38.0,497.4
33.1,186,520.28,777,1591296,8514,,,,,,,,,,,,
31.7,186,514.16,778,1593344,8523,-0.03603588150581345,0.029509716,0.0003,0.2,0.22001953125,-0.9586150402203202,0.6073259115219116,7770,1.476135276677087,0.016059905290603638,,
33.1,186,527.44,779,1595392,8532,-0.03531163793813903,0.028910033,0.0003,0.2,0.208984375,-1.0197510665282608,0.22181183099746704,7780,2.220103147183545,0.03882867842912674,,
33.9,187,534.28,780,1597440,8540,-0.03940912985999603,0.03086377,0.0003,0.2,0.241064453125,-1.0523018701002003,0.4869498014450073,7790,1.564741075760685,0.07291630655527115,,
33.7,187,530.7,781,1599488,8549,-0.04094334409746807,0.03292688,0.0003,0.2,0.2294921875,-1.0278941852971912,0.6013062000274658,7800,1.5899639536626637,0.028267819434404373,,
,,,,1600000,,-0.03463723049935652,0.023909759,0.0003,0.2,0.192041015625,-0.9981905367225409,0.20513653755187988,7810,3.238243115646765,0.27784842252731323,32.0,486.4
32.6,186,524.21,782,1601536,8566,,,,,,,,,,,,
32.7,186,523.1,783,1603584,8575,-0.032874963036738335,0.02929128,0.0003,0.2,0.2146484375,-0.989078120701015,0.6302468180656433,7820,1.5864501459524036,0.11177785694599152,,
32.1,186,522.65,784,1605632,8586,-0.03909256960469065,0.030953173,0.0003,0.2,0.19873046875,-0.9327351085841655,0.286346971988678,7830,2.2236737065948544,0.2360963523387909,,
31.3,187,514.72,785,1607680,8595,-0.03786273756122682,0.036833737,0.0003,0.2,0.24833984375,-0.9707991795614361,0.19404906034469604,7840,1.4149709556950256,0.011807098984718323,,
31.6,187,516.68,786,1609728,8604,-0.03702461312495871,0.026170552,0.0003,0.2,0.215185546875,-1.0875840190798045,0.17518067359924316,7850,2.2637538054492325,0.0723196342587471,,
,,,,1610000,,-0.0389335283980472,0.030341106,0.0003,0.2,0.229296875,-1.0839394021779298,0.33900296688079834,7860,1.8725709754275157,0.08350738883018494,28.0,509.2
31.7,186,519.96,787,1611776,8622,,,,,,,,,,,,
32.0,186,524.87,788,1613824,8632,-0.04004506219062023,0.031344227,0.0003,0.2,0.22646484375,-1.043474998511374,0.24145662784576416,7870,1.8755843544844537,0.1319962739944458,,
32.5,186,530.22,789,1615872,8642,-0.03943139277107548,0.031654537,0.0003,0.2,0.2279296875,-1.0634217504411936,-0.09398448467254639,7880,2.3968978863209487,0.07810670882463455,,
33.5,186,537.74,790,1617920,8652,-0.0388385898899287,0.04004814,0.0003,0.2,0.243017578125,-0.9998897848650813,0.5401041507720947,7890,1.2339869332732634,0.021230075508356094,,
33.2,187,537.47,791,1619968,8661,-0.04031656707811635,0.036602255,0.0003,0.2,0.227587890625,-0.9456460213288664,0.48889994621276855,7900,1.437335870647803,0.06429605185985565,,
,,,,1620000,,-0.04140652201895136,0.02365591,0.0003,0.2,0.22470703125,-1.0677024396136403,0.3573682904243469,7910,2.713825017446652,0.19122830033302307,22.0,429.4
33.6,186,544.55,792,1622016,8678,,,,,,,,,,,,
33.9,186,549.14,793,1624064,8687,-0.04157304971013218,0.023154628,0.0003,0.2,0.204638671875,-1.0737734261900187,0.2673090100288391,7920,2.703910319227725,0.05696415156126022,,
33.5,186,546.04,794,1626112,8696,-0.04267821618996095,0.03260592,0.0003,0.2,0.245263671875,-1.1227269342169166,0.5396605134010315,7930,2.0290138946147636,0.06625568121671677,,
35.1,187,554.97,795,1628160,8704,-0.04160835049988236,0.03196256,0.0003,0.2,0.239794921875,-1.060023814253509,0.36087870597839355,7940,2.326437565917149,0.08204197883605957,,
,,,,1630000,,-0.03643418339343043,0.029883211,0.0003,0.2,0.207177734375,-1.057199122197926,0.606037974357605,7950,2.500730772409588,0.17380772531032562,56.0,670.4
35.3,186,558.87,796,1630208,8724,,,,,,,,,,,,
34.0,186,543.46,797,1632256,8733,-0.04003977268585004,0.03672893,0.0003,0.2,0.246826171875,-0.99228231087327,0.44164931774139404,7960,1.6011910559609532,-0.010518480092287064,,
33.8,186,541.91,798,1634304,8742,-0.03671541312360205,0.029917853,0.0003,0.2,0.235009765625,-0.9899262145161629,0.3707916736602783,7970,2.012937841960229,0.053235650062561035,,
34.6,186,544.36,799,1636352,8752,-0.03236455857258989,0.02746181,0.0003,0.2,0.186865234375,-0.9840936664491892,0.2514263987541199,7980,2.20954843419604,0.04804782569408417,,
34.9,187,543.88,800,1638400,8761,-0.0338429727969924,0.027215764,0.0003,0.2,0.213671875,-1.0318596420809627,0.4163672924041748,7990,2.39029246349819,0.06411468237638474,,
,,,,1640000,,-0.02706503838999197,0.02261256,0.0003,0.2,0.1931640625,-1.0241020664572715,0.5503535866737366,8000,2.3386539227794856,0.4239666759967804,16.0,368.0
34.9,186,547.76,801,1640448,8776,,,,,,,,,,,,
32.3,186,529.83,802,1642496,8785,-0.03295294114504941,0.029856212,0.0003,0.2,0.226904296875,-1.055988753400743,0.061946988105773926,8010,2.036685415380634,0.12743061780929565,,
32.0,186,525.83,803,1644544,8795,-0.037570012976357245,0.035126764,0.0003,0.2,0.252001953125,-1.033328746445477,0.22230380773544312,8020,1.8570394127396868,0.14613795280456543,,
32.4,187,527.3,804,1646592,8804,-0.04315810363186756,0.0374105,0.0003,0.2,0.256591796875,-1.0325097179040312,0.2754184603691101,8030,1.760165351559408,0.05825569108128548,,
31.4,187,520.89,805,1648640,8813,-0.04156675697595347,0.03763859,0.0003,0.2,0.23017578125,-1.065197512321174,0.5445626974105835,8040,1.672456022631377,0.15042684972286224,,
,,,,1650000,,-0.039335235339240174,0.037848085,0.0003,0.2,0.248046875,-1.0615162767469883,0.5461161136627197,8050,1.7920117839705199,0.032463736832141876,28.0,448.8
31.0,186,521.64,806,1650688,8829,,,,,,,,,,,,
31.9,186,525.95,807,1652736,8838,-0.03447205326810945,0.029155066,0.0003,0.2,0.247705078125,-1.0761564945802093,0.3269237279891968,8060,1.530918852589093,0.08025525510311127,,
31.0,187,520.24,808,1654784,8847,-0.040411629457958044,0.03166859,0.0003,0.2,0.22197265625,-1.0052220612764358,0.4647107720375061,8070,2.154284997517243,0.09861668199300766,,
31.6,187,521.0,809,1656832,8856,-0.03842967918026261,0.031247683,0.0003,0.2,0.226806640625,-1.0850501697510482,0.38397377729415894,8080,2.3496314552612603,0.42171645164489746,,
32.5,187,530.78,810,1658880,8865,-0.03685842193081044,0.030814555,0.0003,0.2,0.23515625,-1.140761037915945,0.4637320637702942,8090,2.1252922710496933,0.17601394653320312,,
,,,,1660000,,-0.03558415967854671,0.034782197,0.0003,0.2,0.23447265625,-1.0694061730057,0.47275710105895996,8100,2.513258956745267,0.04158235341310501,34.0,504.6
33.9,186,544.24,811,1660928,8884,,,,,,,,,,,,
33.8,186,545.19,812,1662976,8893,-0.03619017505261581,0.030966375,0.0003,0.2,0.22451171875,-0.9808072721585631,0.41519343852996826,8110,1.5130749206291512,0.05885620415210724,,
34.7,187,554.59,813,1665024,8903,-0.03340862436743919,0.026361944,0.0003,0.2,0.206298828125,-1.0824459901079535,0.3158658742904663,8120,2.7260756327072158,0.18382316827774048,,
34.2,187,550.89,814,1667072,8912,-0.037240861766622405,0.030068107,0.0003,0.2,0.22255859375,-1.0375266440212727,0.2975578308105469,8130,2.3039442146196962,0.13191813230514526,,
34.2,187,549.67,815,1669120,8921,-0.03706800577929244,0.0347521,0.0003,0.2,0.233837890625,-0.9754389628767968,0.4811464548110962,8140,1.2980399711290374,0.05453991889953613,,
,,,,1670000,,-0.042287081238464454,0.035988927,0.0003,0.2,0.250341796875,-1.0544886957854032,0.43807512521743774,8150,1.6813002179842442,0.03219211474061012,38.0,568.2
34.8,186,551.99,816,1671168,8941,,,,,,,,,,,,
34.6,186,551.43,817,1673216,8950,-0.036317512043751776,0.028416377,0.0003,0.2,0.224365234375,-0.9793333785608411,0.5225127935409546,8160,2.3731918883975593,0.10514797270298004,,
34.4,186,541.78,818,1675264,8959,-0.035846563329687345,0.028685458,0.0003,0.2,0.21513671875,-0.9542328041046858,0.5162681937217712,8170,1.9274812097195535,0.00010547786951065063,,
35.0,186,544.9,819,1677312,8969,-0.040188568136363755,0.033171866,0.0003,0.2,0.24990234375,-0.966229029558599,0.4559415578842163,8180,1.424843957531266,0.03373517468571663,,
34.3,187,537.82,820,1679360,8979,-0.04073907411366236,0.02607571,0.0003,0.2,0.199072265625,-0.971174324862659,0.40523064136505127,8190,2.2711895572021605,0.11257879436016083,,
,,,,1680000,,-0.03242446305812337,0.028874006,0.0003,0.2,0.20068359375,-0.912082670815289,0.5002871751785278,8200,1.982994470372796,0.05423608794808388,34.0,501.8
35.1,186,544.68,821,1681408,8998,,,,,,,,,,,,
35.2,186,542.19,822,1683456,9007,-0.03448653325322084,0.035372242,0.0003,0.2,0.23056640625,-0.970987176336348,0.4681485891342163,8210,1.5827003732090816,0.016865402460098267,,
34.3,186,537.21,823,1685504,9016,-0.0441293673356995,0.03670422,0.0003,0.2,0.25361328125,-1.0015658359974622,0.5003567934036255,8220,1.3932849694276228,0.034330420196056366,,
34.3,186,539.22,824,1687552,9026,-0.039672119630267844,0.029541772,0.0003,0.2,0.219970703125,-0.9931611720472574,0.3874248266220093,8230,2.2035870003979654,0.06511460244655609,,
34.1,186,536.95,825,1689600,9035,-0.03777792406617664,0.028489906,0.0003,0.2,0.2078125,-0.973708114400506,0.45438718795776367,8240,2.124581059999764,0.14994066953659058,,
,,,,1690000,,-0.042763425220618954,0.036987737,0.0003,0.2,0.25078125,-0.9470098949968815,0.46532386541366577,8250,1.6570715607143938,0.4326697289943695,22.0,461.4
34.3,186,542.85,826,1691648,9052,,,,,,,,,,,,
33.0,186,529.23,827,1693696,9061,-0.034532538085477425,0.028879814,0.0003,0.2,0.215185546875,-0.978929022885859,0.2992680072784424,8260,1.7783355700317771,0.15454831719398499,,
33.6,186,532.24,828,1695744,9070,-0.031584105963702314,0.039109718,0.0003,0.2,0.23984375,-1.0283103892579675,0.27229976654052734,8270,1.6705424578627572,0.08787041902542114,,
33.1,186,529.21,829,1697792,9079,-0.03493862202740274,0.03550733,0.0003,0.2,0.2283203125,-0.977525714226067,0.35505807399749756,8280,1.3949652350274846,0.07311490923166275,,
34.2,187,539.45,830,1699840,9089,-0.03939603505423293,0.03338585,0.0003,0.2,0.213037109375,-0.9640189774334431,0.3293893337249756,8290,2.534052316774614,0.15496717393398285,,
,,,,1700000,,-0.03921246493118815,0.040309615,0.0003,0.2,0.26005859375,-0.9928705902770162,0.6252076625823975,8300,1.168089112220332,0.00449901819229126,38.0,581.4
33.8,186,538.24,831,1701888,9109,,,,,,,,,,,,
34.1,186,538.36,832,1703936,9118,-0.03622882979107089,0.030093595,0.0003,0.2,0.22919921875,-1.0255591489374638,0.45953208208084106,8310,1.8515872300602496,0.07064520567655563,,
32.7,186,529.08,833,1705984,9127,-0.03847719827899709,0.027245026,0.0003,0.2,0.20556640625,-0.8997001590207219,0.5496441125869751,8320,1.9423173008020966,0.019495509564876556,,
35.0,186,548.22,834,1708032,9136,-0.04324729063955601,0.03283296,0.0003,0.2,0.248583984375,-1.0264395812526346,0.4226797819137573,8330,1.5323020717827602,0.004422370344400406,,
,,,,1710000,,-0.03578322549292352,0.035186116,0.0003,0.2,0.236279296875,-1.007927581295371,0.7360485792160034,8340,1.2492338662501425,0.033867888152599335,38.0,569.6
34.8,186,546.18,835,1710080,9156,,,,,,,,,,,,
35.3,186,550.02,836,1712128,9165,-0.03248459543974604,0.027442504,0.0003,0.2,0.2126953125,-1.0279812386259437,0.34368789196014404,8350,2.118971373955719,0.035577915608882904,,
35.2,186,546.47,837,1714176,9175,-0.0359306158934487,0.027384318,0.0003,0.2,0.2111328125,-1.004682549647987,0.46048498153686523,8360,1.8926752455066889,0.020243294537067413,,
35.9,186,548.46,838,1716224,9184,-0.03540995978692081,0.029899325,0.0003,0.2,0.2265625,-1.0659316105768084,0.43238967657089233,8370,2.185502629680559,0.5780640840530396,,
36.3,186,550.26,839,1718272,9193,-0.03629605569294654,0.032298766,0.0003,0.2,0.239013671875,-1.036114552244544,0.577672004699707,8380,1.7331125701311976,-0.01082301139831543,,
,,,,1720000,,-0.03441084241785575,0.030661214,0.0003,0.2,0.208935546875,-1.042171992920339,0.42489922046661377,8390,2.3282031826209275,0.012592017650604248,20.0,424.0
36.6,186,554.16,840,1720320,9211,,,,,,,,,,,,
36.9,186,555.95,841,1722368,9219,-0.0341397637326736,0.032518685,0.0003,0.2,0.228271484375,-1.0381540205329656,0.6133790016174316,8400,1.703273214865476,0.08883029967546463,,
35.9,186,547.53,842,1724416,9229,-0.028790939596365205,0.020563599,0.0003,0.2,0.16962890625,-1.024850224517286,0.47526347637176514,8410,4.189092598482967,2.2582225799560547,,
35.9,186,551.6,843,1726464,9238,-0.039543604690697974,0.027174626,0.0003,0.2,0.221484375,-1.0167649209499359,0.1904212236404419,8420,3.2027736647520215,0.11380766332149506,,
35.3,186,544.31,844,1728512,9248,-0.0403240144951269,0.04188326,0.0003,0.2,0.265869140625,-1.0047737907618284,0.5026236772537231,8430,1.1085105665028094,0.04375283420085907,,
,,,,1730000,,-0.038154141293489374,0.029895637,0.0003,0.2,0.226171875,-0.9447632899507881,0.3375030755996704,8440,2.217930499254726,0.09395600855350494,18.0,305.8
35.0,186,548.48,845,1730560,9263,,,,,,,,,,,,
34.3,186,541.83,846,1732608,9273,-0.029937497328501195,0.025500473,0.0003,0.2,0.1796875,-0.9994440732523799,0.07888567447662354,8450,3.6722303471993656,0.11653372645378113,,
33.2,186,537.5,847,1734656,9283,-0.03383819885202684,0.03190057,0.0003,0.2,0.246533203125,-1.0823254639282822,0.6066762208938599,8460,1.4668623893521726,0.05350348353385925,,
31.4,186,526.47,848,1736704,9291,-0.037299431607243604,0.031840347,0.0003,0.2,0.229541015625,-1.004214377142489,0.0951528549194336,8470,2.2250184622593223,0.005702100694179535,,
31.3,186,526.13,849,1738752,9300,-0.03959584539697971,0.034671433,0.0003,0.2,0.23759765625,-1.095468494296074,0.11172205209732056,8480,2.2210157193243503,0.06885150074958801,,
,,,,1740000,,-0.0437492267228663,0.032864656,0.0003,0.2,0.248486328125,-0.9587031878530979,0.3527565598487854,8490,1.419020925136283,0.03895692527294159,50.0,681.4
31.6,186,526.6,850,1740800,9322,,,,,,,,,,,,
29.8,186,515.32,851,1742848,9332,-0.027585159114096314,0.025566258,0.0003,0.2,0.179345703125,-0.8522004287689924,0.3167254328727722,8500,2.1584295839071275,0.1469142735004425,,
31.1,186,527.81,852,1744896,9341,-0.04313858278619591,0.037993666,0.0003,0.2,0.25859375,-0.9345464156940579,0.5475513339042664,8510,1.0264926529955118,0.01562044769525528,,
32.4,186,539.26,853,1746944,9351,-0.030821614270098507,0.043520525,0.0003,0.2,0.264599609375,-0.9841328935697675,0.5152236223220825,8520,1.028244287567213,0.0692937821149826,,
33.7,186,549.89,854,1748992,9359,-0.03527650742908008,0.03406666,0.0003,0.2,0.244189453125,-0.9900435317307711,0.6557744741439819,8530,1.2869816668331624,-0.0029713623225688934,,
,,,,1750000,,-0.027945800599991345,0.022358978,0.0003,0.2,0.1689453125,-0.9615336310118436,0.3085751533508301,8540,3.0373019196558744,0.8614534735679626,22.0,347.0
34.4,186,555.63,855,1751040,9375,,,,,,,,,,,,
34.4,186,555.85,856,1753088,9384,-0.0324819802044658,0.03282836,0.0003,0.2,0.21611328125,-0.9627054670825601,0.3735906481742859,8550,1.4786909294547512,0.013824030756950378,,
32.2,186,536.88,857,1755136,9393,-0.04441475861240178,0.03267236,0.0003,0.2,0.242333984375,-0.9782439785078167,0.3531211018562317,8560,1.196061998209916,0.0161268413066864,,
32.4,186,536.32,858,1757184,9403,-0.03554672739701346,0.030454928,0.0003,0.2,0.2095703125,-1.0330804966390132,0.31533676385879517,8570,2.2624952151672915,0.06888572871685028,,
33.3,186,547.05,859,1759232,9412,-0.04472485644801054,0.03125006,0.0003,0.2,0.25361328125,-1.0226056015118956,0.46654200553894043,8580,1.9862888240721077,0.022419586777687073,,
,,,,1760000,,-0.039391340033034794,0.030490493,0.0003,0.2,0.23408203125,-1.0356164939701558,0.3274795413017273,8590,2.2463888210244476,0.07818447053432465,22.0,407.8
32.5,186,538.25,860,1761280,9428,,,,,,,,,,,,
33.0,186,536.87,861,1763328,9438,-0.03838368935103063,0.0360255,0.0003,0.2,0.24072265625,-1.0161043893545867,0.4922264814376831,8600,1.586704514012672,0.07986202836036682,,
33.6,186,542.37,862,1765376,9447,-0.037959749202127566,0.033774503,0.0003,0.2,0.23544921875,-1.0498974228277802,0.41915082931518555,8610,2.0018299771705643,0.06288459897041321,,
32.9,186,536.06,863,1767424,9456,-0.03017925053136423,0.030333042,0.0003,0.2,0.208251953125,-1.0109839931130409,0.2604318857192993,8620,2.6132449492579326,0.11376745253801346,,
30.8,186,519.86,864,1769472,9467,-0.038707608994445766,0.030272875,0.0003,0.2,0.22880859375,-0.9785996967926621,0.2727622985839844,8630,2.4237256814725696,0.6979849934577942,,
,,,,1770000,,-0.04948259626980871,0.03455495,0.0003,0.2,0.26591796875,-1.1017825225368143,0.5161652565002441,8640,1.927144801360555,-0.005239538848400116,54.0,719.0
30.0,186,514.37,865,1771520,9490,,,,,,,,,,,,
30.2,186,516.69,866,1773568,9499,-0.03526803395652678,0.03230712,0.0003,0.2,0.232958984375,-1.096173159405589,0.3294728398323059,8650,2.340830651298165,0.0448538139462471,,
30.0,186,516.51,867,1775616,9508,-0.03579904811485903,0.031869553,0.0003,0.2,0.241015625,-1.0159537168219686,0.5921247005462646,8660,1.4930993425427004,0.07241351902484894,,
28.9,186,506.43,868,1777664,9517,-0.037153053542715496,0.030486774,0.0003,0.2,0.208984375,-0.9550797114148736,0.4813646078109741,8670,1.753981829341501,0.03354349359869957,,
28.0,186,500.65,869,1779712,9525,-0.0365645493104239,0.02996086,0.0003,0.2,0.2421875,-1.0138426968827843,0.449614942073822,8680,1.4627234787680208,0.1299060881137848,,
,,,,1780000,,-0.037965923870797266,0.03286061,0.0003,0.2,0.239990234375,-1.0401912666857243,0.4088851809501648,8690,1.4550557281821965,0.012627482414245605,8.0,325.2
29.1,186,509.63,870,1781760,9540,,,,,,,,,,,,
29.1,186,507.13,871,1783808,9548,-0.03356848919647746,0.029882528,0.0003,0.2,0.200439453125,-0.9801016489043832,0.39199793338775635,8700,2.2731596127850935,0.03607463091611862,,
29.5,186,510.28,872,1785856,9557,-0.03578618603642099,0.031108357,0.0003,0.2,0.205322265625,-1.0071166718378664,0.18354415893554688,8710,2.043346239766106,0.04610484838485718,,
30.6,186,518.85,873,1787904,9566,-0.03495297610934358,0.029096587,0.0003,0.2,0.20986328125,-0.9810921523720026,0.5073421001434326,8720,2.2070949053624647,0.4002581536769867,,
31.2,186,525.42,874,1789952,9576,-0.034715262771351264,0.023784015,0.0003,0.2,0.20556640625,-1.063958339765668,0.3613775372505188,8730,2.696601435728371,0.10631343722343445,,
,,,,1790000,,-0.033494287371286194,0.035645746,0.0003,0.2,0.2478515625,-1.121865444071591,0.43028712272644043,8740,1.5134288783418015,0.01926061511039734,36.0,520.2
31.6,186,528.76,875,1792000,9594,,,,,,,,,,,,
32.1,186,534.83,876,1794048,9603,-0.04259327821200713,0.02887505,0.0003,0.2,0.227978515625,-0.994304183498025,0.527293860912323,8750,2.224993692571297,0.3634945750236511,,
31.2,186,523.97,877,1796096,9611,-0.04260315673891455,0.03418185,0.0003,0.2,0.2390625,-1.000806618668139,0.30017948150634766,8760,1.9603167146677152,0.034308865666389465,,
29.8,186,513.25,878,1798144,9620,-0.042331019864650446,0.03132875,0.0003,0.2,0.24287109375,-0.9950888682156801,0.5288945436477661,8770,1.7007339984178542,0.038398586213588715,,
,,,,1800000,,-0.034718624997185546,0.02952084,0.0003,0.2,0.20693359375,-0.9554301476106047,0.5386813879013062,8780,1.9161698842421173,0.05570030212402344,4.0,337.6
30.0,186,512.9,879,1800192,9634,,,,,,,,,,,,
28.5,186,503.07,880,1802240,9643,-0.03674364328908268,0.022171538,0.0003,0.2,0.166064453125,-0.8447513099759817,0.42170315980911255,8790,2.958929559122771,0.4327601492404938,,
29.3,186,507.41,881,1804288,9651,-0.03862083097046707,0.034626134,0.0003,0.2,0.232666015625,-0.9897886905819178,0.3119538426399231,8800,1.7025213503977283,0.04620707035064697,,
29.8,186,514.41,882,1806336,9659,-0.03892408515675925,0.034295864,0.0003,0.2,0.21279296875,-1.0202388336881996,0.20878571271896362,8810,2.177772075589746,0.23273766040802002,,
30.0,187,518.32,883,1808384,9667,-0.038174405225436206,0.03650523,0.0003,0.2,0.2634765625,-1.030918693356216,0.4776599407196045,8820,1.2032641099300236,0.07322583347558975,,
,,,,1810000,,-0.038016333637642674,0.032623146,0.0003,0.2,0.210693359375,-0.9841139541938901,0.5035784840583801,8830,2.0065815320704132,0.14651404321193695,34.0,540.4
29.3,186,512.0,884,1810432,9685,,,,,,,,,,,,
28.1,186,504.25,885,1812480,9694,-0.03402499319636263,0.030306976,0.0003,0.2,0.20224609375,-0.9787496570497751,0.3200283646583557,8840,1.7433241135440767,0.12238235771656036,,
27.0,187,498.53,886,1814528,9703,-0.035790356021607295,0.031446457,0.0003,0.2,0.2115234375,-0.943984935991466,0.2573077082633972,8850,1.9180268746800722,0.12017612159252167,,
26.0,187,493.46,887,1816576,9711,-0.033949990198016165,0.029348338,0.0003,0.2,0.215478515625,-0.8860011167824269,0.31664592027664185,8860,1.5381637504557149,0.08794721961021423,,
27.4,187,504.81,888,1818624,9720,-0.03655642094527138,0.036092326,0.0003,0.2,0.233642578125,-1.0319369664415716,-0.07537496089935303,8870,2.3768661494832486,0.6686890125274658,,
,,,,1820000,,-0.039545050376909786,0.033451006,0.0003,0.2,0.23720703125,-1.0407299365848304,0.40827685594558716,8880,1.675430345814675,0.08217201381921768,34.0,568.2
28.0,186,511.79,889,1820672,9739,,,,,,,,,,,,
27.7,186,510.42,890,1822720,9747,-0.039596074273868,0.037942994,0.0003,0.2,0.236279296875,-0.9901382323354483,0.30049383640289307,8890,1.6014492869609966,0.05116451531648636,,
27.3,187,501.51,891,1824768,9755,-0.038768999386229554,0.031580765,0.0003,0.2,0.23388671875,-0.9081358449533582,0.5857009887695312,8900,1.2654423649189994,0.17613434791564941,,
27.6,187,505.06,892,1826816,9764,-0.03763959654897917,0.02405012,0.0003,0.2,0.207763671875,-1.020093839801848,0.23273515701293945,8910,2.463123235758394,0.09754762053489685,,
28.2,187,508.51,893,1828864,9772,-0.041080257954308766,0.03754028,0.0003,0.2,0.228759765625,-0.8893827831372618,0.5721294283866882,8920,1.0893761776853352,0.1032121405005455,,
,,,,1830000,,-0.04173651091405191,0.033210922,0.0003,0.2,0.229541015625,-0.9108187843114137,0.4420098662376404,8930,1.4621466589393095,-0.008438754826784134,24.0,513.8
26.6,187,493.18,894,1830912,9789,,,,,,,,,,,,
26.1,187,487.95,895,1832960,9799,-0.035970079246908426,0.024287663,0.0003,0.2,0.183544921875,-0.9405369019135833,0.2725179195404053,8940,2.418167366459966,0.06744088232517242,,
27.2,187,497.82,896,1835008,9807,-0.030986742218374275,0.033098824,0.0003,0.2,0.18720703125,-0.8807305861264467,0.19732296466827393,8950,2.352032450772822,0.12227731198072433,,
26.6,187,491.81,897,1837056,9816,-0.03847464309656061,0.03377767,0.0003,0.2,0.2400390625,-0.9388413628563285,0.17802691459655762,8960,1.9600942937657237,0.02382061630487442,,
25.6,187,482.5,898,1839104,9825,-0.03553852213372011,0.026362535,0.0003,0.2,0.1994140625,-0.954552255384624,0.4463256001472473,8970,2.516939610382542,0.021871313452720642,,
,,,,1840000,,-0.04150842560629826,0.03249325,0.0003,0.2,0.2478515625,-0.9759997295215725,0.3078852891921997,8980,1.632295218599029,0.12670809030532837,32.0,539.6
24.7,187,470.45,899,1841152,9842,,,,,,,,,,,,
26.0,187,478.87,900,1843200,9850,-0.039414658621535634,0.031788804,0.0003,0.2,0.243505859375,-1.0188060507178307,0.37256747484207153,8990,1.944330747309141,0.10166662186384201,,
26.1,187,475.86,901,1845248,9859,-0.0400127762259217,0.031247562,0.0003,0.2,0.230224609375,-0.994389557465911,0.4723091721534729,9000,1.806187067530118,0.01332133263349533,,
25.0,187,474.06,902,1847296,9868,-0.043737504185992294,0.034864143,0.0003,0.2,0.22919921875,-0.8938502272590995,0.3859293460845947,9010,1.891285561141558,0.01892150565981865,,
25.7,187,476.17,903,1849344,9877,-0.03700728477560915,0.03543567,0.0003,0.2,0.23056640625,-0.9066504772752524,0.5304852724075317,9020,1.6159685279242695,0.18116138875484467,,
,,,,1850000,,-0.03577965311706066,0.022275744,0.0003,0.2,0.191455078125,-1.0134871991351246,0.32212865352630615,9030,3.1183538793586196,0.2659633755683899,18.0,426.6
25.6,187,476.85,904,1851392,9893,,,,,,,,,,,,
23.6,187,456.32,905,1853440,9902,-0.04097077242913656,0.03323701,0.0003,0.2,0.2419921875,-0.9414575999602676,0.4178847670555115,9040,1.6343919326085596,0.040320269763469696,,
23.5,187,458.97,906,1855488,9912,-0.03874892907624598,0.024202578,0.0003,0.2,0.194873046875,-0.9029519790783525,0.2446049451828003,9050,2.1026040440425278,0.05043618381023407,,
23.4,187,459.35,907,1857536,9921,-0.034229430771665646,0.032002665,0.0003,0.2,0.21962890625,-0.9987904837355017,0.13028281927108765,9060,1.5597916684579105,0.059042736887931824,,
24.1,187,464.48,908,1859584,9930,-0.03831004619714804,0.032210164,0.0003,0.2,0.23232421875,-1.0337009893730282,0.3380305767059326,9070,2.0943063331069425,0.062360264360904694,,
,,,,1860000,,-0.03310117059736513,0.031811506,0.0003,0.2,0.222607421875,-0.9510095573961734,0.1920347809791565,9080,1.8358039948157967,0.06124807894229889,18.0,371.8
24.6,187,467.07,909,1861632,9947,,,,,,,,,,,,
25.3,187,471.06,910,1863680,9957,-0.03642017395468429,0.036568902,0.0003,0.2,0.2505859375,-1.0431358348578215,0.4274240732192993,9090,1.0202094247797504,-0.009793668985366821,,
24.3,187,461.94,911,1865728,9966,-0.03893106664181687,0.033444114,0.0003,0.2,0.230224609375,-0.9310407690703869,0.4550442099571228,9100,1.2994108971906826,0.23767036199569702,,
25.9,187,472.66,912,1867776,9975,-0.03257643464021385,0.030309526,0.0003,0.2,0.20302734375,-0.9467285174876452,0.32303309440612793,9110,1.6503651893930509,0.0394168347120285,,
26.7,187,478.5,913,1869824,9984,-0.03550348258577287,0.028195595,0.0003,0.2,0.175537109375,-0.854325726442039,0.25542759895324707,9120,3.098939633462578,0.03234807401895523,,
,,,,1870000,,-0.039711788477143274,0.03096988,0.0003,0.2,0.220166015625,-0.933858721703291,0.4765646457672119,9130,1.7138683799188583,0.0019652023911476135,16.0,392.2
26.6,187,476.72,914,1871872,10000,,,,,,,,,,,,
27.8,187,489.24,915,1873920,10009,-0.040268199489219114,0.03798204,0.0003,0.2,0.275341796875,-1.0432462058961391,0.61916184425354,9140,1.311457004537806,0.10368503630161285,,
27.4,187,487.03,916,1875968,10019,-0.03918234422744717,0.033838682,0.0003,0.2,0.23759765625,-1.0177613301202655,0.3408876657485962,9150,1.676347998296842,0.032111234962940216,,
28.0,187,492.35,917,1878016,10029,-0.03841256872110534,0.030504638,0.0003,0.2,0.2283203125,-1.0442123303189874,0.35824984312057495,9160,1.7602499874308706,-0.0068558454513549805,,
,,,,1880000,,-0.038566364577127386,0.037599057,0.0003,0.2,0.248193359375,-1.0025200363248588,0.5742919445037842,9170,0.9447935770498589,0.0007330328226089478,58.0,776.6
28.9,187,501.56,918,1880064,10052,,,,,,,,,,,,
29.8,187,509.99,919,1882112,10061,-0.03973823534324765,0.034477383,0.0003,0.2,0.245263671875,-1.0227247506380082,0.5937659740447998,9180,1.1549672672059388,0.002871587872505188,,
31.2,187,521.62,920,1884160,10071,-0.03900305073475465,0.031131208,0.0003,0.2,0.22197265625,-1.0286271350458265,0.29307496547698975,9190,1.6873317347839474,0.055245548486709595,,
30.6,187,514.51,921,1886208,10082,-0.04178673327696743,0.040714648,0.0003,0.2,0.25224609375,-1.0588485335931181,0.4251839518547058,9200,1.3240734268911183,-0.003212951123714447,,
30.3,187,515.32,922,1888256,10091,-0.04108984894119203,0.033518143,0.0003,0.2,0.2310546875,-1.0275068933144211,0.4040324091911316,9210,1.739201899105683,0.047985661774873734,,
,,,,1890000,,-0.03412958868721035,0.026827114,0.0003,0.2,0.218896484375,-1.0484259949997068,0.3883408308029175,9220,2.4862207275116814,0.08953988552093506,30.0,491.2
30.1,187,513.57,923,1890304,10108,,,,,,,,,,,,
30.1,187,515.52,924,1892352,10117,-0.037392227505915795,0.032427426,0.0003,0.2,0.236181640625,-1.0159148707985879,0.27699607610702515,9230,1.914534361823462,0.06516894698143005,,
28.9,187,509.99,925,1894400,10125,-0.040491942953667606,0.03570363,0.0003,0.2,0.245458984375,-1.0481303168460727,0.31186461448669434,9240,1.406566465855576,-0.02211911231279373,,
27.6,187,496.04,926,1896448,10134,-0.033256232916028236,0.028181734,0.0003,0.2,0.21845703125,-1.0573574423789978,0.3695805072784424,9250,1.8762439378537237,0.05644381046295166,,
27.7,187,497.52,927,1898496,10142,-0.045742742775473744,0.034017675,0.0003,0.2,0.23134765625,-1.0635288739576936,-0.22657430171966553,9260,2.621356481127441,0.049285657703876495,,
,,,,1900000,,-0.038495966108166614,0.032929394,0.0003,0.2,0.22626953125,-0.9984952313825488,-0.23176145553588867,9270,2.0541726981289683,0.013170477002859116,36.0,585.0
28.5,187,506.96,928,1900544,10162,,,,,,,,,,,,
26.9,187,492.72,929,1902592,10170,-0.036159687841427514,0.033519026,0.0003,0.2,0.23095703125,-0.9531428273767233,0.2142508625984192,9280,1.69591705664061,0.030829880386590958,,
27.6,187,500.23,930,1904640,10180,-0.04438744737126399,0.037672754,0.0003,0.2,0.2552734375,-1.0311806354671718,-0.03021097183227539,9290,1.7976301604998297,0.09033646434545517,,
27.7,187,501.37,931,1906688,10189,-0.04083507586474298,0.03238605,0.0003,0.2,0.239501953125,-1.0058525608852507,0.47475218772888184,9300,1.583761858707294,0.06881608068943024,,
28.3,187,500.95,932,1908736,10198,-0.04139067064388655,0.037795894,0.0003,0.2,0.252978515625,-1.0889719357714056,0.308907687664032,9310,1.53450519409962,0.0029744505882263184,,
,,,,1910000,,-0.04238821199978702,0.030856773,0.0003,0.2,0.22880859375,-0.9603869948536158,0.5602895021438599,9320,1.2591814137762412,0.015575326979160309,56.0,666.2
29.5,186,513.75,933,1910784,10222,,,,,,,,,,,,
28.5,186,500.18,934,1912832,10232,-0.04432008837611647,0.037381887,0.0003,0.2,0.275732421875,-1.0562216429039837,0.6903798580169678,9330,1.0796752556227147,0.002317085862159729,,
28.9,186,507.36,935,1914880,10241,-0.03601060623477679,0.03864926,0.0003,0.2,0.250537109375,-1.0560390900820493,0.40936368703842163,9340,1.2956811067881062,0.09441637992858887,,
26.0,187,485.28,936,1916928,10250,-0.03581684942182619,0.033657685,0.0003,0.2,0.222216796875,-1.0442687759175897,0.1735759973526001,9350,2.1363268901826813,0.22271189093589783,,
26.0,187,486.76,937,1918976,10260,-0.03893196584540419,0.0329946,0.0003,0.2,0.239404296875,-1.0950091430917381,0.39678889513015747,9360,2.1444563253084197,0.03729183226823807,,
,,,,1920000,,-0.046378298982745036,0.038020298,0.0003,0.2,0.269921875,-0.9916097661480308,0.3778083920478821,9370,1.1271460057236253,-0.011374592781066895,22.0,363.2
27.5,186,501.62,938,1921024,10275,,,,,,,,,,,,
25.9,186,487.06,939,1923072,10285,-0.034159985929727556,0.034071248,0.0003,0.2,0.226318359375,-1.085926653444767,0.5075438022613525,9380,2.0388839728897437,0.03310453146696091,,
27.6,186,499.33,940,1925120,10295,-0.03889553250337485,0.03389638,0.0003,0.2,0.2271484375,-1.0236255206167697,0.5618174076080322,9390,1.2761828513815998,0.09920519590377808,,
27.9,187,506.03,941,1927168,10304,-0.04089669795939699,0.029524967,0.0003,0.2,0.2126953125,-0.9817010121420026,0.22170281410217285,9400,2.2117242563981563,0.2476971298456192,,
26.2,187,488.75,942,1929216,10313,-0.04694951568526449,0.03869141,0.0003,0.2,0.26279296875,-1.018894013017416,0.5999353528022766,9410,1.053306166967377,-0.00513622909784317,,
,,,,1930000,,-0.037253901213989596,0.03084294,0.0003,0.2,0.23046875,-0.9846665687859059,0.6059536933898926,9420,1.8548464255640282,0.13089390099048615,18.0,371.2
24.3,186,472.54,943,1931264,10329,,,,,,,,,,,,
23.5,187,464.82,944,1933312,10337,-0.04045527457783464,0.031621113,0.0003,0.2,0.232666015625,-1.037600554153323,0.245669424533844,9430,2.169077163003385,0.07530736923217773,,
23.4,187,460.74,945,1935360,10346,-0.03296204491052777,0.03285969,0.0003,0.2,0.1935546875,-0.8908463006839156,0.33387595415115356,9440,2.1549662947654724,0.08636489510536194,,
22.8,187,450.34,946,1937408,10354,-0.03926030908769462,0.033867523,0.0003,0.2,0.248046875,-0.9919872067868709,0.5818779468536377,9450,1.7094092943705619,0.10512711107730865,,
22.9,187,447.06,947,1939456,10363,-0.03820076666888781,0.032767203,0.0003,0.2,0.214453125,-1.055921008065343,0.2951143980026245,9460,2.669201568514109,0.03608733415603638,,
,,,,1940000,,-0.03775216666108463,0.037003912,0.0003,0.2,0.257763671875,-0.9907023603096604,0.49520033597946167,9470,1.4130102650728076,0.01519918441772461,44.0,627.8
23.4,186,454.35,948,1941504,10385,,,,,,,,,,,,
23.9,186,459.31,949,1943552,10394,-0.03579268491885159,0.030245138,0.0003,0.2,0.20859375,-0.9621795203536749,0.2640310525894165,9480,1.657904329476878,0.027011334896087646,,
23.5,187,452.75,950,1945600,10402,-0.034726985954330304,0.032163724,0.0003,0.2,0.231396484375,-1.0321125205606223,0.19466710090637207,9490,2.0240393890999258,0.05114388465881348,,
24.2,187,461.94,951,1947648,10411,-0.04047158168978058,0.034867346,0.0003,0.2,0.241162109375,-1.0767957177013159,0.5555564165115356,9500,1.6891699549742043,0.07961254566907883,,
25.0,187,469.99,952,1949696,10420,-0.04343059916282073,0.035069156,0.0003,0.2,0.246826171875,-1.0085495011880994,0.3915634751319885,9510,1.3664815227501095,0.12973672151565552,,
,,,,1950000,,-0.03728748556459323,0.039455734,0.0003,0.2,0.259228515625,-1.0498658295720815,0.4018067717552185,9520,1.5002751357620583,0.038793809711933136,14.0,429.4
24.7,187,464.6,953,1951744,10436,,,,,,,,,,,,
22.9,187,448.35,954,1953792,10445,-0.038116826661280356,0.030686423,0.0003,0.2,0.20693359375,-0.9022814905270934,0.1018059253692627,9530,2.381702551059425,0.16014781594276428,,
22.0,187,443.79,955,1955840,10454,-0.030078329792013393,0.034540694,0.0003,0.2,0.2052734375,-0.9810612067580223,0.2865523099899292,9540,1.8532452887156978,0.22657236456871033,,
22.0,187,444.4,956,1957888,10464,-0.04175719707563985,0.034597304,0.0003,0.2,0.233740234375,-1.0095412908121943,0.36308419704437256,9550,1.559793494734913,0.024310939013957977,,
21.9,187,443.72,957,1959936,10473,-0.03814402922871522,0.025176894,0.0003,0.2,0.18359375,-0.8948497181758285,0.2995966672897339,9560,2.5472061515785756,0.38454771041870117,,
,,,,1960000,,-0.0411822207912337,0.036838718,0.0003,0.2,0.245068359375,-0.9998332722112536,0.44694846868515015,9570,1.506030461960472,0.05147740989923477,-2.0,230.0
22.9,187,453.62,958,1961984,10486,,,,,,,,,,,,
21.1,187,434.28,959,1964032,10495,-0.03258362136548385,0.03177457,0.0003,0.2,0.19462890625,-0.8043366001918912,0.35526901483535767,9580,1.9416295886971056,0.15243156254291534,,
20.8,187,433.85,960,1966080,10503,-0.03623255070124287,0.034125358,0.0003,0.2,0.23466796875,-0.9651706632226705,0.4161378741264343,9590,1.6598426484270021,0.06746789813041687,,
21.1,187,433.53,961,1968128,10512,-0.04041631587897428,0.037729234,0.0003,0.2,0.257958984375,-0.9514644827693701,0.42601704597473145,9600,1.5115212440490722,-0.00025075674057006836,,
,,,,1970000,,-0.037861095485277475,0.03119135,0.0003,0.2,0.21650390625,-0.931378859654069,0.36437857151031494,9610,1.5265137756243348,-0.028171256184577942,2.0,271.8
20.8,187,426.34,962,1970176,10526,,,,,,,,,,,,
20.5,187,426.21,963,1972224,10535,-0.030541869471198878,0.027877098,0.0003,0.2,0.19384765625,-0.9366336714476347,-0.07314956188201904,9620,2.726614287402481,0.10979004204273224,,
20.6,187,427.42,964,1974272,10543,-0.036877620822633614,0.03602666,0.0003,0.2,0.2384765625,-1.014955674111843,0.22743862867355347,9630,1.848779354803264,0.008345499634742737,,
21.6,187,438.12,965,1976320,10553,-0.0341215314809233,0.026696457,0.0003,0.2,0.195068359375,-0.9379848577082157,0.447765588760376,9640,2.5933208731934427,0.1368478238582611,,
21.8,187,441.25,966,1978368,10561,-0.03706132492225152,0.03368285,0.0003,0.2,0.210888671875,-0.9007328500971198,0.12556058168411255,9650,1.906795731279999,0.0865287259221077,,
,,,,1980000,,-0.03561428305110894,0.032839008,0.0003,0.2,0.228125,-0.9343140380457043,0.24222493171691895,9660,1.7881855162326246,0.5231935977935791,18.0,463.2
23.3,187,452.75,967,1980416,10577,,,,,,,,,,,,
23.2,187,456.94,968,1982464,10585,-0.041487757183494976,0.031227805,0.0003,0.2,0.22060546875,-0.9919272841885686,0.4551747441291809,9670,2.2344133193604647,0.13821405172348022,,
24.2,187,467.37,969,1984512,10594,-0.03668961222283542,0.039213773,0.0003,0.2,0.232763671875,-1.048702159896493,0.419622004032135,9680,1.6167768930783495,0.03950284793972969,,
24.5,187,470.66,970,1986560,10603,-0.03870534228044562,0.03310514,0.0003,0.2,0.244970703125,-0.9970642443746328,0.30129724740982056,9690,1.5157659081276507,0.03138899803161621,,
24.7,187,468.81,971,1988608,10612,-0.04568074445996899,0.033665113,0.0003,0.2,0.255224609375,-1.0514523329213261,0.3912845849990845,9700,2.0471053870394824,0.018807247281074524,,
,,,,1990000,,-0.0390267747658072,0.034072943,0.0003,0.2,0.2400390625,-1.0077450919896365,0.37407898902893066,9710,1.817003525281325,0.050492916256189346,48.0,619.6
24.5,187,464.73,972,1990656,10630,,,,,,,,,,,,
24.7,187,468.45,973,1992704,10638,-0.04010170243273024,0.0323225,0.0003,0.2,0.252978515625,-0.9833914028480649,0.2654050588607788,9720,2.211504966719076,0.06048280745744705,,
25.7,187,475.12,974,1994752,10647,-0.03538355832570232,0.03196461,0.0003,0.2,0.217529296875,-0.9885469423606992,0.3753020763397217,9730,1.969913970073685,0.0502074658870697,,
25.0,187,463.79,975,1996800,10656,-0.04235529181896709,0.036471333,0.0003,0.2,0.24189453125,-0.908579116128385,0.48628175258636475,9740,1.592484524520114,-0.018977783620357513,,
25.4,187,467.37,976,1998848,10664,-0.03299727771081962,0.027779387,0.0003,0.2,0.196630859375,-0.8491314025595784,0.12516838312149048,9750,2.6569576644804327,0.7168646454811096,,
,,,,2000000,,-0.03649822312145261,0.033304896,0.0003,0.2,0.23662109375,-1.051836651749909,0.26270627975463867,9760,1.923521021241322,0.1091068908572197,58.0,695.2
24.9,187,466.65,977,2000896,10686,,,,,,,,,,,,
